ASSET rom    "roms/512KB ROMs/1992-03 - 35C28F5F - Mac LC II.ROM" 524288 B sha256 18c3de07ca15cf66dfbaa5984aca34b48a2d7b4d0d8c7656f79533899ccec0a0
ASSET disk   "hdv/ref/GISTPERSO-boot.vhd" 262193152 B sha256 73bf9d2e5db2c2f538d43933fb38ed1880ab2f2111cee5c7fec7c7468f0f7a5b  HFS "GIST PERSO" drVolAtrb $0100 clean

[jit] ════ census phase 'boot' ════
[jit] dispatch cache: 467074249 hits, 900525 gen-miss, 37147180 miss
[jit] flushes: wrapper hint/reset=1 translation moved=7456 write into code=11 deferred=0 code cache full=0  blocks live=21315, cold-evicted=0

[jit] opcode census — 28308979 instructions, 6427 distinct
  move          7159722   25.3%
  alu           8637789   30.5%
  shift          489723    1.7%
  bitop          799686    2.8%
  muldiv          43207    0.2%
  addr           558916    2.0%
  multi          665129    2.3%
  cond            31058    0.1%
  branch        9721350   34.3%
  UNSAFE         202399    0.7%
  native       28063024   99.1%  (backend 'aarch64')
  ── top 60 opcodes ──
  51C8 branch *     969152   3.42%  cum   3.4%
  4E75 branch *     813066   2.87%  cum   6.3%
  4A11 alu    *     563056   1.99%  cum   8.3%
  6706 branch *     451336   1.59%  cum   9.9%
  6704 branch *     444125   1.57%  cum  11.4%
  5380 alu    *     400645   1.42%  cum  12.9%
  7000 move   *     354559   1.25%  cum  14.1%
  B3D6 alu    *     312160   1.10%  cum  15.2%
  6426 branch *     311645   1.10%  cum  16.3%
  22D8 move   *     300589   1.06%  cum  17.4%
  60F0 branch *     295316   1.04%  cum  18.4%
  D3C1 alu    *     294286   1.04%  cum  19.5%
  2211 move   *     280434   0.99%  cum  20.5%
  241A move   *     277554   0.98%  cum  21.4%
  B592 alu    *     277508   0.98%  cum  22.4%
  C282 alu    *     276857   0.98%  cum  23.4%
  51C9 branch *     266121   0.94%  cum  24.3%
  66F8 branch *     260179   0.92%  cum  25.3%
  082B bitop  *     236810   0.84%  cum  26.1%
  6100 branch *     230315   0.81%  cum  26.9%
  670A branch *     220611   0.78%  cum  27.7%
  0C43 alu    *     205603   0.73%  cum  28.4%
  66F6 branch *     201350   0.71%  cum  29.1%
  6000 branch *     187879   0.66%  cum  29.8%
  4CDF multi  *     165571   0.58%  cum  30.4%
  48E7 multi  *     158841   0.56%  cum  30.9%
  6604 branch *     151359   0.53%  cum  31.5%
  1010 move   *     148048   0.52%  cum  32.0%
  56C9 branch *     147507   0.52%  cum  32.5%
  504A alu    *     145866   0.52%  cum  33.0%
  10D9 move   *     144771   0.51%  cum  33.5%
  6702 branch *     144691   0.51%  cum  34.0%
  0829 bitop  *     135154   0.48%  cum  34.5%
  4258 alu    *     132499   0.47%  cum  35.0%
  D4C0 alu    *     132271   0.47%  cum  35.5%
  51CC branch *     130699   0.46%  cum  35.9%
  0812 bitop  *     129441   0.46%  cum  36.4%
  57CC branch *     128153   0.45%  cum  36.8%
  6EFA branch *     126238   0.45%  cum  37.3%
  12DC move   *     124630   0.44%  cum  37.7%
  6606 branch *     122987   0.43%  cum  38.2%
  57CD branch *     118309   0.42%  cum  38.6%
  2078 move   *     115734   0.41%  cum  39.0%
  0240 alu    *     113089   0.40%  cum  39.4%
  101C move   *     111169   0.39%  cum  39.8%
  2040 move   *     110069   0.39%  cum  40.2%
  B692 alu    *     106737   0.38%  cum  40.5%
  24D0 move   *     105640   0.37%  cum  40.9%
  C085 alu    *     103957   0.37%  cum  41.3%
  67F8 branch *     103628   0.37%  cum  41.6%
  B3DA alu    *     103139   0.36%  cum  42.0%
  60F6 branch *     101651   0.36%  cum  42.4%
  40C0 alu    *     100390   0.35%  cum  42.7%
  6144 branch *     100227   0.35%  cum  43.1%
  4A41 alu    *      99691   0.35%  cum  43.4%
  102E move   *      97877   0.35%  cum  43.8%
  E740 shift  *      97375   0.34%  cum  44.1%
  4EF2 UNSAFE        97178   0.34%  cum  44.5%
  0200 alu    *      97124   0.34%  cum  44.8%
  48C0 multi  *      95879   0.34%  cum  45.1%

[jit] block fallback census — 122377 unsupported + 643913 runtime guard/access = 766290
  24D0 move              0 unsupported     461104 runtime  60.17%  (A0) -> (A2)+
  4A12 alu           49269 unsupported          0 runtime   6.43%
  22D8 move              0 unsupported      49198 runtime   6.42%  (A0)+ -> (A1)+
  C029 alu           44076 unsupported          0 runtime   5.75%
  14D0 move              0 unsupported      36370 runtime   4.75%  (A0) -> (A2)+
  3151 move              0 unsupported       8968 runtime   1.17%  (A1) -> d16(A0)
  169A move              0 unsupported       8040 runtime   1.05%  (A2)+ -> (A3)
  22E8 move              0 unsupported       6962 runtime   0.91%  d16(A0) -> (A1)+
  12E8 move              0 unsupported       6108 runtime   0.80%  d16(A0) -> (A1)+
  0811 bitop          5369 unsupported          0 runtime   0.70%
  21ED move              0 unsupported       4423 runtime   0.58%  d16(A5) -> abs.W
  0891 bitop          3631 unsupported        192 runtime   0.50%
  08D1 bitop          3638 unsupported        120 runtime   0.49%
  2338 move              0 unsupported       3134 runtime   0.41%  abs.W -> -(A1)
  3338 move              0 unsupported       3134 runtime   0.41%  abs.W -> -(A1)
  4250 alu               0 unsupported       3074 runtime   0.40%
  9611 alu            2947 unsupported          0 runtime   0.38%
  C229 alu            2937 unsupported          0 runtime   0.38%
  1229 move           2920 unsupported          0 runtime   0.38%  d16(A1) -> D1
  1411 move           2900 unsupported          0 runtime   0.38%  (A1) -> D2
  276E move              0 unsupported       2611 runtime   0.34%  d16(A6) -> d16(A3)
  4A29 alu            2579 unsupported          0 runtime   0.34%
  B189 alu               0 unsupported       2525 runtime   0.33%
  4EAD branch            0 unsupported       2266 runtime   0.30%
  2D1F move              0 unsupported       2265 runtime   0.30%  (A7)+ -> -(A6)
  4269 alu               0 unsupported       2128 runtime   0.28%
  2F70 move              0 unsupported       2099 runtime   0.27%  idx(A0) -> d16(A7)
  48E6 multi             0 unsupported       2093 runtime   0.27%  EA=-(A6)
  2950 move              0 unsupported       2079 runtime   0.27%  (A0) -> d16(A4)
  4210 alu               0 unsupported       1979 runtime   0.26%
  2178 move              0 unsupported       1712 runtime   0.22%  abs.W -> d16(A0)
  2F68 move              0 unsupported       1673 runtime   0.22%  d16(A0) -> d16(A7)
  16AC move              0 unsupported       1536 runtime   0.20%  d16(A4) -> (A3)
  5351 alu               0 unsupported       1529 runtime   0.20%
  08D0 bitop             0 unsupported       1460 runtime   0.19%
  50E9 cond              0 unsupported       1404 runtime   0.18%
  2378 move              0 unsupported       1400 runtime   0.18%  abs.W -> d16(A1)
  4CDF multi             0 unsupported       1312 runtime   0.17%  EA=(A7)+
  48EA multi             0 unsupported       1234 runtime   0.16%  EA=d16(A2)
  5368 alu               0 unsupported       1205 runtime   0.16%
  48E7 multi             0 unsupported       1182 runtime   0.15%  EA=-(A7)
  2070 move              0 unsupported       1136 runtime   0.15%  idx(A0) -> A0
  42A8 alu               0 unsupported       1068 runtime   0.14%
  2F38 move              0 unsupported       1013 runtime   0.13%  abs.W -> -(A7)
  4EB0 branch            0 unsupported        826 runtime   0.11%
  5251 alu               0 unsupported        808 runtime   0.11%
  31E8 move              0 unsupported        664 runtime   0.09%  d16(A0) -> abs.W
  2964 move            646 unsupported          0 runtime   0.08%  -(A4) -> d16(A4)
  426E alu               0 unsupported        578 runtime   0.08%
  2F30 move            379 unsupported        196 runtime   0.08%  idx(A0) -> -(A7)
  536B alu               0 unsupported        566 runtime   0.07%
  4CDE multi             0 unsupported        518 runtime   0.07%  EA=(A6)+
  12D8 move              0 unsupported        510 runtime   0.07%  (A0)+ -> (A1)+
  4E90 branch            0 unsupported        471 runtime   0.06%
  2C36 move              0 unsupported        441 runtime   0.06%  idx(A6) -> D6
  E0AC shift             0 unsupported        430 runtime   0.06%
  E4AD shift           419 unsupported          0 runtime   0.05%
  11D0 move              0 unsupported        417 runtime   0.05%  (A0) -> abs.W
  6100 branch            0 unsupported        337 runtime   0.04%
  EFD1 shift             0 unsupported        319 runtime   0.04%

[jit] bounded shift versions — 6 sites, 45 live, 0 saturated
  E0A9          0 unsupported          0 runtime           0 cap-interp          0 count>31
  E2AB          0 unsupported          0 runtime           0 cap-interp          0 count>31
  E4A4          0 unsupported          0 runtime           0 cap-interp          0 count>31
  E2AA          0 unsupported          0 runtime           0 cap-interp          0 count>31

[jit] runtime fallback causes
  fill/tag MMU            57848    8.98%  3151:8968  22E8:6962  12E8:6108  21ED:4423  22D8:3998  B189:2525  2950:2079  2F70:2072
  non-plain/MMIO         504246   78.31%  24D0:459843  14D0:36199  169A:8040  16AC:164
  codeMask                74128   11.51%  22D8:45061  3338:3134  2338:3132  4250:3043  276E:2611  4269:2128  2D1F:2111  4210:1979
  cross-page               6954    1.08%  4EAD:2266  48EA:1234  4CDF:1060  2F38:864  48E7:737  48D2:309  22D8:139  6100:52
  other guard               737    0.11%  E0AC:430  E16F:180  E538:126  E0AB:1
  attributed             643913 /       643913 runtime  exact

[jit] exact non-plain/MMIO addresses — 504246 / 504246 exact
  op=24D0 R addr=$50F06060 page=$50F06 slice=0 mask=$0000 bytes=4        459843
  op=14D0 R addr=$50F06060 page=$50F06 slice=0 mask=$0000 bytes=1         36199
  op=169A W addr=$50F10000 page=$50F10 slice=0 mask=$0000 bytes=1          8040
  op=16AC W addr=$50F10000 page=$50F10 slice=0 mask=$0000 bytes=1           164

[jit] exact codeMask addresses — 74128 / 74128 exact
  op=3338 W addr=$00972B2A page=$00972 slice=B mask=$0C00 bytes=2          3087
  op=2338 W addr=$00972B2C page=$00972 slice=B mask=$0C00 bytes=4          3087
  op=4250 W addr=$000AF278 page=$000AF slice=2 mask=$9A7C bytes=2          3043
  op=276E W addr=$00003DFE page=$00003 slice=D mask=$2000 bytes=4          2611
  op=4269 W addr=$0000E90A page=$0000E slice=9 mask=$0600 bytes=2          2128
  op=50E9 W addr=$0000E90A page=$0000E slice=9 mask=$0600 bytes=1          1375
  op=4210 W addr=$0003C520 page=$0003C slice=5 mask=$63FD bytes=1          1251
  op=5351 W addr=$0003C544 page=$0003C slice=5 mask=$63FD bytes=2          1246
  op=08D0 W addr=$0003C520 page=$0003C slice=5 mask=$63FD bytes=1          1243
  op=2D1F W addr=$00015818 page=$00015 slice=8 mask=$0300 bytes=4           600
  op=5251 W addr=$0003C544 page=$0003C slice=5 mask=$63FD bytes=2           591
  op=2D1F W addr=$00015850 page=$00015 slice=8 mask=$0300 bytes=4           461
  op=536B W addr=$009ECD90 page=$009EC slice=D mask=$2AC0 bytes=2           308
  op=2D1F W addr=$0001584C page=$00015 slice=8 mask=$0300 bytes=4           277
  op=48E6 W addr=$00015854 page=$00015 slice=8 mask=$0300 bytes=16           277
  op=536B W addr=$009ECD90 page=$009EC slice=D mask=$22C0 bytes=2           258
  op=48E6 W addr=$0001581C page=$00015 slice=8 mask=$0300 bytes=48           240
  op=2D1F W addr=$00015860 page=$00015 slice=8 mask=$0300 bytes=4           237
  op=2D1F W addr=$00015840 page=$00015 slice=8 mask=$0300 bytes=4           208
  op=48E6 W addr=$00015844 page=$00015 slice=8 mask=$0300 bytes=24           146
  op=48E6 W addr=$0001580C page=$00015 slice=8 mask=$0300 bytes=52           146
  op=48E6 W addr=$000157E4 page=$00015 slice=7 mask=$0300 bytes=52           144
  op=48E6 W addr=$00015838 page=$00015 slice=8 mask=$0300 bytes=12           144
  op=48E6 W addr=$0001584C page=$00015 slice=8 mask=$0300 bytes=8           135
  op=4210 W addr=$0003C520 page=$0003C slice=5 mask=$0038 bytes=1           127
  op=4210 W addr=$0003C520 page=$0003C slice=5 mask=$0078 bytes=1           126
  op=5251 W addr=$0003C544 page=$0003C slice=5 mask=$0038 bytes=2           114
  op=5351 W addr=$0003C544 page=$0003C slice=5 mask=$0038 bytes=2           102
  op=5351 W addr=$0003C544 page=$0003C slice=5 mask=$0078 bytes=2           101
  op=48E6 W addr=$000157F4 page=$00015 slice=7 mask=$0300 bytes=32            98
  op=0092 W addr=$000A64C4 page=$000A6 slice=4 mask=$001C bytes=4            80
  op=2D1F W addr=$00015824 page=$00015 slice=8 mask=$0300 bytes=4            80
  op=08D0 W addr=$0003C520 page=$0003C slice=5 mask=$63F8 bytes=1            75
  op=5351 W addr=$0003C544 page=$0003C slice=5 mask=$63F8 bytes=2            75
  op=4210 W addr=$0003C520 page=$0003C slice=5 mask=$63F8 bytes=1            75
  op=0092 W addr=$0011BAA8 page=$0011B slice=A mask=$FC00 bytes=4            73
  op=22C2 W addr=$00015846 page=$00015 slice=8 mask=$0300 bytes=4            71
  op=EFD1 W addr=$0001584A page=$00015 slice=8 mask=$0300 bytes=4            71
  op=08D0 W addr=$0003C520 page=$0003C slice=5 mask=$0078 bytes=1            69
  op=08D0 W addr=$0003C520 page=$0003C slice=5 mask=$0038 bytes=1            69
  op=EFD1 W addr=$00015848 page=$00015 slice=8 mask=$0300 bytes=4            67
  op=5251 W addr=$0003C544 page=$0003C slice=5 mask=$0078 bytes=2            67
  op=22C2 W addr=$00015844 page=$00015 slice=8 mask=$0300 bytes=4            63
  op=48E6 W addr=$00015830 page=$00015 slice=8 mask=$0300 bytes=16            61
  op=22D8 W addr=$0001585C page=$00015 slice=8 mask=$0300 bytes=4            56
  op=22D8 W addr=$00015858 page=$00015 slice=8 mask=$0300 bytes=4            56
  op=22D8 W addr=$00015854 page=$00015 slice=8 mask=$0300 bytes=4            56
  op=22D8 W addr=$00015850 page=$00015 slice=8 mask=$0300 bytes=4            56
  op=22D8 W addr=$0001584C page=$00015 slice=8 mask=$0300 bytes=4            56
  op=22E0 W addr=$00015840 page=$00015 slice=8 mask=$0300 bytes=4            54
  op=2D1F W addr=$0001583A page=$00015 slice=8 mask=$0300 bytes=4            54
  op=48E6 W addr=$0001582A page=$00015 slice=8 mask=$0300 bytes=16            54
  op=08D1 W addr=$0001456C page=$00014 slice=5 mask=$1FE0 bytes=1            49
  op=0891 W addr=$0001456C page=$00014 slice=5 mask=$1FE0 bytes=1            48
  op=3338 W addr=$0097886A page=$00978 slice=8 mask=$2B00 bytes=2            47
  op=2338 W addr=$0097886C page=$00978 slice=8 mask=$2B00 bytes=4            45
  op=48E6 W addr=$000157F0 page=$00015 slice=7 mask=$0300 bytes=52            42
  op=2D1F W addr=$00015858 page=$00015 slice=8 mask=$0300 bytes=4            41
  op=2D1F W addr=$0001585C page=$00015 slice=8 mask=$0300 bytes=4            40
  op=48E6 W addr=$0001584C page=$00015 slice=8 mask=$0300 bytes=16            40

[jit] exact cross-page addresses — 6954 / 6954 exact
  op=4EAD W addr=$009D7FFE page=$009D7 off=$FFE bytes=4          2266
  op=2F38 W addr=$009D7FFE page=$009D7 off=$FFE bytes=4           864
  op=4CDF R addr=$009D7FD2 page=$009D7 off=$FD2 bytes=52           257
  op=48E7 W addr=$009D7FF4 page=$009D7 off=$FF4 bytes=28           174
  op=48E7 W addr=$009D7FFC page=$009D7 off=$FFC bytes=20           174
  op=4CDF R addr=$009D7FFC page=$009D7 off=$FFC bytes=20           174
  op=4CDF R addr=$009D7FF4 page=$009D7 off=$FF4 bytes=28           172
  op=4CDF R addr=$009D7FFC page=$009D7 off=$FFC bytes=24            67
  op=48E7 W addr=$009D7FFC page=$009D7 off=$FFC bytes=24            65
  op=4CDF R addr=$009D7FF6 page=$009D7 off=$FF6 bytes=44            53
  op=6100 W addr=$009D7FFE page=$009D7 off=$FFE bytes=4            52
  op=4E56 W addr=$009D7FFE page=$009D7 off=$FFE bytes=4            49
  op=4870 W addr=$009D7FFE page=$009D7 off=$FFE bytes=4            48
  op=4CDF R addr=$009D7FF8 page=$009D7 off=$FF8 bytes=20            44
  op=4CEE R addr=$009D7FF8 page=$009D7 off=$FF8 bytes=12            23
  op=48E7 W addr=$009D7FF8 page=$009D7 off=$FF8 bytes=12            23
  op=48E7 W addr=$009D7FFE page=$009D7 off=$FFE bytes=8            20
  op=4CDF R addr=$009D7FF4 page=$009D7 off=$FF4 bytes=20            20
  op=48E7 W addr=$009D7FEE page=$009D7 off=$FEE bytes=24            18
  op=4CDF R addr=$009D7FFE page=$009D7 off=$FFE bytes=8            18
  op=4CDF R addr=$009D7FEE page=$009D7 off=$FEE bytes=24            17
  op=48E7 W addr=$009D7FF8 page=$009D7 off=$FF8 bytes=16            16
  op=48E7 W addr=$009D7FF4 page=$009D7 off=$FF4 bytes=20            15
  op=48E7 W addr=$009D7FF6 page=$009D7 off=$FF6 bytes=40            13
  op=486D W addr=$009D7FFE page=$009D7 off=$FFE bytes=4            13
  op=4CDF R addr=$009D7FF6 page=$009D7 off=$FF6 bytes=40            13
  op=4E90 W addr=$009D7FFE page=$009D7 off=$FFE bytes=4            12
  op=48E7 W addr=$009D7FFE page=$009D7 off=$FFE bytes=28            12
  op=48E7 W addr=$009D7FFE page=$009D7 off=$FFE bytes=24            12
  op=2F70 W addr=$009D7FFE page=$009D7 off=$FFE bytes=4            12
  op=4CDF R addr=$009D7FFE page=$009D7 off=$FFE bytes=28            12
  op=4CDF R addr=$009D7FE4 page=$009D7 off=$FE4 bytes=40            10
  op=2F2E R addr=$009D7FFE page=$009D7 off=$FFE bytes=4            10
  op=4EB0 W addr=$009D7FFE page=$009D7 off=$FFE bytes=4             9
  op=48E7 W addr=$009D7FFC page=$009D7 off=$FFC bytes=8             9
  op=48E7 W addr=$009D7FE4 page=$009D7 off=$FE4 bytes=40             9
  op=4CDF R addr=$009D7FFE page=$009D7 off=$FFE bytes=24             9
  op=48E7 W addr=$009D7FFA page=$009D7 off=$FFA bytes=8             9
  op=487A W addr=$009D7FFE page=$009D7 off=$FFE bytes=4             9
  op=4CDF R addr=$009D7FE2 page=$009D7 off=$FE2 bytes=40             8
  op=48E7 W addr=$009D7FEA page=$009D7 off=$FEA bytes=40             8
  op=48E7 W addr=$009D7FFC page=$009D7 off=$FFC bytes=16             8
  op=48E7 W addr=$009D7FE2 page=$009D7 off=$FE2 bytes=40             8
  op=48E7 W addr=$009D7FF6 page=$009D7 off=$FF6 bytes=16             8
  op=4CDF R addr=$009D7FF6 page=$009D7 off=$FF6 bytes=16             8
  op=48E7 W addr=$009D7FD0 page=$009D7 off=$FD0 bytes=52             8
  op=4CDF R addr=$009D7FEA page=$009D7 off=$FEA bytes=40             8
  op=4CEE R addr=$009D7FFC page=$009D7 off=$FFC bytes=16             7
  op=22DF R addr=$009D7FFE page=$009D7 off=$FFE bytes=4             7
  op=48E7 W addr=$009D7FFA page=$009D7 off=$FFA bytes=40             7
  op=2F11 W addr=$009D7FFE page=$009D7 off=$FFE bytes=4             7
  op=48D0 W addr=$009D7FDC page=$009D7 off=$FDC bytes=44             7
  op=48E7 W addr=$009D7FFA page=$009D7 off=$FFA bytes=16             7
  op=4CDF R addr=$009D7FD0 page=$009D7 off=$FD0 bytes=52             7
  op=48E7 W addr=$009D7FF0 page=$009D7 off=$FF0 bytes=24             7
  op=4CDF R addr=$009D7FF0 page=$009D7 off=$FF0 bytes=40             7
  op=4CDF R addr=$009D7FFA page=$009D7 off=$FFA bytes=8             6
  op=48E7 W addr=$009D7FE8 page=$009D7 off=$FE8 bytes=44             6
  op=4CDF R addr=$009D7FE8 page=$009D7 off=$FE8 bytes=44             6
  op=58AC W addr=$009D7FFE page=$009D7 off=$FFE bytes=4             6

[jit] exact other-runtime-access addresses — 737 / 737 exact
  op=E0AC R addr=$00000000 page=$00000 slice=0 mask=$0000 bytes=0           430
  op=E16F R addr=$00000000 page=$00000 slice=0 mask=$0000 bytes=0           180
  op=E538 R addr=$00000000 page=$00000 slice=0 mask=$0000 bytes=0           126
  op=E0AB R addr=$00000000 page=$00000 slice=0 mask=$0000 bytes=0             1

[jit] fallback addressing — MOVE source
  (An)             2900 unsupported       509793 runtime
  (An)+               0 unsupported        60371 runtime
  d16(An)          2920 unsupported        25060 runtime
  abs.W               0 unsupported        10482 runtime
  idx(An)           483 unsupported         3935 runtime
  -(An)             646 unsupported          105 runtime
  Dn                158 unsupported          243 runtime
  d16(PC)             0 unsupported          196 runtime
  An                  0 unsupported          144 runtime
  imm                 0 unsupported            6 runtime
  idx(PC)             0 unsupported            4 runtime

[jit] fallback addressing — MOVE destination
  (An)+               0 unsupported       561309 runtime
  d16(An)           804 unsupported        21274 runtime
  -(An)             379 unsupported        10421 runtime
  (An)              104 unsupported         9889 runtime
  Dn               5820 unsupported          504 runtime
  abs.W               0 unsupported         5802 runtime
  An                  0 unsupported         1136 runtime
  idx(An)             0 unsupported            4 runtime

[jit] fallback addressing — MOVEM operand
  -(An)               0 unsupported         3275 runtime
  (An)+               0 unsupported         1841 runtime
  d16(An)             0 unsupported         1333 runtime
  (An)                0 unsupported          319 runtime

[jit] indexed-mode fallbacks by extension form — 5310 attributed (of 766290 total fallbacks)
  brief (d8,An/PC,Xn)           62    1.2%
  full 68020 format           1438   27.1%
  mixed (both seen)           3810   71.8%
  compiled slots: 351 brief, 118 full (cumulative over the run, not per phase)
  brief share if mixed is apportioned by slot ratio:  28.3%  (ESTIMATE)

[jit] fallback addressing — top MOVE source -> destination pairs
  (An)     -> (An)+               0 unsupported       497702 runtime
  (An)+    -> (An)+               0 unsupported        50012 runtime
  d16(An)  -> (An)+               0 unsupported        13072 runtime
  (An)     -> d16(An)             0 unsupported        11300 runtime
  (An)+    -> (An)                0 unsupported         8061 runtime
  abs.W    -> -(An)               0 unsupported         7285 runtime
  d16(An)  -> abs.W               0 unsupported         5155 runtime
  d16(An)  -> d16(An)             0 unsupported         4689 runtime
  abs.W    -> d16(An)             0 unsupported         3168 runtime
  d16(An)  -> Dn               2920 unsupported            0 runtime
  (An)     -> Dn               2900 unsupported            0 runtime
  (An)+    -> -(An)               0 unsupported         2270 runtime
  idx(An)  -> d16(An)             0 unsupported         2099 runtime
  d16(An)  -> (An)                0 unsupported         1693 runtime
  idx(An)  -> An                  0 unsupported         1136 runtime
  -(An)    -> d16(An)           646 unsupported            0 runtime
  (An)     -> abs.W               0 unsupported          637 runtime
  idx(An)  -> -(An)             379 unsupported          196 runtime
  idx(An)  -> Dn                  0 unsupported          504 runtime
  d16(An)  -> -(An)               0 unsupported          451 runtime
  Dn       -> (An)+               0 unsupported          243 runtime
  d16(PC)  -> -(An)               0 unsupported          196 runtime
  Dn       -> d16(An)           158 unsupported            0 runtime
  An       -> (An)+               0 unsupported          144 runtime

[jit] ════ census phase 'open-root' ════
[jit] dispatch cache: 55775094 hits, 227481 gen-miss, 4622006 miss
[jit] flushes: wrapper hint/reset=1 translation moved=10239 write into code=11 deferred=0 code cache full=0  blocks live=22700, cold-evicted=0

[jit] opcode census — 1265106 instructions, 3967 distinct
  move           368639   29.1%
  alu            400004   31.6%
  shift           26871    2.1%
  bitop           11943    0.9%
  muldiv            721    0.1%
  addr            42967    3.4%
  multi           25288    2.0%
  cond             2549    0.2%
  branch         374842   29.6%
  UNSAFE          11282    0.9%
  native        1248374   98.7%  (backend 'aarch64')
  ── top 60 opcodes ──
  4E75 branch *      31892   2.52%  cum   2.5%
  4A11 alu    *      20003   1.58%  cum   4.1%
  51C8 branch *      14357   1.13%  cum   5.2%
  7000 move   *      13796   1.09%  cum   6.3%
  B3D6 alu    *      13613   1.08%  cum   7.4%
  6426 branch *      13582   1.07%  cum   8.5%
  4E5E addr   *      12677   1.00%  cum   9.5%
  51CB branch *      12647   1.00%  cum  10.5%
  6706 branch *      11420   0.90%  cum  11.4%
  4EAD branch *      10979   0.87%  cum  12.2%
  5247 alu    *      10463   0.83%  cum  13.1%
  6702 branch *       9745   0.77%  cum  13.8%
  2F0C move   *       9723   0.77%  cum  14.6%
  6602 branch *       9694   0.77%  cum  15.4%
  2050 move   *       9193   0.73%  cum  16.1%
  DACB alu    *       8891   0.70%  cum  16.8%
  4EBA branch *       8608   0.68%  cum  17.5%
  206E move   *       8559   0.68%  cum  18.2%
  4E56 addr   *       8299   0.66%  cum  18.8%
  0247 alu    *       7820   0.62%  cum  19.4%
  D4C0 alu    *       7758   0.61%  cum  20.1%
  CC81 alu    *       7645   0.60%  cum  20.7%
  2054 move   *       7457   0.59%  cum  21.2%
  BD95 alu    *       7408   0.59%  cum  21.8%
  2C1A move   *       7406   0.59%  cum  22.4%
  6000 branch *       7378   0.58%  cum  23.0%
  670A branch *       7176   0.57%  cum  23.6%
  2211 move   *       7113   0.56%  cum  24.1%
  6712 branch *       7112   0.56%  cum  24.7%
  60F0 branch *       7077   0.56%  cum  25.3%
  C282 alu    *       6995   0.55%  cum  25.8%
  D3C1 alu    *       6995   0.55%  cum  26.4%
  51C9 branch *       6870   0.54%  cum  26.9%
  6604 branch *       6859   0.54%  cum  27.4%
  D3C2 alu    *       6592   0.52%  cum  28.0%
  60DA branch *       6539   0.52%  cum  28.5%
  6100 branch *       6537   0.52%  cum  29.0%
  C4B8 alu    *       6462   0.51%  cum  29.5%
  2411 move   *       6458   0.51%  cum  30.0%
  4CEE multi  *       6355   0.50%  cum  30.5%
  C086 alu    *       6345   0.50%  cum  31.0%
  B041 alu    *       6312   0.50%  cum  31.5%
  202E move   *       6182   0.49%  cum  32.0%
  2040 move   *       5831   0.46%  cum  32.5%
  6704 branch *       5766   0.46%  cum  32.9%
  286E move   *       5747   0.45%  cum  33.4%
  2F2E move   *       5699   0.45%  cum  33.8%
  203C move   *       5584   0.44%  cum  34.3%
  3018 move   *       5215   0.41%  cum  34.7%
  6B0C branch *       5111   0.40%  cum  35.1%
  48E7 multi  *       5082   0.40%  cum  35.5%
  57CD branch *       5079   0.40%  cum  35.9%
  B692 alu    *       5065   0.40%  cum  36.3%
  2469 move   *       5030   0.40%  cum  36.7%
  6A16 branch *       5030   0.40%  cum  37.1%
  D5CE alu    *       5020   0.40%  cum  37.5%
  4A12 alu    *       5019   0.40%  cum  37.9%
  0812 bitop  *       4961   0.39%  cum  38.3%
  486E addr   *       4817   0.38%  cum  38.7%
  0C40 alu    *       4686   0.37%  cum  39.0%

[jit] block fallback census — 7279 unsupported + 51339 runtime guard/access = 58618
  22D8 move              0 unsupported      33881 runtime  57.80%  (A0)+ -> (A1)+
  C029 alu            4764 unsupported          0 runtime   8.13%
  24D0 move              0 unsupported       2767 runtime   4.72%  (A0) -> (A2)+
  5368 alu               0 unsupported       1870 runtime   3.19%
  3151 move              0 unsupported       1105 runtime   1.89%  (A1) -> d16(A0)
  12E8 move              0 unsupported        771 runtime   1.32%  d16(A0) -> (A1)+
  22E8 move              0 unsupported        715 runtime   1.22%  d16(A0) -> (A1)+
  2950 move              0 unsupported        649 runtime   1.11%  (A0) -> d16(A4)
  E4AD shift           498 unsupported          0 runtime   0.85%
  E0AC shift             0 unsupported        491 runtime   0.84%
  4250 alu               0 unsupported        463 runtime   0.79%
  21ED move              0 unsupported        437 runtime   0.75%  d16(A5) -> abs.W
  276E move              0 unsupported        424 runtime   0.72%  d16(A6) -> d16(A3)
  31E8 move              0 unsupported        393 runtime   0.67%  d16(A0) -> abs.W
  3338 move              0 unsupported        376 runtime   0.64%  abs.W -> -(A1)
  2338 move              0 unsupported        376 runtime   0.64%  abs.W -> -(A1)
  BD95 alu               0 unsupported        367 runtime   0.63%
  9611 alu             365 unsupported          0 runtime   0.62%
  1411 move            339 unsupported          0 runtime   0.58%  (A1) -> D2
  C229 alu             338 unsupported          0 runtime   0.58%
  1229 move            337 unsupported          0 runtime   0.57%  d16(A1) -> D1
  4EB0 branch            0 unsupported        328 runtime   0.56%
  3F29 move              0 unsupported        312 runtime   0.53%  d16(A1) -> -(A7)
  21D0 move              0 unsupported        275 runtime   0.47%  (A0) -> abs.W
  B189 alu               0 unsupported        257 runtime   0.44%
  2F70 move              0 unsupported        256 runtime   0.44%  idx(A0) -> d16(A7)
  4EAD branch            0 unsupported        241 runtime   0.41%
  0811 bitop           236 unsupported          0 runtime   0.40%
  E16F shift             0 unsupported        232 runtime   0.40%
  48E7 multi             0 unsupported        212 runtime   0.36%  EA=-(A7)
  169A move              0 unsupported        206 runtime   0.35%  (A2)+ -> (A3)
  08D1 bitop           156 unsupported         46 runtime   0.34%
  0891 bitop           131 unsupported         59 runtime   0.32%
  B388 alu               0 unsupported        187 runtime   0.32%
  2D68 move              0 unsupported        178 runtime   0.30%  d16(A0) -> d16(A6)
  61C6 branch            0 unsupported        178 runtime   0.30%
  4CDF multi             0 unsupported        169 runtime   0.29%  EA=(A7)+
  2378 move              0 unsupported        162 runtime   0.28%  abs.W -> d16(A1)
  B19D alu               0 unsupported        153 runtime   0.26%
  2070 move              0 unsupported        151 runtime   0.26%  idx(A0) -> A0
  2178 move              0 unsupported        149 runtime   0.25%  abs.W -> d16(A0)
  2F38 move              0 unsupported        136 runtime   0.23%  abs.W -> -(A7)
  14D0 move              0 unsupported        128 runtime   0.22%  (A0) -> (A2)+
  42A8 alu               0 unsupported        126 runtime   0.21%
  08E8 bitop             0 unsupported        117 runtime   0.20%
  2C36 move              0 unsupported        117 runtime   0.20%  idx(A6) -> D6
  12D8 move              0 unsupported        111 runtime   0.19%  (A0)+ -> (A1)+
  E538 shift             0 unsupported        106 runtime   0.18%
  2D51 move              0 unsupported        102 runtime   0.17%  (A1) -> d16(A6)
  50E9 cond              0 unsupported         91 runtime   0.16%
  6100 branch            0 unsupported         90 runtime   0.15%
  2F2D move              0 unsupported         82 runtime   0.14%  d16(A5) -> -(A7)
  2230 move              0 unsupported         80 runtime   0.14%  idx(A0) -> D1
  11D0 move              0 unsupported         80 runtime   0.14%  (A0) -> abs.W
  48E6 multi             0 unsupported         79 runtime   0.13%  EA=-(A6)
  2F68 move              0 unsupported         78 runtime   0.13%  d16(A0) -> d16(A7)
  2964 move             78 unsupported          0 runtime   0.13%  -(A4) -> d16(A4)
  4269 alu               0 unsupported         74 runtime   0.13%
  4CEE multi             0 unsupported         69 runtime   0.12%  EA=d16(A6)
  2D1F move              0 unsupported         63 runtime   0.11%  (A7)+ -> -(A6)

[jit] bounded shift versions — 6 sites, 48 live, 0 saturated
  E0A9          0 unsupported          0 runtime           0 cap-interp          0 count>31
  E2AB          0 unsupported          0 runtime           0 cap-interp          0 count>31
  E4A4          0 unsupported          0 runtime           0 cap-interp          0 count>31
  E2AA          0 unsupported          0 runtime           0 cap-interp          0 count>31

[jit] runtime fallback causes
  fill/tag MMU             9298   18.11%  3151:1105  12E8:771  22E8:715  2950:649  21ED:437  22D8:406  31E8:393  BD95:367
  non-plain/MMIO           3080    6.00%  24D0:2749  169A:206  14D0:124  16AC:1
  codeMask                37212   72.48%  22D8:33432  5368:1647  4250:427  276E:424  2338:376  3338:376  50E9:91  4269:74
  cross-page                918    1.79%  4EAD:240  61C6:156  4CDF:139  48E7:126  2F38:60  4CEE:57  4EBA:48  22D8:43
  other guard               831    1.62%  E0AC:491  E16F:232  E538:106  E0AB:2
  attributed              51339 /        51339 runtime  exact

[jit] exact non-plain/MMIO addresses — 3080 / 3080 exact
  op=24D0 R addr=$50F06060 page=$50F06 slice=0 mask=$0000 bytes=4          2749
  op=169A W addr=$50F10000 page=$50F10 slice=0 mask=$0000 bytes=1           206
  op=14D0 R addr=$50F06060 page=$50F06 slice=0 mask=$0000 bytes=1           124
  op=16AC W addr=$50F10000 page=$50F10 slice=0 mask=$0000 bytes=1             1

[jit] exact codeMask addresses — 37212 / 37212 exact
  op=5368 W addr=$0000C1AE page=$0000C slice=1 mask=$1FF2 bytes=2          1647
  op=4250 W addr=$000AF278 page=$000AF slice=2 mask=$9A7C bytes=2           427
  op=276E W addr=$00003DFE page=$00003 slice=D mask=$2001 bytes=4           424
  op=2338 W addr=$00972B2C page=$00972 slice=B mask=$0C00 bytes=4           364
  op=3338 W addr=$00972B2A page=$00972 slice=B mask=$0C00 bytes=2           364
  op=50E9 W addr=$0000E90A page=$0000E slice=9 mask=$0600 bytes=1            91
  op=4269 W addr=$0000E90A page=$0000E slice=9 mask=$0600 bytes=2            74
  op=0891 W addr=$0001456C page=$00014 slice=5 mask=$1FE0 bytes=1            38
  op=08D1 W addr=$0001456C page=$00014 slice=5 mask=$1FE0 bytes=1            29
  op=2D1F W addr=$00015850 page=$00015 slice=8 mask=$0300 bytes=4            26
  op=4210 W addr=$0003C520 page=$0003C slice=5 mask=$63FD bytes=1            22
  op=5351 W addr=$0003C544 page=$0003C slice=5 mask=$63FD bytes=2            21
  op=08D0 W addr=$0003C520 page=$0003C slice=5 mask=$63FD bytes=1            20
  op=2D1F W addr=$00015818 page=$00015 slice=8 mask=$0300 bytes=4            13
  op=3338 W addr=$0097886A page=$00978 slice=8 mask=$2B00 bytes=2            12
  op=2338 W addr=$0097886C page=$00978 slice=8 mask=$2B00 bytes=4            12
  op=48E6 W addr=$000157F4 page=$00015 slice=7 mask=$0300 bytes=32            11
  op=5251 W addr=$0003C544 page=$0003C slice=5 mask=$63FD bytes=2             9
  op=48E6 W addr=$00015854 page=$00015 slice=8 mask=$0300 bytes=16             9
  op=22D8 W addr=$0001585C page=$00015 slice=8 mask=$0300 bytes=4             6
  op=22D8 W addr=$00015858 page=$00015 slice=8 mask=$0300 bytes=4             6
  op=22D8 W addr=$00015854 page=$00015 slice=8 mask=$0300 bytes=4             6
  op=22D8 W addr=$00015850 page=$00015 slice=8 mask=$0300 bytes=4             6
  op=22D8 W addr=$0001584C page=$00015 slice=8 mask=$0300 bytes=4             6
  op=48E6 W addr=$0001585C page=$00015 slice=8 mask=$0300 bytes=8             6
  op=48E6 W addr=$0001584C page=$00015 slice=8 mask=$0300 bytes=8             6
  op=EFD1 W addr=$00015848 page=$00015 slice=8 mask=$0300 bytes=4             5
  op=22E0 W addr=$00015840 page=$00015 slice=8 mask=$0300 bytes=4             5
  op=2D1F W addr=$00015840 page=$00015 slice=8 mask=$0300 bytes=4             5
  op=48E6 W addr=$0001582A page=$00015 slice=8 mask=$0300 bytes=16             5
  op=2D1F W addr=$0001583A page=$00015 slice=8 mask=$0300 bytes=4             5
  op=22C2 W addr=$00015844 page=$00015 slice=8 mask=$0300 bytes=4             5
  op=0210 W addr=$000901AC page=$00090 slice=1 mask=$00F6 bytes=1             4
  op=4210 W addr=$000901AC page=$00090 slice=1 mask=$00F6 bytes=1             4
  op=2D1F W addr=$00015860 page=$00015 slice=8 mask=$0300 bytes=4             4
  op=48E6 W addr=$00015844 page=$00015 slice=8 mask=$0300 bytes=24             4
  op=48E6 W addr=$00015838 page=$00015 slice=8 mask=$0300 bytes=12             4
  op=48E6 W addr=$0001580C page=$00015 slice=8 mask=$0300 bytes=52             4
  op=2D1F W addr=$0001584C page=$00015 slice=8 mask=$0300 bytes=4             4
  op=48E6 W addr=$0001581C page=$00015 slice=8 mask=$0300 bytes=48             4
  op=536B W addr=$009ECD90 page=$009EC slice=D mask=$2AC0 bytes=2             4
  op=8310 W addr=$000901AC page=$00090 slice=1 mask=$00F6 bytes=1             4
  op=22D8 W addr=$00932318 page=$00932 slice=3 mask=$1E88 bytes=4             3
  op=4210 W addr=$000901C0 page=$00090 slice=1 mask=$00F6 bytes=1             3
  op=32D8 W addr=$0093232C page=$00932 slice=3 mask=$1E88 bytes=2             3
  op=22D8 W addr=$00932328 page=$00932 slice=3 mask=$1E88 bytes=4             3
  op=22D8 W addr=$00932320 page=$00932 slice=3 mask=$1E88 bytes=4             3
  op=22D8 W addr=$0093231C page=$00932 slice=3 mask=$1E88 bytes=4             3
  op=22D8 W addr=$00932314 page=$00932 slice=3 mask=$1E88 bytes=4             3
  op=22D8 W addr=$00932310 page=$00932 slice=3 mask=$1E88 bytes=4             3
  op=22D8 W addr=$0093230C page=$00932 slice=3 mask=$1E88 bytes=4             3
  op=22D8 W addr=$00932308 page=$00932 slice=3 mask=$1E88 bytes=4             3
  op=22D8 W addr=$00932304 page=$00932 slice=3 mask=$1E88 bytes=4             3
  op=22D8 W addr=$00932300 page=$00932 slice=3 mask=$1E88 bytes=4             3
  op=22D8 W addr=$00932324 page=$00932 slice=3 mask=$1E88 bytes=4             3
  op=22D8 W addr=$00937ABC page=$00937 slice=A mask=$3418 bytes=4             2
  op=22D8 W addr=$00937A6C page=$00937 slice=A mask=$3418 bytes=4             2
  op=22D8 W addr=$00935C8C page=$00935 slice=C mask=$7000 bytes=4             2
  op=22D8 W addr=$00935C90 page=$00935 slice=C mask=$7000 bytes=4             2
  op=22D8 W addr=$00935C94 page=$00935 slice=C mask=$7000 bytes=4             2

[jit] exact cross-page addresses — 918 / 918 exact
  op=4EAD W addr=$009D7FFE page=$009D7 off=$FFE bytes=4           240
  op=61C6 W addr=$009D7FFE page=$009D7 off=$FFE bytes=4           156
  op=2F38 W addr=$009D7FFE page=$009D7 off=$FFE bytes=4            60
  op=4EBA W addr=$009D7FFE page=$009D7 off=$FFE bytes=4            48
  op=4CDF R addr=$009D7FD2 page=$009D7 off=$FD2 bytes=52            31
  op=4CEE R addr=$009D7FFA page=$009D7 off=$FFA bytes=12            24
  op=4CEE R addr=$009D7FFE page=$009D7 off=$FFE bytes=8            24
  op=48E7 W addr=$009D7FFE page=$009D7 off=$FFE bytes=8            24
  op=48E7 W addr=$009D7FFC page=$009D7 off=$FFC bytes=20            20
  op=4CDF R addr=$009D7FFC page=$009D7 off=$FFC bytes=20            20
  op=48E7 W addr=$009D7FF4 page=$009D7 off=$FF4 bytes=28            20
  op=4CDF R addr=$009D7FF4 page=$009D7 off=$FF4 bytes=28            20
  op=48E7 W addr=$009D7FEC page=$009D7 off=$FEC bytes=28            16
  op=4CDF R addr=$009D7FEC page=$009D7 off=$FEC bytes=28            16
  op=48D0 W addr=$009D7FE4 page=$009D7 off=$FE4 bytes=44            12
  op=4CDF R addr=$009D7FF6 page=$009D7 off=$FF6 bytes=44            11
  op=2F3A W addr=$009D7FFE page=$009D7 off=$FFE bytes=4            11
  op=4CDF R addr=$009D7FD6 page=$009D7 off=$FD6 bytes=44            11
  op=58AC W addr=$009D7FFE page=$009D7 off=$FFE bytes=4             8
  op=2D5F W addr=$009D7FFE page=$009D7 off=$FFE bytes=4             6
  op=4CEE R addr=$009D7FFC page=$009D7 off=$FFC bytes=8             6
  op=48E7 W addr=$009D7FFC page=$009D7 off=$FFC bytes=8             6
  op=4CDF R addr=$009D7FF8 page=$009D7 off=$FF8 bytes=20             5
  op=48E7 W addr=$009D7FFC page=$009D7 off=$FFC bytes=24             4
  op=4E56 W addr=$009D7FFE page=$009D7 off=$FFE bytes=4             3
  op=22D8 R addr=$400F5FFE page=$400F5 off=$FFE bytes=4             3
  op=22D8 R addr=$40103FFE page=$40103 off=$FFE bytes=4             3
  op=48E7 W addr=$009D7FF4 page=$009D7 off=$FF4 bytes=40             3
  op=22D8 R addr=$4010EFFE page=$4010E off=$FFE bytes=4             3
  op=22D8 R addr=$4012FFFE page=$4012F off=$FFE bytes=4             2
  op=4CDF R addr=$009D7FE6 page=$009D7 off=$FE6 bytes=36             2
  op=48E7 W addr=$009D7FE8 page=$009D7 off=$FE8 bytes=40             2
  op=4CDF R addr=$009D7FE8 page=$009D7 off=$FE8 bytes=40             2
  op=48E7 W addr=$009D7FF0 page=$009D7 off=$FF0 bytes=44             2
  op=48E7 W addr=$009D7FF6 page=$009D7 off=$FF6 bytes=16             2
  op=4CDF R addr=$009D7FF6 page=$009D7 off=$FF6 bytes=16             2
  op=48E7 W addr=$009D7FF2 page=$009D7 off=$FF2 bytes=20             2
  op=4CDF R addr=$009D7FF2 page=$009D7 off=$FF2 bytes=20             2
  op=48E7 W addr=$009D7FFC page=$009D7 off=$FFC bytes=44             2
  op=48E7 W addr=$009D7FEC page=$009D7 off=$FEC bytes=40             2
  op=4CDF R addr=$009D7FEC page=$009D7 off=$FEC bytes=40             2
  op=48E7 W addr=$009D7FF4 page=$009D7 off=$FF4 bytes=44             2
  op=22D8 R addr=$4010AFFE page=$4010A off=$FFE bytes=4             2
  op=48E7 W addr=$009D7FF0 page=$009D7 off=$FF0 bytes=28             2
  op=4CDF R addr=$009D7FF0 page=$009D7 off=$FF0 bytes=28             2
  op=48E7 W addr=$009D7FEC page=$009D7 off=$FEC bytes=24             2
  op=48E7 W addr=$009D7FF8 page=$009D7 off=$FF8 bytes=28             2
  op=4CDF R addr=$009D7FF8 page=$009D7 off=$FF8 bytes=28             2
  op=48E7 W addr=$009D7FF4 page=$009D7 off=$FF4 bytes=24             2
  op=48E7 W addr=$009D7FD2 page=$009D7 off=$FD2 bytes=52             2
  op=4CDF R addr=$009D7FEC page=$009D7 off=$FEC bytes=24             2
  op=22D8 R addr=$4010DFFE page=$4010D off=$FFE bytes=4             2
  op=4CDF R addr=$009D7FF4 page=$009D7 off=$FF4 bytes=24             2
  op=22D8 R addr=$400FBFFE page=$400FB off=$FFE bytes=4             2
  op=22D8 R addr=$40122FFE page=$40122 off=$FFE bytes=4             2
  op=22D8 R addr=$40131FFE page=$40131 off=$FFE bytes=4             2
  op=4CDF R addr=$009D7FFE page=$009D7 off=$FFE bytes=36             2
  op=48E7 W addr=$009D7FF0 page=$009D7 off=$FF0 bytes=24             2
  op=22D8 R addr=$40110FFE page=$40110 off=$FFE bytes=4             1
  op=22D8 R addr=$40132FFE page=$40132 off=$FFE bytes=4             1

[jit] exact other-runtime-access addresses — 831 / 831 exact
  op=E0AC R addr=$00000000 page=$00000 slice=0 mask=$0000 bytes=0           491
  op=E16F R addr=$00000000 page=$00000 slice=0 mask=$0000 bytes=0           232
  op=E538 R addr=$00000000 page=$00000 slice=0 mask=$0000 bytes=0           106
  op=E0AB R addr=$00000000 page=$00000 slice=0 mask=$0000 bytes=0             2

[jit] fallback addressing — MOVE source
  (An)+               0 unsupported        34351 runtime
  (An)              339 unsupported         5126 runtime
  d16(An)           337 unsupported         3486 runtime
  abs.W               0 unsupported         1232 runtime
  idx(An)             0 unsupported          653 runtime
  -(An)              78 unsupported            5 runtime
  Dn                  0 unsupported           16 runtime
  d16(PC)             0 unsupported           16 runtime
  An                  0 unsupported            2 runtime

[jit] fallback addressing — MOVE destination
  (An)+               0 unsupported        38459 runtime
  d16(An)            78 unsupported         3156 runtime
  -(An)               0 unsupported         1458 runtime
  abs.W               0 unsupported         1206 runtime
  Dn                676 unsupported          202 runtime
  (An)                0 unsupported          248 runtime
  An                  0 unsupported          151 runtime
  idx(An)             0 unsupported            7 runtime

[jit] fallback addressing — MOVEM operand
  -(An)               0 unsupported          291 runtime
  (An)+               0 unsupported          182 runtime
  d16(An)             0 unsupported           69 runtime
  (An)                0 unsupported           13 runtime

[jit] indexed-mode fallbacks by extension form — 1002 attributed (of 58618 total fallbacks)
  brief (d8,An/PC,Xn)            7    0.7%
  full 68020 format            539   53.8%
  mixed (both seen)            456   45.5%
  compiled slots: 372 brief, 136 full (cumulative over the run, not per phase)
  brief share if mixed is apportioned by slot ratio:  19.2%  (ESTIMATE)

[jit] fallback addressing — top MOVE source -> destination pairs
  (An)+    -> (An)+               0 unsupported        34051 runtime
  (An)     -> (An)+               0 unsupported         2895 runtime
  (An)     -> d16(An)             0 unsupported         1859 runtime
  d16(An)  -> (An)+               0 unsupported         1490 runtime
  abs.W    -> -(An)               0 unsupported          892 runtime
  d16(An)  -> abs.W               0 unsupported          839 runtime
  d16(An)  -> d16(An)             0 unsupported          698 runtime
  d16(An)  -> -(An)               0 unsupported          425 runtime
  (An)     -> abs.W               0 unsupported          355 runtime
  (An)     -> Dn                339 unsupported            0 runtime
  d16(An)  -> Dn                337 unsupported            0 runtime
  abs.W    -> d16(An)             0 unsupported          331 runtime
  idx(An)  -> d16(An)             0 unsupported          256 runtime
  (An)+    -> (An)                0 unsupported          208 runtime
  idx(An)  -> Dn                  0 unsupported          202 runtime
  idx(An)  -> An                  0 unsupported          151 runtime
  -(An)    -> d16(An)            78 unsupported            0 runtime
  (An)+    -> -(An)               0 unsupported           70 runtime
  idx(An)  -> -(An)               0 unsupported           44 runtime
  d16(An)  -> (An)                0 unsupported           34 runtime
  Dn       -> (An)+               0 unsupported           16 runtime
  d16(PC)  -> -(An)               0 unsupported           16 runtime
  (An)+    -> d16(An)             0 unsupported           12 runtime
  (An)     -> -(An)               0 unsupported           11 runtime

[jit] ════ census phase 'open-software' ════
[jit] dispatch cache: 31896018 hits, 113707 gen-miss, 2579908 miss
[jit] flushes: wrapper hint/reset=1 translation moved=11219 write into code=11 deferred=0 code cache full=0  blocks live=23260, cold-evicted=0

[jit] opcode census — 607905 instructions, 3810 distinct
  move           180841   29.7%
  alu            173025   28.5%
  shift           12680    2.1%
  bitop            9178    1.5%
  muldiv            763    0.1%
  addr            23783    3.9%
  multi           15328    2.5%
  cond             1188    0.2%
  branch         185592   30.5%
  UNSAFE           5527    0.9%
  native         599309   98.6%  (backend 'aarch64')
  ── top 60 opcodes ──
  4E75 branch *      18632   3.06%  cum   3.1%
  4A11 alu    *      12319   2.03%  cum   5.1%
  51C8 branch *       8623   1.42%  cum   6.5%
  B3D6 alu    *       7753   1.28%  cum   7.8%
  6426 branch *       7748   1.27%  cum   9.1%
  6706 branch *       7708   1.27%  cum  10.3%
  7000 move   *       6847   1.13%  cum  11.5%
  4E5E addr   *       6805   1.12%  cum  12.6%
  4EAD branch *       6510   1.07%  cum  13.6%
  2211 move   *       6185   1.02%  cum  14.7%
  60F0 branch *       6184   1.02%  cum  15.7%
  D3C1 alu    *       6140   1.01%  cum  16.7%
  C282 alu    *       6140   1.01%  cum  17.7%
  6702 branch *       5543   0.91%  cum  18.6%
  2F0C move   *       5282   0.87%  cum  19.5%
  4EBA branch *       4997   0.82%  cum  20.3%
  51C9 branch *       4948   0.81%  cum  21.1%
  2054 move   *       4762   0.78%  cum  21.9%
  4E56 addr   *       4596   0.76%  cum  22.7%
  206E move   *       4327   0.71%  cum  23.4%
  670A branch *       4237   0.70%  cum  24.1%
  2050 move   *       4194   0.69%  cum  24.8%
  48E7 multi  *       3674   0.60%  cum  25.4%
  6000 branch *       3615   0.59%  cum  26.0%
  6604 branch *       3518   0.58%  cum  26.5%
  6100 branch *       3513   0.58%  cum  27.1%
  4CEE multi  *       3489   0.57%  cum  27.7%
  286E move   *       3466   0.57%  cum  28.3%
  6700 branch *       3387   0.56%  cum  28.8%
  6704 branch *       3205   0.53%  cum  29.3%
  2F2E move   *       3079   0.51%  cum  29.8%
  2040 move   *       2950   0.49%  cum  30.3%
  486E addr   *       2714   0.45%  cum  30.8%
  B041 alu    *       2639   0.43%  cum  31.2%
  202E move   *       2618   0.43%  cum  31.6%
  3018 move   *       2589   0.43%  cum  32.1%
  C086 alu    *       2515   0.41%  cum  32.5%
  0C40 alu    *       2465   0.41%  cum  32.9%
  4CDF multi  *       2412   0.40%  cum  33.3%
  2F00 move   *       2326   0.38%  cum  33.7%
  504F alu    *       2272   0.37%  cum  34.0%
  0812 bitop  *       2238   0.37%  cum  34.4%
  203C move   *       2226   0.37%  cum  34.8%
  2F0B move   *       2127   0.35%  cum  35.1%
  2078 move   *       2123   0.35%  cum  35.5%
  0829 bitop  *       2028   0.33%  cum  35.8%
  302E move   *       2000   0.33%  cum  36.1%
  6606 branch *       1970   0.32%  cum  36.5%
  48C0 multi  *       1897   0.31%  cum  36.8%
  6712 branch *       1878   0.31%  cum  37.1%
  E9D4 shift  *       1861   0.31%  cum  37.4%
  C084 alu    *       1817   0.30%  cum  37.7%
  2053 move   *       1766   0.29%  cum  38.0%
  3219 move   *       1743   0.29%  cum  38.3%
  10D9 move   *       1742   0.29%  cum  38.5%
  4A00 alu    *       1725   0.28%  cum  38.8%
  4FEF addr   *       1699   0.28%  cum  39.1%
  5247 alu    *       1683   0.28%  cum  39.4%
  4A86 alu    *       1658   0.27%  cum  39.7%
  67F2 branch *       1613   0.27%  cum  39.9%

[jit] block fallback census — 4425 unsupported + 38684 runtime guard/access = 43109
  22D8 move              0 unsupported      20688 runtime  47.99%  (A0)+ -> (A1)+
  24D0 move              0 unsupported       8055 runtime  18.69%  (A0) -> (A2)+
  C029 alu            2852 unsupported          0 runtime   6.62%
  5368 alu               0 unsupported       1073 runtime   2.49%
  3151 move              0 unsupported        681 runtime   1.58%  (A1) -> d16(A0)
  169A move              0 unsupported        644 runtime   1.49%  (A2)+ -> (A3)
  22E8 move              0 unsupported        467 runtime   1.08%  d16(A0) -> (A1)+
  12E8 move              0 unsupported        442 runtime   1.03%  d16(A0) -> (A1)+
  21ED move              0 unsupported        360 runtime   0.84%  d16(A5) -> abs.W
  2950 move              0 unsupported        305 runtime   0.71%  (A0) -> d16(A4)
  4250 alu               0 unsupported        264 runtime   0.61%
  48E6 multi             0 unsupported        249 runtime   0.58%  EA=-(A6)
  2338 move              0 unsupported        248 runtime   0.58%  abs.W -> -(A1)
  3338 move              0 unsupported        247 runtime   0.57%  abs.W -> -(A1)
  276E move              0 unsupported        234 runtime   0.54%  d16(A6) -> d16(A3)
  0811 bitop           231 unsupported          0 runtime   0.54%
  08D1 bitop           191 unsupported         40 runtime   0.54%
  2D1F move              0 unsupported        230 runtime   0.53%  (A7)+ -> -(A6)
  2F70 move              0 unsupported        208 runtime   0.48%  idx(A0) -> d16(A7)
  9611 alu             207 unsupported          0 runtime   0.48%
  61C6 branch            0 unsupported        204 runtime   0.47%
  31E8 move              0 unsupported        200 runtime   0.46%  d16(A0) -> abs.W
  1229 move            197 unsupported          0 runtime   0.46%  d16(A1) -> D1
  1411 move            197 unsupported          0 runtime   0.46%  (A1) -> D2
  2070 move              0 unsupported        196 runtime   0.45%  idx(A0) -> A0
  C229 alu             196 unsupported          0 runtime   0.45%
  2378 move              0 unsupported        184 runtime   0.43%  abs.W -> d16(A1)
  4269 alu               0 unsupported        179 runtime   0.42%
  14D0 move              0 unsupported        160 runtime   0.37%  (A0) -> (A2)+
  E0AC shift             0 unsupported        158 runtime   0.37%
  E4AD shift           157 unsupported          0 runtime   0.36%
  0891 bitop           130 unsupported         26 runtime   0.36%
  2178 move              0 unsupported        153 runtime   0.35%  abs.W -> d16(A0)
  B189 alu               0 unsupported        144 runtime   0.33%
  4EB0 branch            0 unsupported        144 runtime   0.33%
  50E9 cond              0 unsupported        136 runtime   0.32%
  BD95 alu               0 unsupported        129 runtime   0.30%
  4EAD branch            0 unsupported        125 runtime   0.29%
  4CDF multi             0 unsupported        121 runtime   0.28%  EA=(A7)+
  3F29 move              0 unsupported         90 runtime   0.21%  d16(A1) -> -(A7)
  21D0 move              0 unsupported         86 runtime   0.20%  (A0) -> abs.W
  08E8 bitop             0 unsupported         83 runtime   0.19%
  E16F shift             0 unsupported         80 runtime   0.19%
  12D8 move              0 unsupported         79 runtime   0.18%  (A0)+ -> (A1)+
  42A8 alu               0 unsupported         76 runtime   0.18%
  48E7 multi             0 unsupported         71 runtime   0.16%  EA=-(A7)
  2D68 move              0 unsupported         68 runtime   0.16%  d16(A0) -> d16(A6)
  5351 alu               0 unsupported         66 runtime   0.15%
  08D0 bitop             0 unsupported         66 runtime   0.15%
  4210 alu               0 unsupported         66 runtime   0.15%
  16AC move              0 unsupported         66 runtime   0.15%  d16(A4) -> (A3)
  2D51 move              0 unsupported         61 runtime   0.14%  (A1) -> d16(A6)
  2C36 move              0 unsupported         55 runtime   0.13%  idx(A6) -> D6
  2F38 move              0 unsupported         51 runtime   0.12%  abs.W -> -(A7)
  2F68 move              0 unsupported         48 runtime   0.11%  d16(A0) -> d16(A7)
  B19D alu               0 unsupported         47 runtime   0.11%
  08F8 bitop             0 unsupported         44 runtime   0.10%
  536B alu               0 unsupported         44 runtime   0.10%
  6100 branch            0 unsupported         44 runtime   0.10%
  5251 alu               0 unsupported         42 runtime   0.10%

[jit] bounded shift versions — 6 sites, 52 live, 0 saturated
  E0A9          0 unsupported          0 runtime           0 cap-interp          0 count>31
  E2AB          0 unsupported          0 runtime           0 cap-interp          0 count>31
  E4A4          0 unsupported          0 runtime           0 cap-interp          0 count>31
  E2AA          0 unsupported          0 runtime           0 cap-interp          0 count>31

[jit] runtime fallback causes
  fill/tag MMU             5571   14.40%  3151:681  22E8:467  12E8:442  21ED:360  2950:305  22D8:279  2F70:208  31E8:200
  non-plain/MMIO           8797   22.74%  24D0:7998  169A:644  14D0:155
  codeMask                23548   60.87%  22D8:20382  5368:990  2338:248  3338:247  4250:238  276E:234  48E6:232  2D1F:219
  cross-page                505    1.31%  61C6:186  4EAD:125  4CDF:77  2F38:36  48E7:29  22D8:27  2F3A:9  6100:9
  other guard               263    0.68%  E0AC:158  E16F:80  E538:24  E0AB:1
  attributed              38684 /        38684 runtime  exact

[jit] exact non-plain/MMIO addresses — 8797 / 8797 exact
  op=24D0 R addr=$50F06060 page=$50F06 slice=0 mask=$0000 bytes=4          7998
  op=169A W addr=$50F10000 page=$50F10 slice=0 mask=$0000 bytes=1           644
  op=14D0 R addr=$50F06060 page=$50F06 slice=0 mask=$0000 bytes=1           155

[jit] exact codeMask addresses — 23548 / 23548 exact
  op=5368 W addr=$0000C1AE page=$0000C slice=1 mask=$1FF2 bytes=2           986
  op=4250 W addr=$000AF278 page=$000AF slice=2 mask=$9A7C bytes=2           238
  op=276E W addr=$00003DFE page=$00003 slice=D mask=$2001 bytes=4           234
  op=2338 W addr=$00972B2C page=$00972 slice=B mask=$0C00 bytes=4           226
  op=3338 W addr=$00972B2A page=$00972 slice=B mask=$0C00 bytes=2           225
  op=4269 W addr=$0000E90A page=$0000E slice=9 mask=$0600 bytes=2           179
  op=50E9 W addr=$0000E90A page=$0000E slice=9 mask=$0600 bytes=1           136
  op=5351 W addr=$0003C544 page=$0003C slice=5 mask=$63FD bytes=2            66
  op=08D0 W addr=$0003C520 page=$0003C slice=5 mask=$63FD bytes=1            66
  op=4210 W addr=$0003C520 page=$0003C slice=5 mask=$63FD bytes=1            66
  op=2D1F W addr=$00015850 page=$00015 slice=8 mask=$0300 bytes=4            47
  op=536B W addr=$009ECD90 page=$009EC slice=D mask=$2AC0 bytes=2            44
  op=2D1F W addr=$00015818 page=$00015 slice=8 mask=$0300 bytes=4            42
  op=5251 W addr=$0003C544 page=$0003C slice=5 mask=$63FD bytes=2            42
  op=48E6 W addr=$00015854 page=$00015 slice=8 mask=$0300 bytes=16            35
  op=2D1F W addr=$00015824 page=$00015 slice=8 mask=$0300 bytes=4            33
  op=2338 W addr=$0097886C page=$00978 slice=8 mask=$2B00 bytes=4            22
  op=2D1F W addr=$00015860 page=$00015 slice=8 mask=$0300 bytes=4            22
  op=3338 W addr=$0097886A page=$00978 slice=8 mask=$2B00 bytes=2            22
  op=2D1F W addr=$0001584C page=$00015 slice=8 mask=$0300 bytes=4            20
  op=48E6 W addr=$0001585C page=$00015 slice=8 mask=$0300 bytes=8            20
  op=48E6 W addr=$00015828 page=$00015 slice=8 mask=$0300 bytes=52            20
  op=48E6 W addr=$0001581C page=$00015 slice=8 mask=$0300 bytes=8            20
  op=08D1 W addr=$00008D08 page=$00008 slice=D mask=$220E bytes=1            20
  op=0891 W addr=$0001456C page=$00014 slice=5 mask=$1FE0 bytes=1            19
  op=48E6 W addr=$0001584C page=$00015 slice=8 mask=$0300 bytes=8            19
  op=2D1F W addr=$00015840 page=$00015 slice=8 mask=$0300 bytes=4            17
  op=22C2 W addr=$00015846 page=$00015 slice=8 mask=$0300 bytes=4            16
  op=EFD1 W addr=$0001584A page=$00015 slice=8 mask=$0300 bytes=4            16
  op=08D1 W addr=$0001456C page=$00014 slice=5 mask=$1FE0 bytes=1            15
  op=48E6 W addr=$0001581C page=$00015 slice=8 mask=$0300 bytes=48            15
  op=48E6 W addr=$00015830 page=$00015 slice=8 mask=$0300 bytes=16            15
  op=4214 W addr=$0001581E page=$00015 slice=8 mask=$0300 bytes=1            13
  op=2D1F W addr=$0001581A page=$00015 slice=8 mask=$0300 bytes=4            13
  op=48E6 W addr=$00015834 page=$00015 slice=8 mask=$0300 bytes=36            13
  op=48E6 W addr=$0001580E page=$00015 slice=8 mask=$0300 bytes=12            13
  op=48E6 W addr=$000157F0 page=$00015 slice=7 mask=$0300 bytes=52            13
  op=2D1F W addr=$00015858 page=$00015 slice=8 mask=$0300 bytes=4            13
  op=48E6 W addr=$000157F4 page=$00015 slice=7 mask=$0300 bytes=32            12
  op=48E6 W addr=$000157E4 page=$00015 slice=7 mask=$0300 bytes=52            11
  op=2D1F W addr=$0001585C page=$00015 slice=8 mask=$0300 bytes=4             5
  op=48E6 W addr=$0001584C page=$00015 slice=8 mask=$0300 bytes=16             5
  op=48E6 W addr=$0001583C page=$00015 slice=8 mask=$0300 bytes=16             5
  op=22D8 W addr=$00015858 page=$00015 slice=8 mask=$0300 bytes=4             3
  op=22D8 W addr=$0001584C page=$00015 slice=8 mask=$0300 bytes=4             3
  op=5368 W addr=$009ECDE0 page=$009EC slice=D mask=$2AC0 bytes=2             3
  op=22D8 W addr=$00015850 page=$00015 slice=8 mask=$0300 bytes=4             3
  op=48E6 W addr=$000157EA page=$00015 slice=7 mask=$0300 bytes=32             3
  op=2D1F W addr=$0001580A page=$00015 slice=8 mask=$0300 bytes=4             3
  op=48E6 W addr=$0001582A page=$00015 slice=8 mask=$0300 bytes=16             3
  op=2D1F W addr=$0001583A page=$00015 slice=8 mask=$0300 bytes=4             3
  op=22D8 W addr=$0001585C page=$00015 slice=8 mask=$0300 bytes=4             3
  op=22D8 W addr=$00015854 page=$00015 slice=8 mask=$0300 bytes=4             3
  op=22D8 W addr=$0094049C page=$00940 slice=4 mask=$7C31 bytes=4             2
  op=22D8 W addr=$0094040C page=$00940 slice=4 mask=$7C31 bytes=4             2
  op=22D8 W addr=$009356D8 page=$00935 slice=6 mask=$206A bytes=4             2
  op=22D8 W addr=$009356DC page=$00935 slice=6 mask=$206A bytes=4             2
  op=22D8 W addr=$009356E0 page=$00935 slice=6 mask=$206A bytes=4             2
  op=22D8 W addr=$009356E4 page=$00935 slice=6 mask=$206A bytes=4             2
  op=22D8 W addr=$009356E8 page=$00935 slice=6 mask=$206A bytes=4             2

[jit] exact cross-page addresses — 505 / 505 exact
  op=61C6 W addr=$009D7FFE page=$009D7 off=$FFE bytes=4           186
  op=4EAD W addr=$009D7FFE page=$009D7 off=$FFE bytes=4           125
  op=2F38 W addr=$009D7FFE page=$009D7 off=$FFE bytes=4            36
  op=4CDF R addr=$009D7FF6 page=$009D7 off=$FF6 bytes=44            19
  op=4CDF R addr=$009D7FD2 page=$009D7 off=$FD2 bytes=52            18
  op=48E7 W addr=$009D7FF4 page=$009D7 off=$FF4 bytes=28            12
  op=4CDF R addr=$009D7FFC page=$009D7 off=$FFC bytes=20            12
  op=48E7 W addr=$009D7FFC page=$009D7 off=$FFC bytes=20            12
  op=4CDF R addr=$009D7FF4 page=$009D7 off=$FF4 bytes=28            11
  op=4CDF R addr=$009D7FD6 page=$009D7 off=$FD6 bytes=44             9
  op=2F3A W addr=$009D7FFE page=$009D7 off=$FFE bytes=4             9
  op=6100 W addr=$009D7FFE page=$009D7 off=$FFE bytes=4             9
  op=4CDF R addr=$009D7FF8 page=$009D7 off=$FF8 bytes=20             3
  op=6162 W addr=$009D7FFE page=$009D7 off=$FFE bytes=4             3
  op=22D8 R addr=$40108FFE page=$40108 off=$FFE bytes=4             2
  op=22D8 R addr=$4011FFFE page=$4011F off=$FFE bytes=4             1
  op=22D8 R addr=$400F4FFE page=$400F4 off=$FFE bytes=4             1
  op=22D8 R addr=$40104FFE page=$40104 off=$FFE bytes=4             1
  op=22D8 R addr=$4011AFFE page=$4011A off=$FFE bytes=4             1
  op=22D8 R addr=$40119FFE page=$40119 off=$FFE bytes=4             1
  op=22D8 R addr=$4010FFFE page=$4010F off=$FFE bytes=4             1
  op=22D8 R addr=$40111FFE page=$40111 off=$FFE bytes=4             1
  op=4CEE R addr=$009D7FFC page=$009D7 off=$FFC bytes=8             1
  op=22D8 R addr=$40117FFE page=$40117 off=$FFE bytes=4             1
  op=22D8 R addr=$4010EFFE page=$4010E off=$FFE bytes=4             1
  op=4CEE R addr=$009D7FF0 page=$009D7 off=$FF0 bytes=24             1
  op=22D8 R addr=$40110FFE page=$40110 off=$FFE bytes=4             1
  op=48E7 W addr=$009D7FFC page=$009D7 off=$FFC bytes=40             1
  op=22D8 R addr=$40118FFE page=$40118 off=$FFE bytes=4             1
  op=22D8 R addr=$40100FFE page=$40100 off=$FFE bytes=4             1
  op=22D8 R addr=$40122FFE page=$40122 off=$FFE bytes=4             1
  op=22D8 R addr=$400FDFFE page=$400FD off=$FFE bytes=4             1
  op=4CDF R addr=$009D7FFC page=$009D7 off=$FFC bytes=40             1
  op=4CDF R addr=$009D7FFE page=$009D7 off=$FFE bytes=36             1
  op=22D8 R addr=$40114FFE page=$40114 off=$FFE bytes=4             1
  op=22D8 R addr=$40129FFE page=$40129 off=$FFE bytes=4             1
  op=22D8 R addr=$4012AFFE page=$4012A off=$FFE bytes=4             1
  op=22D8 R addr=$40112FFE page=$40112 off=$FFE bytes=4             1
  op=4CDF R addr=$009D7FEC page=$009D7 off=$FEC bytes=24             1
  op=48E7 W addr=$009D7FEC page=$009D7 off=$FEC bytes=24             1
  op=4CDF R addr=$009D7FF0 page=$009D7 off=$FF0 bytes=28             1
  op=48E7 W addr=$009D7FF0 page=$009D7 off=$FF0 bytes=28             1
  op=4CDF R addr=$009D7FE6 page=$009D7 off=$FE6 bytes=36             1
  op=48E7 W addr=$009D7FFC page=$009D7 off=$FFC bytes=24             1
  op=22D8 R addr=$40102FFE page=$40102 off=$FFE bytes=4             1
  op=22D8 R addr=$400F2FFE page=$400F2 off=$FFE bytes=4             1
  op=4CEE R addr=$009D7FFC page=$009D7 off=$FFC bytes=24             1
  op=48E7 W addr=$009D7FF0 page=$009D7 off=$FF0 bytes=24             1
  op=22D8 R addr=$4012CFFE page=$4012C off=$FFE bytes=4             1
  op=22D8 R addr=$40131FFE page=$40131 off=$FFE bytes=4             1
  op=24D9 W addr=$009D7FFE page=$009D7 off=$FFE bytes=4             1
  op=22D8 R addr=$40109FFE page=$40109 off=$FFE bytes=4             1
  op=22D8 R addr=$400FEFFE page=$400FE off=$FFE bytes=4             1
  op=22D8 R addr=$4010AFFE page=$4010A off=$FFE bytes=4             1

[jit] exact other-runtime-access addresses — 263 / 263 exact
  op=E0AC R addr=$00000000 page=$00000 slice=0 mask=$0000 bytes=0           158
  op=E16F R addr=$00000000 page=$00000 slice=0 mask=$0000 bytes=0            80
  op=E538 R addr=$00000000 page=$00000 slice=0 mask=$0000 bytes=0            24
  op=E0AB R addr=$00000000 page=$00000 slice=0 mask=$0000 bytes=0             1

[jit] fallback addressing — MOVE source
  (An)+               0 unsupported        21709 runtime
  (An)              197 unsupported         9406 runtime
  d16(An)           197 unsupported         2076 runtime
  abs.W               0 unsupported          911 runtime
  idx(An)             0 unsupported          530 runtime
  -(An)              41 unsupported            4 runtime
  Dn                  2 unsupported           23 runtime
  d16(PC)             0 unsupported            9 runtime

[jit] fallback addressing — MOVE destination
  (An)+               0 unsupported        29969 runtime
  d16(An)            41 unsupported         2008 runtime
  -(An)               0 unsupported          954 runtime
  (An)                2 unsupported          732 runtime
  abs.W               0 unsupported          711 runtime
  Dn                394 unsupported           93 runtime
  An                  0 unsupported          197 runtime
  idx(An)             0 unsupported            4 runtime

[jit] fallback addressing — MOVEM operand
  -(An)               0 unsupported          320 runtime
  (An)+               0 unsupported          151 runtime
  d16(An)             0 unsupported           13 runtime

[jit] indexed-mode fallbacks by extension form — 682 attributed (of 43109 total fallbacks)
  brief (d8,An/PC,Xn)            8    1.2%
  full 68020 format            241   35.3%
  mixed (both seen)            433   63.5%
  compiled slots: 374 brief, 138 full (cumulative over the run, not per phase)
  brief share if mixed is apportioned by slot ratio:  31.2%  (ESTIMATE)

[jit] fallback addressing — top MOVE source -> destination pairs
  (An)+    -> (An)+               0 unsupported        20817 runtime
  (An)     -> (An)+               0 unsupported         8216 runtime
  (An)     -> d16(An)             0 unsupported         1049 runtime
  d16(An)  -> (An)+               0 unsupported          909 runtime
  (An)+    -> (An)                0 unsupported          647 runtime
  d16(An)  -> abs.W               0 unsupported          572 runtime
  abs.W    -> -(An)               0 unsupported          546 runtime
  d16(An)  -> d16(An)             0 unsupported          391 runtime
  abs.W    -> d16(An)             0 unsupported          353 runtime
  (An)+    -> -(An)               0 unsupported          234 runtime
  idx(An)  -> d16(An)             0 unsupported          208 runtime
  idx(An)  -> An                  0 unsupported          197 runtime
  (An)     -> Dn                197 unsupported            0 runtime
  d16(An)  -> Dn                197 unsupported            0 runtime
  d16(An)  -> -(An)               0 unsupported          136 runtime
  (An)     -> abs.W               0 unsupported          125 runtime
  idx(An)  -> Dn                  0 unsupported           93 runtime
  d16(An)  -> (An)                0 unsupported           68 runtime
  -(An)    -> d16(An)            41 unsupported            0 runtime
  idx(An)  -> -(An)               0 unsupported           29 runtime
  Dn       -> (An)+               0 unsupported           23 runtime
  (An)     -> (An)                0 unsupported           14 runtime
  abs.W    -> abs.W               0 unsupported           12 runtime
  d16(PC)  -> -(An)               0 unsupported            9 runtime

[jit] ════ census phase 'open-folder' ════
[jit] dispatch cache: 31400567 hits, 93863 gen-miss, 2533982 miss
[jit] flushes: wrapper hint/reset=1 translation moved=12092 write into code=11 deferred=0 code cache full=0  blocks live=23395, cold-evicted=0

[jit] opcode census — 431255 instructions, 3498 distinct
  move           135871   31.5%
  alu            125286   29.1%
  shift            9628    2.2%
  bitop            3328    0.8%
  muldiv            381    0.1%
  addr            17396    4.0%
  multi           12203    2.8%
  cond              941    0.2%
  branch         122993   28.5%
  UNSAFE           3228    0.7%
  native         425160   98.6%  (backend 'aarch64')
  ── top 60 opcodes ──
  4E75 branch *      11872   2.75%  cum   2.8%
  4E5E addr   *       5453   1.26%  cum   4.0%
  4EAD branch *       5235   1.21%  cum   5.2%
  4A11 alu    *       4957   1.15%  cum   6.4%
  7000 move   *       4475   1.04%  cum   7.4%
  2F0C move   *       4001   0.93%  cum   8.3%
  4EBA branch *       3930   0.91%  cum   9.3%
  206E move   *       3841   0.89%  cum  10.1%
  6706 branch *       3819   0.89%  cum  11.0%
  4E56 addr   *       3813   0.88%  cum  11.9%
  2054 move   *       3735   0.87%  cum  12.8%
  2050 move   *       3712   0.86%  cum  13.6%
  670A branch *       3291   0.76%  cum  14.4%
  51C8 branch *       3269   0.76%  cum  15.2%
  6700 branch *       3177   0.74%  cum  15.9%
  6604 branch *       3060   0.71%  cum  16.6%
  4CEE multi  *       2864   0.66%  cum  17.3%
  202E move   *       2833   0.66%  cum  17.9%
  2040 move   *       2823   0.65%  cum  18.6%
  51C9 branch *       2716   0.63%  cum  19.2%
  6702 branch *       2714   0.63%  cum  19.8%
  C086 alu    *       2708   0.63%  cum  20.5%
  B041 alu    *       2572   0.60%  cum  21.1%
  B3D6 alu    *       2567   0.60%  cum  21.7%
  6426 branch *       2562   0.59%  cum  22.3%
  286E move   *       2540   0.59%  cum  22.8%
  203C move   *       2539   0.59%  cum  23.4%
  48E7 multi  *       2485   0.58%  cum  24.0%
  6100 branch *       2426   0.56%  cum  24.6%
  6704 branch *       2385   0.55%  cum  25.1%
  2F2E move   *       2277   0.53%  cum  25.7%
  486E addr   *       2190   0.51%  cum  26.2%
  0C40 alu    *       2188   0.51%  cum  26.7%
  3018 move   *       2159   0.50%  cum  27.2%
  48C0 multi  *       1970   0.46%  cum  27.6%
  504F alu    *       1954   0.45%  cum  28.1%
  60F0 branch *       1810   0.42%  cum  28.5%
  C087 alu    *       1804   0.42%  cum  28.9%
  2211 move   *       1803   0.42%  cum  29.3%
  3219 move   *       1776   0.41%  cum  29.8%
  C282 alu    *       1769   0.41%  cum  30.2%
  D3C1 alu    *       1769   0.41%  cum  30.6%
  2078 move   *       1769   0.41%  cum  31.0%
  302E move   *       1698   0.39%  cum  31.4%
  4880 multi  *       1684   0.39%  cum  31.8%
  7008 move   *       1608   0.37%  cum  32.1%
  67F2 branch *       1569   0.36%  cum  32.5%
  C0B8 alu    *       1534   0.36%  cum  32.9%
  2F07 move   *       1530   0.35%  cum  33.2%
  2F0B move   *       1525   0.35%  cum  33.6%
  4A86 alu    *       1514   0.35%  cum  33.9%
  2053 move   *       1488   0.35%  cum  34.3%
  1010 move   *       1483   0.34%  cum  34.6%
  2F00 move   *       1458   0.34%  cum  34.9%
  D0AC alu    *       1447   0.34%  cum  35.3%
  7040 move   *       1430   0.33%  cum  35.6%
  6608 branch *       1425   0.33%  cum  35.9%
  B7CA alu    *       1417   0.33%  cum  36.3%
  4A13 alu    *       1415   0.33%  cum  36.6%
  4A00 alu    *       1414   0.33%  cum  36.9%

[jit] block fallback census — 4101 unsupported + 28941 runtime guard/access = 33042
  22D8 move              0 unsupported      20157 runtime  61.00%  (A0)+ -> (A1)+
  C029 alu            2728 unsupported          0 runtime   8.26%
  24D0 move              0 unsupported       1264 runtime   3.83%  (A0) -> (A2)+
  5368 alu               0 unsupported       1053 runtime   3.19%
  3151 move              0 unsupported        638 runtime   1.93%  (A1) -> d16(A0)
  22E8 move              0 unsupported        424 runtime   1.28%  d16(A0) -> (A1)+
  12E8 move              0 unsupported        421 runtime   1.27%  d16(A0) -> (A1)+
  4250 alu               0 unsupported        276 runtime   0.84%
  2950 move              0 unsupported        260 runtime   0.79%  (A0) -> d16(A4)
  21ED move              0 unsupported        241 runtime   0.73%  d16(A5) -> abs.W
  276E move              0 unsupported        224 runtime   0.68%  d16(A6) -> d16(A3)
  2338 move              0 unsupported        210 runtime   0.64%  abs.W -> -(A1)
  3338 move              0 unsupported        209 runtime   0.63%  abs.W -> -(A1)
  9611 alu             205 unsupported          0 runtime   0.62%
  1411 move            193 unsupported          0 runtime   0.58%  (A1) -> D2
  1229 move            192 unsupported          0 runtime   0.58%  d16(A1) -> D1
  C229 alu             192 unsupported          0 runtime   0.58%
  2F70 move              0 unsupported        175 runtime   0.53%  idx(A0) -> d16(A7)
  31E8 move              0 unsupported        168 runtime   0.51%  d16(A0) -> abs.W
  2070 move              0 unsupported        166 runtime   0.50%  idx(A0) -> A0
  0811 bitop           162 unsupported          0 runtime   0.49%
  08D1 bitop           128 unsupported         30 runtime   0.48%
  B189 alu               0 unsupported        145 runtime   0.44%
  E0AC shift             0 unsupported        145 runtime   0.44%
  E4AD shift           145 unsupported          0 runtime   0.44%
  2178 move              0 unsupported        136 runtime   0.41%  abs.W -> d16(A0)
  BD95 alu               0 unsupported        135 runtime   0.41%
  4EAD branch            0 unsupported        133 runtime   0.40%
  0891 bitop            95 unsupported         28 runtime   0.37%
  2D68 move              0 unsupported        119 runtime   0.36%  d16(A0) -> d16(A6)
  4EB0 branch            0 unsupported        107 runtime   0.32%
  169A move              0 unsupported        100 runtime   0.30%  (A2)+ -> (A3)
  4CDF multi             0 unsupported         99 runtime   0.30%  EA=(A7)+
  2378 move              0 unsupported         94 runtime   0.28%  abs.W -> d16(A1)
  4258 alu               0 unsupported         88 runtime   0.27%
  3F29 move              0 unsupported         86 runtime   0.26%  d16(A1) -> -(A7)
  48E6 multi             0 unsupported         81 runtime   0.25%  EA=-(A6)
  21D0 move              0 unsupported         72 runtime   0.22%  (A0) -> abs.W
  E16F shift             0 unsupported         72 runtime   0.22%
  2D1F move              0 unsupported         69 runtime   0.21%  (A7)+ -> -(A6)
  12D8 move              0 unsupported         65 runtime   0.20%  (A0)+ -> (A1)+
  14D0 move              0 unsupported         64 runtime   0.19%  (A0) -> (A2)+
  6100 branch            0 unsupported         59 runtime   0.18%
  2F38 move              0 unsupported         57 runtime   0.17%  abs.W -> -(A7)
  42A8 alu               0 unsupported         57 runtime   0.17%
  B388 alu               0 unsupported         55 runtime   0.17%
  50E9 cond              0 unsupported         54 runtime   0.16%
  2D51 move              0 unsupported         54 runtime   0.16%  (A1) -> d16(A6)
  08E8 bitop             0 unsupported         52 runtime   0.16%
  4269 alu               0 unsupported         50 runtime   0.15%
  2F68 move              0 unsupported         49 runtime   0.15%  d16(A0) -> d16(A7)
  B19D alu               0 unsupported         48 runtime   0.15%
  48E7 multi             0 unsupported         47 runtime   0.14%  EA=-(A7)
  2C36 move              0 unsupported         45 runtime   0.14%  idx(A6) -> D6
  11D0 move              0 unsupported         38 runtime   0.12%  (A0) -> abs.W
  2964 move             38 unsupported          0 runtime   0.12%  -(A4) -> d16(A4)
  2230 move              0 unsupported         38 runtime   0.12%  idx(A0) -> D1
  2F2D move              0 unsupported         34 runtime   0.10%  d16(A5) -> -(A7)
  32D8 move              0 unsupported         27 runtime   0.08%  (A0)+ -> (A1)+
  08F8 bitop             0 unsupported         26 runtime   0.08%

[jit] bounded shift versions — 6 sites, 53 live, 0 saturated
  E0A9          0 unsupported          0 runtime           0 cap-interp          0 count>31
  E2AB          0 unsupported          0 runtime           0 cap-interp          0 count>31
  E4A4          0 unsupported          0 runtime           0 cap-interp          0 count>31
  E2AA          0 unsupported          0 runtime           0 cap-interp          0 count>31

[jit] runtime fallback causes
  fill/tag MMU             4713   16.28%  3151:638  22E8:424  12E8:421  2950:260  21ED:241  22D8:205  2F70:175  31E8:168
  non-plain/MMIO           1418    4.90%  24D0:1256  169A:100  14D0:62
  codeMask                22294   77.03%  22D8:19928  5368:963  4250:234  276E:224  2338:210  3338:209  4258:88  48E6:70
  cross-page                282    0.97%  4EAD:132  4CDF:64  2F38:36  48E7:25  22D8:24  24D9:1
  other guard               234    0.81%  E0AC:145  E16F:72  E538:17
  attributed              28941 /        28941 runtime  exact

[jit] exact non-plain/MMIO addresses — 1418 / 1418 exact
  op=24D0 R addr=$50F06060 page=$50F06 slice=0 mask=$0000 bytes=4          1256
  op=169A W addr=$50F10000 page=$50F10 slice=0 mask=$0000 bytes=1           100
  op=14D0 R addr=$50F06060 page=$50F06 slice=0 mask=$0000 bytes=1            62

[jit] exact codeMask addresses — 22294 / 22294 exact
  op=5368 W addr=$0000C1AE page=$0000C slice=1 mask=$1FF2 bytes=2           960
  op=4250 W addr=$000AF278 page=$000AF slice=2 mask=$9A7C bytes=2           234
  op=276E W addr=$00003DFE page=$00003 slice=D mask=$2001 bytes=4           224
  op=2338 W addr=$00972B2C page=$00972 slice=B mask=$0C00 bytes=4           206
  op=3338 W addr=$00972B2A page=$00972 slice=B mask=$0C00 bytes=2           205
  op=50E9 W addr=$0000E90A page=$0000E slice=9 mask=$0600 bytes=1            54
  op=4269 W addr=$0000E90A page=$0000E slice=9 mask=$0600 bytes=2            50
  op=0891 W addr=$0001456C page=$00014 slice=5 mask=$1FE0 bytes=1            17
  op=08D1 W addr=$0001456C page=$00014 slice=5 mask=$1FE0 bytes=1            16
  op=2D1F W addr=$00015824 page=$00015 slice=8 mask=$0300 bytes=4            14
  op=2D1F W addr=$00015858 page=$00015 slice=8 mask=$0300 bytes=4            13
  op=2D1F W addr=$00015850 page=$00015 slice=8 mask=$0300 bytes=4            11
  op=48E6 W addr=$00015828 page=$00015 slice=8 mask=$0300 bytes=52            10
  op=5351 W addr=$0003C544 page=$0003C slice=5 mask=$63FD bytes=2            10
  op=08D0 W addr=$0003C520 page=$0003C slice=5 mask=$63FD bytes=1            10
  op=4210 W addr=$0003C520 page=$0003C slice=5 mask=$63FD bytes=1            10
  op=08D1 W addr=$00008D08 page=$00008 slice=D mask=$220E bytes=1            10
  op=48E6 W addr=$0001581C page=$00015 slice=8 mask=$0300 bytes=8            10
  op=2D1F W addr=$0001581A page=$00015 slice=8 mask=$0300 bytes=4             8
  op=4214 W addr=$0001581E page=$00015 slice=8 mask=$0300 bytes=1             8
  op=48E6 W addr=$00015834 page=$00015 slice=8 mask=$0300 bytes=36             8
  op=48E6 W addr=$0001580E page=$00015 slice=8 mask=$0300 bytes=12             8
  op=2D1F W addr=$00015860 page=$00015 slice=8 mask=$0300 bytes=4             7
  op=5251 W addr=$0003C544 page=$0003C slice=5 mask=$63FD bytes=2             7
  op=2D1F W addr=$0001580A page=$00015 slice=8 mask=$0300 bytes=4             6
  op=48E6 W addr=$000157EA page=$00015 slice=7 mask=$0300 bytes=32             6
  op=48E6 W addr=$00015848 page=$00015 slice=8 mask=$0300 bytes=16             5
  op=536B W addr=$009ECD90 page=$009EC slice=D mask=$2AC0 bytes=2             5
  op=48E6 W addr=$00015854 page=$00015 slice=8 mask=$0300 bytes=16             5
  op=48E6 W addr=$0001584C page=$00015 slice=8 mask=$0300 bytes=8             4
  op=3338 W addr=$0097886A page=$00978 slice=8 mask=$2B00 bytes=2             4
  op=2338 W addr=$0097886C page=$00978 slice=8 mask=$2B00 bytes=4             4
  op=48E6 W addr=$000157F0 page=$00015 slice=7 mask=$0300 bytes=52             4
  op=48E6 W addr=$0001585C page=$00015 slice=8 mask=$0300 bytes=8             4
  op=2D1F W addr=$0001583A page=$00015 slice=8 mask=$0300 bytes=4             3
  op=48E6 W addr=$0001582A page=$00015 slice=8 mask=$0300 bytes=16             3
  op=5368 W addr=$009ECDE0 page=$009EC slice=D mask=$2AC0 bytes=2             3
  op=22D8 W addr=$0001584C page=$00015 slice=8 mask=$0300 bytes=4             3
  op=22D8 W addr=$00015850 page=$00015 slice=8 mask=$0300 bytes=4             3
  op=22D8 W addr=$00015854 page=$00015 slice=8 mask=$0300 bytes=4             3
  op=22D8 W addr=$00015858 page=$00015 slice=8 mask=$0300 bytes=4             3
  op=22D8 W addr=$0001585C page=$00015 slice=8 mask=$0300 bytes=4             3
  op=22E0 W addr=$00015840 page=$00015 slice=8 mask=$0300 bytes=4             3
  op=22C2 W addr=$00015844 page=$00015 slice=8 mask=$0300 bytes=4             3
  op=EFD1 W addr=$00015848 page=$00015 slice=8 mask=$0300 bytes=4             3
  op=4258 W addr=$000EC5C0 page=$000EC slice=5 mask=$0023 bytes=2             2
  op=4210 W addr=$000EA78C page=$000EA slice=7 mask=$BF80 bytes=1             2
  op=2D1F W addr=$00015818 page=$00015 slice=8 mask=$0300 bytes=4             2
  op=48E6 W addr=$000157F4 page=$00015 slice=7 mask=$0300 bytes=32             2
  op=4258 W addr=$000EC55C page=$000EC slice=5 mask=$0023 bytes=2             2
  op=32D8 W addr=$0092DAC0 page=$0092D slice=A mask=$77DF bytes=2             1
  op=22D8 W addr=$00932AAC page=$00932 slice=A mask=$0C60 bytes=4             1
  op=22D8 W addr=$0092D884 page=$0092D slice=8 mask=$77DF bytes=4             1
  op=22D8 W addr=$0092D880 page=$0092D slice=8 mask=$77DF bytes=4             1
  op=22D8 W addr=$0092D878 page=$0092D slice=8 mask=$77DF bytes=4             1
  op=22D8 W addr=$0092D86C page=$0092D slice=8 mask=$77DF bytes=4             1
  op=22D8 W addr=$0092D868 page=$0092D slice=8 mask=$77DF bytes=4             1
  op=22D8 W addr=$0092D864 page=$0092D slice=8 mask=$77DF bytes=4             1
  op=22D8 W addr=$0092D860 page=$0092D slice=8 mask=$77DF bytes=4             1
  op=22D8 W addr=$0092D85C page=$0092D slice=8 mask=$77DF bytes=4             1

[jit] exact cross-page addresses — 282 / 282 exact
  op=4EAD W addr=$009D7FFE page=$009D7 off=$FFE bytes=4           132
  op=2F38 W addr=$009D7FFE page=$009D7 off=$FFE bytes=4            36
  op=4CDF R addr=$009D7FF6 page=$009D7 off=$FF6 bytes=44            17
  op=4CDF R addr=$009D7FD2 page=$009D7 off=$FD2 bytes=52            17
  op=4CDF R addr=$009D7FF4 page=$009D7 off=$FF4 bytes=28            12
  op=4CDF R addr=$009D7FFC page=$009D7 off=$FFC bytes=20            12
  op=48E7 W addr=$009D7FFC page=$009D7 off=$FFC bytes=20            12
  op=48E7 W addr=$009D7FF4 page=$009D7 off=$FF4 bytes=28            11
  op=4CDF R addr=$009D7FF8 page=$009D7 off=$FF8 bytes=20             3
  op=22D8 R addr=$40117FFE page=$40117 off=$FFE bytes=4             2
  op=22D8 R addr=$4010EFFE page=$4010E off=$FFE bytes=4             2
  op=22D8 R addr=$40108FFE page=$40108 off=$FFE bytes=4             2
  op=22D8 R addr=$400FBFFE page=$400FB off=$FFE bytes=4             2
  op=22D8 R addr=$40129FFE page=$40129 off=$FFE bytes=4             2
  op=22D8 R addr=$400F5FFE page=$400F5 off=$FFE bytes=4             1
  op=22D8 R addr=$40100FFE page=$40100 off=$FFE bytes=4             1
  op=22D8 R addr=$400FCFFE page=$400FC off=$FFE bytes=4             1
  op=22D8 R addr=$400F8FFE page=$400F8 off=$FFE bytes=4             1
  op=22D8 R addr=$4010DFFE page=$4010D off=$FFE bytes=4             1
  op=22D8 R addr=$40131FFE page=$40131 off=$FFE bytes=4             1
  op=4CDF R addr=$009D7FEC page=$009D7 off=$FEC bytes=24             1
  op=48E7 W addr=$009D7FEC page=$009D7 off=$FEC bytes=24             1
  op=4CDF R addr=$009D7FF0 page=$009D7 off=$FF0 bytes=28             1
  op=48E7 W addr=$009D7FF0 page=$009D7 off=$FF0 bytes=28             1
  op=22D8 R addr=$40120FFE page=$40120 off=$FFE bytes=4             1
  op=22D8 R addr=$40124FFE page=$40124 off=$FFE bytes=4             1
  op=22D8 R addr=$40125FFE page=$40125 off=$FFE bytes=4             1
  op=22D8 R addr=$40118FFE page=$40118 off=$FFE bytes=4             1
  op=4CDF R addr=$009D7FFA page=$009D7 off=$FFA bytes=32             1
  op=22D8 R addr=$40104FFE page=$40104 off=$FFE bytes=4             1
  op=22D8 R addr=$4010AFFE page=$4010A off=$FFE bytes=4             1
  op=24D9 W addr=$009D7FFE page=$009D7 off=$FFE bytes=4             1
  op=22D8 R addr=$40109FFE page=$40109 off=$FFE bytes=4             1
  op=22D8 R addr=$40102FFE page=$40102 off=$FFE bytes=4             1

[jit] exact other-runtime-access addresses — 234 / 234 exact
  op=E0AC R addr=$00000000 page=$00000 slice=0 mask=$0000 bytes=0           145
  op=E16F R addr=$00000000 page=$00000 slice=0 mask=$0000 bytes=0            72
  op=E538 R addr=$00000000 page=$00000 slice=0 mask=$0000 bytes=0            17

[jit] fallback addressing — MOVE source
  (An)+               0 unsupported        20461 runtime
  (An)              193 unsupported         2400 runtime
  d16(An)           192 unsupported         1807 runtime
  abs.W               0 unsupported          725 runtime
  idx(An)             0 unsupported          460 runtime
  -(An)              38 unsupported            4 runtime
  Dn                  0 unsupported           15 runtime
  An                  0 unsupported            1 runtime
  d16(PC)             0 unsupported            1 runtime

[jit] fallback addressing — MOVE destination
  (An)+               0 unsupported        22473 runtime
  d16(An)            38 unsupported         1776 runtime
  -(An)               0 unsupported          708 runtime
  abs.W               0 unsupported          536 runtime
  Dn                385 unsupported           84 runtime
  An                  0 unsupported          166 runtime
  (An)                0 unsupported          130 runtime
  idx(An)             0 unsupported            1 runtime

[jit] fallback addressing — MOVEM operand
  -(An)               0 unsupported          128 runtime
  (An)+               0 unsupported          111 runtime
  d16(An)             0 unsupported           10 runtime

[jit] indexed-mode fallbacks by extension form — 572 attributed (of 33042 total fallbacks)
  brief (d8,An/PC,Xn)           11    1.9%
  full 68020 format            194   33.9%
  mixed (both seen)            367   64.2%
  compiled slots: 382 brief, 146 full (cumulative over the run, not per phase)
  brief share if mixed is apportioned by slot ratio:  32.4%  (ESTIMATE)

[jit] fallback addressing — top MOVE source -> destination pairs
  (An)+    -> (An)+               0 unsupported        20280 runtime
  (An)     -> (An)+               0 unsupported         1328 runtime
  (An)     -> d16(An)             0 unsupported          955 runtime
  d16(An)  -> (An)+               0 unsupported          845 runtime
  abs.W    -> -(An)               0 unsupported          477 runtime
  d16(An)  -> abs.W               0 unsupported          413 runtime
  d16(An)  -> d16(An)             0 unsupported          403 runtime
  abs.W    -> d16(An)             0 unsupported          237 runtime
  (An)     -> Dn                193 unsupported            0 runtime
  d16(An)  -> Dn                192 unsupported            0 runtime
  idx(An)  -> d16(An)             0 unsupported          175 runtime
  idx(An)  -> An                  0 unsupported          166 runtime
  d16(An)  -> -(An)               0 unsupported          132 runtime
  (An)     -> abs.W               0 unsupported          110 runtime
  (An)+    -> (An)                0 unsupported          102 runtime
  idx(An)  -> Dn                  0 unsupported           84 runtime
  (An)+    -> -(An)               0 unsupported           70 runtime
  -(An)    -> d16(An)            38 unsupported            0 runtime
  idx(An)  -> -(An)               0 unsupported           25 runtime
  Dn       -> (An)+               0 unsupported           15 runtime
  d16(An)  -> (An)                0 unsupported           14 runtime
  abs.W    -> abs.W               0 unsupported           11 runtime
  idx(An)  -> (An)                0 unsupported           10 runtime
  (An)+    -> d16(An)             0 unsupported            6 runtime

[jit] ════ census phase 'launch-dialog' ════
[jit] dispatch cache: 69966284 hits, 213215 gen-miss, 4170846 miss
[jit] flushes: wrapper hint/reset=1 translation moved=15199 write into code=11 deferred=0 code cache full=0  blocks live=28957, cold-evicted=0

[jit] opcode census — 3541808 instructions, 5393 distinct
  move          1062994   30.0%
  alu           1057145   29.8%
  shift           53796    1.5%
  bitop           21271    0.6%
  muldiv           1678    0.0%
  addr           108321    3.1%
  multi           78609    2.2%
  cond             2801    0.1%
  branch        1121837   31.7%
  UNSAFE          33356    0.9%
  native        3500394   98.8%  (backend 'aarch64')
  ── top 60 opcodes ──
  4E75 branch *     101580   2.87%  cum   2.9%
  504A alu    *      90166   2.55%  cum   5.4%
  57CC branch *      82165   2.32%  cum   7.7%
  206E move   *      81634   2.30%  cum  10.0%
  B3DA alu    *      81374   2.30%  cum  12.3%
  70FF move   *      75089   2.12%  cum  14.5%
  66F4 branch *      73981   2.09%  cum  16.5%
  B068 alu    *      72972   2.06%  cum  18.6%
  51C8 branch *      68701   1.94%  cum  20.5%
  7000 move   *      40491   1.14%  cum  21.7%
  51C9 branch *      39081   1.10%  cum  22.8%
  6714 branch *      37070   1.05%  cum  23.8%
  48E7 multi  *      36846   1.04%  cum  24.9%
  4A11 alu    *      36448   1.03%  cum  25.9%
  6706 branch *      35755   1.01%  cum  26.9%
  10C0 move   *      35398   1.00%  cum  27.9%
  4E56 addr   *      34337   0.97%  cum  28.9%
  51CC branch *      32385   0.91%  cum  29.8%
  6DFA branch *      29688   0.84%  cum  30.6%
  B1CD alu    *      28935   0.82%  cum  31.5%
  B3D6 alu    *      26304   0.74%  cum  32.2%
  6426 branch *      26056   0.74%  cum  32.9%
  2211 move   *      25035   0.71%  cum  33.6%
  60F0 branch *      24499   0.69%  cum  34.3%
  2AC6 move   *      24342   0.69%  cum  35.0%
  D3C1 alu    *      24329   0.69%  cum  35.7%
  C282 alu    *      24327   0.69%  cum  36.4%
  6000 branch *      24209   0.68%  cum  37.1%
  D4FC alu    *      22547   0.64%  cum  37.7%
  032A alu    *      22544   0.64%  cum  38.4%
  6100 branch *      22028   0.62%  cum  39.0%
  4E5E addr   *      21576   0.61%  cum  39.6%
  670A branch *      20581   0.58%  cum  40.2%
  10D9 move   *      18444   0.52%  cum  40.7%
  12DC move   *      18233   0.51%  cum  41.2%
  101C move   *      18210   0.51%  cum  41.7%
  51CF branch *      17677   0.50%  cum  42.2%
  4CDF multi  *      17358   0.49%  cum  42.7%
  12C0 move   *      16265   0.46%  cum  43.2%
  4EBA branch *      15212   0.43%  cum  43.6%
  6704 branch *      14052   0.40%  cum  44.0%
  51CD branch *      13811   0.39%  cum  44.4%
  5448 alu    *      13093   0.37%  cum  44.7%
  2618 move   *      12709   0.36%  cum  45.1%
  12D8 move   *      12698   0.36%  cum  45.5%
  205F move   *      12659   0.36%  cum  45.8%
  3818 move   *      12656   0.36%  cum  46.2%
  4ED0 branch *      12343   0.35%  cum  46.5%
  4A10 alu    *      11986   0.34%  cum  46.9%
  6002 branch *      10638   0.30%  cum  47.2%
  6604 branch *      10270   0.29%  cum  47.5%
  6606 branch *      10117   0.29%  cum  47.7%
  2ADC move   *       9787   0.28%  cum  48.0%
  4840 addr   *       9508   0.27%  cum  48.3%
  C0B8 alu    *       9092   0.26%  cum  48.5%
  E740 shift  *       8947   0.25%  cum  48.8%
  4EF2 UNSAFE         8916   0.25%  cum  49.0%
  286E move   *       8661   0.24%  cum  49.3%
  2050 move   *       8616   0.24%  cum  49.5%
  6702 branch *       8517   0.24%  cum  49.8%

[jit] block fallback census — 9489 unsupported + 667581 runtime guard/access = 677070
  22D8 move              0 unsupported     311413 runtime  45.99%  (A0)+ -> (A1)+
  24D0 move              0 unsupported     120780 runtime  17.84%  (A0) -> (A2)+
  2378 move              0 unsupported      43576 runtime   6.44%  abs.W -> d16(A1)
  4250 alu               0 unsupported      27032 runtime   3.99%
  276E move              0 unsupported      26750 runtime   3.95%  d16(A6) -> d16(A3)
  2D51 move              0 unsupported      24028 runtime   3.55%  (A1) -> d16(A6)
  2F2D move              0 unsupported      22940 runtime   3.39%  d16(A5) -> -(A7)
  2F70 move              0 unsupported      20777 runtime   3.07%  idx(A0) -> d16(A7)
  14D0 move              0 unsupported      16443 runtime   2.43%  (A0) -> (A2)+
  4EB0 branch            0 unsupported      16294 runtime   2.41%
  22AE move              0 unsupported       7037 runtime   1.04%  d16(A6) -> (A1)
  C029 alu            6492 unsupported          0 runtime   0.96%
  5368 alu               0 unsupported       5014 runtime   0.74%
  2F2A move              0 unsupported       3420 runtime   0.51%  d16(A2) -> -(A7)
  169A move              0 unsupported       3247 runtime   0.48%  (A2)+ -> (A3)
  B189 alu               0 unsupported       3221 runtime   0.48%
  2D1F move              0 unsupported       1632 runtime   0.24%  (A7)+ -> -(A6)
  48E6 multi             0 unsupported       1548 runtime   0.23%  EA=-(A6)
  4269 alu               0 unsupported       1108 runtime   0.16%
  3D68 move              0 unsupported       1083 runtime   0.16%  d16(A0) -> d16(A6)
  50E9 cond              0 unsupported        870 runtime   0.13%
  08F8 bitop             0 unsupported        666 runtime   0.10%
  2F38 move              0 unsupported        641 runtime   0.09%  abs.W -> -(A7)
  2F30 move            518 unsupported         99 runtime   0.09%  idx(A0) -> -(A7)
  9611 alu             505 unsupported          0 runtime   0.07%
  2978 move              0 unsupported        453 runtime   0.07%  abs.W -> d16(A4)
  0891 bitop           189 unsupported        233 runtime   0.06%
  4CDF multi             0 unsupported        380 runtime   0.06%  EA=(A7)+
  4210 alu               0 unsupported        374 runtime   0.06%
  48E7 multi             0 unsupported        366 runtime   0.05%  EA=-(A7)
  08D1 bitop           251 unsupported        108 runtime   0.05%
  16AC move              0 unsupported        337 runtime   0.05%  d16(A4) -> (A3)
  5351 alu               0 unsupported        335 runtime   0.05%
  08D0 bitop             0 unsupported        334 runtime   0.05%
  0811 bitop           326 unsupported          0 runtime   0.05%
  2D68 move              0 unsupported        298 runtime   0.04%  d16(A0) -> d16(A6)
  536B alu               0 unsupported        287 runtime   0.04%
  E4AD shift           260 unsupported          0 runtime   0.04%
  1411 move            252 unsupported          0 runtime   0.04%  (A1) -> D2
  C229 alu             252 unsupported          0 runtime   0.04%
  1229 move            252 unsupported          0 runtime   0.04%  d16(A1) -> D1
  E0AC shift             0 unsupported        238 runtime   0.04%
  2F29 move              0 unsupported        223 runtime   0.03%  d16(A1) -> -(A7)
  3151 move              0 unsupported        185 runtime   0.03%  (A1) -> d16(A0)
  12D8 move              0 unsupported        173 runtime   0.03%  (A0)+ -> (A1)+
  BD95 alu               0 unsupported        169 runtime   0.02%
  426E alu               0 unsupported        143 runtime   0.02%
  20D9 move              0 unsupported        142 runtime   0.02%  (A1)+ -> (A0)+
  16F4 move              0 unsupported        131 runtime   0.02%  idx(A4) -> (A3)+
  31E8 move              0 unsupported        122 runtime   0.02%  d16(A0) -> abs.W
  24D8 move              0 unsupported        118 runtime   0.02%  (A0)+ -> (A2)+
  4C98 multi             0 unsupported        114 runtime   0.02%  EA=(A0)+
  3F29 move              0 unsupported        102 runtime   0.02%  d16(A1) -> -(A7)
  4CDE multi             0 unsupported        101 runtime   0.01%  EA=(A6)+
  4258 alu               0 unsupported         97 runtime   0.01%
  0092 alu               0 unsupported         96 runtime   0.01%
  5251 alu               0 unsupported         91 runtime   0.01%
  E16F shift             0 unsupported         89 runtime   0.01%
  2230 move              0 unsupported         83 runtime   0.01%  idx(A0) -> D1
  22E8 move              0 unsupported         82 runtime   0.01%  d16(A0) -> (A1)+

[jit] bounded shift versions — 6 sites, 63 live, 0 saturated
  E0A9          0 unsupported          0 runtime           0 cap-interp          0 count>31
  E2AB          0 unsupported          0 runtime           0 cap-interp          0 count>31
  E4A4          0 unsupported          0 runtime           0 cap-interp          0 count>31
  E2AA          0 unsupported          0 runtime           0 cap-interp          0 count>31

[jit] runtime fallback causes
  fill/tag MMU           254555   38.13%  22D8:101734  2378:43576  2D51:24028  2F2D:22927  2F70:20764  4EB0:16289  22AE:7021  5368:4214
  non-plain/MMIO         140203   21.00%  24D0:120539  14D0:16387  169A:3247  16AC:30
  codeMask               271418   40.66%  22D8:209632  4250:27026  276E:26746  2D1F:1582  48E6:1219  4269:1108  50E9:867  5368:800
  cross-page               1048    0.16%  48E7:357  4CDF:297  4CEE:59  6100:54  22D8:47  20D9:35  6130:32  2F38:23
  other guard               357    0.05%  E0AC:238  E16F:89  E538:23  E0AB:7
  attributed             667581 /       667581 runtime  exact

[jit] exact non-plain/MMIO addresses — 140203 / 140203 exact
  op=24D0 R addr=$50F06060 page=$50F06 slice=0 mask=$0000 bytes=4        120539
  op=14D0 R addr=$50F06060 page=$50F06 slice=0 mask=$0000 bytes=1         16387
  op=169A W addr=$50F10000 page=$50F10 slice=0 mask=$0000 bytes=1          3247
  op=16AC W addr=$50F10000 page=$50F10 slice=0 mask=$0000 bytes=1            30

[jit] exact codeMask addresses — 271418 / 271418 exact
  op=4250 W addr=$000AF278 page=$000AF slice=2 mask=$9A7C bytes=2         27026
  op=22D8 W addr=$00928440 page=$00928 slice=4 mask=$F830 bytes=4         26969
  op=22D8 W addr=$0092843C page=$00928 slice=4 mask=$F830 bytes=4         26968
  op=22D8 W addr=$00928438 page=$00928 slice=4 mask=$F830 bytes=4         26968
  op=22D8 W addr=$00928434 page=$00928 slice=4 mask=$F830 bytes=4         26967
  op=22D8 W addr=$00928430 page=$00928 slice=4 mask=$F830 bytes=4         26967
  op=22D8 W addr=$0092842C page=$00928 slice=4 mask=$F830 bytes=4         26967
  op=22D8 W addr=$00928428 page=$00928 slice=4 mask=$F830 bytes=4         26956
  op=276E W addr=$00003DFE page=$00003 slice=D mask=$3001 bytes=4         26704
  op=22D8 W addr=$00928424 page=$00928 slice=4 mask=$F830 bytes=4          8784
  op=4269 W addr=$0000E90A page=$0000E slice=9 mask=$0600 bytes=2          1108
  op=50E9 W addr=$0000E90A page=$0000E slice=9 mask=$0600 bytes=1           867
  op=5368 W addr=$0000C1AE page=$0000C slice=1 mask=$5FF2 bytes=2           677
  op=2D1F W addr=$00015850 page=$00015 slice=8 mask=$0300 bytes=4           509
  op=2D1F W addr=$00015818 page=$00015 slice=8 mask=$0300 bytes=4           427
  op=4210 W addr=$0003C520 page=$0003C slice=5 mask=$63FD bytes=1           337
  op=5351 W addr=$0003C544 page=$0003C slice=5 mask=$63FD bytes=2           335
  op=08D0 W addr=$0003C520 page=$0003C slice=5 mask=$63FD bytes=1           334
  op=536B W addr=$009ECD90 page=$009EC slice=D mask=$2AC0 bytes=2           287
  op=48E6 W addr=$00015854 page=$00015 slice=8 mask=$0300 bytes=16           186
  op=2D1F W addr=$0001584C page=$00015 slice=8 mask=$0300 bytes=4           169
  op=48E6 W addr=$000157E4 page=$00015 slice=7 mask=$0300 bytes=52           168
  op=48E6 W addr=$0001581C page=$00015 slice=8 mask=$0300 bytes=48           152
  op=2D1F W addr=$00015824 page=$00015 slice=8 mask=$0300 bytes=4           128
  op=5368 W addr=$0000C1AE page=$0000C slice=1 mask=$1FF2 bytes=2           119
  op=2D1F W addr=$00015860 page=$00015 slice=8 mask=$0300 bytes=4            96
  op=5251 W addr=$0003C544 page=$0003C slice=5 mask=$63FD bytes=2            90
  op=48E6 W addr=$0001584C page=$00015 slice=8 mask=$0300 bytes=8            72
  op=2D1F W addr=$00015828 page=$00015 slice=8 mask=$0300 bytes=4            71
  op=48E6 W addr=$00015804 page=$00015 slice=8 mask=$0300 bytes=36            71
  op=0092 W addr=$000B67B4 page=$000B6 slice=7 mask=$60FF bytes=4            66
  op=48E6 W addr=$000157F8 page=$00015 slice=7 mask=$0300 bytes=12            60
  op=48E6 W addr=$000157F4 page=$00015 slice=7 mask=$0300 bytes=48            58
  op=22D8 W addr=$00015840 page=$00015 slice=8 mask=$0300 bytes=4            52
  op=22D8 W addr=$00015844 page=$00015 slice=8 mask=$0300 bytes=4            52
  op=2D1F W addr=$00015840 page=$00015 slice=8 mask=$0300 bytes=4            51
  op=22D8 W addr=$0001583C page=$00015 slice=8 mask=$0300 bytes=4            51
  op=276E W addr=$00003DFE page=$00003 slice=D mask=$2001 bytes=4            42
  op=48E6 W addr=$00015844 page=$00015 slice=8 mask=$0300 bytes=24            36
  op=48E6 W addr=$0001580C page=$00015 slice=8 mask=$0300 bytes=52            36
  op=48E6 W addr=$00015838 page=$00015 slice=8 mask=$0300 bytes=12            36
  op=48E6 W addr=$00015828 page=$00015 slice=8 mask=$0300 bytes=52            35
  op=48E6 W addr=$0001581C page=$00015 slice=8 mask=$0300 bytes=8            35
  op=48E6 W addr=$000157F0 page=$00015 slice=7 mask=$0300 bytes=52            35
  op=2D1F W addr=$00015836 page=$00015 slice=8 mask=$0300 bytes=4            34
  op=48E6 W addr=$00015826 page=$00015 slice=8 mask=$0300 bytes=16            34
  op=48E6 W addr=$000157F4 page=$00015 slice=7 mask=$0300 bytes=36            33
  op=22D8 W addr=$00015848 page=$00015 slice=8 mask=$0300 bytes=4            29
  op=48E6 W addr=$000157F4 page=$00015 slice=7 mask=$0300 bytes=32            28
  op=526B W addr=$009ECDB0 page=$009EC slice=D mask=$2AC0 bytes=2            27
  op=08D1 W addr=$007AD85C page=$007AD slice=8 mask=$FF00 bytes=1            26
  op=0891 W addr=$007AD85C page=$007AD slice=8 mask=$FF00 bytes=1            26
  op=526B W addr=$009ECDE0 page=$009EC slice=D mask=$2AC0 bytes=2            24
  op=2D1F W addr=$0001585C page=$00015 slice=8 mask=$0300 bytes=4            20
  op=08D1 W addr=$0001456C page=$00014 slice=5 mask=$1FE0 bytes=1            20
  op=0891 W addr=$0001456C page=$00014 slice=5 mask=$1FE0 bytes=1            20
  op=3338 W addr=$00972B2A page=$00972 slice=B mask=$0C00 bytes=2            19
  op=32D8 W addr=$00015848 page=$00015 slice=8 mask=$0300 bytes=2            19
  op=12D8 W addr=$0001584A page=$00015 slice=8 mask=$0300 bytes=1            19
  op=2338 W addr=$00972B2C page=$00972 slice=B mask=$0C00 bytes=4            19

[jit] exact cross-page addresses — 1048 / 1048 exact
  op=6100 W addr=$00920FFE page=$00920 off=$FFE bytes=4            54
  op=48E7 W addr=$00920FEA page=$00920 off=$FEA bytes=24            50
  op=4CEE R addr=$00920FEA page=$00920 off=$FEA bytes=24            37
  op=20D9 W addr=$007BAFFE page=$007BA off=$FFE bytes=4            35
  op=6130 W addr=$00920FFE page=$00920 off=$FFE bytes=4            32
  op=48E7 W addr=$00920FF2 page=$00920 off=$FF2 bytes=40            24
  op=48E7 W addr=$00920FFE page=$00920 off=$FFE bytes=24            24
  op=4CDF R addr=$00920FF2 page=$00920 off=$FF2 bytes=40            23
  op=2F38 W addr=$00920FFE page=$00920 off=$FFE bytes=4            23
  op=6118 W addr=$00920FFE page=$00920 off=$FFE bytes=4            21
  op=6124 W addr=$00920FFE page=$00920 off=$FFE bytes=4            21
  op=4CDF R addr=$00920FF2 page=$00920 off=$FF2 bytes=16            21
  op=4CDF R addr=$00920FEE page=$00920 off=$FEE bytes=20            20
  op=48E7 W addr=$00920FF2 page=$00920 off=$FF2 bytes=16            20
  op=48E7 W addr=$00920FEE page=$00920 off=$FEE bytes=20            20
  op=48E7 W addr=$00920FDC page=$00920 off=$FDC bytes=40            18
  op=4CDF R addr=$00920FDC page=$00920 off=$FDC bytes=40            18
  op=4CDF R addr=$00920FFE page=$00920 off=$FFE bytes=24            18
  op=4EAD W addr=$009D7FFE page=$009D7 off=$FFE bytes=4            17
  op=4CDF R addr=$00920FE6 page=$00920 off=$FE6 bytes=40            15
  op=4CDF R addr=$00920FFE page=$00920 off=$FFE bytes=8            15
  op=48E7 W addr=$00920FFE page=$00920 off=$FFE bytes=8            14
  op=48E7 W addr=$00920FE6 page=$00920 off=$FE6 bytes=40            14
  op=2F70 W addr=$00920FFE page=$00920 off=$FFE bytes=4            13
  op=48E7 W addr=$00920FFA page=$00920 off=$FFA bytes=20            13
  op=4CDF R addr=$00920FFA page=$00920 off=$FFA bytes=20            13
  op=2F2D W addr=$00920FFE page=$00920 off=$FFE bytes=4            13
  op=4CDF R addr=$00920FFE page=$00920 off=$FFE bytes=16            13
  op=48E7 W addr=$00920FFE page=$00920 off=$FFE bytes=16            13
  op=4CDF R addr=$009D7FF6 page=$009D7 off=$FF6 bytes=44            11
  op=4CDF R addr=$00920FF8 page=$00920 off=$FF8 bytes=28             9
  op=48E7 W addr=$00920FF8 page=$00920 off=$FF8 bytes=28             9
  op=4CDF R addr=$00920FF2 page=$00920 off=$FF2 bytes=20             8
  op=48E7 W addr=$00920FFC page=$00920 off=$FFC bytes=8             8
  op=22D8 R addr=$007BAFFE page=$007BA off=$FFE bytes=4             8
  op=6162 W addr=$00920FFE page=$00920 off=$FFE bytes=4             7
  op=48E7 W addr=$00920FF8 page=$00920 off=$FF8 bytes=40             7
  op=4CDF R addr=$00920FF6 page=$00920 off=$FF6 bytes=16             7
  op=4CDF R addr=$00920FFC page=$00920 off=$FFC bytes=8             7
  op=4EBA W addr=$00920FFE page=$00920 off=$FFE bytes=4             7
  op=48E7 W addr=$00920FF2 page=$00920 off=$FF2 bytes=20             7
  op=48E7 W addr=$00920FEC page=$00920 off=$FEC bytes=24             6
  op=4CDF R addr=$00920FF8 page=$00920 off=$FF8 bytes=40             6
  op=48E7 W addr=$00920FF0 page=$00920 off=$FF0 bytes=24             6
  op=48E7 W addr=$00920FE0 page=$00920 off=$FE0 bytes=40             5
  op=4EB0 W addr=$00920FFE page=$00920 off=$FFE bytes=4             5
  op=48E7 W addr=$00920FF4 page=$00920 off=$FF4 bytes=16             5
  op=4CDF R addr=$00920FF4 page=$00920 off=$FF4 bytes=16             5
  op=2F14 W addr=$00920FFE page=$00920 off=$FFE bytes=4             5
  op=4CDF R addr=$00920FDE page=$00920 off=$FDE bytes=40             5
  op=48E7 W addr=$00920FDE page=$00920 off=$FDE bytes=40             5
  op=22D8 W addr=$007BAFFE page=$007BA off=$FFE bytes=4             5
  op=48E7 W addr=$00920FFE page=$00920 off=$FFE bytes=20             4
  op=2F2E W addr=$00920FFE page=$00920 off=$FFE bytes=4             4
  op=4CDF R addr=$00920FFA page=$00920 off=$FFA bytes=12             4
  op=48E7 W addr=$00920FF4 page=$00920 off=$FF4 bytes=24             4
  op=4CDF R addr=$00920FE0 page=$00920 off=$FE0 bytes=40             4
  op=4CDF R addr=$00920FF6 page=$00920 off=$FF6 bytes=24             4
  op=4CEE R addr=$00920FEC page=$00920 off=$FEC bytes=24             4
  op=4CEE R addr=$00920FFE page=$00920 off=$FFE bytes=24             4

[jit] exact other-runtime-access addresses — 357 / 357 exact
  op=E0AC R addr=$00000000 page=$00000 slice=0 mask=$0000 bytes=0           238
  op=E16F R addr=$00000000 page=$00000 slice=0 mask=$0000 bytes=0            89
  op=E538 R addr=$00000000 page=$00000 slice=0 mask=$0000 bytes=0            23
  op=E0AB R addr=$00000000 page=$00000 slice=0 mask=$0000 bytes=0             7

[jit] fallback addressing — MOVE source
  (An)+               0 unsupported       316828 runtime
  (An)              252 unsupported       161585 runtime
  d16(An)           252 unsupported        62764 runtime
  abs.W               0 unsupported        44777 runtime
  idx(An)           586 unsupported        21247 runtime
  Dn                  1 unsupported           79 runtime
  d16(PC)             0 unsupported           51 runtime
  -(An)               5 unsupported           10 runtime
  An                  0 unsupported            9 runtime

[jit] fallback addressing — MOVE destination
  (An)+               0 unsupported       449492 runtime
  d16(An)             5 unsupported       117385 runtime
  -(An)             518 unsupported        29270 runtime
  (An)               69 unsupported        10646 runtime
  Dn                504 unsupported          151 runtime
  abs.W               0 unsupported          316 runtime
  An                  0 unsupported           87 runtime
  idx(An)             0 unsupported            3 runtime

[jit] fallback addressing — MOVEM operand
  -(An)               0 unsupported         1914 runtime
  (An)+               0 unsupported          595 runtime
  d16(An)             0 unsupported           62 runtime

[jit] indexed-mode fallbacks by extension form — 38140 attributed (of 677070 total fallbacks)
  brief (d8,An/PC,Xn)          136    0.4%
  full 68020 format          16526   43.3%
  mixed (both seen)          21478   56.3%
  compiled slots: 429 brief, 184 full (cumulative over the run, not per phase)
  brief share if mixed is apportioned by slot ratio:  19.1%  (ESTIMATE)

[jit] fallback addressing — top MOVE source -> destination pairs
  (An)+    -> (An)+               0 unsupported       311900 runtime
  (An)     -> (An)+               0 unsupported       137231 runtime
  abs.W    -> d16(An)             0 unsupported        44076 runtime
  d16(An)  -> d16(An)             0 unsupported        28202 runtime
  d16(An)  -> -(An)               0 unsupported        26809 runtime
  (An)     -> d16(An)             0 unsupported        24288 runtime
  idx(An)  -> d16(An)             0 unsupported        20778 runtime
  d16(An)  -> (An)                0 unsupported         7382 runtime
  (An)+    -> (An)                0 unsupported         3261 runtime
  (An)+    -> -(An)               0 unsupported         1653 runtime
  abs.W    -> -(An)               0 unsupported          684 runtime
  idx(An)  -> -(An)             518 unsupported           99 runtime
  (An)     -> Dn                252 unsupported            0 runtime
  d16(An)  -> Dn                252 unsupported            0 runtime
  d16(An)  -> abs.W               0 unsupported          243 runtime
  idx(An)  -> Dn                  0 unsupported          151 runtime
  idx(An)  -> (An)+               0 unsupported          131 runtime
  d16(An)  -> (An)+               0 unsupported          128 runtime
  idx(An)  -> An                  0 unsupported           87 runtime
  Dn       -> (An)+               0 unsupported           79 runtime
  idx(An)  -> (An)               68 unsupported            1 runtime
  (An)     -> abs.W               0 unsupported           58 runtime
  d16(PC)  -> d16(An)             0 unsupported           31 runtime
  d16(PC)  -> -(An)               0 unsupported           20 runtime

[jit] ════ census phase 'ready' ════
[jit] dispatch cache: 46244478 hits, 273340 gen-miss, 3228268 miss
[jit] flushes: wrapper hint/reset=1 translation moved=17805 write into code=11 deferred=0 code cache full=0  blocks live=30748, cold-evicted=0

[jit] opcode census — 2294461 instructions, 4621 distinct
  move           608728   26.5%
  alu            767022   33.4%
  shift           46052    2.0%
  bitop            9455    0.4%
  muldiv           1077    0.0%
  addr            64469    2.8%
  multi           46227    2.0%
  cond             2637    0.1%
  branch         732808   31.9%
  UNSAFE          15986    0.7%
  native        2272540   99.0%  (backend 'aarch64')
  ── top 60 opcodes ──
  6EFA branch *     126271   5.50%  cum   5.5%
  B0B8 alu    *     124669   5.43%  cum  10.9%
  4E75 branch *      51614   2.25%  cum  13.2%
  B041 alu    *      30076   1.31%  cum  14.5%
  504A alu    *      26122   1.14%  cum  15.6%
  57CC branch *      25855   1.13%  cum  16.8%
  B3DA alu    *      25682   1.12%  cum  17.9%
  3018 move   *      25238   1.10%  cum  19.0%
  3219 move   *      20844   0.91%  cum  19.9%
  51C9 branch *      20672   0.90%  cum  20.8%
  4E56 addr   *      20532   0.89%  cum  21.7%
  7000 move   *      19948   0.87%  cum  22.6%
  67F2 branch *      19075   0.83%  cum  23.4%
  48E7 multi  *      18163   0.79%  cum  24.2%
  0C40 alu    *      17981   0.78%  cum  25.0%
  4EBA branch *      16743   0.73%  cum  25.7%
  51C8 branch *      15515   0.68%  cum  26.4%
  670A branch *      14589   0.64%  cum  27.0%
  6702 branch *      14279   0.62%  cum  27.6%
  6706 branch *      13265   0.58%  cum  28.2%
  E9D4 shift  *      12619   0.55%  cum  28.8%
  C086 alu    *      12490   0.54%  cum  29.3%
  4E5E addr   *      12004   0.52%  cum  29.8%
  C084 alu    *      11764   0.51%  cum  30.3%
  67F4 branch *      10897   0.47%  cum  30.8%
  51CB branch *      10704   0.47%  cum  31.3%
  12D8 move   *      10239   0.45%  cum  31.7%
  6D18 branch *       9984   0.44%  cum  32.2%
  206E move   *       9888   0.43%  cum  32.6%
  2F2E move   *       9732   0.42%  cum  33.0%
  6604 branch *       9634   0.42%  cum  33.4%
  8195 alu    *       9557   0.42%  cum  33.8%
  51CF branch *       9222   0.40%  cum  34.3%
  6000 branch *       9116   0.40%  cum  34.6%
  4A11 alu    *       8947   0.39%  cum  35.0%
  34FC move   *       8812   0.38%  cum  35.4%
  6D06 branch *       8755   0.38%  cum  35.8%
  203C move   *       8595   0.37%  cum  36.2%
  202E move   *       8583   0.37%  cum  36.6%
  6606 branch *       8546   0.37%  cum  36.9%
  DBCB alu    *       8387   0.37%  cum  37.3%
  D9CA alu    *       8387   0.37%  cum  37.7%
  5381 alu    *       8375   0.37%  cum  38.0%
  6100 branch *       8189   0.36%  cum  38.4%
  C0B8 alu    *       8054   0.35%  cum  38.7%
  2AC6 move   *       8036   0.35%  cum  39.1%
  CC47 alu    *       7933   0.35%  cum  39.4%
  B7CA alu    *       7770   0.34%  cum  39.8%
  4A13 alu    *       7709   0.34%  cum  40.1%
  642A branch *       7411   0.32%  cum  40.4%
  2013 move   *       7379   0.32%  cum  40.7%
  2050 move   *       7351   0.32%  cum  41.1%
  6E22 branch *       7285   0.32%  cum  41.4%
  D7C0 alu    *       7239   0.32%  cum  41.7%
  34C0 move   *       7184   0.31%  cum  42.0%
  60EC branch *       7178   0.31%  cum  42.3%
  6704 branch *       7047   0.31%  cum  42.6%
  2040 move   *       6806   0.30%  cum  42.9%
  48C0 multi  *       6793   0.30%  cum  43.2%
  246E move   *       6710   0.29%  cum  43.5%

[jit] block fallback census — 5995 unsupported + 127169 runtime guard/access = 133164
  24D0 move              0 unsupported      27053 runtime  20.32%  (A0) -> (A2)+
  22D8 move              0 unsupported      25769 runtime  19.35%  (A0)+ -> (A1)+
  2378 move              0 unsupported      15635 runtime  11.74%  abs.W -> d16(A1)
  4250 alu               0 unsupported      11856 runtime   8.90%
  276E move              0 unsupported      11603 runtime   8.71%  d16(A6) -> d16(A3)
  2F2D move              0 unsupported       4330 runtime   3.25%  d16(A5) -> -(A7)
  C029 alu            3946 unsupported          0 runtime   2.96%
  5368 alu               0 unsupported       3185 runtime   2.39%
  2D51 move              0 unsupported       2817 runtime   2.12%  (A1) -> d16(A6)
  14D0 move              0 unsupported       2734 runtime   2.05%  (A0) -> (A2)+
  2F70 move              0 unsupported       2634 runtime   1.98%  idx(A0) -> d16(A7)
  526C alu               0 unsupported       2621 runtime   1.97%
  B189 alu               0 unsupported       2357 runtime   1.77%
  4EB0 branch            0 unsupported       1688 runtime   1.27%
  169A move              0 unsupported        942 runtime   0.71%  (A2)+ -> (A3)
  22AE move              0 unsupported        704 runtime   0.53%  d16(A6) -> (A1)
  48E7 multi             0 unsupported        679 runtime   0.51%  EA=-(A7)
  20D9 move              0 unsupported        628 runtime   0.47%  (A1)+ -> (A0)+
  48E6 multi             0 unsupported        543 runtime   0.41%  EA=-(A6)
  2D1F move              0 unsupported        459 runtime   0.34%  (A7)+ -> -(A6)
  4CEE multi             0 unsupported        449 runtime   0.34%  EA=d16(A6)
  50E9 cond              0 unsupported        449 runtime   0.34%
  24D8 move              0 unsupported        410 runtime   0.31%  (A0)+ -> (A2)+
  4269 alu               0 unsupported        398 runtime   0.30%
  4CDF multi             0 unsupported        377 runtime   0.28%  EA=(A7)+
  E290 shift           355 unsupported          0 runtime   0.27%
  2D54 move              0 unsupported        341 runtime   0.26%  (A4) -> d16(A6)
  E4AD shift           339 unsupported          0 runtime   0.25%
  E0AC shift             0 unsupported        338 runtime   0.25%
  9611 alu             319 unsupported          0 runtime   0.24%
  4C98 multi             0 unsupported        302 runtime   0.23%  EA=(A0)+
  2F2A move              0 unsupported        289 runtime   0.22%  d16(A2) -> -(A7)
  2F29 move              0 unsupported        269 runtime   0.20%  d16(A1) -> -(A7)
  C229 alu             247 unsupported          0 runtime   0.19%
  1411 move            247 unsupported          0 runtime   0.19%  (A1) -> D2
  1229 move            247 unsupported          0 runtime   0.19%  d16(A1) -> D1
  0891 bitop            57 unsupported        182 runtime   0.18%
  3151 move              0 unsupported        234 runtime   0.18%  (A1) -> d16(A0)
  08E8 bitop             0 unsupported        230 runtime   0.17%
  2230 move              0 unsupported        208 runtime   0.16%  idx(A0) -> D1
  2C36 move              0 unsupported        203 runtime   0.15%  idx(A6) -> D6
  5268 alu               0 unsupported        188 runtime   0.14%
  2F38 move              0 unsupported        176 runtime   0.13%  abs.W -> -(A7)
  08D1 bitop            74 unsupported         89 runtime   0.12%
  4210 alu               0 unsupported        162 runtime   0.12%
  E16F shift             0 unsupported        158 runtime   0.12%
  21ED move              0 unsupported        145 runtime   0.11%  d16(A5) -> abs.W
  4E56 addr              0 unsupported        145 runtime   0.11%
  E538 shift             0 unsupported        143 runtime   0.11%
  B388 alu               0 unsupported        143 runtime   0.11%
  22E8 move              0 unsupported        128 runtime   0.10%  d16(A0) -> (A1)+
  2950 move              0 unsupported        117 runtime   0.09%  (A0) -> d16(A4)
  6100 branch            0 unsupported        115 runtime   0.09%
  08F8 bitop             0 unsupported        110 runtime   0.08%
  0811 bitop           106 unsupported          0 runtime   0.08%
  3F29 move              0 unsupported        104 runtime   0.08%  d16(A1) -> -(A7)
  16AC move              0 unsupported         98 runtime   0.07%  d16(A4) -> (A3)
  08D0 bitop             0 unsupported         97 runtime   0.07%
  5351 alu               0 unsupported         97 runtime   0.07%
  2070 move              0 unsupported         88 runtime   0.07%  idx(A0) -> A0

[jit] bounded shift versions — 6 sites, 107 live, 1 saturated
  E0A9          0 unsupported          0 runtime           0 cap-interp          0 count>31
  E2AB          0 unsupported          0 runtime           0 cap-interp          0 count>31
  E4A4          0 unsupported          0 runtime           0 cap-interp          0 count>31
  E2AA          0 unsupported          0 runtime           0 cap-interp          0 count>31

[jit] runtime fallback causes
  fill/tag MMU            52773   41.50%  2378:15635  22D8:14436  2F2D:4330  2D51:2817  2F70:2631  B189:2357  5368:2086  4EB0:1688
  non-plain/MMIO          30659   24.11%  24D0:26974  14D0:2728  169A:942  16AC:9  109A:6
  codeMask                41153   32.36%  4250:11856  276E:11603  22D8:11274  526C:2525  5368:1099  50E9:449  2D1F:428  4269:398
  cross-page               1922    1.51%  48E7:597  4CEE:415  4CDF:313  20D9:102  4E56:84  6100:63  22D8:59  2F38:47
  other guard               662    0.52%  E0AC:338  E16F:158  E538:143  E0AB:21  E0AE:2
  attributed             127169 /       127169 runtime  exact

[jit] exact non-plain/MMIO addresses — 30659 / 30659 exact
  op=24D0 R addr=$50F06060 page=$50F06 slice=0 mask=$0000 bytes=4         26974
  op=14D0 R addr=$50F06060 page=$50F06 slice=0 mask=$0000 bytes=1          2728
  op=169A W addr=$50F10000 page=$50F10 slice=0 mask=$0000 bytes=1           942
  op=16AC W addr=$50F10000 page=$50F10 slice=0 mask=$0000 bytes=1             9
  op=109A W addr=$50F06000 page=$50F06 slice=0 mask=$0000 bytes=1             6

[jit] exact codeMask addresses — 41153 / 41153 exact
  op=4250 W addr=$000AF278 page=$000AF slice=2 mask=$9A7C bytes=2         11673
  op=276E W addr=$00003DFE page=$00003 slice=D mask=$3001 bytes=4         11603
  op=526C W addr=$009287C6 page=$00928 slice=7 mask=$F8B0 bytes=2          2525
  op=5368 W addr=$0000C1AE page=$0000C slice=1 mask=$5FF2 bytes=2          1083
  op=50E9 W addr=$0000E90A page=$0000E slice=9 mask=$0600 bytes=1           449
  op=4269 W addr=$0000E90A page=$0000E slice=9 mask=$0600 bytes=2           398
  op=4250 W addr=$00928744 page=$00928 slice=7 mask=$F8B0 bytes=2           183
  op=5268 W addr=$00928786 page=$00928 slice=7 mask=$F8B0 bytes=2           172
  op=2D1F W addr=$00015858 page=$00015 slice=8 mask=$0300 bytes=4           108
  op=48E6 W addr=$00015848 page=$00015 slice=8 mask=$0300 bytes=16           108
  op=2D1F W addr=$00015850 page=$00015 slice=8 mask=$0300 bytes=4           106
  op=4210 W addr=$0003C520 page=$0003C slice=5 mask=$63FD bytes=1            98
  op=5351 W addr=$0003C544 page=$0003C slice=5 mask=$63FD bytes=2            97
  op=08D0 W addr=$0003C520 page=$0003C slice=5 mask=$63FD bytes=1            97
  op=2D1F W addr=$00015818 page=$00015 slice=8 mask=$0300 bytes=4            86
  op=536B W addr=$009ECD90 page=$009EC slice=D mask=$2AC0 bytes=2            64
  op=22AE W addr=$0000C12C page=$0000C slice=1 mask=$5FF2 bytes=4            41
  op=48E6 W addr=$00015854 page=$00015 slice=8 mask=$0300 bytes=16            38
  op=48E6 W addr=$0001584C page=$00015 slice=8 mask=$0300 bytes=8            36
  op=5251 W addr=$0003C544 page=$0003C slice=5 mask=$63FD bytes=2            35
  op=48E6 W addr=$000157E4 page=$00015 slice=7 mask=$0300 bytes=52            34
  op=2D1F W addr=$0001584C page=$00015 slice=8 mask=$0300 bytes=4            31
  op=48E6 W addr=$0001581C page=$00015 slice=8 mask=$0300 bytes=48            30
  op=22D8 W addr=$00015840 page=$00015 slice=8 mask=$0300 bytes=4            26
  op=22D8 W addr=$00015844 page=$00015 slice=8 mask=$0300 bytes=4            26
  op=526B W addr=$009ECDE0 page=$009EC slice=D mask=$2AC0 bytes=2            24
  op=08D1 W addr=$0001456C page=$00014 slice=5 mask=$1FE0 bytes=1            23
  op=22D8 W addr=$00928440 page=$00928 slice=4 mask=$F830 bytes=4            23
  op=0891 W addr=$0001456C page=$00014 slice=5 mask=$1FE0 bytes=1            23
  op=22D8 W addr=$0092843C page=$00928 slice=4 mask=$F830 bytes=4            23
  op=22D8 W addr=$00928438 page=$00928 slice=4 mask=$F830 bytes=4            23
  op=22D8 W addr=$00928434 page=$00928 slice=4 mask=$F830 bytes=4            23
  op=22D8 W addr=$00928428 page=$00928 slice=4 mask=$F830 bytes=4            23
  op=22D8 W addr=$00928430 page=$00928 slice=4 mask=$F830 bytes=4            23
  op=22D8 W addr=$0092842C page=$00928 slice=4 mask=$F830 bytes=4            23
  op=22D8 W addr=$0001583C page=$00015 slice=8 mask=$0300 bytes=4            22
  op=2D1F W addr=$00015860 page=$00015 slice=8 mask=$0300 bytes=4            22
  op=48E6 W addr=$0001585C page=$00015 slice=8 mask=$0300 bytes=8            18
  op=0891 W addr=$00013D08 page=$00013 slice=D mask=$603E bytes=1            16
  op=32D8 W addr=$00015848 page=$00015 slice=8 mask=$0300 bytes=2            16
  op=12D8 W addr=$0001584A page=$00015 slice=8 mask=$0300 bytes=1            16
  op=2D1F W addr=$00015836 page=$00015 slice=8 mask=$0300 bytes=4            16
  op=48E6 W addr=$00015826 page=$00015 slice=8 mask=$0300 bytes=16            16
  op=22D8 W addr=$000A98A4 page=$000A9 slice=8 mask=$3DFF bytes=4            15
  op=22D8 W addr=$000A98A0 page=$000A9 slice=8 mask=$3DFF bytes=4            15
  op=22D8 W addr=$000A989C page=$000A9 slice=8 mask=$3DFF bytes=4            14
  op=22D8 W addr=$000A98D0 page=$000A9 slice=8 mask=$3DFF bytes=4            13
  op=22D8 W addr=$000A98C8 page=$000A9 slice=8 mask=$3DFF bytes=4            13
  op=22D8 W addr=$000A98C0 page=$000A9 slice=8 mask=$3DFF bytes=4            13
  op=22D8 W addr=$000A98BC page=$000A9 slice=8 mask=$3DFF bytes=4            13
  op=22D8 W addr=$000A98B8 page=$000A9 slice=8 mask=$3DFF bytes=4            13
  op=22D8 W addr=$000A98B4 page=$000A9 slice=8 mask=$3DFF bytes=4            13
  op=22D8 W addr=$000A98B0 page=$000A9 slice=8 mask=$3DFF bytes=4            13
  op=22D8 W addr=$000A98AC page=$000A9 slice=8 mask=$3DFF bytes=4            13
  op=22D8 W addr=$000A98A8 page=$000A9 slice=8 mask=$3DFF bytes=4            13
  op=22D8 W addr=$000A98CC page=$000A9 slice=8 mask=$3DFF bytes=4            12
  op=22D8 W addr=$000A98C4 page=$000A9 slice=8 mask=$3DFF bytes=4            12
  op=0891 W addr=$0000C12C page=$0000C slice=1 mask=$5FF2 bytes=1            12
  op=22D8 W addr=$000A98D4 page=$000A9 slice=8 mask=$3DFF bytes=4            12
  op=22D8 W addr=$000A98D8 page=$000A9 slice=8 mask=$3DFF bytes=4            12

[jit] exact cross-page addresses — 1922 / 1922 exact
  op=48E7 W addr=$00920FFC page=$00920 off=$FFC bytes=8           190
  op=4CEE R addr=$00920FFC page=$00920 off=$FFC bytes=8           190
  op=4CDF R addr=$00920FEC page=$00920 off=$FEC bytes=36           137
  op=20D9 W addr=$007BAFFE page=$007BA off=$FFE bytes=4           102
  op=4E56 W addr=$009D7FFE page=$009D7 off=$FFE bytes=4            80
  op=48E7 W addr=$00920FEC page=$00920 off=$FEC bytes=36            64
  op=4CEE R addr=$009D7FF6 page=$009D7 off=$FF6 bytes=12            56
  op=48E7 W addr=$009D7FF6 page=$009D7 off=$FF6 bytes=12            56
  op=48E7 W addr=$009D7FFA page=$009D7 off=$FFA bytes=8            55
  op=4CDF R addr=$009D7FFA page=$009D7 off=$FFA bytes=8            50
  op=6100 W addr=$009D7FFE page=$009D7 off=$FFE bytes=4            48
  op=2F38 W addr=$009D7FFE page=$009D7 off=$FFE bytes=4            47
  op=4CDF R addr=$009D7FFE page=$009D7 off=$FFE bytes=20            41
  op=4CEE R addr=$009D7FF2 page=$009D7 off=$FF2 bytes=20            41
  op=48E7 W addr=$009D7FFE page=$009D7 off=$FFE bytes=20            36
  op=58AC W addr=$009D7FFE page=$009D7 off=$FFE bytes=4            35
  op=4EBA W addr=$009D7FFE page=$009D7 off=$FFE bytes=4            34
  op=22D8 W addr=$007BAFFE page=$007BA off=$FFE bytes=4            33
  op=48E7 W addr=$009D7FF6 page=$009D7 off=$FF6 bytes=16            31
  op=4CEE R addr=$009D7FFE page=$009D7 off=$FFE bytes=8            27
  op=48E7 W addr=$009D7FF2 page=$009D7 off=$FF2 bytes=20            23
  op=48E7 W addr=$009D7FFA page=$009D7 off=$FFA bytes=12            22
  op=4CEE R addr=$009D7FF6 page=$009D7 off=$FF6 bytes=16            22
  op=4CEE R addr=$009D7FFA page=$009D7 off=$FFA bytes=12            18
  op=22D8 R addr=$007BAFFE page=$007BA off=$FFE bytes=4            18
  op=4CEE R addr=$009D7FFC page=$009D7 off=$FFC bytes=12            17
  op=4CDF R addr=$009D7FF4 page=$009D7 off=$FF4 bytes=28            16
  op=4870 W addr=$009D7FFE page=$009D7 off=$FFE bytes=4            16
  op=4CDF R addr=$009D7FFC page=$009D7 off=$FFC bytes=20            16
  op=22DF R addr=$009D7FFE page=$009D7 off=$FFE bytes=4            16
  op=48E7 W addr=$009D7FFC page=$009D7 off=$FFC bytes=20            16
  op=487A W addr=$009D7FFE page=$009D7 off=$FFE bytes=4            16
  op=2F11 W addr=$009D7FFE page=$009D7 off=$FFE bytes=4            16
  op=48E7 W addr=$009D7FF4 page=$009D7 off=$FF4 bytes=28            16
  op=6100 W addr=$00920FFE page=$00920 off=$FFE bytes=4            15
  op=48E7 W addr=$009D7FFC page=$009D7 off=$FFC bytes=8            15
  op=4CEE R addr=$009D7FFC page=$009D7 off=$FFC bytes=8            15
  op=2F50 W addr=$009D7FFE page=$009D7 off=$FFE bytes=4            14
  op=4E91 W addr=$009D7FFE page=$009D7 off=$FFE bytes=4            14
  op=4CEE R addr=$009D7FFA page=$009D7 off=$FFA bytes=8            14
  op=48E7 W addr=$009D7FFE page=$009D7 off=$FFE bytes=8            14
  op=2F20 R addr=$009D7FFE page=$009D7 off=$FFE bytes=4            13
  op=2F20 W addr=$009D7FFE page=$009D7 off=$FFE bytes=4            12
  op=48E7 W addr=$009D7FF4 page=$009D7 off=$FF4 bytes=16            12
  op=4E90 W addr=$00920FFE page=$00920 off=$FFE bytes=4            11
  op=4CDF R addr=$009D7FF6 page=$009D7 off=$FF6 bytes=28             8
  op=2F2E R addr=$00920FFE page=$00920 off=$FFE bytes=4             8
  op=48E7 W addr=$009D7FF6 page=$009D7 off=$FF6 bytes=28             7
  op=2F17 W addr=$00920FFE page=$00920 off=$FFE bytes=4             7
  op=48E7 W addr=$009D7FFC page=$009D7 off=$FFC bytes=12             6
  op=4CEE R addr=$009D7FF2 page=$009D7 off=$FF2 bytes=16             6
  op=48E7 W addr=$00920FFE page=$00920 off=$FFE bytes=16             5
  op=4CDF R addr=$009D7FFA page=$009D7 off=$FFA bytes=28             5
  op=2F2E R addr=$009D7FFE page=$009D7 off=$FFE bytes=4             5
  op=4CDF R addr=$009D7FE0 page=$009D7 off=$FE0 bytes=40             5
  op=6168 W addr=$009D7FFE page=$009D7 off=$FFE bytes=4             5
  op=4CDF R addr=$00920FFE page=$00920 off=$FFE bytes=16             5
  op=4E56 W addr=$00920FFE page=$00920 off=$FFE bytes=4             4
  op=E9D0 R addr=$000C3FFE page=$000C3 off=$FFE bytes=4             4
  op=4CDF R addr=$009D7FF8 page=$009D7 off=$FF8 bytes=20             4

[jit] exact other-runtime-access addresses — 662 / 662 exact
  op=E0AC R addr=$00000000 page=$00000 slice=0 mask=$0000 bytes=0           338
  op=E16F R addr=$00000000 page=$00000 slice=0 mask=$0000 bytes=0           158
  op=E538 R addr=$00000000 page=$00000 slice=0 mask=$0000 bytes=0           143
  op=E0AB R addr=$00000000 page=$00000 slice=0 mask=$0000 bytes=0            21
  op=E0AE R addr=$00000000 page=$00000 slice=0 mask=$0000 bytes=0             2

[jit] fallback addressing — MOVE source
  (An)              247 unsupported        33373 runtime
  (An)+               0 unsupported        28441 runtime
  d16(An)           247 unsupported        18136 runtime
  abs.W               0 unsupported        15903 runtime
  idx(An)             0 unsupported         3254 runtime
  -(An)               8 unsupported           34 runtime
  Dn                  6 unsupported           31 runtime
  d16(PC)             0 unsupported           22 runtime
  An                  0 unsupported            2 runtime

[jit] fallback addressing — MOVE destination
  (An)+               0 unsupported        56934 runtime
  d16(An)             8 unsupported        33718 runtime
  -(An)               0 unsupported         5986 runtime
  (An)                6 unsupported         1789 runtime
  Dn                494 unsupported          423 runtime
  abs.W               0 unsupported          240 runtime
  An                  0 unsupported           99 runtime
  idx(An)             0 unsupported            7 runtime

[jit] fallback addressing — MOVEM operand
  -(An)               0 unsupported         1222 runtime
  (An)+               0 unsupported          720 runtime
  d16(An)             0 unsupported          449 runtime
  abs.W               0 unsupported            1 runtime

[jit] indexed-mode fallbacks by extension form — 4995 attributed (of 133164 total fallbacks)
  brief (d8,An/PC,Xn)           41    0.8%
  full 68020 format           2134   42.7%
  mixed (both seen)           2820   56.5%
  compiled slots: 470 brief, 207 full (cumulative over the run, not per phase)
  brief share if mixed is apportioned by slot ratio:  20.4%  (ESTIMATE)

[jit] fallback addressing — top MOVE source -> destination pairs
  (An)     -> (An)+               0 unsupported        29791 runtime
  (An)+    -> (An)+               0 unsupported        26928 runtime
  abs.W    -> d16(An)             0 unsupported        15686 runtime
  d16(An)  -> d16(An)             0 unsupported        11788 runtime
  d16(An)  -> -(An)               0 unsupported         5150 runtime
  (An)     -> d16(An)             0 unsupported         3528 runtime
  idx(An)  -> d16(An)             0 unsupported         2634 runtime
  (An)+    -> (An)                0 unsupported          955 runtime
  d16(An)  -> (An)                0 unsupported          823 runtime
  (An)+    -> -(An)               0 unsupported          467 runtime
  idx(An)  -> Dn                  0 unsupported          423 runtime
  d16(An)  -> Dn                247 unsupported            0 runtime
  (An)     -> Dn                247 unsupported            0 runtime
  abs.W    -> -(An)               0 unsupported          213 runtime
  d16(An)  -> abs.W               0 unsupported          202 runtime
  d16(An)  -> (An)+               0 unsupported          173 runtime
  idx(An)  -> An                  0 unsupported           99 runtime
  idx(An)  -> -(An)               0 unsupported           97 runtime
  (An)+    -> d16(An)             0 unsupported           68 runtime
  Dn       -> (An)+               0 unsupported           31 runtime
  (An)     -> -(An)               0 unsupported           26 runtime
  -(An)    -> -(An)               0 unsupported           25 runtime
  (An)+    -> abs.W               0 unsupported           18 runtime
  (An)     -> abs.W               0 unsupported           17 runtime

[jit] ════ census phase 'fpu-test-start' ════
[jit] dispatch cache: 29862072 hits, 102620 gen-miss, 1686403 miss
[jit] flushes: wrapper hint/reset=1 translation moved=18834 write into code=11 deferred=0 code cache full=0  blocks live=31590, cold-evicted=0

[jit] opcode census — 480978 instructions, 3366 distinct
  move           139817   29.1%
  alu            135500   28.2%
  shift            7283    1.5%
  bitop            2361    0.5%
  muldiv            400    0.1%
  addr            23501    4.9%
  multi           19945    4.1%
  cond              628    0.1%
  branch         144018   29.9%
  UNSAFE           7525    1.6%
  native         469779   97.7%  (backend 'aarch64')
  ── top 60 opcodes ──
  4E75 branch *      18012   3.74%  cum   3.7%
  48E7 multi  *      11682   2.43%  cum   6.2%
  4E56 addr   *      11099   2.31%  cum   8.5%
  D4C0 alu    *       5900   1.23%  cum   9.7%
  6100 branch *       5882   1.22%  cum  10.9%
  57CD branch *       5534   1.15%  cum  12.1%
  B692 alu    *       5502   1.14%  cum  13.2%
  2050 move   *       4794   1.00%  cum  14.2%
  51C9 branch *       4589   0.95%  cum  15.2%
  4E5E addr   *       4441   0.92%  cum  16.1%
  4A11 alu    *       4425   0.92%  cum  17.0%
  670A branch *       4416   0.92%  cum  17.9%
  0C40 alu    *       4016   0.83%  cum  18.8%
  B041 alu    *       3948   0.82%  cum  19.6%
  4CDF multi  *       3936   0.82%  cum  20.4%
  7000 move   *       3647   0.76%  cum  21.2%
  51C8 branch *       3453   0.72%  cum  21.9%
  4EBA branch *       3391   0.71%  cum  22.6%
  4E90 branch *       3363   0.70%  cum  23.3%
  3018 move   *       3361   0.70%  cum  24.0%
  6C08 branch *       3119   0.65%  cum  24.6%
  3219 move   *       2914   0.61%  cum  25.2%
  6702 branch *       2638   0.55%  cum  25.8%
  6706 branch *       2582   0.54%  cum  26.3%
  67F2 branch *       2556   0.53%  cum  26.9%
  2078 move   *       2510   0.52%  cum  27.4%
  201B move   *       2479   0.52%  cum  27.9%
  672E branch *       2460   0.51%  cum  28.4%
  5343 alu    *       2439   0.51%  cum  28.9%
  C084 alu    *       2432   0.51%  cum  29.4%
  4ED0 branch *       2406   0.50%  cum  29.9%
  6ECA branch *       2385   0.50%  cum  30.4%
  B273 alu    *       2229   0.46%  cum  30.9%
  205F move   *       1978   0.41%  cum  31.3%
  51CF branch *       1905   0.40%  cum  31.7%
  206E move   *       1858   0.39%  cum  32.1%
  2040 move   *       1838   0.38%  cum  32.5%
  60F2 branch *       1805   0.38%  cum  32.8%
  4CEE multi  *       1805   0.38%  cum  33.2%
  2ADC move   *       1803   0.37%  cum  33.6%
  6604 branch *       1797   0.37%  cum  34.0%
  6000 branch *       1751   0.36%  cum  34.3%
  57CC branch *       1725   0.36%  cum  34.7%
  5D44 alu    *       1711   0.36%  cum  35.0%
  8081 alu    *       1708   0.36%  cum  35.4%
  302E move   *       1707   0.35%  cum  35.7%
  B840 alu    *       1681   0.35%  cum  36.1%
  6700 branch *       1673   0.35%  cum  36.4%
  486E addr   *       1650   0.34%  cum  36.8%
  B3DA alu    *       1637   0.34%  cum  37.1%
  504A alu    *       1637   0.34%  cum  37.5%
  67F4 branch *       1561   0.32%  cum  37.8%
  E9D4 shift  *       1528   0.32%  cum  38.1%
  2AC0 move   *       1473   0.31%  cum  38.4%
  C295 alu    *       1472   0.31%  cum  38.7%
  6708 branch *       1472   0.31%  cum  39.0%
  6D06 branch *       1468   0.31%  cum  39.3%
  286E move   *       1392   0.29%  cum  39.6%
  C085 alu    *       1358   0.28%  cum  39.9%
  2F2E move   *       1354   0.28%  cum  40.2%

[jit] block fallback census — 4099 unsupported + 144094 runtime guard/access = 148193
  22D8 move              0 unsupported      33879 runtime  22.86%  (A0)+ -> (A1)+
  2378 move              0 unsupported      21620 runtime  14.59%  abs.W -> d16(A1)
  2F2D move              0 unsupported      11974 runtime   8.08%  d16(A5) -> -(A7)
  4250 alu               0 unsupported      11308 runtime   7.63%
  276E move              0 unsupported      11244 runtime   7.59%  d16(A6) -> d16(A3)
  24D0 move              0 unsupported       9935 runtime   6.70%  (A0) -> (A2)+
  526C alu               0 unsupported       9438 runtime   6.37%
  2F70 move              0 unsupported       8521 runtime   5.75%  idx(A0) -> d16(A7)
  6100 branch            0 unsupported       6835 runtime   4.61%
  4EB0 branch            0 unsupported       4799 runtime   3.24%
  C029 alu            2882 unsupported          0 runtime   1.94%
  14D0 move              0 unsupported       2499 runtime   1.69%  (A0) -> (A2)+
  4CDF multi             0 unsupported       2290 runtime   1.55%  EA=(A7)+
  5368 alu               0 unsupported       2156 runtime   1.45%
  2F29 move              0 unsupported       1356 runtime   0.92%  d16(A1) -> -(A7)
  2F38 move              0 unsupported        922 runtime   0.62%  abs.W -> -(A7)
  08F8 bitop             0 unsupported        806 runtime   0.54%
  3151 move              0 unsupported        697 runtime   0.47%  (A1) -> d16(A0)
  2D68 move              0 unsupported        638 runtime   0.43%  d16(A0) -> d16(A6)
  2070 move              0 unsupported        597 runtime   0.40%  idx(A0) -> A0
  48E7 multi             0 unsupported        557 runtime   0.38%  EA=-(A7)
  0891 bitop           139 unsupported        133 runtime   0.18%
  08D1 bitop           175 unsupported         67 runtime   0.16%
  0811 bitop           219 unsupported          0 runtime   0.15%
  9611 alu             212 unsupported          0 runtime   0.14%
  21DF move              0 unsupported        168 runtime   0.11%  (A7)+ -> abs.W
  E0AC shift             0 unsupported        138 runtime   0.09%
  E4AD shift           117 unsupported          0 runtime   0.08%
  1229 move            111 unsupported          0 runtime   0.07%  d16(A1) -> D1
  24D8 move              0 unsupported        111 runtime   0.07%  (A0)+ -> (A2)+
  C229 alu             111 unsupported          0 runtime   0.07%
  1411 move            111 unsupported          0 runtime   0.07%  (A1) -> D2
  2F30 move              0 unsupported        108 runtime   0.07%  idx(A0) -> -(A7)
  4C98 multi             0 unsupported         79 runtime   0.05%  EA=(A0)+
  169A move              0 unsupported         70 runtime   0.05%  (A2)+ -> (A3)
  3F28 move              0 unsupported         69 runtime   0.05%  d16(A0) -> -(A7)
  08E8 bitop             0 unsupported         69 runtime   0.05%
  B189 alu               0 unsupported         58 runtime   0.04%
  2230 move              0 unsupported         57 runtime   0.04%  idx(A0) -> D1
  E538 shift             0 unsupported         49 runtime   0.03%
  2C36 move              0 unsupported         47 runtime   0.03%  idx(A6) -> D6
  3F29 move              0 unsupported         44 runtime   0.03%  d16(A1) -> -(A7)
  B388 alu               0 unsupported         34 runtime   0.02%
  2D1F move              0 unsupported         32 runtime   0.02%  (A7)+ -> -(A6)
  20D9 move              0 unsupported         29 runtime   0.02%  (A1)+ -> (A0)+
  48E6 multi             0 unsupported         29 runtime   0.02%  EA=-(A6)
  D159 alu               0 unsupported         27 runtime   0.02%
  2F2B move              0 unsupported         25 runtime   0.02%  d16(A3) -> -(A7)
  E16F shift             0 unsupported         25 runtime   0.02%
  4258 alu               0 unsupported         25 runtime   0.02%
  2978 move              0 unsupported         25 runtime   0.02%  abs.W -> d16(A4)
  4CEE multi             0 unsupported         23 runtime   0.02%  EA=d16(A6)
  4E90 branch            0 unsupported         19 runtime   0.01%
  2D51 move              0 unsupported         17 runtime   0.01%  (A1) -> d16(A6)
  2950 move              0 unsupported         17 runtime   0.01%  (A0) -> d16(A4)
  31B8 move              0 unsupported         16 runtime   0.01%  abs.W -> idx(A0)
  5268 alu               0 unsupported         15 runtime   0.01%
  6130 branch            0 unsupported         15 runtime   0.01%
  4269 alu               0 unsupported         15 runtime   0.01%
  276C move              0 unsupported         13 runtime   0.01%  d16(A4) -> d16(A3)

[jit] bounded shift versions — 6 sites, 116 live, 2 saturated
  E0A9          0 unsupported          0 runtime           0 cap-interp          0 count>31
  E2AB          0 unsupported          0 runtime           0 cap-interp          0 count>31
  E4A4          0 unsupported          0 runtime           0 cap-interp          0 count>31
  E2AA          0 unsupported          0 runtime           0 cap-interp          0 count>31

[jit] runtime fallback causes
  fill/tag MMU            85266   59.17%  22D8:33803  2378:21620  2F2D:11974  4EB0:4799  2F70:4786  5368:1797  2F29:1356  2F38:909
  non-plain/MMIO          12498    8.67%  24D0:9930  14D0:2497  169A:70  16AC:1
  codeMask                32677   22.68%  4250:11307  276E:11244  526C:9429  5368:359  22D8:74  0891:47  08D1:45  2D1F:31
  cross-page              13434    9.32%  6100:6816  2F70:3735  4CDF:2279  48E7:538  4CEE:21  2F38:13  6130:8  2E9F:6
  other guard               219    0.15%  E0AC:138  E538:49  E16F:25  E0AB:6  E0AE:1
  attributed             144094 /       144094 runtime  exact

[jit] exact non-plain/MMIO addresses — 12498 / 12498 exact
  op=24D0 R addr=$50F06060 page=$50F06 slice=0 mask=$0000 bytes=4          9930
  op=14D0 R addr=$50F06060 page=$50F06 slice=0 mask=$0000 bytes=1          2497
  op=169A W addr=$50F10000 page=$50F10 slice=0 mask=$0000 bytes=1            70
  op=16AC W addr=$50F10000 page=$50F10 slice=0 mask=$0000 bytes=1             1

[jit] exact codeMask addresses — 32677 / 32677 exact
  op=4250 W addr=$000AF278 page=$000AF slice=2 mask=$FA7C bytes=2         11284
  op=276E W addr=$00003DFE page=$00003 slice=D mask=$3001 bytes=4         11244
  op=526C W addr=$009287C6 page=$00928 slice=7 mask=$F8B0 bytes=2          9429
  op=5368 W addr=$0000C1AE page=$0000C slice=1 mask=$5FF2 bytes=2           358
  op=0891 W addr=$007AD85C page=$007AD slice=8 mask=$FF00 bytes=1            26
  op=08D1 W addr=$007AD85C page=$007AD slice=8 mask=$FF00 bytes=1            26
  op=4250 W addr=$00928744 page=$00928 slice=7 mask=$F8B0 bytes=2            18
  op=5268 W addr=$00928786 page=$00928 slice=7 mask=$F8B0 bytes=2            15
  op=4269 W addr=$0000E90A page=$0000E slice=9 mask=$0600 bytes=2            15
  op=2D1F W addr=$00015850 page=$00015 slice=8 mask=$0300 bytes=4            12
  op=0891 W addr=$0001456C page=$00014 slice=5 mask=$1FE0 bytes=1            12
  op=08D1 W addr=$0001456C page=$00014 slice=5 mask=$1FE0 bytes=1            11
  op=50E9 W addr=$0000E90A page=$0000E slice=9 mask=$0600 bytes=1            11
  op=2D1F W addr=$00015818 page=$00015 slice=8 mask=$0300 bytes=4             9
  op=5351 W addr=$0003C544 page=$0003C slice=5 mask=$63FD bytes=2             7
  op=08D0 W addr=$0003C520 page=$0003C slice=5 mask=$63FD bytes=1             7
  op=4210 W addr=$0003C520 page=$0003C slice=5 mask=$63FD bytes=1             7
  op=536B W addr=$009ECD90 page=$009EC slice=D mask=$2AC0 bytes=2             6
  op=0891 W addr=$00013D08 page=$00013 slice=D mask=$603E bytes=1             6
  op=4250 W addr=$000AF278 page=$000AF slice=2 mask=$9A7C bytes=2             5
  op=2D1F W addr=$00015824 page=$00015 slice=8 mask=$0300 bytes=4             4
  op=22D8 W addr=$000A98CC page=$000A9 slice=8 mask=$3DFF bytes=4             3
  op=08D1 W addr=$00013D08 page=$00013 slice=D mask=$603E bytes=1             3
  op=48E6 W addr=$00015854 page=$00015 slice=8 mask=$0300 bytes=16             3
  op=D1AB W addr=$009287C0 page=$00928 slice=7 mask=$F8B0 bytes=4             3
  op=48E6 W addr=$000157E4 page=$00015 slice=7 mask=$0300 bytes=52             3
  op=2338 W addr=$00972B2C page=$00972 slice=B mask=$0C00 bytes=4             3
  op=3338 W addr=$00972B2A page=$00972 slice=B mask=$0C00 bytes=2             3
  op=22D8 W addr=$000A98C4 page=$000A9 slice=8 mask=$3DFF bytes=4             3
  op=22D8 W addr=$000A98C8 page=$000A9 slice=8 mask=$3DFF bytes=4             3
  op=22D8 W addr=$000A98D4 page=$000A9 slice=8 mask=$3DFF bytes=4             3
  op=22D8 W addr=$000A98D0 page=$000A9 slice=8 mask=$3DFF bytes=4             3
  op=2D1F W addr=$00015860 page=$00015 slice=8 mask=$0300 bytes=4             2
  op=48E6 W addr=$000157F4 page=$00015 slice=7 mask=$0300 bytes=48             2
  op=2D1F W addr=$0001584C page=$00015 slice=8 mask=$0300 bytes=4             2
  op=48E6 W addr=$0001581C page=$00015 slice=8 mask=$0300 bytes=48             2
  op=48E6 W addr=$0001582A page=$00015 slice=8 mask=$0300 bytes=16             1
  op=22D8 W addr=$00911010 page=$00911 slice=0 mask=$8007 bytes=4             1
  op=22D8 W addr=$000A98A0 page=$000A9 slice=8 mask=$3DFF bytes=4             1
  op=5251 W addr=$0003C544 page=$0003C slice=5 mask=$63FD bytes=2             1
  op=48E6 W addr=$000157F4 page=$00015 slice=7 mask=$0300 bytes=36             1
  op=22D8 W addr=$000A98A4 page=$000A9 slice=8 mask=$3DFF bytes=4             1
  op=22D8 W addr=$000A98A8 page=$000A9 slice=8 mask=$3DFF bytes=4             1
  op=22D8 W addr=$000A98AC page=$000A9 slice=8 mask=$3DFF bytes=4             1
  op=48E6 W addr=$000157F0 page=$00015 slice=7 mask=$0300 bytes=52             1
  op=48E6 W addr=$0001581C page=$00015 slice=8 mask=$0300 bytes=8             1
  op=22D8 W addr=$000A98B0 page=$000A9 slice=8 mask=$3DFF bytes=4             1
  op=48E6 W addr=$00015828 page=$00015 slice=8 mask=$0300 bytes=52             1
  op=22D8 W addr=$00911090 page=$00911 slice=0 mask=$8007 bytes=4             1
  op=22D8 W addr=$0091108C page=$00911 slice=0 mask=$8007 bytes=4             1
  op=22D8 W addr=$00911088 page=$00911 slice=0 mask=$8007 bytes=4             1
  op=22D8 W addr=$00911084 page=$00911 slice=0 mask=$8007 bytes=4             1
  op=22D8 W addr=$00911080 page=$00911 slice=0 mask=$8007 bytes=4             1
  op=22D8 W addr=$0091107C page=$00911 slice=0 mask=$8007 bytes=4             1
  op=22D8 W addr=$00911078 page=$00911 slice=0 mask=$8007 bytes=4             1
  op=22D8 W addr=$00911074 page=$00911 slice=0 mask=$8007 bytes=4             1
  op=22D8 W addr=$00911070 page=$00911 slice=0 mask=$8007 bytes=4             1
  op=22D8 W addr=$0091106C page=$00911 slice=0 mask=$8007 bytes=4             1
  op=22D8 W addr=$00911068 page=$00911 slice=0 mask=$8007 bytes=4             1
  op=22D8 W addr=$00911064 page=$00911 slice=0 mask=$8007 bytes=4             1

[jit] exact cross-page addresses — 13434 / 13434 exact
  op=6100 W addr=$00920FFE page=$00920 off=$FFE bytes=4          6816
  op=2F70 W addr=$00920FFE page=$00920 off=$FFE bytes=4          3735
  op=4CDF R addr=$00920FFE page=$00920 off=$FFE bytes=44          1879
  op=48E7 W addr=$00920FFE page=$00920 off=$FFE bytes=8           474
  op=4CDF R addr=$00920FFE page=$00920 off=$FFE bytes=8           332
  op=4CEE R addr=$00920FFC page=$00920 off=$FFC bytes=8            21
  op=48E7 W addr=$00920FFC page=$00920 off=$FFC bytes=8            21
  op=4CDF R addr=$00920FEC page=$00920 off=$FEC bytes=36            15
  op=4CDF R addr=$00920FFA page=$00920 off=$FFA bytes=40            12
  op=2F38 W addr=$009D7FFE page=$009D7 off=$FFE bytes=4            12
  op=48E7 W addr=$00920FEC page=$00920 off=$FEC bytes=36             8
  op=6130 W addr=$00920FFE page=$00920 off=$FFE bytes=4             8
  op=48E7 W addr=$00920FFA page=$00920 off=$FFA bytes=40             6
  op=4CDF R addr=$00920FE2 page=$00920 off=$FE2 bytes=32             5
  op=4CDF R addr=$009D7FF4 page=$009D7 off=$FF4 bytes=28             4
  op=48E7 W addr=$009D7FF4 page=$009D7 off=$FF4 bytes=28             4
  op=4CDF R addr=$009D7FFC page=$009D7 off=$FFC bytes=20             4
  op=48E7 W addr=$009D7FFC page=$009D7 off=$FFC bytes=20             4
  op=2F2E R addr=$00920FFE page=$00920 off=$FFE bytes=4             4
  op=4CDF R addr=$00920FFE page=$00920 off=$FFE bytes=24             4
  op=48E7 W addr=$00920FE2 page=$00920 off=$FE2 bytes=32             3
  op=2E9F R addr=$00920FFE page=$00920 off=$FFE bytes=4             3
  op=2E9F W addr=$00920FFE page=$00920 off=$FFE bytes=4             3
  op=4E90 W addr=$00920FFE page=$00920 off=$FFE bytes=4             3
  op=4CDF R addr=$00920FFA page=$00920 off=$FFA bytes=44             2
  op=4CDF R addr=$00920FF8 page=$00920 off=$FF8 bytes=16             2
  op=48E7 W addr=$00920FF8 page=$00920 off=$FF8 bytes=16             2
  op=4CDF R addr=$00920FE6 page=$00920 off=$FE6 bytes=32             2
  op=48E7 W addr=$00920FFE page=$00920 off=$FFE bytes=44             2
  op=48E7 W addr=$00920FF2 page=$00920 off=$FF2 bytes=16             2
  op=4CDF R addr=$00920FF2 page=$00920 off=$FF2 bytes=16             2
  op=2F3A W addr=$00920FFE page=$00920 off=$FFE bytes=4             2
  op=22D8 R addr=$807DFFFE page=$807DF off=$FFE bytes=4             1
  op=48E7 W addr=$00920FE0 page=$00920 off=$FE0 bytes=40             1
  op=48E7 W addr=$00920FF6 page=$00920 off=$FF6 bytes=16             1
  op=4CDF R addr=$00920FF8 page=$00920 off=$FF8 bytes=20             1
  op=48E7 W addr=$00920FE6 page=$00920 off=$FE6 bytes=32             1
  op=4CDF R addr=$00920FF6 page=$00920 off=$FF6 bytes=24             1
  op=48E7 W addr=$00920FF8 page=$00920 off=$FF8 bytes=20             1
  op=4CDF R addr=$00920FF8 page=$00920 off=$FF8 bytes=12             1
  op=486B W addr=$00920FFE page=$00920 off=$FFE bytes=4             1
  op=22D8 R addr=$007DFFFD page=$007DF off=$FFD bytes=4             1
  op=4CDF R addr=$00920FE0 page=$00920 off=$FE0 bytes=40             1
  op=236E R addr=$00920FFE page=$00920 off=$FFE bytes=4             1
  op=4CDF R addr=$00920FEC page=$00920 off=$FEC bytes=32             1
  op=42A7 W addr=$00920FFE page=$00920 off=$FFE bytes=4             1
  op=20AF R addr=$00920FFE page=$00920 off=$FFE bytes=4             1
  op=4CDF R addr=$00920FF6 page=$00920 off=$FF6 bytes=44             1
  op=48E7 W addr=$00920FE8 page=$00920 off=$FE8 bytes=32             1
  op=4CDF R addr=$00920FE8 page=$00920 off=$FE8 bytes=32             1
  op=2F17 R addr=$00920FFE page=$00920 off=$FFE bytes=4             1
  op=48E7 W addr=$00920FEC page=$00920 off=$FEC bytes=40             1
  op=4CDF R addr=$00920FEC page=$00920 off=$FEC bytes=40             1
  op=E9D4 R addr=$40A7DFFD page=$40A7D off=$FFD bytes=4             1
  op=E9D0 R addr=$000C3FFE page=$000C3 off=$FFE bytes=4             1
  op=4CDF R addr=$009D7FF8 page=$009D7 off=$FF8 bytes=20             1
  op=4CDF R addr=$00920FF8 page=$00920 off=$FF8 bytes=40             1
  op=48E7 W addr=$00920FF8 page=$00920 off=$FF8 bytes=40             1
  op=4CDF R addr=$00920FFE page=$00920 off=$FFE bytes=20             1
  op=48E7 W addr=$00920FFE page=$00920 off=$FFE bytes=20             1

[jit] exact other-runtime-access addresses — 219 / 219 exact
  op=E0AC R addr=$00000000 page=$00000 slice=0 mask=$0000 bytes=0           138
  op=E538 R addr=$00000000 page=$00000 slice=0 mask=$0000 bytes=0            49
  op=E16F R addr=$00000000 page=$00000 slice=0 mask=$0000 bytes=0            25
  op=E0AB R addr=$00000000 page=$00000 slice=0 mask=$0000 bytes=0             6
  op=E0AE R addr=$00000000 page=$00000 slice=0 mask=$0000 bytes=0             1

[jit] fallback addressing — MOVE source
  (An)+               0 unsupported        34336 runtime
  d16(An)           111 unsupported        25466 runtime
  abs.W               0 unsupported        22602 runtime
  (An)              111 unsupported        13181 runtime
  idx(An)             0 unsupported         9355 runtime
  d16(PC)             0 unsupported            7 runtime
  Dn                  2 unsupported            3 runtime
  -(An)               0 unsupported            3 runtime

[jit] fallback addressing — MOVE destination
  (An)+               0 unsupported        46495 runtime
  d16(An)             0 unsupported        42832 runtime
  -(An)               0 unsupported        14578 runtime
  An                  0 unsupported          609 runtime
  Dn                222 unsupported          105 runtime
  abs.W               0 unsupported          204 runtime
  (An)                2 unsupported          105 runtime
  idx(An)             0 unsupported           25 runtime

[jit] fallback addressing — MOVEM operand
  (An)+               0 unsupported         2370 runtime
  -(An)               0 unsupported          586 runtime
  d16(An)             0 unsupported           23 runtime

[jit] indexed-mode fallbacks by extension form — 14179 attributed (of 148193 total fallbacks)
  brief (d8,An/PC,Xn)           37    0.3%
  full 68020 format           4915   34.7%
  mixed (both seen)           9227   65.1%
  compiled slots: 498 brief, 216 full (cumulative over the run, not per phase)
  brief share if mixed is apportioned by slot ratio:  23.6%  (ESTIMATE)

[jit] fallback addressing — top MOVE source -> destination pairs
  (An)+    -> (An)+               0 unsupported        34028 runtime
  abs.W    -> d16(An)             0 unsupported        21654 runtime
  d16(An)  -> -(An)               0 unsupported        13488 runtime
  (An)     -> (An)+               0 unsupported        12435 runtime
  d16(An)  -> d16(An)             0 unsupported        11912 runtime
  idx(An)  -> d16(An)             0 unsupported         8521 runtime
  abs.W    -> -(An)               0 unsupported          931 runtime
  (An)     -> d16(An)             0 unsupported          734 runtime
  idx(An)  -> An                  0 unsupported          609 runtime
  (An)+    -> abs.W               0 unsupported          169 runtime
  (An)     -> Dn                111 unsupported            0 runtime
  d16(An)  -> Dn                111 unsupported            0 runtime
  idx(An)  -> -(An)               0 unsupported          109 runtime
  idx(An)  -> Dn                  0 unsupported          105 runtime
  (An)+    -> (An)                0 unsupported           82 runtime
  (An)+    -> -(An)               0 unsupported           41 runtime
  d16(An)  -> (An)+               0 unsupported           26 runtime
  d16(An)  -> (An)                0 unsupported           23 runtime
  d16(An)  -> abs.W               0 unsupported           17 runtime
  abs.W    -> idx(An)             0 unsupported           16 runtime
  idx(An)  -> abs.W               0 unsupported           11 runtime
  (An)+    -> d16(An)             0 unsupported            9 runtime
  (An)+    -> idx(An)             0 unsupported            7 runtime
  (An)     -> abs.W               0 unsupported            6 runtime

[jit] ════ census phase 'fpu-test' ════
[jit] dispatch cache: 3975382 hits, 95671 gen-miss, 7059485 miss
[jit] flushes: wrapper hint/reset=1 translation moved=20051 write into code=11 deferred=0 code cache full=0  blocks live=32198, cold-evicted=0

[jit] opcode census — 2894615 instructions, 3797 distinct
  move          1007449   34.8%
  alu            615044   21.2%
  shift          246131    8.5%
  bitop           11425    0.4%
  muldiv          74191    2.6%
  addr            79137    2.7%
  multi           80934    2.8%
  cond              449    0.0%
  branch         340891   11.8%
  UNSAFE         438964   15.2%
  native        2452867   84.7%  (backend 'aarch64')
  ── top 60 opcodes ──
  E788 shift  *     158117   5.46%  cum   5.5%
  F22E UNSAFE       152711   5.28%  cum  10.7%
  F200 UNSAFE       109904   3.80%  cum  14.5%
  2008 move   *     105197   3.63%  cum  18.2%
  22D8 move   *      89859   3.10%  cum  21.3%
  3043 move   *      72917   2.52%  cum  23.8%
  48C0 multi  *      66345   2.29%  cum  26.1%
  F232 UNSAFE        61630   2.13%  cum  28.2%
  D1C0 alu    *      44413   1.53%  cum  29.7%
  3003 move   *      43048   1.49%  cum  31.2%
  5243 alu    *      41943   1.45%  cum  32.7%
  D3C0 alu    *      38792   1.34%  cum  34.0%
  E589 shift  *      32123   1.11%  cum  35.1%
  E588 shift  *      32115   1.11%  cum  36.2%
  F230 UNSAFE        30416   1.05%  cum  37.3%
  B66E alu    *      29257   1.01%  cum  38.3%
  204B move   *      27123   0.94%  cum  39.2%
  2009 move   *      26603   0.92%  cum  40.2%
  6FE0 branch *      26567   0.92%  cum  41.1%
  224A move   *      26565   0.92%  cum  42.0%
  3243 move   *      26469   0.91%  cum  42.9%
  700C move   *      25219   0.87%  cum  43.8%
  4E75 branch *      24306   0.84%  cum  44.6%
  5240 alu    *      21183   0.73%  cum  45.4%
  D045 alu    *      20249   0.70%  cum  46.1%
  C1FC muldiv *      19859   0.69%  cum  46.7%
  3044 move   *      19786   0.68%  cum  47.4%
  2208 move   *      19666   0.68%  cum  48.1%
  0C43 alu    *      19646   0.68%  cum  48.8%
  3045 move   *      19622   0.68%  cum  49.5%
  2047 move   *      19336   0.67%  cum  50.1%
  41EE addr   *      18149   0.63%  cum  50.8%
  27AE move   *      18027   0.62%  cum  51.4%
  3004 move   *      17984   0.62%  cum  52.0%
  4EBA branch *      15598   0.54%  cum  52.5%
  302C move   *      14441   0.50%  cum  53.0%
  3005 move   *      13910   0.48%  cum  53.5%
  F212 UNSAFE        13755   0.48%  cum  54.0%
  4E56 addr   *      13630   0.47%  cum  54.5%
  4E5E addr   *      13338   0.46%  cum  54.9%
  C1C5 muldiv *      13039   0.45%  cum  55.4%
  2209 move   *      12789   0.44%  cum  55.8%
  2270 move   *      12764   0.44%  cum  56.3%
  5244 alu    *      12632   0.44%  cum  56.7%
  0C42 alu    *      12507   0.43%  cum  57.1%
  6FA8 branch *      12479   0.43%  cum  57.6%
  2073 move   *      12468   0.43%  cum  58.0%
  F231 UNSAFE        12411   0.43%  cum  58.4%
  2046 move   *      12393   0.43%  cum  58.8%
  3242 move   *      12389   0.43%  cum  59.3%
  3042 move   *      12358   0.43%  cum  59.7%
  F22A UNSAFE        12309   0.43%  cum  60.1%
  43EE addr   *      12253   0.42%  cum  60.5%
  5242 alu    *      12215   0.42%  cum  61.0%
  24AE move   *      12105   0.42%  cum  61.4%
  B041 alu    *      11920   0.41%  cum  61.8%
  D043 alu    *      11340   0.39%  cum  62.2%
  D046 alu    *      10906   0.38%  cum  62.6%
  3018 move   *      10210   0.35%  cum  62.9%
  C1C6 muldiv *      10203   0.35%  cum  63.3%

[jit] block fallback census — 2600 unsupported + 13285 runtime guard/access = 15885
  22D8 move              0 unsupported       4690 runtime  29.52%  (A0)+ -> (A1)+
  24D0 move              0 unsupported       1616 runtime  10.17%  (A0) -> (A2)+
  C029 alu            1243 unsupported          0 runtime   7.82%
  2378 move              0 unsupported        816 runtime   5.14%  abs.W -> d16(A1)
  E290 shift           775 unsupported          0 runtime   4.88%
  5368 alu               0 unsupported        613 runtime   3.86%
  4250 alu               0 unsupported        602 runtime   3.79%
  276E move              0 unsupported        600 runtime   3.78%  d16(A6) -> d16(A3)
  526C alu               0 unsupported        413 runtime   2.60%
  4EB0 branch            0 unsupported        257 runtime   1.62%
  4258 alu               0 unsupported        220 runtime   1.38%
  21AE move              0 unsupported        202 runtime   1.27%  d16(A6) -> idx(A0)
  14D0 move              0 unsupported        192 runtime   1.21%  (A0) -> (A2)+
  24D8 move              0 unsupported        173 runtime   1.09%  (A0)+ -> (A2)+
  2F70 move              0 unsupported        172 runtime   1.08%  idx(A0) -> d16(A7)
  E0AC shift             0 unsupported        166 runtime   1.05%
  08E8 bitop             0 unsupported        149 runtime   0.94%
  8195 alu               0 unsupported        142 runtime   0.89%
  3151 move              0 unsupported        133 runtime   0.84%  (A1) -> d16(A0)
  E4AD shift           128 unsupported          0 runtime   0.81%
  2C36 move              0 unsupported        119 runtime   0.75%  idx(A6) -> D6
  2230 move              0 unsupported        115 runtime   0.72%  idx(A0) -> D1
  4210 alu               0 unsupported        101 runtime   0.64%
  9611 alu              94 unsupported          0 runtime   0.59%
  4C98 multi             0 unsupported         83 runtime   0.52%  EA=(A0)+
  0891 bitop            24 unsupported         58 runtime   0.52%
  169A move              0 unsupported         76 runtime   0.48%  (A2)+ -> (A3)
  2070 move              0 unsupported         71 runtime   0.45%  idx(A0) -> A0
  08D1 bitop            36 unsupported         34 runtime   0.44%
  E16F shift             0 unsupported         63 runtime   0.40%
  C229 alu              59 unsupported          0 runtime   0.37%
  1411 move             59 unsupported          0 runtime   0.37%  (A1) -> D2
  1229 move             59 unsupported          0 runtime   0.37%  d16(A1) -> D1
  3F29 move              0 unsupported         57 runtime   0.36%  d16(A1) -> -(A7)
  E538 shift             0 unsupported         56 runtime   0.35%
  0210 alu               0 unsupported         56 runtime   0.35%
  0811 bitop            47 unsupported          0 runtime   0.30%
  2D54 move              0 unsupported         45 runtime   0.28%  (A4) -> d16(A6)
  2F38 move              0 unsupported         44 runtime   0.28%  abs.W -> -(A7)
  2F2B move              0 unsupported         43 runtime   0.27%  d16(A3) -> -(A7)
  2F3A move              0 unsupported         43 runtime   0.27%  d16(PC) -> -(A7)
  B388 alu               0 unsupported         41 runtime   0.26%
  2F2D move              0 unsupported         38 runtime   0.24%  d16(A5) -> -(A7)
  2D68 move              0 unsupported         34 runtime   0.21%  d16(A0) -> d16(A6)
  22D0 move              0 unsupported         33 runtime   0.21%  (A0) -> (A1)+
  0092 alu               0 unsupported         32 runtime   0.20%
  B511 alu               0 unsupported         32 runtime   0.20%
  2D51 move              0 unsupported         31 runtime   0.20%  (A1) -> d16(A6)
  48E6 multi             0 unsupported         30 runtime   0.19%  EA=-(A6)
  2D1F move              0 unsupported         30 runtime   0.19%  (A7)+ -> -(A6)
  8111 alu               0 unsupported         30 runtime   0.19%
  8310 alu               0 unsupported         29 runtime   0.18%
  4A28 alu              26 unsupported          0 runtime   0.16%
  E0AB shift             0 unsupported         26 runtime   0.16%
  B110 alu               0 unsupported         24 runtime   0.15%
  4CDF multi             0 unsupported         23 runtime   0.14%  EA=(A7)+
  11D0 move              0 unsupported         22 runtime   0.14%  (A0) -> abs.W
  2964 move             21 unsupported          0 runtime   0.13%  -(A4) -> d16(A4)
  20CE move              0 unsupported         20 runtime   0.13%  A6 -> (A0)+
  20D9 move              0 unsupported         20 runtime   0.13%  (A1)+ -> (A0)+

[jit] bounded shift versions — 6 sites, 118 live, 2 saturated
  E0A9          0 unsupported          0 runtime           0 cap-interp          0 count>31
  E2AB          0 unsupported          0 runtime           0 cap-interp          0 count>31
  E4A4          0 unsupported          0 runtime           0 cap-interp          0 count>31
  E2AA          0 unsupported          0 runtime           0 cap-interp          0 count>31

[jit] runtime fallback causes
  fill/tag MMU             3934   29.61%  2378:816  22D8:634  4EB0:257  5368:174  24D8:173  2F70:172  08E8:149  8195:142
  non-plain/MMIO           1878   14.14%  24D0:1610  14D0:191  169A:76  16AC:1
  codeMask                 7106   53.49%  22D8:4049  4250:602  276E:600  5368:439  526C:378  4258:220  21AE:198  4210:101
  cross-page                 56    0.42%  2F38:11  4CDF:10  48E7:8  22D8:7  236E:6  4298:4  42A9:3  4C98:2
  other guard               311    2.34%  E0AC:166  E16F:63  E538:56  E0AB:26
  attributed              13285 /        13285 runtime  exact

[jit] exact non-plain/MMIO addresses — 1878 / 1878 exact
  op=24D0 R addr=$50F06060 page=$50F06 slice=0 mask=$0000 bytes=4          1610
  op=14D0 R addr=$50F06060 page=$50F06 slice=0 mask=$0000 bytes=1           191
  op=169A W addr=$50F10000 page=$50F10 slice=0 mask=$0000 bytes=1            76
  op=16AC W addr=$50F10000 page=$50F10 slice=0 mask=$0000 bytes=1             1

[jit] exact codeMask addresses — 7106 / 7106 exact
  op=4250 W addr=$000AF278 page=$000AF slice=2 mask=$FA7C bytes=2           602
  op=276E W addr=$00003DFE page=$00003 slice=D mask=$3001 bytes=4           600
  op=5368 W addr=$0000C1AE page=$0000C slice=1 mask=$5FF2 bytes=2           434
  op=526C W addr=$009287C6 page=$00928 slice=7 mask=$F8F0 bytes=2           367
  op=0891 W addr=$00013D08 page=$00013 slice=D mask=$603E bytes=1            20
  op=0092 W addr=$000B67B4 page=$000B6 slice=7 mask=$00FF bytes=4            17
  op=4269 W addr=$0000E90A page=$0000E slice=9 mask=$0600 bytes=2            15
  op=0092 W addr=$000A9880 page=$000A9 slice=8 mask=$3DFF bytes=4            14
  op=0210 W addr=$00013EB0 page=$00013 slice=E mask=$603E bytes=1            12
  op=08D1 W addr=$0001456C page=$00014 slice=5 mask=$1FE0 bytes=1            12
  op=0891 W addr=$0001456C page=$00014 slice=5 mask=$1FE0 bytes=1            12
  op=4210 W addr=$00013EB0 page=$00013 slice=E mask=$603E bytes=1            12
  op=2D1F W addr=$00015850 page=$00015 slice=8 mask=$0300 bytes=4            11
  op=2D1F W addr=$00015818 page=$00015 slice=8 mask=$0300 bytes=4            10
  op=08D1 W addr=$00013D08 page=$00013 slice=D mask=$603E bytes=1            10
  op=5351 W addr=$0003C544 page=$0003C slice=5 mask=$63FD bytes=2             9
  op=08D0 W addr=$0003C520 page=$0003C slice=5 mask=$63FD bytes=1             9
  op=4210 W addr=$0003C520 page=$0003C slice=5 mask=$63FD bytes=1             9
  op=50E9 W addr=$0000E90A page=$0000E slice=9 mask=$0600 bytes=1             8
  op=526C W addr=$000A98AA page=$000A9 slice=8 mask=$31FF bytes=2             7
  op=21AE W addr=$007BD678 page=$007BD slice=6 mask=$C2C0 bytes=4             7
  op=4258 W addr=$00013EB8 page=$00013 slice=E mask=$603E bytes=2             6
  op=4210 W addr=$00013EC8 page=$00013 slice=E mask=$603E bytes=1             6
  op=21AE W addr=$007BD670 page=$007BD slice=6 mask=$C2C0 bytes=4             6
  op=21AE W addr=$007BD674 page=$007BD slice=6 mask=$C2C0 bytes=4             6
  op=21AE W addr=$007BD67C page=$007BD slice=6 mask=$C2C0 bytes=4             6
  op=21AE W addr=$007BD680 page=$007BD slice=6 mask=$C2C0 bytes=4             6
  op=21AE W addr=$007BD684 page=$007BD slice=6 mask=$C2C0 bytes=4             6
  op=21AE W addr=$007BD688 page=$007BD slice=6 mask=$C2C0 bytes=4             6
  op=21AE W addr=$007BD68C page=$007BD slice=6 mask=$C2C0 bytes=4             6
  op=48E6 W addr=$000157F4 page=$00015 slice=7 mask=$0300 bytes=32             5
  op=21AE W addr=$007BD604 page=$007BD slice=6 mask=$C2C0 bytes=4             5
  op=21AE W addr=$007BD60C page=$007BD slice=6 mask=$C2C0 bytes=4             5
  op=21AE W addr=$007BD610 page=$007BD slice=6 mask=$C2C0 bytes=4             5
  op=21AE W addr=$007BD614 page=$007BD slice=6 mask=$C2C0 bytes=4             5
  op=21AE W addr=$007BD618 page=$007BD slice=6 mask=$C2C0 bytes=4             5
  op=21AE W addr=$007BD61C page=$007BD slice=6 mask=$C2C0 bytes=4             5
  op=21AE W addr=$007BD620 page=$007BD slice=6 mask=$C2C0 bytes=4             5
  op=21AE W addr=$007BD624 page=$007BD slice=6 mask=$C2C0 bytes=4             5
  op=21AE W addr=$007BD628 page=$007BD slice=6 mask=$C2C0 bytes=4             5
  op=21AE W addr=$007BD62C page=$007BD slice=6 mask=$C2C0 bytes=4             5
  op=21AE W addr=$007BD630 page=$007BD slice=6 mask=$C2C0 bytes=4             5
  op=21AE W addr=$007BD634 page=$007BD slice=6 mask=$C2C0 bytes=4             5
  op=21AE W addr=$007BD638 page=$007BD slice=6 mask=$C2C0 bytes=4             5
  op=21AE W addr=$007BD63C page=$007BD slice=6 mask=$C2C0 bytes=4             5
  op=21AE W addr=$007BD640 page=$007BD slice=6 mask=$C2C0 bytes=4             5
  op=21AE W addr=$007BD644 page=$007BD slice=6 mask=$C2C0 bytes=4             5
  op=21AE W addr=$007BD648 page=$007BD slice=6 mask=$C2C0 bytes=4             5
  op=21AE W addr=$007BD64C page=$007BD slice=6 mask=$C2C0 bytes=4             5
  op=21AE W addr=$007BD650 page=$007BD slice=6 mask=$C2C0 bytes=4             5
  op=21AE W addr=$007BD654 page=$007BD slice=6 mask=$C2C0 bytes=4             5
  op=21AE W addr=$007BD658 page=$007BD slice=6 mask=$C2C0 bytes=4             5
  op=21AE W addr=$007BD65C page=$007BD slice=6 mask=$C2C0 bytes=4             5
  op=21AE W addr=$007BD660 page=$007BD slice=6 mask=$C2C0 bytes=4             5
  op=21AE W addr=$007BD664 page=$007BD slice=6 mask=$C2C0 bytes=4             5
  op=21AE W addr=$007BD668 page=$007BD slice=6 mask=$C2C0 bytes=4             5
  op=21AE W addr=$007BD66C page=$007BD slice=6 mask=$C2C0 bytes=4             5
  op=48E6 W addr=$0001581C page=$00015 slice=8 mask=$0300 bytes=48             5
  op=2D1F W addr=$0001584C page=$00015 slice=8 mask=$0300 bytes=4             5
  op=21AE W addr=$007BD608 page=$007BD slice=6 mask=$C2C0 bytes=4             5

[jit] exact cross-page addresses — 56 / 56 exact
  op=2F38 W addr=$009D7FFE page=$009D7 off=$FFE bytes=4            11
  op=236E W addr=$007BAFFE page=$007BA off=$FFE bytes=4             4
  op=4CDF R addr=$009D7FF4 page=$009D7 off=$FF4 bytes=28             4
  op=48E7 W addr=$009D7FF4 page=$009D7 off=$FF4 bytes=28             4
  op=4CDF R addr=$009D7FFC page=$009D7 off=$FFC bytes=20             4
  op=48E7 W addr=$009D7FFC page=$009D7 off=$FFC bytes=20             4
  op=22D8 W addr=$007BCFFE page=$007BC off=$FFE bytes=4             3
  op=22D8 R addr=$007BAFFE page=$007BA off=$FFE bytes=4             3
  op=4298 W addr=$007BCFFE page=$007BC off=$FFE bytes=4             3
  op=4C98 R addr=$007BCFFA page=$007BC off=$FFA bytes=8             2
  op=236E W addr=$007BCFFE page=$007BC off=$FFE bytes=4             2
  op=42A9 W addr=$007BAFFE page=$007BA off=$FFE bytes=4             2
  op=E9D0 R addr=$000C3FFE page=$000C3 off=$FFE bytes=4             2
  op=E9D4 R addr=$40A7DFFD page=$40A7D off=$FFD bytes=4             2
  op=24D9 R addr=$009D7FFE page=$009D7 off=$FFE bytes=4             1
  op=4CDF R addr=$009D7FFC page=$009D7 off=$FFC bytes=32             1
  op=42A9 W addr=$007BCFFE page=$007BC off=$FFE bytes=4             1
  op=4298 W addr=$007BAFFE page=$007BA off=$FFE bytes=4             1
  op=4CDF R addr=$009D7FF8 page=$009D7 off=$FF8 bytes=20             1
  op=22D8 R addr=$807DFFFE page=$807DF off=$FFE bytes=4             1

[jit] exact other-runtime-access addresses — 311 / 311 exact
  op=E0AC R addr=$00000000 page=$00000 slice=0 mask=$0000 bytes=0           166
  op=E16F R addr=$00000000 page=$00000 slice=0 mask=$0000 bytes=0            63
  op=E538 R addr=$00000000 page=$00000 slice=0 mask=$0000 bytes=0            56
  op=E0AB R addr=$00000000 page=$00000 slice=0 mask=$0000 bytes=0            26

[jit] fallback addressing — MOVE source
  (An)+               0 unsupported         5039 runtime
  (An)               59 unsupported         2099 runtime
  d16(An)            59 unsupported         1122 runtime
  abs.W               0 unsupported          898 runtime
  idx(An)             0 unsupported          507 runtime
  d16(PC)             0 unsupported           44 runtime
  -(An)              21 unsupported            8 runtime
  Dn                  1 unsupported           27 runtime
  An                  0 unsupported           20 runtime

[jit] fallback addressing — MOVE destination
  (An)+               0 unsupported         6829 runtime
  d16(An)            21 unsupported         1910 runtime
  Dn                118 unsupported          241 runtime
  -(An)               0 unsupported          311 runtime
  idx(An)             0 unsupported          226 runtime
  (An)                1 unsupported          103 runtime
  An                  0 unsupported           82 runtime
  abs.W               0 unsupported           62 runtime

[jit] fallback addressing — MOVEM operand
  (An)+               0 unsupported          110 runtime
  -(An)               0 unsupported           42 runtime
  d16(An)             0 unsupported            3 runtime

[jit] indexed-mode fallbacks by extension form — 994 attributed (of 15885 total fallbacks)
  brief (d8,An/PC,Xn)          232   23.3%
  full 68020 format            506   50.9%
  mixed (both seen)            256   25.8%
  compiled slots: 534 brief, 224 full (cumulative over the run, not per phase)
  brief share if mixed is apportioned by slot ratio:  35.4%  (ESTIMATE)

[jit] fallback addressing — top MOVE source -> destination pairs
  (An)+    -> (An)+               0 unsupported         4903 runtime
  (An)     -> (An)+               0 unsupported         1841 runtime
  abs.W    -> d16(An)             0 unsupported          828 runtime
  d16(An)  -> d16(An)             0 unsupported          666 runtime
  idx(An)  -> Dn                  0 unsupported          241 runtime
  (An)     -> d16(An)             0 unsupported          223 runtime
  d16(An)  -> idx(An)             0 unsupported          216 runtime
  idx(An)  -> d16(An)             0 unsupported          172 runtime
  d16(An)  -> -(An)               0 unsupported          167 runtime
  idx(An)  -> An                  0 unsupported           82 runtime
  (An)+    -> (An)                0 unsupported           78 runtime
  (An)     -> Dn                 59 unsupported            0 runtime
  d16(An)  -> Dn                 59 unsupported            0 runtime
  abs.W    -> -(An)               0 unsupported           54 runtime
  d16(PC)  -> -(An)               0 unsupported           44 runtime
  (An)+    -> -(An)               0 unsupported           32 runtime
  d16(An)  -> (An)+               0 unsupported           30 runtime
  Dn       -> (An)+               0 unsupported           27 runtime
  d16(An)  -> (An)                0 unsupported           23 runtime
  (An)     -> abs.W               0 unsupported           22 runtime
  (An)+    -> d16(An)             0 unsupported           21 runtime
  -(An)    -> d16(An)            21 unsupported            0 runtime
  d16(An)  -> abs.W               0 unsupported           20 runtime
  An       -> (An)+               0 unsupported           20 runtime

[jit] opcode census — 558971 instructions, 3586 distinct
  move           211995   37.9%
  alu            116971   20.9%
  shift            8075    1.4%
  bitop            1882    0.3%
  muldiv           1665    0.3%
  addr            17424    3.1%
  multi           17673    3.2%
  cond              427    0.1%
  branch         173257   31.0%
  UNSAFE           9602    1.7%
  native         548237   98.1%  (backend 'aarch64')
  ── top 60 opcodes ──
  51C9 branch *      53811   9.63%  cum   9.6%
  12D8 move   *      34550   6.18%  cum  15.8%
  12C0 move   *      14246   2.55%  cum  18.4%
  7000 move   *      12029   2.15%  cum  20.5%
  4E75 branch *      11799   2.11%  cum  22.6%
  B3C2 alu    *       5688   1.02%  cum  23.6%
  6414 branch *       5687   1.02%  cum  24.7%
  1218 move   *       5276   0.94%  cum  25.6%
  6AF0 branch *       5276   0.94%  cum  26.5%
  4881 multi  *       5275   0.94%  cum  27.5%
  2055 move   *       4805   0.86%  cum  28.3%
  4EBA branch *       4537   0.81%  cum  29.2%
  2050 move   *       4203   0.75%  cum  29.9%
  4E5E addr   *       4150   0.74%  cum  30.7%
  0C40 alu    *       4091   0.73%  cum  31.4%
  1006 move   *       4030   0.72%  cum  32.1%
  6604 branch *       3746   0.67%  cum  32.8%
  6706 branch *       2925   0.52%  cum  33.3%
  2028 move   *       2868   0.51%  cum  33.8%
  206E move   *       2783   0.50%  cum  34.3%
  4CEE multi  *       2586   0.46%  cum  34.8%
  1018 move   *       2556   0.46%  cum  35.2%
  F200 UNSAFE         2500   0.45%  cum  35.7%
  60E8 branch *       2496   0.45%  cum  36.1%
  6718 branch *       2477   0.44%  cum  36.6%
  4E74 UNSAFE         2475   0.44%  cum  37.0%
  4CDF multi  *       2465   0.44%  cum  37.4%
  4E56 addr   *       2458   0.44%  cum  37.9%
  48E7 multi  *       2447   0.44%  cum  38.3%
  48C0 multi  *       2444   0.44%  cum  38.8%
  69F4 branch *       2437   0.44%  cum  39.2%
  4401 alu    *       2437   0.44%  cum  39.6%
  486E addr   *       2411   0.43%  cum  40.1%
  D1C0 alu    *       2389   0.43%  cum  40.5%
  202E move   *       2302   0.41%  cum  40.9%
  4840 addr   *       2267   0.41%  cum  41.3%
  4A05 alu    *       2261   0.40%  cum  41.7%
  D4C0 alu    *       2235   0.40%  cum  42.1%
  205F move   *       2219   0.40%  cum  42.5%
  4E90 branch *       2176   0.39%  cum  42.9%
  2078 move   *       2152   0.38%  cum  43.3%
  6712 branch *       2102   0.38%  cum  43.7%
  4A80 alu    *       2028   0.36%  cum  44.0%
  0C43 alu    *       1974   0.35%  cum  44.4%
  6000 branch *       1970   0.35%  cum  44.7%
  660A branch *       1898   0.34%  cum  45.1%
  20C0 move   *       1855   0.33%  cum  45.4%
  3619 move   *       1851   0.33%  cum  45.7%
  225F move   *       1846   0.33%  cum  46.1%
  206C move   *       1838   0.33%  cum  46.4%
  57CD branch *       1828   0.33%  cum  46.7%
  4A11 alu    *       1819   0.33%  cum  47.0%
  B692 alu    *       1814   0.32%  cum  47.4%
  6002 branch *       1777   0.32%  cum  47.7%
  0C00 alu    *       1775   0.32%  cum  48.0%
  2411 move   *       1751   0.31%  cum  48.3%
  C480 alu    *       1725   0.31%  cum  48.6%
  2068 move   *       1688   0.30%  cum  48.9%
  D086 alu    *       1670   0.30%  cum  49.2%
  1003 move   *       1594   0.29%  cum  49.5%

[jit] block fallback census — 1809 unsupported + 16823 runtime guard/access = 18632
  24D0 move              0 unsupported      13856 runtime  74.37%  (A0) -> (A2)+
  C029 alu             850 unsupported          0 runtime   4.56%
  5368 alu               0 unsupported        662 runtime   3.55%
  E290 shift           589 unsupported          0 runtime   3.16%
  4250 alu               0 unsupported        143 runtime   0.77%
  48E7 multi             0 unsupported        120 runtime   0.64%  EA=-(A7)
  24D8 move              0 unsupported        117 runtime   0.63%  (A0)+ -> (A2)+
  4C98 multi             0 unsupported        116 runtime   0.62%  EA=(A0)+
  22D8 move              0 unsupported        108 runtime   0.58%  (A0)+ -> (A1)+
  2F70 move              0 unsupported         94 runtime   0.50%  idx(A0) -> d16(A7)
  B189 alu               0 unsupported         91 runtime   0.49%
  2230 move              0 unsupported         79 runtime   0.42%  idx(A0) -> D1
  4CEE multi             0 unsupported         79 runtime   0.42%  EA=d16(A6)
  276E move              0 unsupported         78 runtime   0.42%  d16(A6) -> d16(A3)
  4CDF multi             0 unsupported         74 runtime   0.40%  EA=(A7)+
  9611 alu              67 unsupported          0 runtime   0.36%
  3151 move              0 unsupported         65 runtime   0.35%  (A1) -> d16(A0)
  1229 move             63 unsupported          0 runtime   0.34%  d16(A1) -> D1
  1411 move             63 unsupported          0 runtime   0.34%  (A1) -> D2
  C229 alu              63 unsupported          0 runtime   0.34%
  5268 alu               0 unsupported         63 runtime   0.34%
  08E8 bitop             0 unsupported         61 runtime   0.33%
  4EB0 branch            0 unsupported         60 runtime   0.32%
  169A move              0 unsupported         59 runtime   0.32%  (A2)+ -> (A3)
  2070 move              0 unsupported         58 runtime   0.31%  idx(A0) -> A0
  E0AC shift             0 unsupported         54 runtime   0.29%
  E4AD shift            51 unsupported          0 runtime   0.27%
  0891 bitop            15 unsupported         33 runtime   0.26%
  276C move              0 unsupported         36 runtime   0.19%  d16(A4) -> d16(A3)
  2378 move              0 unsupported         35 runtime   0.19%  abs.W -> d16(A1)
  E538 shift             0 unsupported         33 runtime   0.18%
  2F2D move              0 unsupported         33 runtime   0.18%  d16(A5) -> -(A7)
  2C36 move              0 unsupported         32 runtime   0.17%  idx(A6) -> D6
  08D1 bitop            17 unsupported         12 runtime   0.16%
  2D1F move              0 unsupported         27 runtime   0.14%  (A7)+ -> -(A6)
  48E6 multi             0 unsupported         27 runtime   0.14%  EA=-(A6)
  0811 bitop            24 unsupported          0 runtime   0.13%
  526C alu               0 unsupported         24 runtime   0.13%
  12D8 move              0 unsupported         23 runtime   0.12%  (A0)+ -> (A1)+
  2F38 move              0 unsupported         20 runtime   0.11%  abs.W -> -(A7)
  E16F shift             0 unsupported         20 runtime   0.11%
  129F move              0 unsupported         20 runtime   0.11%  (A7)+ -> (A1)
  4210 alu               0 unsupported         18 runtime   0.10%
  8195 alu               0 unsupported         17 runtime   0.09%
  2D51 move              0 unsupported         16 runtime   0.09%  (A1) -> d16(A6)
  6100 branch            0 unsupported         15 runtime   0.08%
  4E90 branch            0 unsupported         14 runtime   0.08%
  08F8 bitop             0 unsupported         14 runtime   0.08%
  2075 move              0 unsupported         13 runtime   0.07%  idx(A5) -> A0
  4269 alu               0 unsupported         12 runtime   0.06%
  2950 move              0 unsupported         12 runtime   0.06%  (A0) -> d16(A4)
  50E9 cond              0 unsupported         10 runtime   0.05%
  32D8 move              0 unsupported         10 runtime   0.05%  (A0)+ -> (A1)+
  2032 move              0 unsupported          9 runtime   0.05%  idx(A2) -> D0
  3F29 move              0 unsupported          9 runtime   0.05%  d16(A1) -> -(A7)
  B388 alu               0 unsupported          9 runtime   0.05%
  20D9 move              0 unsupported          8 runtime   0.04%  (A1)+ -> (A0)+
  16AC move              0 unsupported          7 runtime   0.04%  d16(A4) -> (A3)
  2178 move              0 unsupported          7 runtime   0.04%  abs.W -> d16(A0)
  2F2B move              0 unsupported          7 runtime   0.04%  d16(A3) -> -(A7)

[jit] bounded shift versions — 6 sites, 118 live, 2 saturated
  E0A9          0 unsupported          0 runtime           0 cap-interp          0 count>31
  E2AB          0 unsupported          0 runtime           0 cap-interp          0 count>31
  E4A4          0 unsupported          0 runtime           0 cap-interp          0 count>31
  E2AA          0 unsupported          0 runtime           0 cap-interp          0 count>31

[jit] runtime fallback causes
  fill/tag MMU             1708   10.15%  5368:381  24D8:117  4C98:114  2F70:94  B189:91  22D8:80  2230:79  3151:65
  non-plain/MMIO          13910   82.68%  24D0:13850  169A:59  16AC:1
  codeMask                  783    4.65%  5368:281  4250:143  276E:78  5268:63  22D8:27  2D1F:26  526C:23  48E6:21
  cross-page                314    1.87%  48E7:119  4CEE:72  4CDF:70  2F38:12  4E90:12  6100:6  236E:4  4E56:3
  other guard               108    0.64%  E0AC:54  E538:33  E16F:20  E0AB:1
  attributed              16823 /        16823 runtime  exact

[jit] exact non-plain/MMIO addresses — 13910 / 13910 exact
  op=24D0 R addr=$50F06060 page=$50F06 slice=0 mask=$0000 bytes=4         13850
  op=169A W addr=$50F10000 page=$50F10 slice=0 mask=$0000 bytes=1            59
  op=16AC W addr=$50F10000 page=$50F10 slice=0 mask=$0000 bytes=1             1

[jit] exact codeMask addresses — 783 / 783 exact
  op=5368 W addr=$0000C1AE page=$0000C slice=1 mask=$5FF2 bytes=2           274
  op=4250 W addr=$000AF278 page=$000AF slice=2 mask=$FA7C bytes=2            79
  op=276E W addr=$00003DFE page=$00003 slice=D mask=$3001 bytes=4            78
  op=4250 W addr=$00928744 page=$00928 slice=7 mask=$F8F0 bytes=2            64
  op=5268 W addr=$00928786 page=$00928 slice=7 mask=$F8F0 bytes=2            63
  op=526C W addr=$009287C6 page=$00928 slice=7 mask=$F8F0 bytes=2            23
  op=129F W addr=$00013D08 page=$00013 slice=D mask=$603E bytes=1            20
  op=4269 W addr=$0000E90A page=$0000E slice=9 mask=$0600 bytes=2            12
  op=50E9 W addr=$0000E90A page=$0000E slice=9 mask=$0600 bytes=1            10
  op=2D1F W addr=$00015850 page=$00015 slice=8 mask=$0300 bytes=4             9
  op=2D1F W addr=$00015818 page=$00015 slice=8 mask=$0300 bytes=4             8
  op=4210 W addr=$0003C520 page=$0003C slice=5 mask=$63FD bytes=1             7
  op=5351 W addr=$0003C544 page=$0003C slice=5 mask=$63FD bytes=2             6
  op=08D0 W addr=$0003C520 page=$0003C slice=5 mask=$63FD bytes=1             6
  op=5368 W addr=$00928786 page=$00928 slice=7 mask=$F8F0 bytes=2             5
  op=0210 W addr=$00013EB0 page=$00013 slice=E mask=$603E bytes=1             5
  op=4210 W addr=$00013EC8 page=$00013 slice=E mask=$603E bytes=1             4
  op=4258 W addr=$00013EB8 page=$00013 slice=E mask=$603E bytes=2             4
  op=4210 W addr=$00013EB0 page=$00013 slice=E mask=$603E bytes=1             4
  op=48E6 W addr=$00015854 page=$00015 slice=8 mask=$0300 bytes=16             4
  op=48E6 W addr=$0001581C page=$00015 slice=8 mask=$0300 bytes=48             4
  op=2D1F W addr=$0001584C page=$00015 slice=8 mask=$0300 bytes=4             4
  op=48E6 W addr=$000157E4 page=$00015 slice=7 mask=$0300 bytes=52             3
  op=0891 W addr=$00013D08 page=$00013 slice=D mask=$603E bytes=1             3
  op=536B W addr=$009ECD90 page=$009EC slice=D mask=$2AC0 bytes=2             3
  op=48E6 W addr=$000157F4 page=$00015 slice=7 mask=$0300 bytes=32             2
  op=D1AB W addr=$009287C0 page=$00928 slice=7 mask=$F8F0 bytes=4             2
  op=2338 W addr=$00972B2C page=$00972 slice=B mask=$0C00 bytes=4             2
  op=3338 W addr=$00972B2A page=$00972 slice=B mask=$0C00 bytes=2             2
  op=52AC W addr=$009287B8 page=$00928 slice=7 mask=$F8F0 bytes=4             2
  op=2D1F W addr=$00015860 page=$00015 slice=8 mask=$0300 bytes=4             2
  op=526B W addr=$009ECDB0 page=$009EC slice=D mask=$2AC0 bytes=2             2
  op=48E6 W addr=$00015844 page=$00015 slice=8 mask=$0300 bytes=24             2
  op=48E6 W addr=$00015838 page=$00015 slice=8 mask=$0300 bytes=12             2
  op=2D1F W addr=$00015840 page=$00015 slice=8 mask=$0300 bytes=4             2
  op=48E6 W addr=$0001580C page=$00015 slice=8 mask=$0300 bytes=52             2
  op=5368 W addr=$009ECDE0 page=$009EC slice=D mask=$2AC0 bytes=2             2
  op=22D8 W addr=$00013EF0 page=$00013 slice=E mask=$603E bytes=4             1
  op=48E6 W addr=$0001582A page=$00015 slice=8 mask=$0300 bytes=16             1
  op=08D1 W addr=$00013D08 page=$00013 slice=D mask=$603E bytes=1             1
  op=422A W addr=$0000DD0F page=$0000D slice=D mask=$23FC bytes=1             1
  op=22D0 W addr=$00013EE4 page=$00013 slice=E mask=$603E bytes=4             1
  op=8111 W addr=$00013EE0 page=$00013 slice=E mask=$603E bytes=1             1
  op=B511 W addr=$00013EE0 page=$00013 slice=E mask=$603E bytes=1             1
  op=22D8 W addr=$00013EFC page=$00013 slice=E mask=$603E bytes=4             1
  op=22D8 W addr=$00013EF8 page=$00013 slice=E mask=$603E bytes=4             1
  op=22D8 W addr=$00013EF4 page=$00013 slice=E mask=$603E bytes=4             1
  op=08D1 W addr=$0001457C page=$00014 slice=5 mask=$1FE0 bytes=1             1
  op=22D8 W addr=$00013EEC page=$00013 slice=E mask=$603E bytes=4             1
  op=22D8 W addr=$00013EE8 page=$00013 slice=E mask=$603E bytes=4             1
  op=8310 W addr=$00013EE0 page=$00013 slice=E mask=$603E bytes=1             1
  op=0210 W addr=$00013EE0 page=$00013 slice=E mask=$603E bytes=1             1
  op=B511 W addr=$00013EB0 page=$00013 slice=E mask=$603E bytes=1             1
  op=22D8 W addr=$00013EDC page=$00013 slice=E mask=$603E bytes=4             1
  op=22D8 W addr=$00013ED8 page=$00013 slice=E mask=$603E bytes=4             1
  op=22D8 W addr=$00013ED4 page=$00013 slice=E mask=$603E bytes=4             1
  op=22D8 W addr=$00013ED0 page=$00013 slice=E mask=$603E bytes=4             1
  op=22D8 W addr=$00013ECC page=$00013 slice=E mask=$603E bytes=4             1
  op=22D8 W addr=$00013EC8 page=$00013 slice=E mask=$603E bytes=4             1
  op=22D8 W addr=$00013EC4 page=$00013 slice=E mask=$603E bytes=4             1

[jit] exact cross-page addresses — 314 / 314 exact
  op=48E7 W addr=$00920FFC page=$00920 off=$FFC bytes=8            68
  op=4CEE R addr=$00920FFC page=$00920 off=$FFC bytes=8            68
  op=4CDF R addr=$00920FEC page=$00920 off=$FEC bytes=36            48
  op=48E7 W addr=$00920FEC page=$00920 off=$FEC bytes=36            26
  op=2F38 W addr=$009D7FFE page=$009D7 off=$FFE bytes=4            12
  op=4E90 W addr=$00920FFE page=$00920 off=$FFE bytes=4            12
  op=6100 W addr=$00920FFE page=$00920 off=$FFE bytes=4             6
  op=4CDF R addr=$00920FFE page=$00920 off=$FFE bytes=16             5
  op=48E7 W addr=$00920FFE page=$00920 off=$FFE bytes=16             5
  op=48E7 W addr=$009D7FF4 page=$009D7 off=$FF4 bytes=28             4
  op=4CDF R addr=$009D7FFC page=$009D7 off=$FFC bytes=20             4
  op=48E7 W addr=$009D7FFC page=$009D7 off=$FFC bytes=20             4
  op=236E W addr=$007BAFFE page=$007BA off=$FFE bytes=4             4
  op=4CDF R addr=$009D7FF4 page=$009D7 off=$FF4 bytes=28             4
  op=4E56 W addr=$00920FFE page=$00920 off=$FFE bytes=4             3
  op=4298 W addr=$007BAFFE page=$007BA off=$FFE bytes=4             2
  op=4C98 R addr=$007BAFFE page=$007BA off=$FFE bytes=8             2
  op=4CEE R addr=$00920FFA page=$00920 off=$FFA bytes=16             2
  op=48E7 W addr=$00920FFA page=$00920 off=$FFA bytes=16             2
  op=4869 W addr=$00920FFE page=$00920 off=$FFE bytes=4             2
  op=4A76 R addr=$00920FFE page=$00920 off=$FFE bytes=4             2
  op=4CDF R addr=$00920FFA page=$00920 off=$FFA bytes=24             1
  op=22D8 R addr=$007BAFFE page=$007BA off=$FFE bytes=4             1
  op=4CDF R addr=$00920FF6 page=$00920 off=$FF6 bytes=24             1
  op=48E7 W addr=$00920FF6 page=$00920 off=$FF6 bytes=24             1
  op=4CDF R addr=$00920FF4 page=$00920 off=$FF4 bytes=24             1
  op=48E7 W addr=$00920FFA page=$00920 off=$FFA bytes=24             1
  op=4CDF R addr=$00920FEE page=$00920 off=$FEE bytes=24             1
  op=48E7 W addr=$00920FEE page=$00920 off=$FEE bytes=24             1
  op=4CDF R addr=$00920FFE page=$00920 off=$FFE bytes=8             1
  op=48E7 W addr=$00920FFE page=$00920 off=$FFE bytes=8             1
  op=6162 W addr=$00920FFE page=$00920 off=$FFE bytes=4             1
  op=24C0 W addr=$00920FFE page=$00920 off=$FFE bytes=4             1
  op=4CDF R addr=$00920FEE page=$00920 off=$FEE bytes=20             1
  op=48E7 W addr=$00920FEE page=$00920 off=$FEE bytes=20             1
  op=4CDF R addr=$00920FF2 page=$00920 off=$FF2 bytes=16             1
  op=48E7 W addr=$00920FF2 page=$00920 off=$FF2 bytes=16             1
  op=4EBA W addr=$00920FFE page=$00920 off=$FFE bytes=4             1
  op=48E7 W addr=$00920FF6 page=$00920 off=$FF6 bytes=16             1
  op=4CEE R addr=$00920FF6 page=$00920 off=$FF6 bytes=16             1
  op=48E7 W addr=$00920FFE page=$00920 off=$FFE bytes=44             1
  op=4CDF R addr=$00920FFE page=$00920 off=$FFE bytes=44             1
  op=48E7 W addr=$00920FF8 page=$00920 off=$FF8 bytes=16             1
  op=E9D0 R addr=$000C3FFE page=$000C3 off=$FFE bytes=4             1
  op=E9D4 R addr=$40A7DFFD page=$40A7D off=$FFD bytes=4             1
  op=4CEE R addr=$00920FF8 page=$00920 off=$FF8 bytes=16             1
  op=24D9 R addr=$009D7FFE page=$009D7 off=$FFE bytes=4             1
  op=42A9 W addr=$007BAFFE page=$007BA off=$FFE bytes=4             1
  op=4CDF R addr=$009D7FF8 page=$009D7 off=$FF8 bytes=20             1
  op=48E7 W addr=$00920FF4 page=$00920 off=$FF4 bytes=24             1

[jit] exact other-runtime-access addresses — 108 / 108 exact
  op=E0AC R addr=$00000000 page=$00000 slice=0 mask=$0000 bytes=0            54
  op=E538 R addr=$00000000 page=$00000 slice=0 mask=$0000 bytes=0            33
  op=E16F R addr=$00000000 page=$00000 slice=0 mask=$0000 bytes=0            20
  op=E0AB R addr=$00000000 page=$00000 slice=0 mask=$0000 bytes=0             1

[jit] fallback addressing — MOVE source
  (An)               63 unsupported        13968 runtime
  (An)+               0 unsupported          380 runtime
  d16(An)            63 unsupported          229 runtime
  idx(An)             0 unsupported          289 runtime
  abs.W               0 unsupported           79 runtime
  Dn                  2 unsupported            4 runtime
  -(An)               2 unsupported            1 runtime
  d16(PC)             0 unsupported            3 runtime

[jit] fallback addressing — MOVE destination
  (An)+               0 unsupported        14151 runtime
  d16(An)             2 unsupported          374 runtime
  Dn                126 unsupported          120 runtime
  -(An)               0 unsupported          120 runtime
  (An)                2 unsupported           88 runtime
  An                  0 unsupported           71 runtime
  abs.W               0 unsupported           22 runtime
  idx(An)             0 unsupported            7 runtime

[jit] fallback addressing — MOVEM operand
  (An)+               0 unsupported          193 runtime
  -(An)               0 unsupported          147 runtime
  d16(An)             0 unsupported           79 runtime

[jit] indexed-mode fallbacks by extension form — 359 attributed (of 18632 total fallbacks)
  brief (d8,An/PC,Xn)            9    2.5%
  full 68020 format            187   52.1%
  mixed (both seen)            163   45.4%
  compiled slots: 558 brief, 229 full (cumulative over the run, not per phase)
  brief share if mixed is apportioned by slot ratio:  25.9%  (ESTIMATE)

[jit] fallback addressing — top MOVE source -> destination pairs
  (An)     -> (An)+               0 unsupported        13857 runtime
  (An)+    -> (An)+               0 unsupported          269 runtime
  d16(An)  -> d16(An)             0 unsupported          132 runtime
  idx(An)  -> Dn                  0 unsupported          120 runtime
  (An)     -> d16(An)             0 unsupported           99 runtime
  idx(An)  -> d16(An)             0 unsupported           94 runtime
  (An)+    -> (An)                0 unsupported           79 runtime
  idx(An)  -> An                  0 unsupported           71 runtime
  (An)     -> Dn                 63 unsupported            0 runtime
  d16(An)  -> Dn                 63 unsupported            0 runtime
  d16(An)  -> -(An)               0 unsupported           58 runtime
  abs.W    -> d16(An)             0 unsupported           46 runtime
  abs.W    -> -(An)               0 unsupported           28 runtime
  (An)+    -> -(An)               0 unsupported           27 runtime
  d16(An)  -> (An)+               0 unsupported           20 runtime
  d16(An)  -> abs.W               0 unsupported           11 runtime
  d16(An)  -> (An)                0 unsupported            8 runtime
  (An)     -> idx(An)             0 unsupported            7 runtime
  abs.W    -> abs.W               0 unsupported            5 runtime
  (An)     -> abs.W               0 unsupported            4 runtime
  Dn       -> (An)+               0 unsupported            4 runtime
  idx(An)  -> -(An)               0 unsupported            4 runtime
  (An)+    -> d16(An)             0 unsupported            3 runtime
  d16(PC)  -> -(An)               0 unsupported            3 runtime
boot: Finder up, SCSI 1751 commands
speedometer-test: mode=fpu done=1 frames=450 wall=0.949485s shape=0.055/0.138/1.000 fp=7e5b156c7e7efdf1 screen=e203493e22f88cf3
session: 43.1% of the screen changed, SCSI +556, fp=294d8982ca4c20f1 screen=3cfeb28831043d23
halted=0, SCSI 2307 commands total
