lcii_sony_trace: boost=4 (default), boot=hdv/boot.vhd, floppy=disks35/Stuffit_Expander_5.5.dsk
UTableBase=$0173F0 UnitNtryCnt=96
  unit  1: dce=$004A2C flags=$4F20 refNum=-5 drvr=$A6C3E0 '.Sony'
    refNum -5 raw dCtlDriver=$00A6C3E0  as ptr -> $A6C3E0 '.Sony'  as handle -> $000000 ''
  unit  3: dce=$004EC0 flags=$4E20 refNum=-4 drvr=$A51410 '.Sound'
  unit  4: dce=$004A2C flags=$4F20 refNum=-5 drvr=$A6C3E0 '.Sony'
    refNum -5 raw dCtlDriver=$00A6C3E0  as ptr -> $A6C3E0 '.Sony'  as handle -> $000000 ''
  unit  5: dce=$005134 flags=$4D00 refNum=-6 drvr=$A6ABCA '.AIn'
  unit  6: dce=$005174 flags=$4E00 refNum=-7 drvr=$A6ABE2 '.AOut'
  unit  7: dce=$0051B0 flags=$4D00 refNum=-8 drvr=$A6ABFA '.BIn'
  unit  8: dce=$0051EC flags=$4E00 refNum=-9 drvr=$A6AC12 '.BOut'
  unit  9: dce=$0F25DC flags=$4C00 refNum=-10 drvr=$09FE3C '.MPP'
  unit 10: dce=$0CC1B8 flags=$4400 refNum=-11 drvr=$0A22CC '.ATP'
  unit 32: dce=$00927C flags=$4F24 refNum=-33 drvr=$006772 '.ASYC00'
  unit 40: dce=$0EE970 flags=$4400 refNum=-41 drvr=$0A34C8 '.XPP'
  unit 48: dce=$004F10 flags=$4C20 refNum=-49 drvr=$0889FC '.Display_Video_Apple_V8'
  unit 50: dce=$0053E8 flags=$4D20 refNum=-51 drvr=$086CA8 '.AppleSoundInput'
  unit 51: dce=$0EE8A4 flags=$4400 refNum=-52 drvr=$0B78CC '.DSP'
driver .Sony at $A6C3E0, prime=$A6C406 ctl=$A6C414
inserted at machine clock 4167702924

[4168918847] _PostEvent diskEvt msg=$00000001 (drive 1, hi-word err 0 noErr)
[4168926548] _MountVol pb=$9C3C14 ioVRefNum=1 caller=$A1C81E
[4168941873] PRIME #1 READ off=$400 (sector 2) req=$200 buf=$00D0C4 posMode=1 pb=$9C3B96 caller=$A0B69E track=0
[4186432743] PRIME #1 -> -400 ?  (17490870 machine cycles, nib +68952, polls +4311, hits +931, lost +68236, track 0 -> 0)
             mid-data-field losses: 0
             buffer diverges at +$0:
               image : 42 44 D3 F2 2E 9A D3 F2 30 56 01 00 00 04 00 03 02 9D 0B 3A 00 00 02 00
               buffer: 00 00 00 00 00 00 00 00 00 00 00 00 00 00 00 00 00 00 00 00 00 00 00 00
  --- last 40 instructions before ?:
  $A099F2  move.l  A1, -(A7)                            D0=00004A2C D1=00A6D5DE D2=0000A055 A0=00A6E13F A1=00004A2C nib=68950
  $A099F4  move.w  D2, D1                               D0=00004A2C D1=00A6D5DE D2=0000A055 A0=00A6E13F A1=00004A2C nib=68950
  $A099F6  move.l  A2, ($14,A7)                         D0=00004A2C D1=00A6A055 D2=0000A055 A0=00A6E13F A1=00004A2C nib=68950
  $A099FA  andi.w  #$100, D2                            D0=00004A2C D1=00A6A055 D2=0000A055 A0=00A6E13F A1=00004A2C nib=68950
  $A099FE  bne     $a09a20                              D0=00004A2C D1=00A6A055 D2=00000000 A0=00A6E13F A1=00004A2C nib=68950
  $A09A00  move.b  D1, D2                               D0=00004A2C D1=00A6A055 D2=00000000 A0=00A6E13F A1=00004A2C nib=68951
  $A09A02  move.l  A0, -(A7)                            D0=00004A2C D1=00A6A055 D2=00000055 A0=00A6E13F A1=00004A2C nib=68951
  $A09A04  jsr     ([$400, D2.w*4], $0)                 D0=00004A2C D1=00A6A055 D2=00000055 A0=00A6E13F A1=00004A2C nib=68951
  $A0D76C  and.l   $31a.w, D0                           D0=00004A2C D1=00A6A055 D2=00000055 A0=00A6E13F A1=00004A2C nib=68951
  $A0D770  rts                                          D0=00004A2C D1=00A6A055 D2=00000055 A0=00A6E13F A1=00004A2C nib=68951
  $A09A0A  movea.l (A7)+, A0                            D0=00004A2C D1=00A6A055 D2=00000055 A0=00A6E13F A1=00004A2C nib=68951
  $A09A0C  movea.l (A7)+, A1                            D0=00004A2C D1=00A6A055 D2=00000055 A0=00A6E13F A1=00004A2C nib=68951
  $A09A0E  move.l  (A7)+, D1                            D0=00004A2C D1=00A6A055 D2=00000055 A0=00A6E13F A1=00004A2C nib=68951
  $A09A10  move.l  (A7)+, D2                            D0=00004A2C D1=00A6D5DE D2=00000055 A0=00A6E13F A1=00004A2C nib=68951
  $A09A12  movea.l (A7)+, A2                            D0=00004A2C D1=00A6D5DE D2=00000005 A0=00A6E13F A1=00004A2C nib=68951
  $A09A14  tst.w   D0                                   D0=00004A2C D1=00A6D5DE D2=00000005 A0=00A6E13F A1=00004A2C nib=68951
  $A09A16  addq.w  #$4, A7                              D0=00004A2C D1=00A6D5DE D2=00000005 A0=00A6E13F A1=00004A2C nib=68951
  $A09A18  rts                                          D0=00004A2C D1=00A6D5DE D2=00000005 A0=00A6E13F A1=00004A2C nib=68951
  $A0B57A  movea.l D0, A1                               D0=00004A2C D1=00A6D5DE D2=00000005 A0=00A6E13F A1=00004A2C nib=68951
  $A0B57C  move.l  (A7)+, D0                            D0=00004A2C D1=00A6D5DE D2=00000005 A0=00A6E13F A1=00004A2C nib=68951
  $A0B57E  bsr     $a0b584                              D0=00A6FE70 D1=00A6D5DE D2=00000005 A0=00A6E13F A1=00004A2C nib=68951
  $A0B584  move.l  ($8,A1), D1                          D0=00A6FE70 D1=00A6D5DE D2=00000005 A0=00A6E13F A1=00004A2C nib=68951
  $A0B588  beq     $a0b5aa                              D0=00A6FE70 D1=009C3B96 D2=00000005 A0=00A6E13F A1=00004A2C nib=68951
  $A0B58A  move.w  SR, -(A7)                            D0=00A6FE70 D1=009C3B96 D2=00000005 A0=00A6E13F A1=00004A2C nib=68951
  $A0B58C  move.w  SR, D1                               D0=00A6FE70 D1=009C3B96 D2=00000005 A0=00A6E13F A1=00004A2C nib=68951
  $A0B58E  ori.w   #$700, SR                            D0=00A6FE70 D1=009C2000 D2=00000005 A0=00A6E13F A1=00004A2C nib=68951
  $A0B592  bsr     $a0b5a4                              D0=00A6FE70 D1=009C2000 D2=00000005 A0=00A6E13F A1=00004A2C nib=68951
  $A0B5A4  bclr    #$7, ($5,A1)                         D0=00A6FE70 D1=009C2000 D2=00000005 A0=00A6E13F A1=00004A2C nib=68951
  $A0B5AA  btst    #$6, ($4,A1)                         D0=00A6FE70 D1=009C2000 D2=00000005 A0=00A6E13F A1=00004A2C nib=68951
  $A0B5B0  bne     $a0b5c0                              D0=00A6FE70 D1=009C2000 D2=00000005 A0=00A6E13F A1=00004A2C nib=68951
  $A0B5C0  rts                                          D0=00A6FE70 D1=009C2000 D2=00000005 A0=00A6E13F A1=00004A2C nib=68951
  $A0B594  bsr     $a0b5c2                              D0=00A6FE70 D1=009C2000 D2=00000005 A0=00A6E13F A1=00004A2C nib=68952
  $A0B5C2  movea.l ($8,A1), A0                          D0=00A6FE70 D1=009C2000 D2=00000005 A0=00A6E13F A1=00004A2C nib=68952
  $A0B5C6  cmpi.w  #$2, ($4,A0)                         D0=00A6FE70 D1=009C2000 D2=00000005 A0=009C3B96 A1=00004A2C nib=68952
  $A0B5CC  bne     $a0b566                              D0=00A6FE70 D1=009C2000 D2=00000005 A0=009C3B96 A1=00004A2C nib=68952
  $A0B5CE  move.l  (A0), ($8,A1)                        D0=00A6FE70 D1=009C2000 D2=00000005 A0=009C3B96 A1=00004A2C nib=68952
  $A0B5D2  bne     $a0b5d8                              D0=00A6FE70 D1=009C2000 D2=00000005 A0=009C3B96 A1=00004A2C nib=68952
  $A0B5D4  clr.l   ($c,A1)                              D0=00A6FE70 D1=009C2000 D2=00000005 A0=009C3B96 A1=00004A2C nib=68952
  $A0B5D8  move.w  D1, SR                               D0=00A6FE70 D1=009C2000 D2=00000005 A0=009C3B96 A1=00004A2C nib=68952
  $A0B5DA  move.w  D0, ($10,A0)                         D0=00A6FE70 D1=009C2000 D2=00000005 A0=009C3B96 A1=00004A2C nib=68952
  (live trace armed for the next Prime, 900 instructions)
[4186437373] PRIME #2 READ off=$400 (sector 2) req=$200 buf=$06FEB4 posMode=1 pb=$0003A4 caller=$A0B69E track=0
T $A6C406  move.l  $226.w, -(A7)                        D0=00000000 D1=00000026 D2=80004A2C A0=000003A4 A1=80004A2C nib=68971
T $A6C40A  rts                                          D0=00000000 D1=00000026 D2=80004A2C A0=000003A4 A1=80004A2C nib=68971
T $A6CE9A  ori.w   #$100, SR                            D0=00000000 D1=00000026 D2=80004A2C A0=000003A4 A1=80004A2C nib=68971
T $A6CE9E  move.w  ($6,A0), D3                          D0=00000000 D1=00000026 D2=80004A2C A0=000003A4 A1=80004A2C nib=68971
T $A6CEA2  btst    #$6, ($2d,A0)                        D0=00000000 D1=00000026 D2=80004A2C A0=000003A4 A1=80004A2C nib=68971
T $A6CEA8  sne     $12c.w                               D0=00000000 D1=00000026 D2=80004A2C A0=000003A4 A1=80004A2C nib=68971
T $A6CEAC  bsr     $a6ce6a                              D0=00000000 D1=00000026 D2=80004A2C A0=000003A4 A1=80004A2C nib=68971
T $A6CE6A  movea.l $134.w, A1                           D0=00000000 D1=00000026 D2=80004A2C A0=000003A4 A1=80004A2C nib=68971
T $A6CE6E  st      ($19,A1)                             D0=00000000 D1=00000026 D2=80004A2C A0=000003A4 A1=00004A68 nib=68971
T $A6CE72  move.w  ($16,A0), D0                         D0=00000000 D1=00000026 D2=80004A2C A0=000003A4 A1=00004A68 nib=68971
T $A6CE76  beq     $a6ce90                              D0=00000001 D1=00000026 D2=80004A2C A0=000003A4 A1=00004A68 nib=68971
T $A6CE78  cmpi.w  #$4, D0                              D0=00000001 D1=00000026 D2=80004A2C A0=000003A4 A1=00004A68 nib=68971
T $A6CE7C  bhi     $a6ce90                              D0=00000001 D1=00000026 D2=80004A2C A0=000003A4 A1=00004A68 nib=68971
T $A6CE7E  move.w  ($12,A1), ($112,A1)                  D0=00000001 D1=00000026 D2=80004A2C A0=000003A4 A1=00004A68 nib=68971
T $A6CE84  move.w  D0, ($12,A1)                         D0=00000001 D1=00000026 D2=80004A2C A0=000003A4 A1=00004A68 nib=68971
T $A6CE88  bsr     $a6d3f2                              D0=00000001 D1=00000026 D2=80004A2C A0=000003A4 A1=00004A68 nib=68971
T $A6D3F2  bsr     $a6d3fa                              D0=00000001 D1=00000026 D2=80004A2C A0=000003A4 A1=00004A68 nib=68971
T $A6D3FA  movea.l $134.w, A1                           D0=00000001 D1=00000026 D2=80004A2C A0=000003A4 A1=00004A68 nib=68971
T $A6D3FE  move.w  ($12,A1), D1                         D0=00000001 D1=00000026 D2=80004A2C A0=000003A4 A1=00004A68 nib=68972
T $A6D402  cmpi.w  #$4, D1                              D0=00000001 D1=00000001 D2=80004A2C A0=000003A4 A1=00004A68 nib=68972
T $A6D406  bls     $a6d40a                              D0=00000001 D1=00000001 D2=80004A2C A0=000003A4 A1=00004A68 nib=68972
T $A6D40A  add.w   D1, D1                               D0=00000001 D1=00000001 D2=80004A2C A0=000003A4 A1=00004A68 nib=68972
T $A6D40C  rts                                          D0=00000001 D1=00000002 D2=80004A2C A0=000003A4 A1=00004A68 nib=68972
T $A6D3F4  move.w  (-$26,PC,D1.w), D1                   D0=00000001 D1=00000002 D2=80004A2C A0=000003A4 A1=00004A68 nib=68972
T $A6D3F8  rts                                          D0=00000001 D1=0000004A D2=80004A2C A0=000003A4 A1=00004A68 nib=68972
T $A6CE8C  moveq   #$0, D0                              D0=00000001 D1=0000004A D2=80004A2C A0=000003A4 A1=00004A68 nib=68972
T $A6CE8E  rts                                          D0=00000000 D1=0000004A D2=80004A2C A0=000003A4 A1=00004A68 nib=68972
T $A6CEAE  bne     $a6cf56                              D0=00000000 D1=0000004A D2=80004A2C A0=000003A4 A1=00004A68 nib=68972
T $A6CEB2  move.w  D3, ($32,A1)                         D0=00000000 D1=0000004A D2=80004A2C A0=000003A4 A1=00004A68 nib=68972
T $A6CEB6  moveq   #-$40, D0                            D0=00000000 D1=0000004A D2=80004A2C A0=000003A4 A1=00004A68 nib=68972
T $A6CEB8  tst.b   ($4,A1,D1.w)                         D0=FFFFFFC0 D1=0000004A D2=80004A2C A0=000003A4 A1=00004A68 nib=68972
T $A6CEBC  bmi     $a6cf56                              D0=FFFFFFC0 D1=0000004A D2=80004A2C A0=000003A4 A1=00004A68 nib=68972
T $A6CEC0  tst.b   ($138,A1)                            D0=FFFFFFC0 D1=0000004A D2=80004A2C A0=000003A4 A1=00004A68 nib=68972
T $A6CEC4  bpl     $a6ceca                              D0=FFFFFFC0 D1=0000004A D2=80004A2C A0=000003A4 A1=00004A68 nib=68972
T $A6CEC6  bsr     $a6eaf8                              D0=FFFFFFC0 D1=0000004A D2=80004A2C A0=000003A4 A1=00004A68 nib=68972
T $A6EAF8  bsr     $a6d3f2                              D0=FFFFFFC0 D1=0000004A D2=80004A2C A0=000003A4 A1=00004A68 nib=68972
T $A6D3F2  bsr     $a6d3fa                              D0=FFFFFFC0 D1=0000004A D2=80004A2C A0=000003A4 A1=00004A68 nib=68972
T $A6D3FA  movea.l $134.w, A1                           D0=FFFFFFC0 D1=0000004A D2=80004A2C A0=000003A4 A1=00004A68 nib=68972
T $A6D3FE  move.w  ($12,A1), D1                         D0=FFFFFFC0 D1=0000004A D2=80004A2C A0=000003A4 A1=00004A68 nib=68972
T $A6D402  cmpi.w  #$4, D1                              D0=FFFFFFC0 D1=00000001 D2=80004A2C A0=000003A4 A1=00004A68 nib=68972
T $A6D406  bls     $a6d40a                              D0=FFFFFFC0 D1=00000001 D2=80004A2C A0=000003A4 A1=00004A68 nib=68972
T $A6D40A  add.w   D1, D1                               D0=FFFFFFC0 D1=00000001 D2=80004A2C A0=000003A4 A1=00004A68 nib=68972
T $A6D40C  rts                                          D0=FFFFFFC0 D1=00000002 D2=80004A2C A0=000003A4 A1=00004A68 nib=68972
T $A6D3F4  move.w  (-$26,PC,D1.w), D1                   D0=FFFFFFC0 D1=00000002 D2=80004A2C A0=000003A4 A1=00004A68 nib=68972
T $A6D3F8  rts                                          D0=FFFFFFC0 D1=0000004A D2=80004A2C A0=000003A4 A1=00004A68 nib=68972
T $A6EAFC  tst.b   ($138,A1)                            D0=FFFFFFC0 D1=0000004A D2=80004A2C A0=000003A4 A1=00004A68 nib=68973
T $A6EB00  bpl     $a6d63e                              D0=FFFFFFC0 D1=0000004A D2=80004A2C A0=000003A4 A1=00004A68 nib=68973
T $A6EB04  move.w  SR, -(A7)                            D0=FFFFFFC0 D1=0000004A D2=80004A2C A0=000003A4 A1=00004A68 nib=68973
T $A6EB06  ori.w   #$700, SR                            D0=FFFFFFC0 D1=0000004A D2=80004A2C A0=000003A4 A1=00004A68 nib=68973
T $A6EB0A  moveq   #$1, D2                              D0=FFFFFFC0 D1=0000004A D2=80004A2C A0=000003A4 A1=00004A68 nib=68973
T $A6EB0C  movea.l $1e0.w, A0                           D0=FFFFFFC0 D1=0000004A D2=00000001 A0=000003A4 A1=00004A68 nib=68973
T $A6EB10  move.b  #$38, ($c00,A0)                      D0=FFFFFFC0 D1=0000004A D2=00000001 A0=50F16000 A1=00004A68 nib=68973
T $A6EB16  moveq   #-$b, D0                             D0=FFFFFFC0 D1=0000004A D2=00000001 A0=50F16000 A1=00004A68 nib=68973
T $A6EB18  move.b  D0, ($800,A0)                        D0=FFFFFFF5 D1=0000004A D2=00000001 A0=50F16000 A1=00004A68 nib=68973
T $A6EB1C  cmp.b   ($1800,A0), D0                       D0=FFFFFFF5 D1=0000004A D2=00000001 A0=50F16000 A1=00004A68 nib=68973
T $A6EB20  bne     $a6eb4a                              D0=FFFFFFF5 D1=0000004A D2=00000001 A0=50F16000 A1=00004A68 nib=68973
T $A6EB4A  clr.b   ($139,A1)                            D0=FFFFFFF5 D1=0000004A D2=00000001 A0=50F16000 A1=00004A68 nib=68973
T $A6EB4E  move.l  D2, -(A7)                            D0=FFFFFFF5 D1=0000004A D2=00000001 A0=50F16000 A1=00004A68 nib=68973
T $A6EB50  bsr     $a6d63e                              D0=FFFFFFF5 D1=0000004A D2=00000001 A0=50F16000 A1=00004A68 nib=68973
T $A6D63E  tst.b   ($1a00,A0)                           D0=FFFFFFF5 D1=0000004A D2=00000001 A0=50F16000 A1=00004A68 nib=68973
T $A6D642  moveq   #$1f, D0                             D0=FFFFFFF5 D1=0000004A D2=00000001 A0=50F16000 A1=00004A68 nib=68973
T $A6D644  and.b   ($1c00,A0), D0                       D0=0000001F D1=0000004A D2=00000001 A0=50F16000 A1=00004A68 nib=68973
T $A6D648  tst.b   ($1800,A0)                           D0=00000017 D1=0000004A D2=00000001 A0=50F16000 A1=00004A68 nib=68973
T $A6D64C  cmpi.b  #$17, D0                             D0=00000017 D1=0000004A D2=00000001 A0=50F16000 A1=00004A68 nib=68973
T $A6D650  beq     $a6d682                              D0=00000017 D1=0000004A D2=00000001 A0=50F16000 A1=00004A68 nib=68973
T $A6D682  tst.b   ($1800,A0)                           D0=00000017 D1=0000004A D2=00000001 A0=50F16000 A1=00004A68 nib=68973
T $A6D686  moveq   #$0, D0                              D0=00000017 D1=0000004A D2=00000001 A0=50F16000 A1=00004A68 nib=68973
T $A6D688  rts                                          D0=00000000 D1=0000004A D2=00000001 A0=50F16000 A1=00004A68 nib=68973
T $A6EB54  move.l  (A7)+, D2                            D0=00000000 D1=0000004A D2=00000001 A0=50F16000 A1=00004A68 nib=68973
T $A6EB56  tst.w   D0                                   D0=00000000 D1=0000004A D2=00000001 A0=50F16000 A1=00004A68 nib=68973
T $A6EB58  bne     $a6ebb2                              D0=00000000 D1=0000004A D2=00000001 A0=50F16000 A1=00004A68 nib=68973
T $A6EB5A  tst.b   ($17,A1,D1.w)                        D0=00000000 D1=0000004A D2=00000001 A0=50F16000 A1=00004A68 nib=68973
T $A6EB5E  bpl     $a6ebb2                              D0=00000000 D1=0000004A D2=00000001 A0=50F16000 A1=00004A68 nib=68973
T $A6EB60  tst.b   ($1c00,A0)                           D0=00000000 D1=0000004A D2=00000001 A0=50F16000 A1=00004A68 nib=68973
T $A6EB64  tst.b   ($1000,A0)                           D0=00000000 D1=0000004A D2=00000001 A0=50F16000 A1=00004A68 nib=68973
T $A6EB68  tst.b   ($1a00,A0)                           D0=00000000 D1=0000004A D2=00000001 A0=50F16000 A1=00004A68 nib=68973
T $A6EB6C  moveq   #$57, D0                             D0=00000000 D1=0000004A D2=00000001 A0=50F16000 A1=00004A68 nib=68973
T $A6EB6E  move.b  D0, ($1e00,A0)                       D0=00000057 D1=0000004A D2=00000001 A0=50F16000 A1=00004A68 nib=68973
T $A6EB72  move.b  #$17, ($1e00,A0)                     D0=00000057 D1=0000004A D2=00000001 A0=50F16000 A1=00004A68 nib=68973
T $A6EB78  move.b  D0, ($1e00,A0)                       D0=00000057 D1=0000004A D2=00000001 A0=50F16000 A1=00004A68 nib=68973
T $A6EB7C  move.b  D0, ($1e00,A0)                       D0=00000057 D1=0000004A D2=00000001 A0=50F16000 A1=00004A68 nib=68973
T $A6EB80  dbra    D2, $a6eb0c                          D0=00000057 D1=0000004A D2=00000001 A0=50F16000 A1=00004A68 nib=68973
T $A6EB0C  movea.l $1e0.w, A0                           D0=00000057 D1=0000004A D2=00000000 A0=50F16000 A1=00004A68 nib=68973
T $A6EB10  move.b  #$38, ($c00,A0)                      D0=00000057 D1=0000004A D2=00000000 A0=50F16000 A1=00004A68 nib=68973
T $A6EB16  moveq   #-$b, D0                             D0=00000057 D1=0000004A D2=00000000 A0=50F16000 A1=00004A68 nib=68973
T $A6EB18  move.b  D0, ($800,A0)                        D0=FFFFFFF5 D1=0000004A D2=00000000 A0=50F16000 A1=00004A68 nib=68973
T $A6EB1C  cmp.b   ($1800,A0), D0                       D0=FFFFFFF5 D1=0000004A D2=00000000 A0=50F16000 A1=00004A68 nib=68973
T $A6EB20  bne     $a6eb4a                              D0=FFFFFFF5 D1=0000004A D2=00000000 A0=50F16000 A1=00004A68 nib=68973
T $A6EB22  moveq   #-$a, D0                             D0=FFFFFFF5 D1=0000004A D2=00000000 A0=50F16000 A1=00004A68 nib=68973
T $A6EB24  move.b  D0, ($800,A0)                        D0=FFFFFFF6 D1=0000004A D2=00000000 A0=50F16000 A1=00004A68 nib=68973
T $A6EB28  cmp.b   ($1800,A0), D0                       D0=FFFFFFF6 D1=0000004A D2=00000000 A0=50F16000 A1=00004A68 nib=68973
T $A6EB2C  bne     $a6eb4a                              D0=FFFFFFF6 D1=0000004A D2=00000000 A0=50F16000 A1=00004A68 nib=68973
T $A6EB2E  moveq   #-$9, D0                             D0=FFFFFFF6 D1=0000004A D2=00000000 A0=50F16000 A1=00004A68 nib=68973
T $A6EB30  move.b  D0, ($800,A0)                        D0=FFFFFFF7 D1=0000004A D2=00000000 A0=50F16000 A1=00004A68 nib=68973
T $A6EB34  cmp.b   ($1800,A0), D0                       D0=FFFFFFF7 D1=0000004A D2=00000000 A0=50F16000 A1=00004A68 nib=68973
T $A6EB38  bne     $a6eb4a                              D0=FFFFFFF7 D1=0000004A D2=00000000 A0=50F16000 A1=00004A68 nib=68973
T $A6EB3A  tst.b   ($17,A1,D1.w)                        D0=FFFFFFF7 D1=0000004A D2=00000000 A0=50F16000 A1=00004A68 nib=68973
T $A6EB3E  bmi     $a6eb86                              D0=FFFFFFF7 D1=0000004A D2=00000000 A0=50F16000 A1=00004A68 nib=68973
T $A6EB86  move.b  #$38, ($c00,A0)                      D0=FFFFFFF7 D1=0000004A D2=00000000 A0=50F16000 A1=00004A68 nib=68973
T $A6EB8C  move.b  #$c0, ($400,A0)                      D0=FFFFFFF7 D1=0000004A D2=00000000 A0=50F16000 A1=00004A68 nib=68973
T $A6EB92  moveq   #$20, D0                             D0=FFFFFFF7 D1=0000004A D2=00000000 A0=50F16000 A1=00004A68 nib=68973
T $A6EB94  move.b  D0, ($a00,A0)                        D0=00000020 D1=0000004A D2=00000000 A0=50F16000 A1=00004A68 nib=68973
T $A6EB98  cmp.b   ($1a00,A0), D0                       D0=00000020 D1=0000004A D2=00000000 A0=50F16000 A1=00004A68 nib=68973
T $A6EB9C  bne     $a6eba2                              D0=00000020 D1=0000004A D2=00000000 A0=50F16000 A1=00004A68 nib=68973
T $A6EB9E  bsr     $a6ebb8                              D0=00000020 D1=0000004A D2=00000000 A0=50F16000 A1=00004A68 nib=68973
T $A6EBB8  move.w  ($0,A1,D1.w), D0                     D0=00000020 D1=0000004A D2=00000000 A0=50F16000 A1=00004A68 nib=68973
T $A6EBBC  movea.l $1d4.w, A1                           D0=00000000 D1=0000004A D2=00000000 A0=50F16000 A1=00004A68 nib=68973
T $A6EBC0  adda.w  #$1e00, A1                           D0=00000000 D1=0000004A D2=00000000 A0=50F16000 A1=50F00000 nib=68973
T $A6EBC4  lea     ($52,PC), A2; ($a6ec18)              D0=00000000 D1=0000004A D2=00000000 A0=50F16000 A1=50F01E00 nib=68973
T $A6EBC8  addq.w  #$2, A2                              D0=00000000 D1=0000004A D2=00000000 A0=50F16000 A1=50F01E00 nib=68973
T $A6EBCA  cmp.w   (A2)+, D0                            D0=00000000 D1=0000004A D2=00000000 A0=50F16000 A1=50F01E00 nib=68973
T $A6EBCC  bge     $a6ebc8                              D0=00000000 D1=0000004A D2=00000000 A0=50F16000 A1=50F01E00 nib=68973
T $A6EBCE  move.w  (A2), D0                             D0=00000000 D1=0000004A D2=00000000 A0=50F16000 A1=50F01E00 nib=68973
T $A6EBD0  lea     ($48,PC,D0.w), A2                    D0=00000010 D1=0000004A D2=00000000 A0=50F16000 A1=50F01E00 nib=68973
T $A6EBD4  moveq   #$4, D2                              D0=00000010 D1=0000004A D2=00000000 A0=50F16000 A1=50F01E00 nib=68973
T $A6EBD6  move.b  #$38, ($c00,A0)                      D0=00000010 D1=0000004A D2=00000004 A0=50F16000 A1=50F01E00 nib=68973
T $A6EBDC  swap    D2                                   D0=00000010 D1=0000004A D2=00000004 A0=50F16000 A1=50F01E00 nib=68973
T $A6EBDE  moveq   #$f, D0                              D0=00000010 D1=0000004A D2=00040000 A0=50F16000 A1=50F01E00 nib=68973
T $A6EBE0  move.b  (A1), (A1)                           D0=0000000F D1=0000004A D2=00040000 A0=50F16000 A1=50F01E00 nib=68973
T $A6EBE2  move.b  ($1600,A0), D2                       D0=0000000F D1=0000004A D2=00040000 A0=50F16000 A1=50F01E00 nib=68973
T $A6EBE6  cmp.b   ($0,A2,D0.w), D2                     D0=0000000F D1=0000004A D2=00040000 A0=50F16000 A1=50F01E00 nib=68973
T $A6EBEA  dbne    D0, $a6ebe0                          D0=0000000F D1=0000004A D2=00040000 A0=50F16000 A1=50F01E00 nib=68973
T $A6EBEE  bne     $a6ebf8                              D0=0000000F D1=0000004A D2=00040000 A0=50F16000 A1=50F01E00 nib=68973
T $A6EBF8  move.b  #$38, ($c00,A0)                      D0=0000000F D1=0000004A D2=00040000 A0=50F16000 A1=50F01E00 nib=68973
T $A6EBFE  moveq   #$f, D0                              D0=0000000F D1=0000004A D2=00040000 A0=50F16000 A1=50F01E00 nib=68973
T $A6EC00  move.b  (A1), (A1)                           D0=0000000F D1=0000004A D2=00040000 A0=50F16000 A1=50F01E00 nib=68973
T $A6EC02  move.b  ($0,A2,D0.w), ($600,A0)              D0=0000000F D1=0000004A D2=00040000 A0=50F16000 A1=50F01E00 nib=68973
T $A6EC08  dbra    D0, $a6ec00                          D0=0000000F D1=0000004A D2=00040000 A0=50F16000 A1=50F01E00 nib=68973
T $A6EC00  move.b  (A1), (A1)                           D0=0000000E D1=0000004A D2=00040000 A0=50F16000 A1=50F01E00 nib=68973
T $A6EC02  move.b  ($0,A2,D0.w), ($600,A0)              D0=0000000E D1=0000004A D2=00040000 A0=50F16000 A1=50F01E00 nib=68973
T $A6EC08  dbra    D0, $a6ec00                          D0=0000000E D1=0000004A D2=00040000 A0=50F16000 A1=50F01E00 nib=68973
T $A6EC00  move.b  (A1), (A1)                           D0=0000000D D1=0000004A D2=00040000 A0=50F16000 A1=50F01E00 nib=68973
T $A6EC02  move.b  ($0,A2,D0.w), ($600,A0)              D0=0000000D D1=0000004A D2=00040000 A0=50F16000 A1=50F01E00 nib=68973
T $A6EC08  dbra    D0, $a6ec00                          D0=0000000D D1=0000004A D2=00040000 A0=50F16000 A1=50F01E00 nib=68973
T $A6EC00  move.b  (A1), (A1)                           D0=0000000C D1=0000004A D2=00040000 A0=50F16000 A1=50F01E00 nib=68973
T $A6EC02  move.b  ($0,A2,D0.w), ($600,A0)              D0=0000000C D1=0000004A D2=00040000 A0=50F16000 A1=50F01E00 nib=68973
T $A6EC08  dbra    D0, $a6ec00                          D0=0000000C D1=0000004A D2=00040000 A0=50F16000 A1=50F01E00 nib=68973
T $A6EC00  move.b  (A1), (A1)                           D0=0000000B D1=0000004A D2=00040000 A0=50F16000 A1=50F01E00 nib=68973
T $A6EC02  move.b  ($0,A2,D0.w), ($600,A0)              D0=0000000B D1=0000004A D2=00040000 A0=50F16000 A1=50F01E00 nib=68973
T $A6EC08  dbra    D0, $a6ec00                          D0=0000000B D1=0000004A D2=00040000 A0=50F16000 A1=50F01E00 nib=68973
T $A6EC00  move.b  (A1), (A1)                           D0=0000000A D1=0000004A D2=00040000 A0=50F16000 A1=50F01E00 nib=68973
T $A6EC02  move.b  ($0,A2,D0.w), ($600,A0)              D0=0000000A D1=0000004A D2=00040000 A0=50F16000 A1=50F01E00 nib=68973
T $A6EC08  dbra    D0, $a6ec00                          D0=0000000A D1=0000004A D2=00040000 A0=50F16000 A1=50F01E00 nib=68973
T $A6EC00  move.b  (A1), (A1)                           D0=00000009 D1=0000004A D2=00040000 A0=50F16000 A1=50F01E00 nib=68973
T $A6EC02  move.b  ($0,A2,D0.w), ($600,A0)              D0=00000009 D1=0000004A D2=00040000 A0=50F16000 A1=50F01E00 nib=68973
T $A6EC08  dbra    D0, $a6ec00                          D0=00000009 D1=0000004A D2=00040000 A0=50F16000 A1=50F01E00 nib=68973
T $A6EC00  move.b  (A1), (A1)                           D0=00000008 D1=0000004A D2=00040000 A0=50F16000 A1=50F01E00 nib=68973
T $A6EC02  move.b  ($0,A2,D0.w), ($600,A0)              D0=00000008 D1=0000004A D2=00040000 A0=50F16000 A1=50F01E00 nib=68973
T $A6EC08  dbra    D0, $a6ec00                          D0=00000008 D1=0000004A D2=00040000 A0=50F16000 A1=50F01E00 nib=68973
T $A6EC00  move.b  (A1), (A1)                           D0=00000007 D1=0000004A D2=00040000 A0=50F16000 A1=50F01E00 nib=68973
T $A6EC02  move.b  ($0,A2,D0.w), ($600,A0)              D0=00000007 D1=0000004A D2=00040000 A0=50F16000 A1=50F01E00 nib=68973
T $A6EC08  dbra    D0, $a6ec00                          D0=00000007 D1=0000004A D2=00040000 A0=50F16000 A1=50F01E00 nib=68973
T $A6EC00  move.b  (A1), (A1)                           D0=00000006 D1=0000004A D2=00040000 A0=50F16000 A1=50F01E00 nib=68973
T $A6EC02  move.b  ($0,A2,D0.w), ($600,A0)              D0=00000006 D1=0000004A D2=00040000 A0=50F16000 A1=50F01E00 nib=68973
T $A6EC08  dbra    D0, $a6ec00                          D0=00000006 D1=0000004A D2=00040000 A0=50F16000 A1=50F01E00 nib=68973
T $A6EC00  move.b  (A1), (A1)                           D0=00000005 D1=0000004A D2=00040000 A0=50F16000 A1=50F01E00 nib=68973
T $A6EC02  move.b  ($0,A2,D0.w), ($600,A0)              D0=00000005 D1=0000004A D2=00040000 A0=50F16000 A1=50F01E00 nib=68973
T $A6EC08  dbra    D0, $a6ec00                          D0=00000005 D1=0000004A D2=00040000 A0=50F16000 A1=50F01E00 nib=68973
T $A6EC00  move.b  (A1), (A1)                           D0=00000004 D1=0000004A D2=00040000 A0=50F16000 A1=50F01E00 nib=68973
T $A6EC02  move.b  ($0,A2,D0.w), ($600,A0)              D0=00000004 D1=0000004A D2=00040000 A0=50F16000 A1=50F01E00 nib=68973
T $A6EC08  dbra    D0, $a6ec00                          D0=00000004 D1=0000004A D2=00040000 A0=50F16000 A1=50F01E00 nib=68973
T $A6EC00  move.b  (A1), (A1)                           D0=00000003 D1=0000004A D2=00040000 A0=50F16000 A1=50F01E00 nib=68973
T $A6EC02  move.b  ($0,A2,D0.w), ($600,A0)              D0=00000003 D1=0000004A D2=00040000 A0=50F16000 A1=50F01E00 nib=68973
T $A6EC08  dbra    D0, $a6ec00                          D0=00000003 D1=0000004A D2=00040000 A0=50F16000 A1=50F01E00 nib=68973
T $A6EC00  move.b  (A1), (A1)                           D0=00000002 D1=0000004A D2=00040000 A0=50F16000 A1=50F01E00 nib=68973
T $A6EC02  move.b  ($0,A2,D0.w), ($600,A0)              D0=00000002 D1=0000004A D2=00040000 A0=50F16000 A1=50F01E00 nib=68973
T $A6EC08  dbra    D0, $a6ec00                          D0=00000002 D1=0000004A D2=00040000 A0=50F16000 A1=50F01E00 nib=68973
T $A6EC00  move.b  (A1), (A1)                           D0=00000001 D1=0000004A D2=00040000 A0=50F16000 A1=50F01E00 nib=68973
T $A6EC02  move.b  ($0,A2,D0.w), ($600,A0)              D0=00000001 D1=0000004A D2=00040000 A0=50F16000 A1=50F01E00 nib=68973
T $A6EC08  dbra    D0, $a6ec00                          D0=00000001 D1=0000004A D2=00040000 A0=50F16000 A1=50F01E00 nib=68973
T $A6EC00  move.b  (A1), (A1)                           D0=00000000 D1=0000004A D2=00040000 A0=50F16000 A1=50F01E00 nib=68973
T $A6EC02  move.b  ($0,A2,D0.w), ($600,A0)              D0=00000000 D1=0000004A D2=00040000 A0=50F16000 A1=50F01E00 nib=68973
T $A6EC08  dbra    D0, $a6ec00                          D0=00000000 D1=0000004A D2=00040000 A0=50F16000 A1=50F01E00 nib=68973
T $A6EC0C  swap    D2                                   D0=0000FFFF D1=0000004A D2=00040000 A0=50F16000 A1=50F01E00 nib=68973
T $A6EC0E  dbra    D2, $a6ebd6                          D0=0000FFFF D1=0000004A D2=00000004 A0=50F16000 A1=50F01E00 nib=68973
T $A6EBD6  move.b  #$38, ($c00,A0)                      D0=0000FFFF D1=0000004A D2=00000003 A0=50F16000 A1=50F01E00 nib=68973
T $A6EBDC  swap    D2                                   D0=0000FFFF D1=0000004A D2=00000003 A0=50F16000 A1=50F01E00 nib=68973
T $A6EBDE  moveq   #$f, D0                              D0=0000FFFF D1=0000004A D2=00030000 A0=50F16000 A1=50F01E00 nib=68973
T $A6EBE0  move.b  (A1), (A1)                           D0=0000000F D1=0000004A D2=00030000 A0=50F16000 A1=50F01E00 nib=68973
T $A6EBE2  move.b  ($1600,A0), D2                       D0=0000000F D1=0000004A D2=00030000 A0=50F16000 A1=50F01E00 nib=68973
T $A6EBE6  cmp.b   ($0,A2,D0.w), D2                     D0=0000000F D1=0000004A D2=00030018 A0=50F16000 A1=50F01E00 nib=68973
T $A6EBEA  dbne    D0, $a6ebe0                          D0=0000000F D1=0000004A D2=00030018 A0=50F16000 A1=50F01E00 nib=68973
T $A6EBE0  move.b  (A1), (A1)                           D0=0000000E D1=0000004A D2=00030018 A0=50F16000 A1=50F01E00 nib=68973
T $A6EBE2  move.b  ($1600,A0), D2                       D0=0000000E D1=0000004A D2=00030018 A0=50F16000 A1=50F01E00 nib=68973
T $A6EBE6  cmp.b   ($0,A2,D0.w), D2                     D0=0000000E D1=0000004A D2=00030041 A0=50F16000 A1=50F01E00 nib=68973
T $A6EBEA  dbne    D0, $a6ebe0                          D0=0000000E D1=0000004A D2=00030041 A0=50F16000 A1=50F01E00 nib=68973
T $A6EBE0  move.b  (A1), (A1)                           D0=0000000D D1=0000004A D2=00030041 A0=50F16000 A1=50F01E00 nib=68973
T $A6EBE2  move.b  ($1600,A0), D2                       D0=0000000D D1=0000004A D2=00030041 A0=50F16000 A1=50F01E00 nib=68973
T $A6EBE6  cmp.b   ($0,A2,D0.w), D2                     D0=0000000D D1=0000004A D2=0003002E A0=50F16000 A1=50F01E00 nib=68973
T $A6EBEA  dbne    D0, $a6ebe0                          D0=0000000D D1=0000004A D2=0003002E A0=50F16000 A1=50F01E00 nib=68973
T $A6EBE0  move.b  (A1), (A1)                           D0=0000000C D1=0000004A D2=0003002E A0=50F16000 A1=50F01E00 nib=68973
T $A6EBE2  move.b  ($1600,A0), D2                       D0=0000000C D1=0000004A D2=0003002E A0=50F16000 A1=50F01E00 nib=68973
T $A6EBE6  cmp.b   ($0,A2,D0.w), D2                     D0=0000000C D1=0000004A D2=0003002E A0=50F16000 A1=50F01E00 nib=68973
T $A6EBEA  dbne    D0, $a6ebe0                          D0=0000000C D1=0000004A D2=0003002E A0=50F16000 A1=50F01E00 nib=68973
T $A6EBE0  move.b  (A1), (A1)                           D0=0000000B D1=0000004A D2=0003002E A0=50F16000 A1=50F01E00 nib=68973
T $A6EBE2  move.b  ($1600,A0), D2                       D0=0000000B D1=0000004A D2=0003002E A0=50F16000 A1=50F01E00 nib=68973
T $A6EBE6  cmp.b   ($0,A2,D0.w), D2                     D0=0000000B D1=0000004A D2=00030018 A0=50F16000 A1=50F01E00 nib=68973
T $A6EBEA  dbne    D0, $a6ebe0                          D0=0000000B D1=0000004A D2=00030018 A0=50F16000 A1=50F01E00 nib=68973
T $A6EBE0  move.b  (A1), (A1)                           D0=0000000A D1=0000004A D2=00030018 A0=50F16000 A1=50F01E00 nib=68973
T $A6EBE2  move.b  ($1600,A0), D2                       D0=0000000A D1=0000004A D2=00030018 A0=50F16000 A1=50F01E00 nib=68973
T $A6EBE6  cmp.b   ($0,A2,D0.w), D2                     D0=0000000A D1=0000004A D2=00030018 A0=50F16000 A1=50F01E00 nib=68973
T $A6EBEA  dbne    D0, $a6ebe0                          D0=0000000A D1=0000004A D2=00030018 A0=50F16000 A1=50F01E00 nib=68973
T $A6EBE0  move.b  (A1), (A1)                           D0=00000009 D1=0000004A D2=00030018 A0=50F16000 A1=50F01E00 nib=68973
T $A6EBE2  move.b  ($1600,A0), D2                       D0=00000009 D1=0000004A D2=00030018 A0=50F16000 A1=50F01E00 nib=68973
T $A6EBE6  cmp.b   ($0,A2,D0.w), D2                     D0=00000009 D1=0000004A D2=0003001B A0=50F16000 A1=50F01E00 nib=68973
T $A6EBEA  dbne    D0, $a6ebe0                          D0=00000009 D1=0000004A D2=0003001B A0=50F16000 A1=50F01E00 nib=68973
T $A6EBE0  move.b  (A1), (A1)                           D0=00000008 D1=0000004A D2=0003001B A0=50F16000 A1=50F01E00 nib=68973
T $A6EBE2  move.b  ($1600,A0), D2                       D0=00000008 D1=0000004A D2=0003001B A0=50F16000 A1=50F01E00 nib=68973
T $A6EBE6  cmp.b   ($0,A2,D0.w), D2                     D0=00000008 D1=0000004A D2=0003001B A0=50F16000 A1=50F01E00 nib=68973
T $A6EBEA  dbne    D0, $a6ebe0                          D0=00000008 D1=0000004A D2=0003001B A0=50F16000 A1=50F01E00 nib=68973
T $A6EBE0  move.b  (A1), (A1)                           D0=00000007 D1=0000004A D2=0003001B A0=50F16000 A1=50F01E00 nib=68973
T $A6EBE2  move.b  ($1600,A0), D2                       D0=00000007 D1=0000004A D2=0003001B A0=50F16000 A1=50F01E00 nib=68973
T $A6EBE6  cmp.b   ($0,A2,D0.w), D2                     D0=00000007 D1=0000004A D2=0003002F A0=50F16000 A1=50F01E00 nib=68973
T $A6EBEA  dbne    D0, $a6ebe0                          D0=00000007 D1=0000004A D2=0003002F A0=50F16000 A1=50F01E00 nib=68973
T $A6EBE0  move.b  (A1), (A1)                           D0=00000006 D1=0000004A D2=0003002F A0=50F16000 A1=50F01E00 nib=68973
T $A6EBE2  move.b  ($1600,A0), D2                       D0=00000006 D1=0000004A D2=0003002F A0=50F16000 A1=50F01E00 nib=68973
T $A6EBE6  cmp.b   ($0,A2,D0.w), D2                     D0=00000006 D1=0000004A D2=0003002F A0=50F16000 A1=50F01E00 nib=68973
T $A6EBEA  dbne    D0, $a6ebe0                          D0=00000006 D1=0000004A D2=0003002F A0=50F16000 A1=50F01E00 nib=68973
T $A6EBE0  move.b  (A1), (A1)                           D0=00000005 D1=0000004A D2=0003002F A0=50F16000 A1=50F01E00 nib=68973
T $A6EBE2  move.b  ($1600,A0), D2                       D0=00000005 D1=0000004A D2=0003002F A0=50F16000 A1=50F01E00 nib=68973
T $A6EBE6  cmp.b   ($0,A2,D0.w), D2                     D0=00000005 D1=0000004A D2=00030019 A0=50F16000 A1=50F01E00 nib=68973
T $A6EBEA  dbne    D0, $a6ebe0                          D0=00000005 D1=0000004A D2=00030019 A0=50F16000 A1=50F01E00 nib=68973
T $A6EBE0  move.b  (A1), (A1)                           D0=00000004 D1=0000004A D2=00030019 A0=50F16000 A1=50F01E00 nib=68973
T $A6EBE2  move.b  ($1600,A0), D2                       D0=00000004 D1=0000004A D2=00030019 A0=50F16000 A1=50F01E00 nib=68973
T $A6EBE6  cmp.b   ($0,A2,D0.w), D2                     D0=00000004 D1=0000004A D2=00030019 A0=50F16000 A1=50F01E00 nib=68973
T $A6EBEA  dbne    D0, $a6ebe0                          D0=00000004 D1=0000004A D2=00030019 A0=50F16000 A1=50F01E00 nib=68973
T $A6EBE0  move.b  (A1), (A1)                           D0=00000003 D1=0000004A D2=00030019 A0=50F16000 A1=50F01E00 nib=68973
T $A6EBE2  move.b  ($1600,A0), D2                       D0=00000003 D1=0000004A D2=00030019 A0=50F16000 A1=50F01E00 nib=68973
T $A6EBE6  cmp.b   ($0,A2,D0.w), D2                     D0=00000003 D1=0000004A D2=00030097 A0=50F16000 A1=50F01E00 nib=68973
T $A6EBEA  dbne    D0, $a6ebe0                          D0=00000003 D1=0000004A D2=00030097 A0=50F16000 A1=50F01E00 nib=68973
T $A6EBE0  move.b  (A1), (A1)                           D0=00000002 D1=0000004A D2=00030097 A0=50F16000 A1=50F01E00 nib=68973
T $A6EBE2  move.b  ($1600,A0), D2                       D0=00000002 D1=0000004A D2=00030097 A0=50F16000 A1=50F01E00 nib=68973
T $A6EBE6  cmp.b   ($0,A2,D0.w), D2                     D0=00000002 D1=0000004A D2=0003001B A0=50F16000 A1=50F01E00 nib=68973
T $A6EBEA  dbne    D0, $a6ebe0                          D0=00000002 D1=0000004A D2=0003001B A0=50F16000 A1=50F01E00 nib=68973
T $A6EBE0  move.b  (A1), (A1)                           D0=00000001 D1=0000004A D2=0003001B A0=50F16000 A1=50F01E00 nib=68973
T $A6EBE2  move.b  ($1600,A0), D2                       D0=00000001 D1=0000004A D2=0003001B A0=50F16000 A1=50F01E00 nib=68973
T $A6EBE6  cmp.b   ($0,A2,D0.w), D2                     D0=00000001 D1=0000004A D2=00030057 A0=50F16000 A1=50F01E00 nib=68973
T $A6EBEA  dbne    D0, $a6ebe0                          D0=00000001 D1=0000004A D2=00030057 A0=50F16000 A1=50F01E00 nib=68973
T $A6EBE0  move.b  (A1), (A1)                           D0=00000000 D1=0000004A D2=00030057 A0=50F16000 A1=50F01E00 nib=68973
T $A6EBE2  move.b  ($1600,A0), D2                       D0=00000000 D1=0000004A D2=00030057 A0=50F16000 A1=50F01E00 nib=68973
T $A6EBE6  cmp.b   ($0,A2,D0.w), D2                     D0=00000000 D1=0000004A D2=0003003B A0=50F16000 A1=50F01E00 nib=68973
T $A6EBEA  dbne    D0, $a6ebe0                          D0=00000000 D1=0000004A D2=0003003B A0=50F16000 A1=50F01E00 nib=68973
T $A6EBEE  bne     $a6ebf8                              D0=0000FFFF D1=0000004A D2=0003003B A0=50F16000 A1=50F01E00 nib=68973
T $A6EBF0  movea.l $134.w, A1                           D0=0000FFFF D1=0000004A D2=0003003B A0=50F16000 A1=50F01E00 nib=68973
T $A6EBF4  moveq   #$0, D0                              D0=0000FFFF D1=0000004A D2=0003003B A0=50F16000 A1=00004A68 nib=68973
T $A6EBF6  rts                                          D0=00000000 D1=0000004A D2=0003003B A0=50F16000 A1=00004A68 nib=68973
T $A6EBA0  beq     $a6ebae                              D0=00000000 D1=0000004A D2=0003003B A0=50F16000 A1=00004A68 nib=68973
T $A6EBAE  seq     ($139,A1)                            D0=00000000 D1=0000004A D2=0003003B A0=50F16000 A1=00004A68 nib=68973
T $A6EBB2  move.w  (A7)+, SR                            D0=00000000 D1=0000004A D2=0003003B A0=50F16000 A1=00004A68 nib=68973
T $A6EBB4  tst.w   D0                                   D0=00000000 D1=0000004A D2=0003003B A0=50F16000 A1=00004A68 nib=68973
T $A6EBB6  rts                                          D0=00000000 D1=0000004A D2=0003003B A0=50F16000 A1=00004A68 nib=68973
T $A6CECA  bsr     $a6d718                              D0=00000000 D1=0000004A D2=0003003B A0=50F16000 A1=00004A68 nib=68973
T $A6D718  bsr     $a6d3ea                              D0=00000000 D1=0000004A D2=0003003B A0=50F16000 A1=00004A68 nib=68973
T $A6D3EA  movea.l $1e0.w, A0                           D0=00000000 D1=0000004A D2=0003003B A0=50F16000 A1=00004A68 nib=68973
T $A6D3EE  movea.l $1d4.w, A2                           D0=00000000 D1=0000004A D2=0003003B A0=50F16000 A1=00004A68 nib=68973
T $A6D3F2  bsr     $a6d3fa                              D0=00000000 D1=0000004A D2=0003003B A0=50F16000 A1=00004A68 nib=68973
T $A6D3FA  movea.l $134.w, A1                           D0=00000000 D1=0000004A D2=0003003B A0=50F16000 A1=00004A68 nib=68973
T $A6D3FE  move.w  ($12,A1), D1                         D0=00000000 D1=0000004A D2=0003003B A0=50F16000 A1=00004A68 nib=68973
T $A6D402  cmpi.w  #$4, D1                              D0=00000000 D1=00000001 D2=0003003B A0=50F16000 A1=00004A68 nib=68973
T $A6D406  bls     $a6d40a                              D0=00000000 D1=00000001 D2=0003003B A0=50F16000 A1=00004A68 nib=68973
T $A6D40A  add.w   D1, D1                               D0=00000000 D1=00000001 D2=0003003B A0=50F16000 A1=00004A68 nib=68973
T $A6D40C  rts                                          D0=00000000 D1=00000002 D2=0003003B A0=50F16000 A1=00004A68 nib=68973
T $A6D3F4  move.w  (-$26,PC,D1.w), D1                   D0=00000000 D1=00000002 D2=0003003B A0=50F16000 A1=00004A68 nib=68973
T $A6D3F8  rts                                          D0=00000000 D1=0000004A D2=0003003B A0=50F16000 A1=00004A68 nib=68973
T $A6D71C  move.l  $b40.w, -(A7)                        D0=00000000 D1=0000004A D2=0003003B A0=50F16000 A1=00004A68 nib=68973
T $A6D720  rts                                          D0=00000000 D1=0000004A D2=0003003B A0=50F16000 A1=00004A68 nib=68973
T $06AF72  nop                                          D0=00000000 D1=0000004A D2=0003003B A0=50F16000 A1=00004A68 nib=68973
T $06AF74  moveq   #$a, D0                              D0=00000000 D1=0000004A D2=0003003B A0=50F16000 A1=00004A68 nib=68973
T $06AF76  add.l   ($8,A7), D0                          D0=0000000A D1=0000004A D2=0003003B A0=50F16000 A1=00004A68 nib=68973
T $06AF7A  sub.l   ($4,A7), D0                          D0=0000000A D1=0000004A D2=0003003B A0=50F16000 A1=00004A68 nib=68973
T $06AF7E  bne     $6afa8                               D0=BF5F496C D1=0000004A D2=0003003B A0=50F16000 A1=00004A68 nib=68973
T $06AFA8  jmp     $a6d722.l                            D0=BF5F496C D1=0000004A D2=0003003B A0=50F16000 A1=00004A68 nib=68973
T $A6D722  tst.w   ($1a,A1)                             D0=BF5F496C D1=0000004A D2=0003003B A0=50F16000 A1=00004A68 nib=68973
T $A6D726  beq     $a6d738                              D0=BF5F496C D1=0000004A D2=0003003B A0=50F16000 A1=00004A68 nib=68973
T $A6D728  move.w  ($116,A1), D0                        D0=BF5F496C D1=0000004A D2=0003003B A0=50F16000 A1=00004A68 nib=68973
T $A6D72C  cmp.w   ($12,A1), D0                         D0=BF5F0001 D1=0000004A D2=0003003B A0=50F16000 A1=00004A68 nib=68973
T $A6D730  beq     $a6d738                              D0=BF5F0001 D1=0000004A D2=0003003B A0=50F16000 A1=00004A68 nib=68973
T $A6D738  clr.w   ($1a,A1)                             D0=BF5F0001 D1=0000004A D2=0003003B A0=50F16000 A1=00004A68 nib=68973
T $A6D73C  tst.b   ($139,A1)                            D0=BF5F0001 D1=0000004A D2=0003003B A0=50F16000 A1=00004A68 nib=68973
T $A6D740  bmi     $a6ed42                              D0=BF5F0001 D1=0000004A D2=0003003B A0=50F16000 A1=00004A68 nib=68973
T $A6ED42  cmpi.w  #$4a, D1                             D0=BF5F0001 D1=0000004A D2=0003003B A0=50F16000 A1=00004A68 nib=68973
T $A6ED46  bne     $a6ed56                              D0=BF5F0001 D1=0000004A D2=0003003B A0=50F16000 A1=00004A68 nib=68973
T $A6ED48  move.b  #$4, ($c00,A0)                       D0=BF5F0001 D1=0000004A D2=0003003B A0=50F16000 A1=00004A68 nib=68973
T $A6ED4E  move.b  #$82, ($e00,A0)                      D0=BF5F0001 D1=0000004A D2=0003003B A0=50F16000 A1=00004A68 nib=68973
T $A6ED54  rts                                          D0=BF5F0001 D1=0000004A D2=0003003B A0=50F16000 A1=00004A68 nib=68973
T $A6CECE  cmpi.w  #$3, ($12,A1)                        D0=BF5F0001 D1=0000004A D2=0003003B A0=50F16000 A1=00004A68 nib=68973
T $A6CED4  bge     $a6fc2c                              D0=BF5F0001 D1=0000004A D2=0003003B A0=50F16000 A1=00004A68 nib=68973
T $A6CED8  moveq   #$2, D0                              D0=BF5F0001 D1=0000004A D2=0003003B A0=50F16000 A1=00004A68 nib=68973
T $A6CEDA  bsr     $a6d450                              D0=00000002 D1=0000004A D2=0003003B A0=50F16000 A1=00004A68 nib=68973
T $A6D450  bsr     $a6d40e                              D0=00000002 D1=0000004A D2=0003003B A0=50F16000 A1=00004A68 nib=68973
T $A6D40E  bsr     $a6d3ea                              D0=00000002 D1=0000004A D2=0003003B A0=50F16000 A1=00004A68 nib=68973
T $A6D3EA  movea.l $1e0.w, A0                           D0=00000002 D1=0000004A D2=0003003B A0=50F16000 A1=00004A68 nib=68973
T $A6D3EE  movea.l $1d4.w, A2                           D0=00000002 D1=0000004A D2=0003003B A0=50F16000 A1=00004A68 nib=68973
T $A6D3F2  bsr     $a6d3fa                              D0=00000002 D1=0000004A D2=0003003B A0=50F16000 A1=00004A68 nib=68973
T $A6D3FA  movea.l $134.w, A1                           D0=00000002 D1=0000004A D2=0003003B A0=50F16000 A1=00004A68 nib=68973
T $A6D3FE  move.w  ($12,A1), D1                         D0=00000002 D1=0000004A D2=0003003B A0=50F16000 A1=00004A68 nib=68973
T $A6D402  cmpi.w  #$4, D1                              D0=00000002 D1=00000001 D2=0003003B A0=50F16000 A1=00004A68 nib=68973
T $A6D406  bls     $a6d40a                              D0=00000002 D1=00000001 D2=0003003B A0=50F16000 A1=00004A68 nib=68973
T $A6D40A  add.w   D1, D1                               D0=00000002 D1=00000001 D2=0003003B A0=50F16000 A1=00004A68 nib=68973
T $A6D40C  rts                                          D0=00000002 D1=00000002 D2=0003003B A0=50F16000 A1=00004A68 nib=68973
T $A6D3F4  move.w  (-$26,PC,D1.w), D1                   D0=00000002 D1=00000002 D2=0003003B A0=50F16000 A1=00004A68 nib=68973
T $A6D3F8  rts                                          D0=00000002 D1=0000004A D2=0003003B A0=50F16000 A1=00004A68 nib=68973
T $A6D410  tst.b   ($139,A1)                            D0=00000002 D1=0000004A D2=0003003B A0=50F16000 A1=00004A68 nib=68973
T $A6D414  bmi     $a6ecdc                              D0=00000002 D1=0000004A D2=0003003B A0=50F16000 A1=00004A68 nib=68973
T $A6ECDC  move.b  #$f3, ($800,A0)                      D0=00000002 D1=0000004A D2=0003003B A0=50F16000 A1=00004A68 nib=68973
T $A6ECE2  btst    #$1, D0                              D0=00000002 D1=0000004A D2=0003003B A0=50F16000 A1=00004A68 nib=68973
T $A6ECE6  beq     $a6ecf0                              D0=00000002 D1=0000004A D2=0003003B A0=50F16000 A1=00004A68 nib=68973
T $A6ECE8  bset    #$5, ($1e00,A2)                      D0=00000002 D1=0000004A D2=0003003B A0=50F16000 A1=00004A68 nib=68973
T $A6ECEE  bra     $a6ecf6                              D0=00000002 D1=0000004A D2=0003003B A0=50F16000 A1=00004A68 nib=68973
T $A6ECF6  move.b  ($6,PC,D0.w), ($800,A0)              D0=00000002 D1=0000004A D2=0003003B A0=50F16000 A1=00004A68 nib=68973
T $A6ECFC  rts                                          D0=00000002 D1=0000004A D2=0003003B A0=50F16000 A1=00004A68 nib=68973
T $A6D452  tst.b   ($139,A1)                            D0=00000002 D1=0000004A D2=0003003B A0=50F16000 A1=00004A68 nib=68973
T $A6D456  bmi     $a6ed12                              D0=00000002 D1=0000004A D2=0003003B A0=50F16000 A1=00004A68 nib=68973
T $A6ED12  btst    #$3, ($1e00,A0)                      D0=00000002 D1=0000004A D2=0003003B A0=50F16000 A1=00004A68 nib=68973
T $A6ED18  sne     D0                                   D0=00000002 D1=0000004A D2=0003003B A0=50F16000 A1=00004A68 nib=68973
T $A6ED1A  tst.b   D0                                   D0=000000FF D1=0000004A D2=0003003B A0=50F16000 A1=00004A68 nib=68973
T $A6ED1C  rts                                          D0=000000FF D1=0000004A D2=0003003B A0=50F16000 A1=00004A68 nib=68973
T $A6CEDE  bpl     $a6cef2                              D0=000000FF D1=0000004A D2=0003003B A0=50F16000 A1=00004A68 nib=68973
T $A6CEE0  clr.b   ($3,A1,D1.w)                         D0=000000FF D1=0000004A D2=0003003B A0=50F16000 A1=00004A68 nib=68973
T $A6CEE4  move.b  #$80, ($c00,A0)                      D0=000000FF D1=0000004A D2=0003003B A0=50F16000 A1=00004A68 nib=68973
T $A6CEEA  tst.b   ($1000,A0)                           D0=000000FF D1=0000004A D2=0003003B A0=50F16000 A1=00004A68 nib=68973
T $A6CEEE  moveq   #-$41, D0                            D0=000000FF D1=0000004A D2=0003003B A0=50F16000 A1=00004A68 nib=68973
T $A6CEF0  bra     $a6cf56                              D0=FFFFFFBF D1=0000004A D2=0003003B A0=50F16000 A1=00004A68 nib=68973
T $A6CF56  andi.w  #-$701, SR                           D0=FFFFFFBF D1=0000004A D2=0003003B A0=50F16000 A1=00004A68 nib=68973
T $A6CF5A  bra     $a6cb64                              D0=FFFFFFBF D1=0000004A D2=0003003B A0=50F16000 A1=00004A68 nib=68973
T $A6CB64  tst.w   D0                                   D0=FFFFFFBF D1=0000004A D2=0003003B A0=50F16000 A1=00004A68 nib=68973
T $A6CB66  beq     $a6cb6c                              D0=FFFFFFBF D1=0000004A D2=0003003B A0=50F16000 A1=00004A68 nib=68973
T $A6CB68  move.w  D0, $142.w                           D0=FFFFFFBF D1=0000004A D2=0003003B A0=50F16000 A1=00004A68 nib=68973
T $A6CB6C  movea.l $134.w, A1                           D0=FFFFFFBF D1=0000004A D2=0003003B A0=50F16000 A1=00004A68 nib=68973
T $A6CB70  clr.b   ($19,A1)                             D0=FFFFFFBF D1=0000004A D2=0003003B A0=50F16000 A1=00004A68 nib=68973
T $A6CB74  movea.l (A1), A1                             D0=FFFFFFBF D1=0000004A D2=0003003B A0=50F16000 A1=00004A68 nib=68973
T $A6CB76  move.l  $8fc.w, -(A7)                        D0=FFFFFFBF D1=0000004A D2=0003003B A0=50F16000 A1=00004A2C nib=68973
T $A6CB7A  rts                                          D0=FFFFFFBF D1=0000004A D2=0003003B A0=50F16000 A1=00004A2C nib=68973
T $06AFEA  move.l  (A7), D1                             D0=FFFFFFBF D1=0000004A D2=0003003B A0=50F16000 A1=00004A2C nib=68973
T $06AFEC  and.l   $31a.w, D1                           D0=FFFFFFBF D1=40A0B69E D2=0003003B A0=50F16000 A1=00004A2C nib=68973
T $06AFF0  cmpi.l  #$86cebe, D1                         D0=FFFFFFBF D1=00A0B69E D2=0003003B A0=50F16000 A1=00004A2C nib=68973
T $06AFF6  bne     $6affa                               D0=FFFFFFBF D1=00A0B69E D2=0003003B A0=50F16000 A1=00004A2C nib=68973
T $06AFFA  jmp     $40a0b572.l                          D0=FFFFFFBF D1=00A0B69E D2=0003003B A0=50F16000 A1=00004A2C nib=68973
T $A0B572  move.w  D0, -(A7)                            D0=FFFFFFBF D1=00A0B69E D2=0003003B A0=50F16000 A1=00004A2C nib=68973
T $A0B574  move.l  D0, -(A7)                            D0=FFFFFFBF D1=00A0B69E D2=0003003B A0=50F16000 A1=00004A2C nib=68973
T $A0B576  move.l  A1, D0                               D0=FFFFFFBF D1=00A0B69E D2=0003003B A0=50F16000 A1=00004A2C nib=68973
T $A0B578  dc.w    $a055; opcode 1010                   D0=00004A2C D1=00A0B69E D2=0003003B A0=50F16000 A1=00004A2C nib=68973
T $A099B0  move.l  A2, -(A7)                            D0=00004A2C D1=00A0B69E D2=0003003B A0=50F16000 A1=00004A2C nib=68973
T $A099B2  move.l  D2, -(A7)                            D0=00004A2C D1=00A0B69E D2=0003003B A0=50F16000 A1=00004A2C nib=68973
T $A099B4  movea.l ($a,A7), A2                          D0=00004A2C D1=00A0B69E D2=0003003B A0=50F16000 A1=00004A2C nib=68973
T $A099B8  move.w  (A2)+, D2                            D0=00004A2C D1=00A0B69E D2=0003003B A0=50F16000 A1=00004A2C nib=68973
T $A099BA  cmpi.w  #-$5800, D2                          D0=00004A2C D1=00A0B69E D2=0003A055 A0=50F16000 A1=00004A2C nib=68973
T $A099BE  bcs     $a099f0                              D0=00004A2C D1=00A0B69E D2=0003A055 A0=50F16000 A1=00004A2C nib=68973
T $A099F0  move.l  D1, -(A7)                            D0=00004A2C D1=00A0B69E D2=0003A055 A0=50F16000 A1=00004A2C nib=68973
T $A099F2  move.l  A1, -(A7)                            D0=00004A2C D1=00A0B69E D2=0003A055 A0=50F16000 A1=00004A2C nib=68973
T $A099F4  move.w  D2, D1                               D0=00004A2C D1=00A0B69E D2=0003A055 A0=50F16000 A1=00004A2C nib=68973
T $A099F6  move.l  A2, ($14,A7)                         D0=00004A2C D1=00A0A055 D2=0003A055 A0=50F16000 A1=00004A2C nib=68973
T $A099FA  andi.w  #$100, D2                            D0=00004A2C D1=00A0A055 D2=0003A055 A0=50F16000 A1=00004A2C nib=68973
T $A099FE  bne     $a09a20                              D0=00004A2C D1=00A0A055 D2=00030000 A0=50F16000 A1=00004A2C nib=68973
T $A09A00  move.b  D1, D2                               D0=00004A2C D1=00A0A055 D2=00030000 A0=50F16000 A1=00004A2C nib=68973
T $A09A02  move.l  A0, -(A7)                            D0=00004A2C D1=00A0A055 D2=00030055 A0=50F16000 A1=00004A2C nib=68973
T $A09A04  jsr     ([$400, D2.w*4], $0)                 D0=00004A2C D1=00A0A055 D2=00030055 A0=50F16000 A1=00004A2C nib=68973
T $A0D76C  and.l   $31a.w, D0                           D0=00004A2C D1=00A0A055 D2=00030055 A0=50F16000 A1=00004A2C nib=68973
T $A0D770  rts                                          D0=00004A2C D1=00A0A055 D2=00030055 A0=50F16000 A1=00004A2C nib=68973
T $A09A0A  movea.l (A7)+, A0                            D0=00004A2C D1=00A0A055 D2=00030055 A0=50F16000 A1=00004A2C nib=68973
T $A09A0C  movea.l (A7)+, A1                            D0=00004A2C D1=00A0A055 D2=00030055 A0=50F16000 A1=00004A2C nib=68973
T $A09A0E  move.l  (A7)+, D1                            D0=00004A2C D1=00A0A055 D2=00030055 A0=50F16000 A1=00004A2C nib=68973
T $A09A10  move.l  (A7)+, D2                            D0=00004A2C D1=00A0B69E D2=00030055 A0=50F16000 A1=00004A2C nib=68973
T $A09A12  movea.l (A7)+, A2                            D0=00004A2C D1=00A0B69E D2=0003003B A0=50F16000 A1=00004A2C nib=68973
T $A09A14  tst.w   D0                                   D0=00004A2C D1=00A0B69E D2=0003003B A0=50F16000 A1=00004A2C nib=68973
T $A09A16  addq.w  #$4, A7                              D0=00004A2C D1=00A0B69E D2=0003003B A0=50F16000 A1=00004A2C nib=68973
T $A09A18  rts                                          D0=00004A2C D1=00A0B69E D2=0003003B A0=50F16000 A1=00004A2C nib=68973
T $A0B57A  movea.l D0, A1                               D0=00004A2C D1=00A0B69E D2=0003003B A0=50F16000 A1=00004A2C nib=68973
T $A0B57C  move.l  (A7)+, D0                            D0=00004A2C D1=00A0B69E D2=0003003B A0=50F16000 A1=00004A2C nib=68973
T $A0B57E  bsr     $a0b584                              D0=FFFFFFBF D1=00A0B69E D2=0003003B A0=50F16000 A1=00004A2C nib=68973
T $A0B584  move.l  ($8,A1), D1                          D0=FFFFFFBF D1=00A0B69E D2=0003003B A0=50F16000 A1=00004A2C nib=68973
T $A0B588  beq     $a0b5aa                              D0=FFFFFFBF D1=000003A4 D2=0003003B A0=50F16000 A1=00004A2C nib=68973
T $A0B58A  move.w  SR, -(A7)                            D0=FFFFFFBF D1=000003A4 D2=0003003B A0=50F16000 A1=00004A2C nib=68973
T $A0B58C  move.w  SR, D1                               D0=FFFFFFBF D1=000003A4 D2=0003003B A0=50F16000 A1=00004A2C nib=68973
T $A0B58E  ori.w   #$700, SR                            D0=FFFFFFBF D1=00002000 D2=0003003B A0=50F16000 A1=00004A2C nib=68973
T $A0B592  bsr     $a0b5a4                              D0=FFFFFFBF D1=00002000 D2=0003003B A0=50F16000 A1=00004A2C nib=68973
T $A0B5A4  bclr    #$7, ($5,A1)                         D0=FFFFFFBF D1=00002000 D2=0003003B A0=50F16000 A1=00004A2C nib=68973
T $A0B5AA  btst    #$6, ($4,A1)                         D0=FFFFFFBF D1=00002000 D2=0003003B A0=50F16000 A1=00004A2C nib=68973
T $A0B5B0  bne     $a0b5c0                              D0=FFFFFFBF D1=00002000 D2=0003003B A0=50F16000 A1=00004A2C nib=68973
T $A0B5C0  rts                                          D0=FFFFFFBF D1=00002000 D2=0003003B A0=50F16000 A1=00004A2C nib=68973
T $A0B594  bsr     $a0b5c2                              D0=FFFFFFBF D1=00002000 D2=0003003B A0=50F16000 A1=00004A2C nib=68973
T $A0B5C2  movea.l ($8,A1), A0                          D0=FFFFFFBF D1=00002000 D2=0003003B A0=50F16000 A1=00004A2C nib=68973
T $A0B5C6  cmpi.w  #$2, ($4,A0)                         D0=FFFFFFBF D1=00002000 D2=0003003B A0=000003A4 A1=00004A2C nib=68973
T $A0B5CC  bne     $a0b566                              D0=FFFFFFBF D1=00002000 D2=0003003B A0=000003A4 A1=00004A2C nib=68973
T $A0B5CE  move.l  (A0), ($8,A1)                        D0=FFFFFFBF D1=00002000 D2=0003003B A0=000003A4 A1=00004A2C nib=68973
T $A0B5D2  bne     $a0b5d8                              D0=FFFFFFBF D1=00002000 D2=0003003B A0=000003A4 A1=00004A2C nib=68973
T $A0B5D4  clr.l   ($c,A1)                              D0=FFFFFFBF D1=00002000 D2=0003003B A0=000003A4 A1=00004A2C nib=68973
T $A0B5D8  move.w  D1, SR                               D0=FFFFFFBF D1=00002000 D2=0003003B A0=000003A4 A1=00004A2C nib=68973
T $A0B5DA  move.w  D0, ($10,A0)                         D0=FFFFFFBF D1=00002000 D2=0003003B A0=000003A4 A1=00004A2C nib=68973
[4186442866] PRIME #2 -> -65 offLinErr  (5493 machine cycles, nib +2, polls +5, hits +1, lost +2, track 0 -> 0)
             mid-data-field losses: 0
             buffer diverges at +$2:
               image : 42 44 D3 F2 2E 9A D3 F2 30 56 01 00 00 04 00 03 02 9D 0B 3A 00 00 02 00
               buffer: 42 44 E2 0D 09 56 00 00 02 00 00 00 42 00 00 07 56 BC 40 A1 26 88 00 BC
  --- last 40 instructions before offLinErr:
  $A099F2  move.l  A1, -(A7)                            D0=00004A2C D1=00A0B69E D2=0003A055 A0=50F16000 A1=00004A2C nib=68973
  $A099F4  move.w  D2, D1                               D0=00004A2C D1=00A0B69E D2=0003A055 A0=50F16000 A1=00004A2C nib=68973
  $A099F6  move.l  A2, ($14,A7)                         D0=00004A2C D1=00A0A055 D2=0003A055 A0=50F16000 A1=00004A2C nib=68973
  $A099FA  andi.w  #$100, D2                            D0=00004A2C D1=00A0A055 D2=0003A055 A0=50F16000 A1=00004A2C nib=68973
  $A099FE  bne     $a09a20                              D0=00004A2C D1=00A0A055 D2=00030000 A0=50F16000 A1=00004A2C nib=68973
  $A09A00  move.b  D1, D2                               D0=00004A2C D1=00A0A055 D2=00030000 A0=50F16000 A1=00004A2C nib=68973
  $A09A02  move.l  A0, -(A7)                            D0=00004A2C D1=00A0A055 D2=00030055 A0=50F16000 A1=00004A2C nib=68973
  $A09A04  jsr     ([$400, D2.w*4], $0)                 D0=00004A2C D1=00A0A055 D2=00030055 A0=50F16000 A1=00004A2C nib=68973
  $A0D76C  and.l   $31a.w, D0                           D0=00004A2C D1=00A0A055 D2=00030055 A0=50F16000 A1=00004A2C nib=68973
  $A0D770  rts                                          D0=00004A2C D1=00A0A055 D2=00030055 A0=50F16000 A1=00004A2C nib=68973
  $A09A0A  movea.l (A7)+, A0                            D0=00004A2C D1=00A0A055 D2=00030055 A0=50F16000 A1=00004A2C nib=68973
  $A09A0C  movea.l (A7)+, A1                            D0=00004A2C D1=00A0A055 D2=00030055 A0=50F16000 A1=00004A2C nib=68973
  $A09A0E  move.l  (A7)+, D1                            D0=00004A2C D1=00A0A055 D2=00030055 A0=50F16000 A1=00004A2C nib=68973
  $A09A10  move.l  (A7)+, D2                            D0=00004A2C D1=00A0B69E D2=00030055 A0=50F16000 A1=00004A2C nib=68973
  $A09A12  movea.l (A7)+, A2                            D0=00004A2C D1=00A0B69E D2=0003003B A0=50F16000 A1=00004A2C nib=68973
  $A09A14  tst.w   D0                                   D0=00004A2C D1=00A0B69E D2=0003003B A0=50F16000 A1=00004A2C nib=68973
  $A09A16  addq.w  #$4, A7                              D0=00004A2C D1=00A0B69E D2=0003003B A0=50F16000 A1=00004A2C nib=68973
  $A09A18  rts                                          D0=00004A2C D1=00A0B69E D2=0003003B A0=50F16000 A1=00004A2C nib=68973
  $A0B57A  movea.l D0, A1                               D0=00004A2C D1=00A0B69E D2=0003003B A0=50F16000 A1=00004A2C nib=68973
  $A0B57C  move.l  (A7)+, D0                            D0=00004A2C D1=00A0B69E D2=0003003B A0=50F16000 A1=00004A2C nib=68973
  $A0B57E  bsr     $a0b584                              D0=FFFFFFBF D1=00A0B69E D2=0003003B A0=50F16000 A1=00004A2C nib=68973
  $A0B584  move.l  ($8,A1), D1                          D0=FFFFFFBF D1=00A0B69E D2=0003003B A0=50F16000 A1=00004A2C nib=68973
  $A0B588  beq     $a0b5aa                              D0=FFFFFFBF D1=000003A4 D2=0003003B A0=50F16000 A1=00004A2C nib=68973
  $A0B58A  move.w  SR, -(A7)                            D0=FFFFFFBF D1=000003A4 D2=0003003B A0=50F16000 A1=00004A2C nib=68973
  $A0B58C  move.w  SR, D1                               D0=FFFFFFBF D1=000003A4 D2=0003003B A0=50F16000 A1=00004A2C nib=68973
  $A0B58E  ori.w   #$700, SR                            D0=FFFFFFBF D1=00002000 D2=0003003B A0=50F16000 A1=00004A2C nib=68973
  $A0B592  bsr     $a0b5a4                              D0=FFFFFFBF D1=00002000 D2=0003003B A0=50F16000 A1=00004A2C nib=68973
  $A0B5A4  bclr    #$7, ($5,A1)                         D0=FFFFFFBF D1=00002000 D2=0003003B A0=50F16000 A1=00004A2C nib=68973
  $A0B5AA  btst    #$6, ($4,A1)                         D0=FFFFFFBF D1=00002000 D2=0003003B A0=50F16000 A1=00004A2C nib=68973
  $A0B5B0  bne     $a0b5c0                              D0=FFFFFFBF D1=00002000 D2=0003003B A0=50F16000 A1=00004A2C nib=68973
  $A0B5C0  rts                                          D0=FFFFFFBF D1=00002000 D2=0003003B A0=50F16000 A1=00004A2C nib=68973
  $A0B594  bsr     $a0b5c2                              D0=FFFFFFBF D1=00002000 D2=0003003B A0=50F16000 A1=00004A2C nib=68973
  $A0B5C2  movea.l ($8,A1), A0                          D0=FFFFFFBF D1=00002000 D2=0003003B A0=50F16000 A1=00004A2C nib=68973
  $A0B5C6  cmpi.w  #$2, ($4,A0)                         D0=FFFFFFBF D1=00002000 D2=0003003B A0=000003A4 A1=00004A2C nib=68973
  $A0B5CC  bne     $a0b566                              D0=FFFFFFBF D1=00002000 D2=0003003B A0=000003A4 A1=00004A2C nib=68973
  $A0B5CE  move.l  (A0), ($8,A1)                        D0=FFFFFFBF D1=00002000 D2=0003003B A0=000003A4 A1=00004A2C nib=68973
  $A0B5D2  bne     $a0b5d8                              D0=FFFFFFBF D1=00002000 D2=0003003B A0=000003A4 A1=00004A2C nib=68973
  $A0B5D4  clr.l   ($c,A1)                              D0=FFFFFFBF D1=00002000 D2=0003003B A0=000003A4 A1=00004A2C nib=68973
  $A0B5D8  move.w  D1, SR                               D0=FFFFFFBF D1=00002000 D2=0003003B A0=000003A4 A1=00004A2C nib=68973
  $A0B5DA  move.w  D0, ($10,A0)                         D0=FFFFFFBF D1=00002000 D2=0003003B A0=000003A4 A1=00004A2C nib=68973
T $A0B5DE  ble     $a0b5e4                              D0=FFFFFFBF D1=00002000 D2=0003003B A0=000003A4 A1=00004A2C nib=68973
T $A0B5E4  move.l  ($c,A0), D1                          D0=FFFFFFBF D1=00002000 D2=0003003B A0=000003A4 A1=00004A2C nib=68973
T $A0B5E8  beq     $a0b5f4                              D0=FFFFFFBF D1=00000000 D2=0003003B A0=000003A4 A1=00004A2C nib=68973
T $A0B5F4  rts                                          D0=FFFFFFBF D1=00000000 D2=0003003B A0=000003A4 A1=00004A2C nib=68973
T $A0B596  ori.w   #$700, SR                            D0=FFFFFFBF D1=00000000 D2=0003003B A0=000003A4 A1=00004A2C nib=68973
T $A0B59A  tst.l   ($8,A1)                              D0=FFFFFFBF D1=00000000 D2=0003003B A0=000003A4 A1=00004A2C nib=68973
T $A0B59E  bne     $a0b608                              D0=FFFFFFBF D1=00000000 D2=0003003B A0=000003A4 A1=00004A2C nib=68973
T $A0B5A0  move.w  (A7)+, SR                            D0=FFFFFFBF D1=00000000 D2=0003003B A0=000003A4 A1=00004A2C nib=68973
T $A0B5A2  rts                                          D0=FFFFFFBF D1=00000000 D2=0003003B A0=000003A4 A1=00004A2C nib=68973
T $A0B580  move.w  (A7)+, D0                            D0=FFFFFFBF D1=00000000 D2=0003003B A0=000003A4 A1=00004A2C nib=68973
T $A0B582  rts                                          D0=FFFFFFBF D1=00000000 D2=0003003B A0=000003A4 A1=00004A2C nib=68973
T $A0B69E  bra     $a0b6a4                              D0=FFFFFFBF D1=00000000 D2=0003003B A0=000003A4 A1=00004A2C nib=68973
T $A0B6A4  ext.l   D0                                   D0=FFFFFFBF D1=00000000 D2=0003003B A0=000003A4 A1=00004A2C nib=68973
T $A0B6A6  movem.l (A7)+, D3-D7/A1-A6                   D0=FFFFFFBF D1=00000000 D2=0003003B A0=000003A4 A1=00004A2C nib=68973
T $A0B6AA  rts                                          D0=FFFFFFBF D1=00000000 D2=0003003B A0=000003A4 A1=80004A2C nib=68973
T $A0BB84  movea.l (A7)+, A0                            D0=FFFFFFBF D1=00000000 D2=0003003B A0=000003A4 A1=80004A2C nib=68973
T $A0BB86  move.l  $6dc.w, -(A7)                        D0=FFFFFFBF D1=00000000 D2=0003003B A0=000003A4 A1=80004A2C nib=68973
T $A0BB8A  rts                                          D0=FFFFFFBF D1=00000000 D2=0003003B A0=000003A4 A1=80004A2C nib=68973
T $A0BB8C  move.w  ($10,A0), D0                         D0=FFFFFFBF D1=00000000 D2=0003003B A0=000003A4 A1=80004A2C nib=68973
T $A0BB90  bgt     $a0bb8c                              D0=FFFFFFBF D1=00000000 D2=0003003B A0=000003A4 A1=80004A2C nib=68973
T $A0BB92  ext.l   D0                                   D0=FFFFFFBF D1=00000000 D2=0003003B A0=000003A4 A1=80004A2C nib=68973
T $A0BB94  move.w  D0, ($10,A0)                         D0=FFFFFFBF D1=00000000 D2=0003003B A0=000003A4 A1=80004A2C nib=68973
T $A0BB98  rts                                          D0=FFFFFFBF D1=00000000 D2=0003003B A0=000003A4 A1=80004A2C nib=68973
T $A09A0A  movea.l (A7)+, A0                            D0=FFFFFFBF D1=00000000 D2=0003003B A0=000003A4 A1=80004A2C nib=68973
T $A09A0C  movea.l (A7)+, A1                            D0=FFFFFFBF D1=00000000 D2=0003003B A0=000003A4 A1=80004A2C nib=68973
T $A09A0E  move.l  (A7)+, D1                            D0=FFFFFFBF D1=00000000 D2=0003003B A0=000003A4 A1=0003DB6E nib=68973
T $A09A10  move.l  (A7)+, D2                            D0=FFFFFFBF D1=0000FFFB D2=0003003B A0=000003A4 A1=0003DB6E nib=68973
T $A09A12  movea.l (A7)+, A2                            D0=FFFFFFBF D1=0000FFFB D2=00090001 A0=000003A4 A1=0003DB6E nib=68973
T $A09A14  tst.w   D0                                   D0=FFFFFFBF D1=0000FFFB D2=00090001 A0=000003A4 A1=0003DB6E nib=68973
T $A09A16  addq.w  #$4, A7                              D0=FFFFFFBF D1=0000FFFB D2=00090001 A0=000003A4 A1=0003DB6E nib=68973
T $A09A18  rts                                          D0=FFFFFFBF D1=0000FFFB D2=00090001 A0=000003A4 A1=0003DB6E nib=68973
T $03DBAA  bne     $3dc56                               D0=FFFFFFBF D1=0000FFFB D2=00090001 A0=000003A4 A1=0003DB6E nib=68973
T $03DC56  lea     ($200,A6), A6                        D0=FFFFFFBF D1=0000FFFB D2=00090001 A0=000003A4 A1=0003DB6E nib=68973
T $03DC5A  tst.w   D0                                   D0=FFFFFFBF D1=0000FFFB D2=00090001 A0=000003A4 A1=0003DB6E nib=68973
T $03DC5C  beq     $3dc70                               D0=FFFFFFBF D1=0000FFFB D2=00090001 A0=000003A4 A1=0003DB6E nib=68973
T $03DC5E  movea.l $bb8.w, A1                           D0=FFFFFFBF D1=0000FFFB D2=00090001 A0=000003A4 A1=0003DB6E nib=68973
T $03DC62  btst    #$0, ($42,A1)                        D0=FFFFFFBF D1=0000FFFB D2=00090001 A0=000003A4 A1=0000F8E0 nib=68973
T $03DC68  bne     $3dc70                               D0=FFFFFFBF D1=0000FFFB D2=00090001 A0=000003A4 A1=0000F8E0 nib=68973
T $03DC6A  jmp     $40a0f662.l                          D0=FFFFFFBF D1=0000FFFB D2=00090001 A0=000003A4 A1=0000F8E0 nib=68973
T $A0F662  st      $34a.w                               D0=FFFFFFBF D1=0000FFFB D2=00090001 A0=000003A4 A1=0000F8E0 nib=68973
T $A0F666  moveq   #-$32, D0                            D0=FFFFFFBF D1=0000FFFB D2=00090001 A0=000003A4 A1=0000F8E0 nib=68973
T $A0F668  move.w  ($16,A0), D2                         D0=FFFFFFCE D1=0000FFFB D2=00090001 A0=000003A4 A1=0000F8E0 nib=68973
T $A0F66C  ble     $a0f67e                              D0=FFFFFFCE D1=0000FFFB D2=00090001 A0=000003A4 A1=0000F8E0 nib=68973
T $A0F66E  move.w  D2, D0                               D0=FFFFFFCE D1=0000FFFB D2=00090001 A0=000003A4 A1=0000F8E0 nib=68973
T $A0F670  bsr     $a0f4c6                              D0=FFFF0001 D1=0000FFFB D2=00090001 A0=000003A4 A1=0000F8E0 nib=68973
T $A0F4C6  movem.l D1-D2, -(A7)                         D0=FFFF0001 D1=0000FFFB D2=00090001 A0=000003A4 A1=0000F8E0 nib=68973
T $A0F4CA  move.w  D0, D1                               D0=FFFF0001 D1=0000FFFB D2=00090001 A0=000003A4 A1=0000F8E0 nib=68973
T $A0F4CC  move.w  D0, D2                               D0=FFFF0001 D1=00000001 D2=00090001 A0=000003A4 A1=0000F8E0 nib=68973
T $A0F4CE  neg.w   D2                                   D0=FFFF0001 D1=00000001 D2=00090001 A0=000003A4 A1=0000F8E0 nib=68973
T $A0F4D0  movea.l $358.w, A2                           D0=FFFF0001 D1=00000001 D2=0009FFFF A0=000003A4 A1=0000F8E0 nib=68973
T $A0F4D4  move.l  A2, D0                               D0=FFFF0001 D1=00000001 D2=0009FFFF A0=000003A4 A1=0000F8E0 nib=68973
T $A0F4D6  beq     $a0f4f6                              D0=00008C4C D1=00000001 D2=0009FFFF A0=000003A4 A1=0000F8E0 nib=68973
T $A0F4D8  cmp.w   ($48,A2), D1                         D0=00008C4C D1=00000001 D2=0009FFFF A0=000003A4 A1=0000F8E0 nib=68973
T $A0F4DC  beq     $a0f4ee                              D0=00008C4C D1=00000001 D2=0009FFFF A0=000003A4 A1=0000F8E0 nib=68973
T $A0F4DE  tst.w   ($48,A2)                             D0=00008C4C D1=00000001 D2=0009FFFF A0=000003A4 A1=0000F8E0 nib=68973
T $A0F4E2  bne     $a0f4ea                              D0=00008C4C D1=00000001 D2=0009FFFF A0=000003A4 A1=0000F8E0 nib=68973
T $A0F4EA  movea.l (A2), A2                             D0=00008C4C D1=00000001 D2=0009FFFF A0=000003A4 A1=0000F8E0 nib=68973
T $A0F4EC  bra     $a0f4d4                              D0=00008C4C D1=00000001 D2=0009FFFF A0=000003A4 A1=0000F8E0 nib=68973
T $A0F4D4  move.l  A2, D0                               D0=00008C4C D1=00000001 D2=0009FFFF A0=000003A4 A1=0000F8E0 nib=68973
T $A0F4D6  beq     $a0f4f6                              D0=00000000 D1=00000001 D2=0009FFFF A0=000003A4 A1=0000F8E0 nib=68973
T $A0F4F6  moveq   #-$23, D0                            D0=00000000 D1=00000001 D2=0009FFFF A0=000003A4 A1=0000F8E0 nib=68973
T $A0F4F8  bra     $a0f4f0                              D0=FFFFFFDD D1=00000001 D2=0009FFFF A0=000003A4 A1=0000F8E0 nib=68973
T $A0F4F0  movem.l (A7)+, D1-D2                         D0=FFFFFFDD D1=00000001 D2=0009FFFF A0=000003A4 A1=0000F8E0 nib=68973
T $A0F4F4  rts                                          D0=FFFFFFDD D1=0000FFFB D2=00090001 A0=000003A4 A1=0000F8E0 nib=68973
T $A0F674  bne     $a0f682                              D0=FFFFFFDD D1=0000FFFB D2=00090001 A0=000003A4 A1=0000F8E0 nib=68973
T $A0F682  bsr     $a0fc6c                              D0=FFFFFFDD D1=0000FFFB D2=00090001 A0=000003A4 A1=0000F8E0 nib=68973
T $A0FC6C  move.l  $6c8.w, -(A7)                        D0=FFFFFFDD D1=0000FFFB D2=00090001 A0=000003A4 A1=0000F8E0 nib=68973
T $A0FC70  rts                                          D0=FFFFFFDD D1=0000FFFB D2=00090001 A0=000003A4 A1=0000F8E0 nib=68973
T $A0FC72  move.l  A0, -(A7)                            D0=FFFFFFDD D1=0000FFFB D2=00090001 A0=000003A4 A1=0000F8E0 nib=68973
T $A0FC74  move.w  D2, D0                               D0=FFFFFFDD D1=0000FFFB D2=00090001 A0=000003A4 A1=0000F8E0 nib=68973
T $A0FC76  lea     $308.w, A0                           D0=FFFF0001 D1=0000FFFB D2=00090001 A0=000003A4 A1=0000F8E0 nib=68973
T $A0FC7A  moveq   #$6, D1                              D0=FFFF0001 D1=0000FFFB D2=00090001 A0=00000308 A1=0000F8E0 nib=68973
T $A0FC7C  bsr     $a0f48c                              D0=FFFF0001 D1=00000006 D2=00090001 A0=00000308 A1=0000F8E0 nib=68973
T $A0F48C  move.l  D2, -(A7)                            D0=FFFF0001 D1=00000006 D2=00090001 A0=00000308 A1=0000F8E0 nib=68973
T $A0F48E  move.l  ($2,A0), D2                          D0=FFFF0001 D1=00000006 D2=00090001 A0=00000308 A1=0000F8E0 nib=68973
T $A0F492  beq     $a0f4a8                              D0=FFFF0001 D1=00000006 D2=00004AB8 A0=00000308 A1=0000F8E0 nib=68973
T $A0F494  movea.l D2, A0                               D0=FFFF0001 D1=00000006 D2=00004AB8 A0=00000308 A1=0000F8E0 nib=68973
T $A0F496  cmp.w   ($0,A0,D1.w), D0                     D0=FFFF0001 D1=00000006 D2=00004AB8 A0=00004AB8 A1=0000F8E0 nib=68973
T $A0F49A  beq     $a0f4a0                              D0=FFFF0001 D1=00000006 D2=00004AB8 A0=00004AB8 A1=0000F8E0 nib=68973
T $A0F4A0  moveq   #$0, D0                              D0=FFFF0001 D1=00000006 D2=00004AB8 A0=00004AB8 A1=0000F8E0 nib=68973
T $A0F4A2  move.l  (A7)+, D2                            D0=00000000 D1=00000006 D2=00004AB8 A0=00004AB8 A1=0000F8E0 nib=68973
T $A0F4A4  tst.w   D0                                   D0=00000000 D1=00000006 D2=00090001 A0=00004AB8 A1=0000F8E0 nib=68973
T $A0F4A6  rts                                          D0=00000000 D1=00000006 D2=00090001 A0=00004AB8 A1=0000F8E0 nib=68973
T $A0FC80  bne     $a0fc94                              D0=00000000 D1=00000006 D2=00090001 A0=00004AB8 A1=0000F8E0 nib=68973
T $A0FC82  movea.l A0, A3                               D0=00000000 D1=00000006 D2=00090001 A0=00004AB8 A1=0000F8E0 nib=68973
T $A0FC84  move.w  ($8,A0), D1                          D0=00000000 D1=00000006 D2=00090001 A0=00004AB8 A1=0000F8E0 nib=68973
T $A0FC88  move.w  ($a,A0), D0                          D0=00000000 D1=0000FFFB D2=00090001 A0=00004AB8 A1=0000F8E0 nib=68973
T $A0FC8C  beq     $a0fc90                              D0=00000000 D1=0000FFFB D2=00090001 A0=00004AB8 A1=0000F8E0 nib=68973
T $A0FC90  movea.l (A7)+, A0                            D0=00000000 D1=0000FFFB D2=00090001 A0=00004AB8 A1=0000F8E0 nib=68973
T $A0FC92  rts                                          D0=00000000 D1=0000FFFB D2=00090001 A0=000003A4 A1=0000F8E0 nib=68973
T $A0F686  bne     $a0f67e                              D0=00000000 D1=0000FFFB D2=00090001 A0=000003A4 A1=0000F8E0 nib=68973
T $A0F688  movea.l A0, A2                               D0=00000000 D1=0000FFFB D2=00090001 A0=000003A4 A1=0000F8E0 nib=68973
T $A0F68A  move.l  #$b2, D0                             D0=00000000 D1=0000FFFB D2=00090001 A0=000003A4 A1=0000F8E0 nib=68973
T $A0F690  dc.w    $a71e; opcode 1010                   D0=000000B2 D1=0000FFFB D2=00090001 A0=000003A4 A1=0000F8E0 nib=68973
T $A099B0  move.l  A2, -(A7)                            D0=000000B2 D1=0000FFFB D2=00090001 A0=000003A4 A1=0000F8E0 nib=68973
T $A099B2  move.l  D2, -(A7)                            D0=000000B2 D1=0000FFFB D2=00090001 A0=000003A4 A1=0000F8E0 nib=68973
T $A099B4  movea.l ($a,A7), A2                          D0=000000B2 D1=0000FFFB D2=00090001 A0=000003A4 A1=0000F8E0 nib=68973
T $A099B8  move.w  (A2)+, D2                            D0=000000B2 D1=0000FFFB D2=00090001 A0=000003A4 A1=0000F8E0 nib=68973
T $A099BA  cmpi.w  #-$5800, D2                          D0=000000B2 D1=0000FFFB D2=0009A71E A0=000003A4 A1=0000F8E0 nib=68973
T $A099BE  bcs     $a099f0                              D0=000000B2 D1=0000FFFB D2=0009A71E A0=000003A4 A1=0000F8E0 nib=68973
T $A099F0  move.l  D1, -(A7)                            D0=000000B2 D1=0000FFFB D2=0009A71E A0=000003A4 A1=0000F8E0 nib=68973
T $A099F2  move.l  A1, -(A7)                            D0=000000B2 D1=0000FFFB D2=0009A71E A0=000003A4 A1=0000F8E0 nib=68973
T $A099F4  move.w  D2, D1                               D0=000000B2 D1=0000FFFB D2=0009A71E A0=000003A4 A1=0000F8E0 nib=68973
T $A099F6  move.l  A2, ($14,A7)                         D0=000000B2 D1=0000A71E D2=0009A71E A0=000003A4 A1=0000F8E0 nib=68973
T $A099FA  andi.w  #$100, D2                            D0=000000B2 D1=0000A71E D2=0009A71E A0=000003A4 A1=0000F8E0 nib=68973
T $A099FE  bne     $a09a20                              D0=000000B2 D1=0000A71E D2=00090100 A0=000003A4 A1=0000F8E0 nib=68973
T $A09A20  move.b  D1, D2                               D0=000000B2 D1=0000A71E D2=00090100 A0=000003A4 A1=0000F8E0 nib=68973
T $A09A22  jsr     ([$0, D2.w*4], $0)                   D0=000000B2 D1=0000A71E D2=0009011E A0=000003A4 A1=0000F8E0 nib=68973
T $067E54  movem.l D0-D1, -(A7)                         D0=000000B2 D1=0000A71E D2=0009011E A0=000003A4 A1=0000F8E0 nib=68973
T $067E58  move.l  #$ffffffff, -(A7)                    D0=000000B2 D1=0000A71E D2=0009011E A0=000003A4 A1=0000F8E0 nib=68973
T $067E5E  movea.l $2a6.w, A1                           D0=000000B2 D1=0000A71E D2=0009011E A0=000003A4 A1=0000F8E0 nib=68973
T $067E62  btst    #$a, D1                              D0=000000B2 D1=0000A71E D2=0009011E A0=000003A4 A1=00002000 nib=68973
T $067E66  bne     $67e6e                               D0=000000B2 D1=0000A71E D2=0009011E A0=000003A4 A1=00002000 nib=68973
T $067E6E  move.l  (A1), (A7)                           D0=000000B2 D1=0000A71E D2=0009011E A0=000003A4 A1=00002000 nib=68973
T $067E70  jsr     $40a0d360.l                          D0=000000B2 D1=0000A71E D2=0009011E A0=000003A4 A1=00002000 nib=68973
T $A0D360  move.l  #$40, -(A7)                          D0=000000B2 D1=0000A71E D2=0009011E A0=000003A4 A1=00002000 nib=68973
T $A0D366  move.l  $1ee8.w, -(A7)                       D0=000000B2 D1=0000A71E D2=0009011E A0=000003A4 A1=00002000 nib=68973
T $A0D36A  rts                                          D0=000000B2 D1=0000A71E D2=0009011E A0=000003A4 A1=00002000 nib=68973
T $A0DD1E  movea.l (A7)+, A1                            D0=000000B2 D1=0000A71E D2=0009011E A0=000003A4 A1=00002000 nib=68973
T $A0DD20  movem.l D3-D7/A2-A6, -(A7)                   D0=000000B2 D1=0000A71E D2=0009011E A0=000003A4 A1=00000040 nib=68973
T $A0DD24  move.b  $1efc.w, -(A7)                       D0=000000B2 D1=0000A71E D2=0009011E A0=000003A4 A1=00000040 nib=68973
T $A0DD28  movea.l A1, A4                               D0=000000B2 D1=0000A71E D2=0009011E A0=000003A4 A1=00000040 nib=68973
T $A0DD2A  clr.w   -(A7)                                D0=000000B2 D1=0000A71E D2=0009011E A0=000003A4 A1=00000040 nib=68973
T $A0DD2C  move.l  D0, D2                               D0=000000B2 D1=0000A71E D2=0009011E A0=000003A4 A1=00000040 nib=68973
T $A0DD2E  movea.l $118.w, A6                           D0=000000B2 D1=0000A71E D2=000000B2 A0=000003A4 A1=00000040 nib=68973
T $A0DD32  btst    #$a, D1                              D0=000000B2 D1=0000A71E D2=000000B2 A0=000003A4 A1=00000040 nib=68973
T $A0DD36  beq     $a0dd3c                              D0=000000B2 D1=0000A71E D2=000000B2 A0=000003A4 A1=00000040 nib=68973
T $A0DD38  movea.l $2a6.w, A6                           D0=000000B2 D1=0000A71E D2=000000B2 A0=000003A4 A1=00000040 nib=68973
T $A0DD3C  bsr     $a0dbf8                              D0=000000B2 D1=0000A71E D2=000000B2 A0=000003A4 A1=00000040 nib=68973
T $A0DBF8  movea.l $8.w, A2                             D0=000000B2 D1=0000A71E D2=000000B2 A0=000003A4 A1=00000040 nib=68973
T $A0DBFC  lea     (-$ae,PC), A3; ($a0db50)             D0=000000B2 D1=0000A71E D2=000000B2 A0=000003A4 A1=00000040 nib=68973
T $A0DC00  move.l  A3, $8.w                             D0=000000B2 D1=0000A71E D2=000000B2 A0=000003A4 A1=00000040 nib=68973
T $A0DC04  btst    #$0, $1efc.w                         D0=000000B2 D1=0000A71E D2=000000B2 A0=000003A4 A1=00000040 nib=68973
T $A0DC0A  beq     $a0dc12                              D0=000000B2 D1=0000A71E D2=000000B2 A0=000003A4 A1=00000040 nib=68973
T $A0DC12  move.l  A6, D0                               D0=000000B2 D1=0000A71E D2=000000B2 A0=000003A4 A1=00000040 nib=68973
T $A0DC14  and.l   $31a.w, D0                           D0=00002000 D1=0000A71E D2=000000B2 A0=000003A4 A1=00000040 nib=68973
T $A0DC18  movea.l D0, A6                               D0=00002000 D1=0000A71E D2=000000B2 A0=000003A4 A1=00000040 nib=68973
T $A0DC1A  move.l  ($38,A6), D0                         D0=00002000 D1=0000A71E D2=000000B2 A0=000003A4 A1=00000040 nib=68973
T $A0DC1E  and.l   $31a.w, D0                           D0=00002000 D1=0000A71E D2=000000B2 A0=000003A4 A1=00000040 nib=68973
T $A0DC22  move.l  A2, $8.w                             D0=00002000 D1=0000A71E D2=000000B2 A0=000003A4 A1=00000040 nib=68973
T $A0DC26  sub.l   A6, D0                               D0=00002000 D1=0000A71E D2=000000B2 A0=000003A4 A1=00000040 nib=68973
T $A0DC28  beq     $a0dc2c                              D0=00000000 D1=0000A71E D2=000000B2 A0=000003A4 A1=00000040 nib=68973
T $A0DC2C  rts                                          D0=00000000 D1=0000A71E D2=000000B2 A0=000003A4 A1=00000040 nib=68973
T $A0DD40  bmi     $a0dd58                              D0=00000000 D1=0000A71E D2=000000B2 A0=000003A4 A1=00000040 nib=68973
T $A0DD42  addq.l  #$2, A7                              D0=00000000 D1=0000A71E D2=000000B2 A0=000003A4 A1=00000040 nib=68973
T $A0DD44  move.l  D2, D0                               D0=00000000 D1=0000A71E D2=000000B2 A0=000003A4 A1=00000040 nib=68973
T $A0DD46  move.l  ($20,A6), D3                         D0=000000B2 D1=0000A71E D2=000000B2 A0=000003A4 A1=00000040 nib=68973
T $A0DD4A  bne     $a0dd52                              D0=000000B2 D1=0000A71E D2=000000B2 A0=000003A4 A1=00000040 nib=68973
T $A0DD52  adda.l  D3, A4                               D0=000000B2 D1=0000A71E D2=000000B2 A0=000003A4 A1=00000040 nib=68973
T $A0DD54  move.l  (A4), -(A7)                          D0=000000B2 D1=0000A71E D2=000000B2 A0=000003A4 A1=00000040 nib=68973
T $A0DD56  rts                                          D0=000000B2 D1=0000A71E D2=000000B2 A0=000003A4 A1=00000040 nib=68973
T $0680AE  suba.l  A1, A1                               D0=000000B2 D1=0000A71E D2=000000B2 A0=000003A4 A1=00000040 nib=68973
T $0680B0  bsr     $680dc                               D0=000000B2 D1=0000A71E D2=000000B2 A0=000003A4 A1=00000000 nib=68973
T $0680DC  movem.l D0-D4/A0-A1/A3-A4, -(A7)             D0=000000B2 D1=0000A71E D2=000000B2 A0=000003A4 A1=00000000 nib=68973
T $0680E0  jsr     $40a0e58e.l                          D0=000000B2 D1=0000A71E D2=000000B2 A0=000003A4 A1=00000000 nib=68973
T $A0E58E  addq.l  #$8, D0                              D0=000000B2 D1=0000A71E D2=000000B2 A0=000003A4 A1=00000000 nib=68973
T $A0E590  addq.l  #$3, D0                              D0=000000BA D1=0000A71E D2=000000B2 A0=000003A4 A1=00000000 nib=68973
T $A0E592  andi.w  #-$4, D0                             D0=000000BD D1=0000A71E D2=000000B2 A0=000003A4 A1=00000000 nib=68973
T $A0E596  cmpi.l  #$c, D0                              D0=000000BC D1=0000A71E D2=000000B2 A0=000003A4 A1=00000000 nib=68973
T $A0E59C  bcc     $a0e5a0                              D0=000000BC D1=0000A71E D2=000000B2 A0=000003A4 A1=00000000 nib=68973
T $A0E5A0  rts                                          D0=000000BC D1=0000A71E D2=000000B2 A0=000003A4 A1=00000000 nib=68973
T $0680E6  movea.l A6, A4                               D0=000000BC D1=0000A71E D2=000000B2 A0=000003A4 A1=00000000 nib=68973
T $0680E8  cmpa.l  $2aa.w, A6                           D0=000000BC D1=0000A71E D2=000000B2 A0=000003A4 A1=00000000 nib=68973
T $0680EC  seq     D3                                   D0=000000BC D1=0000A71E D2=000000B2 A0=000003A4 A1=00000000 nib=68973
T $0680EE  lea     ($34,A4), A0                         D0=000000BC D1=0000A71E D2=000000B2 A0=000003A4 A1=00000000 nib=68973
T $0680F2  movea.l (A6), A3                             D0=000000BC D1=0000A71E D2=000000B2 A0=00002034 A1=00000000 nib=68973
T $0680F4  movea.l A0, A2                               D0=000000BC D1=0000A71E D2=000000B2 A0=00002034 A1=00000000 nib=68973
T $0680F6  moveq   #$0, D2                              D0=000000BC D1=0000A71E D2=000000B2 A0=00002034 A1=00000000 nib=68973
T $0680F8  move.l  (A0), D1                             D0=000000BC D1=0000A71E D2=00000000 A0=00002034 A1=00000000 nib=68973
T $0680FA  and.l   $31a.w, D1                           D0=000000BC D1=40000108 D2=00000000 A0=00002034 A1=00000000 nib=68973
T $0680FE  tst.b   (A0)                                 D0=000000BC D1=00000108 D2=00000000 A0=00002034 A1=00000000 nib=68973
T $068100  beq     $6810e                               D0=000000BC D1=00000108 D2=00000000 A0=00002034 A1=00000000 nib=68973
T $068102  bpl     $68148                               D0=000000BC D1=00000108 D2=00000000 A0=00002034 A1=00000000 nib=68973
T $068148  adda.l  D1, A0                               D0=000000BC D1=00000108 D2=00000000 A0=00002034 A1=00000000 nib=68973
T $06814A  movea.l A0, A2                               D0=000000BC D1=00000108 D2=00000000 A0=0000213C A1=00000000 nib=68973
T $06814C  moveq   #$0, D2                              D0=000000BC D1=00000108 D2=00000000 A0=0000213C A1=00000000 nib=68973
T $06814E  cmpa.l  A3, A0                               D0=000000BC D1=00000108 D2=00000000 A0=0000213C A1=00000000 nib=68973
T $068150  bcs     $680f8                               D0=000000BC D1=00000108 D2=00000000 A0=0000213C A1=00000000 nib=68973
T $0680F8  move.l  (A0), D1                             D0=000000BC D1=00000108 D2=00000000 A0=0000213C A1=00000000 nib=68973
T $0680FA  and.l   $31a.w, D1                           D0=000000BC D1=4A000044 D2=00000000 A0=0000213C A1=00000000 nib=68973
T $0680FE  tst.b   (A0)                                 D0=000000BC D1=00000044 D2=00000000 A0=0000213C A1=00000000 nib=68973
T $068100  beq     $6810e                               D0=000000BC D1=00000044 D2=00000000 A0=0000213C A1=00000000 nib=68973
T $068102  bpl     $68148                               D0=000000BC D1=00000044 D2=00000000 A0=0000213C A1=00000000 nib=68973
T $068148  adda.l  D1, A0                               D0=000000BC D1=00000044 D2=00000000 A0=0000213C A1=00000000 nib=68973
T $06814A  movea.l A0, A2                               D0=000000BC D1=00000044 D2=00000000 A0=00002180 A1=00000000 nib=68973
T $06814C  moveq   #$0, D2                              D0=000000BC D1=00000044 D2=00000000 A0=00002180 A1=00000000 nib=68973
T $06814E  cmpa.l  A3, A0                               D0=000000BC D1=00000044 D2=00000000 A0=00002180 A1=00000000 nib=68973
T $068150  bcs     $680f8                               D0=000000BC D1=00000044 D2=00000000 A0=00002180 A1=00000000 nib=68973
T $0680F8  move.l  (A0), D1                             D0=000000BC D1=00000044 D2=00000000 A0=00002180 A1=00000000 nib=68973
T $0680FA  and.l   $31a.w, D1                           D0=000000BC D1=40000030 D2=00000000 A0=00002180 A1=00000000 nib=68973
T $0680FE  tst.b   (A0)                                 D0=000000BC D1=00000030 D2=00000000 A0=00002180 A1=00000000 nib=68973
T $068100  beq     $6810e                               D0=000000BC D1=00000030 D2=00000000 A0=00002180 A1=00000000 nib=68973
T $068102  bpl     $68148                               D0=000000BC D1=00000030 D2=00000000 A0=00002180 A1=00000000 nib=68973
T $068148  adda.l  D1, A0                               D0=000000BC D1=00000030 D2=00000000 A0=00002180 A1=00000000 nib=68973
T $06814A  movea.l A0, A2                               D0=000000BC D1=00000030 D2=00000000 A0=000021B0 A1=00000000 nib=68973
T $06814C  moveq   #$0, D2                              D0=000000BC D1=00000030 D2=00000000 A0=000021B0 A1=00000000 nib=68973
T $06814E  cmpa.l  A3, A0                               D0=000000BC D1=00000030 D2=00000000 A0=000021B0 A1=00000000 nib=68973
T $068150  bcs     $680f8                               D0=000000BC D1=00000030 D2=00000000 A0=000021B0 A1=00000000 nib=68973
T $0680F8  move.l  (A0), D1                             D0=000000BC D1=00000030 D2=00000000 A0=000021B0 A1=00000000 nib=68973
T $0680FA  and.l   $31a.w, D1                           D0=000000BC D1=40000050 D2=00000000 A0=000021B0 A1=00000000 nib=68973
T $0680FE  tst.b   (A0)                                 D0=000000BC D1=00000050 D2=00000000 A0=000021B0 A1=00000000 nib=68973
T $068100  beq     $6810e                               D0=000000BC D1=00000050 D2=00000000 A0=000021B0 A1=00000000 nib=68973
T $068102  bpl     $68148                               D0=000000BC D1=00000050 D2=00000000 A0=000021B0 A1=00000000 nib=68973
T $068148  adda.l  D1, A0                               D0=000000BC D1=00000050 D2=00000000 A0=000021B0 A1=00000000 nib=68973
T $06814A  movea.l A0, A2                               D0=000000BC D1=00000050 D2=00000000 A0=00002200 A1=00000000 nib=68973
T $06814C  moveq   #$0, D2                              D0=000000BC D1=00000050 D2=00000000 A0=00002200 A1=00000000 nib=68973
T $06814E  cmpa.l  A3, A0                               D0=000000BC D1=00000050 D2=00000000 A0=00002200 A1=00000000 nib=68973
T $068150  bcs     $680f8                               D0=000000BC D1=00000050 D2=00000000 A0=00002200 A1=00000000 nib=68973
T $0680F8  move.l  (A0), D1                             D0=000000BC D1=00000050 D2=00000000 A0=00002200 A1=00000000 nib=68973
T $0680FA  and.l   $31a.w, D1                           D0=000000BC D1=40000610 D2=00000000 A0=00002200 A1=00000000 nib=68973
T $0680FE  tst.b   (A0)                                 D0=000000BC D1=00000610 D2=00000000 A0=00002200 A1=00000000 nib=68973
T $068100  beq     $6810e                               D0=000000BC D1=00000610 D2=00000000 A0=00002200 A1=00000000 nib=68973
T $068102  bpl     $68148                               D0=000000BC D1=00000610 D2=00000000 A0=00002200 A1=00000000 nib=68973
T $068148  adda.l  D1, A0                               D0=000000BC D1=00000610 D2=00000000 A0=00002200 A1=00000000 nib=68973
T $06814A  movea.l A0, A2                               D0=000000BC D1=00000610 D2=00000000 A0=00002810 A1=00000000 nib=68973
T $06814C  moveq   #$0, D2                              D0=000000BC D1=00000610 D2=00000000 A0=00002810 A1=00000000 nib=68973
T $06814E  cmpa.l  A3, A0                               D0=000000BC D1=00000610 D2=00000000 A0=00002810 A1=00000000 nib=68973
T $068150  bcs     $680f8                               D0=000000BC D1=00000610 D2=00000000 A0=00002810 A1=00000000 nib=68973
T $0680F8  move.l  (A0), D1                             D0=000000BC D1=00000610 D2=00000000 A0=00002810 A1=00000000 nib=68973
T $0680FA  and.l   $31a.w, D1                           D0=000000BC D1=4200012C D2=00000000 A0=00002810 A1=00000000 nib=68973
T $0680FE  tst.b   (A0)                                 D0=000000BC D1=0000012C D2=00000000 A0=00002810 A1=00000000 nib=68973
T $068100  beq     $6810e                               D0=000000BC D1=0000012C D2=00000000 A0=00002810 A1=00000000 nib=68973
T $068102  bpl     $68148                               D0=000000BC D1=0000012C D2=00000000 A0=00002810 A1=00000000 nib=68973
T $068148  adda.l  D1, A0                               D0=000000BC D1=0000012C D2=00000000 A0=00002810 A1=00000000 nib=68973
T $06814A  movea.l A0, A2                               D0=000000BC D1=0000012C D2=00000000 A0=0000293C A1=00000000 nib=68973
T $06814C  moveq   #$0, D2                              D0=000000BC D1=0000012C D2=00000000 A0=0000293C A1=00000000 nib=68973
T $06814E  cmpa.l  A3, A0                               D0=000000BC D1=0000012C D2=00000000 A0=0000293C A1=00000000 nib=68973
T $068150  bcs     $680f8                               D0=000000BC D1=0000012C D2=00000000 A0=0000293C A1=00000000 nib=68973
T $0680F8  move.l  (A0), D1                             D0=000000BC D1=0000012C D2=00000000 A0=0000293C A1=00000000 nib=68973
T $0680FA  and.l   $31a.w, D1                           D0=000000BC D1=40000078 D2=00000000 A0=0000293C A1=00000000 nib=68973
T $0680FE  tst.b   (A0)                                 D0=000000BC D1=00000078 D2=00000000 A0=0000293C A1=00000000 nib=68973
T $068100  beq     $6810e                               D0=000000BC D1=00000078 D2=00000000 A0=0000293C A1=00000000 nib=68973
T $068102  bpl     $68148                               D0=000000BC D1=00000078 D2=00000000 A0=0000293C A1=00000000 nib=68973
T $068148  adda.l  D1, A0                               D0=000000BC D1=00000078 D2=00000000 A0=0000293C A1=00000000 nib=68973
T $06814A  movea.l A0, A2                               D0=000000BC D1=00000078 D2=00000000 A0=000029B4 A1=00000000 nib=68973
T $06814C  moveq   #$0, D2                              D0=000000BC D1=00000078 D2=00000000 A0=000029B4 A1=00000000 nib=68973
T $06814E  cmpa.l  A3, A0                               D0=000000BC D1=00000078 D2=00000000 A0=000029B4 A1=00000000 nib=68973
T $068150  bcs     $680f8                               D0=000000BC D1=00000078 D2=00000000 A0=000029B4 A1=00000000 nib=68973
T $0680F8  move.l  (A0), D1                             D0=000000BC D1=00000078 D2=00000000 A0=000029B4 A1=00000000 nib=68973
T $0680FA  and.l   $31a.w, D1                           D0=000000BC D1=4000008C D2=00000000 A0=000029B4 A1=00000000 nib=68973
T $0680FE  tst.b   (A0)                                 D0=000000BC D1=0000008C D2=00000000 A0=000029B4 A1=00000000 nib=68973
T $068100  beq     $6810e                               D0=000000BC D1=0000008C D2=00000000 A0=000029B4 A1=00000000 nib=68973
T $068102  bpl     $68148                               D0=000000BC D1=0000008C D2=00000000 A0=000029B4 A1=00000000 nib=68973
T $068148  adda.l  D1, A0                               D0=000000BC D1=0000008C D2=00000000 A0=000029B4 A1=00000000 nib=68973
T $06814A  movea.l A0, A2                               D0=000000BC D1=0000008C D2=00000000 A0=00002A40 A1=00000000 nib=68973
T $06814C  moveq   #$0, D2                              D0=000000BC D1=0000008C D2=00000000 A0=00002A40 A1=00000000 nib=68973
T $06814E  cmpa.l  A3, A0                               D0=000000BC D1=0000008C D2=00000000 A0=00002A40 A1=00000000 nib=68973
T $068150  bcs     $680f8                               D0=000000BC D1=0000008C D2=00000000 A0=00002A40 A1=00000000 nib=68973
T $0680F8  move.l  (A0), D1                             D0=000000BC D1=0000008C D2=00000000 A0=00002A40 A1=00000000 nib=68973
T $0680FA  and.l   $31a.w, D1                           D0=000000BC D1=40000108 D2=00000000 A0=00002A40 A1=00000000 nib=68973
T $0680FE  tst.b   (A0)                                 D0=000000BC D1=00000108 D2=00000000 A0=00002A40 A1=00000000 nib=68973
T $068100  beq     $6810e                               D0=000000BC D1=00000108 D2=00000000 A0=00002A40 A1=00000000 nib=68973
T $068102  bpl     $68148                               D0=000000BC D1=00000108 D2=00000000 A0=00002A40 A1=00000000 nib=68973
T $068148  adda.l  D1, A0                               D0=000000BC D1=00000108 D2=00000000 A0=00002A40 A1=00000000 nib=68973
T $06814A  movea.l A0, A2                               D0=000000BC D1=00000108 D2=00000000 A0=00002B48 A1=00000000 nib=68973
T $06814C  moveq   #$0, D2                              D0=000000BC D1=00000108 D2=00000000 A0=00002B48 A1=00000000 nib=68973
T $06814E  cmpa.l  A3, A0                               D0=000000BC D1=00000108 D2=00000000 A0=00002B48 A1=00000000 nib=68973
T $068150  bcs     $680f8                               D0=000000BC D1=00000108 D2=00000000 A0=00002B48 A1=00000000 nib=68973
T $0680F8  move.l  (A0), D1                             D0=000000BC D1=00000108 D2=00000000 A0=00002B48 A1=00000000 nib=68973
T $0680FA  and.l   $31a.w, D1                           D0=000000BC D1=400001CC D2=00000000 A0=00002B48 A1=00000000 nib=68973
T $0680FE  tst.b   (A0)                                 D0=000000BC D1=000001CC D2=00000000 A0=00002B48 A1=00000000 nib=68973
T $068100  beq     $6810e                               D0=000000BC D1=000001CC D2=00000000 A0=00002B48 A1=00000000 nib=68973
T $068102  bpl     $68148                               D0=000000BC D1=000001CC D2=00000000 A0=00002B48 A1=00000000 nib=68973
T $068148  adda.l  D1, A0                               D0=000000BC D1=000001CC D2=00000000 A0=00002B48 A1=00000000 nib=68973
T $06814A  movea.l A0, A2                               D0=000000BC D1=000001CC D2=00000000 A0=00002D14 A1=00000000 nib=68973
T $06814C  moveq   #$0, D2                              D0=000000BC D1=000001CC D2=00000000 A0=00002D14 A1=00000000 nib=68973
T $06814E  cmpa.l  A3, A0                               D0=000000BC D1=000001CC D2=00000000 A0=00002D14 A1=00000000 nib=68973
T $068150  bcs     $680f8                               D0=000000BC D1=000001CC D2=00000000 A0=00002D14 A1=00000000 nib=68973
T $0680F8  move.l  (A0), D1                             D0=000000BC D1=000001CC D2=00000000 A0=00002D14 A1=00000000 nib=68973
T $0680FA  and.l   $31a.w, D1                           D0=000000BC D1=8A000314 D2=00000000 A0=00002D14 A1=00000000 nib=68973
T $0680FE  tst.b   (A0)                                 D0=000000BC D1=00000314 D2=00000000 A0=00002D14 A1=00000000 nib=68973
T $068100  beq     $6810e                               D0=000000BC D1=00000314 D2=00000000 A0=00002D14 A1=00000000 nib=68973
T $068102  bpl     $68148                               D0=000000BC D1=00000314 D2=00000000 A0=00002D14 A1=00000000 nib=68973
T $068104  movea.l ($4,A0), A1                          D0=000000BC D1=00000314 D2=00000000 A0=00002D14 A1=00000000 nib=68973
T $068108  adda.l  A6, A1                               D0=000000BC D1=00000314 D2=00000000 A0=00002D14 A1=00000A54 nib=68973
T $06810A  tst.b   (A1)                                 D0=000000BC D1=00000314 D2=00000000 A0=00002D14 A1=00002A54 nib=68973
T $06810C  bmi     $68148                               D0=000000BC D1=00000314 D2=00000000 A0=00002D14 A1=00002A54 nib=68973
T $068148  adda.l  D1, A0                               D0=000000BC D1=00000314 D2=00000000 A0=00002D14 A1=00002A54 nib=68973
T $06814A  movea.l A0, A2                               D0=000000BC D1=00000314 D2=00000000 A0=00003028 A1=00002A54 nib=68973
T $06814C  moveq   #$0, D2                              D0=000000BC D1=00000314 D2=00000000 A0=00003028 A1=00002A54 nib=68973
T $06814E  cmpa.l  A3, A0                               D0=000000BC D1=00000314 D2=00000000 A0=00003028 A1=00002A54 nib=68973
T $068150  bcs     $680f8                               D0=000000BC D1=00000314 D2=00000000 A0=00003028 A1=00002A54 nib=68973
T $0680F8  move.l  (A0), D1                             D0=000000BC D1=00000314 D2=00000000 A0=00003028 A1=00002A54 nib=68973
T $0680FA  and.l   $31a.w, D1                           D0=000000BC D1=80000408 D2=00000000 A0=00003028 A1=00002A54 nib=68973
T $0680FE  tst.b   (A0)                                 D0=000000BC D1=00000408 D2=00000000 A0=00003028 A1=00002A54 nib=68973
T $068100  beq     $6810e                               D0=000000BC D1=00000408 D2=00000000 A0=00003028 A1=00002A54 nib=68973
T $068102  bpl     $68148                               D0=000000BC D1=00000408 D2=00000000 A0=00003028 A1=00002A54 nib=68973
T $068104  movea.l ($4,A0), A1                          D0=000000BC D1=00000408 D2=00000000 A0=00003028 A1=00002A54 nib=68973
T $068108  adda.l  A6, A1                               D0=000000BC D1=00000408 D2=00000000 A0=00003028 A1=00000118 nib=68973
T $06810A  tst.b   (A1)                                 D0=000000BC D1=00000408 D2=00000000 A0=00003028 A1=00002118 nib=68973
T $06810C  bmi     $68148                               D0=000000BC D1=00000408 D2=00000000 A0=00003028 A1=00002118 nib=68973
T $068148  adda.l  D1, A0                               D0=000000BC D1=00000408 D2=00000000 A0=00003028 A1=00002118 nib=68973
T $06814A  movea.l A0, A2                               D0=000000BC D1=00000408 D2=00000000 A0=00003430 A1=00002118 nib=68973
T $06814C  moveq   #$0, D2                              D0=000000BC D1=00000408 D2=00000000 A0=00003430 A1=00002118 nib=68973
T $06814E  cmpa.l  A3, A0                               D0=000000BC D1=00000408 D2=00000000 A0=00003430 A1=00002118 nib=68973
T $068150  bcs     $680f8                               D0=000000BC D1=00000408 D2=00000000 A0=00003430 A1=00002118 nib=68973
T $0680F8  move.l  (A0), D1                             D0=000000BC D1=00000408 D2=00000000 A0=00003430 A1=00002118 nib=68973
T $0680FA  and.l   $31a.w, D1                           D0=000000BC D1=8400040C D2=00000000 A0=00003430 A1=00002118 nib=68973
T $0680FE  tst.b   (A0)                                 D0=000000BC D1=0000040C D2=00000000 A0=00003430 A1=00002118 nib=68973
T $068100  beq     $6810e                               D0=000000BC D1=0000040C D2=00000000 A0=00003430 A1=00002118 nib=68973
T $068102  bpl     $68148                               D0=000000BC D1=0000040C D2=00000000 A0=00003430 A1=00002118 nib=68973
T $068104  movea.l ($4,A0), A1                          D0=000000BC D1=0000040C D2=00000000 A0=00003430 A1=00002118 nib=68973
T $068108  adda.l  A6, A1                               D0=000000BC D1=0000040C D2=00000000 A0=00003430 A1=00000114 nib=68973
T $06810A  tst.b   (A1)                                 D0=000000BC D1=0000040C D2=00000000 A0=00003430 A1=00002114 nib=68973
T $06810C  bmi     $68148                               D0=000000BC D1=0000040C D2=00000000 A0=00003430 A1=00002114 nib=68973
T $068148  adda.l  D1, A0                               D0=000000BC D1=0000040C D2=00000000 A0=00003430 A1=00002114 nib=68973
T $06814A  movea.l A0, A2                               D0=000000BC D1=0000040C D2=00000000 A0=0000383C A1=00002114 nib=68973
T $06814C  moveq   #$0, D2                              D0=000000BC D1=0000040C D2=00000000 A0=0000383C A1=00002114 nib=68973
T $06814E  cmpa.l  A3, A0                               D0=000000BC D1=0000040C D2=00000000 A0=0000383C A1=00002114 nib=68973
T $068150  bcs     $680f8                               D0=000000BC D1=0000040C D2=00000000 A0=0000383C A1=00002114 nib=68973
T $0680F8  move.l  (A0), D1                             D0=000000BC D1=0000040C D2=00000000 A0=0000383C A1=00002114 nib=68973
T $0680FA  and.l   $31a.w, D1                           D0=000000BC D1=40000108 D2=00000000 A0=0000383C A1=00002114 nib=68973
T $0680FE  tst.b   (A0)                                 D0=000000BC D1=00000108 D2=00000000 A0=0000383C A1=00002114 nib=68973
T $068100  beq     $6810e                               D0=000000BC D1=00000108 D2=00000000 A0=0000383C A1=00002114 nib=68973
T $068102  bpl     $68148                               D0=000000BC D1=00000108 D2=00000000 A0=0000383C A1=00002114 nib=68973
T $068148  adda.l  D1, A0                               D0=000000BC D1=00000108 D2=00000000 A0=0000383C A1=00002114 nib=68973
T $06814A  movea.l A0, A2                               D0=000000BC D1=00000108 D2=00000000 A0=00003944 A1=00002114 nib=68973
T $06814C  moveq   #$0, D2                              D0=000000BC D1=00000108 D2=00000000 A0=00003944 A1=00002114 nib=68973
T $06814E  cmpa.l  A3, A0                               D0=000000BC D1=00000108 D2=00000000 A0=00003944 A1=00002114 nib=68973
T $068150  bcs     $680f8                               D0=000000BC D1=00000108 D2=00000000 A0=00003944 A1=00002114 nib=68973
T $0680F8  move.l  (A0), D1                             D0=000000BC D1=00000108 D2=00000000 A0=00003944 A1=00002114 nib=68973
T $0680FA  and.l   $31a.w, D1                           D0=000000BC D1=40000108 D2=00000000 A0=00003944 A1=00002114 nib=68973
T $0680FE  tst.b   (A0)                                 D0=000000BC D1=00000108 D2=00000000 A0=00003944 A1=00002114 nib=68973
T $068100  beq     $6810e                               D0=000000BC D1=00000108 D2=00000000 A0=00003944 A1=00002114 nib=68973
T $068102  bpl     $68148                               D0=000000BC D1=00000108 D2=00000000 A0=00003944 A1=00002114 nib=68973
T $068148  adda.l  D1, A0                               D0=000000BC D1=00000108 D2=00000000 A0=00003944 A1=00002114 nib=68973
T $06814A  movea.l A0, A2                               D0=000000BC D1=00000108 D2=00000000 A0=00003A4C A1=00002114 nib=68973
T $06814C  moveq   #$0, D2                              D0=000000BC D1=00000108 D2=00000000 A0=00003A4C A1=00002114 nib=68973
T $06814E  cmpa.l  A3, A0                               D0=000000BC D1=00000108 D2=00000000 A0=00003A4C A1=00002114 nib=68973
T $068150  bcs     $680f8                               D0=000000BC D1=00000108 D2=00000000 A0=00003A4C A1=00002114 nib=68973
T $0680F8  move.l  (A0), D1                             D0=000000BC D1=00000108 D2=00000000 A0=00003A4C A1=00002114 nib=68973
T $0680FA  and.l   $31a.w, D1                           D0=000000BC D1=40000208 D2=00000000 A0=00003A4C A1=00002114 nib=68973
T $0680FE  tst.b   (A0)                                 D0=000000BC D1=00000208 D2=00000000 A0=00003A4C A1=00002114 nib=68973
T $068100  beq     $6810e                               D0=000000BC D1=00000208 D2=00000000 A0=00003A4C A1=00002114 nib=68973
T $068102  bpl     $68148                               D0=000000BC D1=00000208 D2=00000000 A0=00003A4C A1=00002114 nib=68973
T $068148  adda.l  D1, A0                               D0=000000BC D1=00000208 D2=00000000 A0=00003A4C A1=00002114 nib=68973
T $06814A  movea.l A0, A2                               D0=000000BC D1=00000208 D2=00000000 A0=00003C54 A1=00002114 nib=68973
T $06814C  moveq   #$0, D2                              D0=000000BC D1=00000208 D2=00000000 A0=00003C54 A1=00002114 nib=68973
T $06814E  cmpa.l  A3, A0                               D0=000000BC D1=00000208 D2=00000000 A0=00003C54 A1=00002114 nib=68973
T $068150  bcs     $680f8                               D0=000000BC D1=00000208 D2=00000000 A0=00003C54 A1=00002114 nib=68973
T $0680F8  move.l  (A0), D1                             D0=000000BC D1=00000208 D2=00000000 A0=00003C54 A1=00002114 nib=68973
T $0680FA  and.l   $31a.w, D1                           D0=000000BC D1=42000014 D2=00000000 A0=00003C54 A1=00002114 nib=68973
T $0680FE  tst.b   (A0)                                 D0=000000BC D1=00000014 D2=00000000 A0=00003C54 A1=00002114 nib=68973
T $068100  beq     $6810e                               D0=000000BC D1=00000014 D2=00000000 A0=00003C54 A1=00002114 nib=68973
T $068102  bpl     $68148                               D0=000000BC D1=00000014 D2=00000000 A0=00003C54 A1=00002114 nib=68973
T $068148  adda.l  D1, A0                               D0=000000BC D1=00000014 D2=00000000 A0=00003C54 A1=00002114 nib=68973
T $06814A  movea.l A0, A2                               D0=000000BC D1=00000014 D2=00000000 A0=00003C68 A1=00002114 nib=68973
T $06814C  moveq   #$0, D2                              D0=000000BC D1=00000014 D2=00000000 A0=00003C68 A1=00002114 nib=68973
T $06814E  cmpa.l  A3, A0                               D0=000000BC D1=00000014 D2=00000000 A0=00003C68 A1=00002114 nib=68973
T $068150  bcs     $680f8                               D0=000000BC D1=00000014 D2=00000000 A0=00003C68 A1=00002114 nib=68973
T $0680F8  move.l  (A0), D1                             D0=000000BC D1=00000014 D2=00000000 A0=00003C68 A1=00002114 nib=68973
T $0680FA  and.l   $31a.w, D1                           D0=000000BC D1=42000014 D2=00000000 A0=00003C68 A1=00002114 nib=68973
T $0680FE  tst.b   (A0)                                 D0=000000BC D1=00000014 D2=00000000 A0=00003C68 A1=00002114 nib=68973
T $068100  beq     $6810e                               D0=000000BC D1=00000014 D2=00000000 A0=00003C68 A1=00002114 nib=68973
T $068102  bpl     $68148                               D0=000000BC D1=00000014 D2=00000000 A0=00003C68 A1=00002114 nib=68973
T $068148  adda.l  D1, A0                               D0=000000BC D1=00000014 D2=00000000 A0=00003C68 A1=00002114 nib=68973
T $06814A  movea.l A0, A2                               D0=000000BC D1=00000014 D2=00000000 A0=00003C7C A1=00002114 nib=68973
T $06814C  moveq   #$0, D2                              D0=000000BC D1=00000014 D2=00000000 A0=00003C7C A1=00002114 nib=68973
T $06814E  cmpa.l  A3, A0                               D0=000000BC D1=00000014 D2=00000000 A0=00003C7C A1=00002114 nib=68973
T $068150  bcs     $680f8                               D0=000000BC D1=00000014 D2=00000000 A0=00003C7C A1=00002114 nib=68973
T $0680F8  move.l  (A0), D1                             D0=000000BC D1=00000014 D2=00000000 A0=00003C7C A1=00002114 nib=68973
T $0680FA  and.l   $31a.w, D1                           D0=000000BC D1=80000010 D2=00000000 A0=00003C7C A1=00002114 nib=68973
T $0680FE  tst.b   (A0)                                 D0=000000BC D1=00000010 D2=00000000 A0=00003C7C A1=00002114 nib=68973
T $068100  beq     $6810e                               D0=000000BC D1=00000010 D2=00000000 A0=00003C7C A1=00002114 nib=68973
T $068102  bpl     $68148                               D0=000000BC D1=00000010 D2=00000000 A0=00003C7C A1=00002114 nib=68973
T $068104  movea.l ($4,A0), A1                          D0=000000BC D1=00000010 D2=00000000 A0=00003C7C A1=00002114 nib=68973
T $068108  adda.l  A6, A1                               D0=000000BC D1=00000010 D2=00000000 A0=00003C7C A1=000090E4 nib=68973
T $06810A  tst.b   (A1)                                 D0=000000BC D1=00000010 D2=00000000 A0=00003C7C A1=0000B0E4 nib=68973
T $06810C  bmi     $68148                               D0=000000BC D1=00000010 D2=00000000 A0=00003C7C A1=0000B0E4 nib=68973
T $068148  adda.l  D1, A0                               D0=000000BC D1=00000010 D2=00000000 A0=00003C7C A1=0000B0E4 nib=68973
T $06814A  movea.l A0, A2                               D0=000000BC D1=00000010 D2=00000000 A0=00003C8C A1=0000B0E4 nib=68973
T $06814C  moveq   #$0, D2                              D0=000000BC D1=00000010 D2=00000000 A0=00003C8C A1=0000B0E4 nib=68973
T $06814E  cmpa.l  A3, A0                               D0=000000BC D1=00000010 D2=00000000 A0=00003C8C A1=0000B0E4 nib=68973
T $068150  bcs     $680f8                               D0=000000BC D1=00000010 D2=00000000 A0=00003C8C A1=0000B0E4 nib=68973
T $0680F8  move.l  (A0), D1                             D0=000000BC D1=00000010 D2=00000000 A0=00003C8C A1=0000B0E4 nib=68973
T $0680FA  and.l   $31a.w, D1                           D0=000000BC D1=4000004C D2=00000000 A0=00003C8C A1=0000B0E4 nib=68973
T $0680FE  tst.b   (A0)                                 D0=000000BC D1=0000004C D2=00000000 A0=00003C8C A1=0000B0E4 nib=68973
T $068100  beq     $6810e                               D0=000000BC D1=0000004C D2=00000000 A0=00003C8C A1=0000B0E4 nib=68973
T $068102  bpl     $68148                               D0=000000BC D1=0000004C D2=00000000 A0=00003C8C A1=0000B0E4 nib=68973
T $068148  adda.l  D1, A0                               D0=000000BC D1=0000004C D2=00000000 A0=00003C8C A1=0000B0E4 nib=68973
T $06814A  movea.l A0, A2                               D0=000000BC D1=0000004C D2=00000000 A0=00003CD8 A1=0000B0E4 nib=68973
T $06814C  moveq   #$0, D2                              D0=000000BC D1=0000004C D2=00000000 A0=00003CD8 A1=0000B0E4 nib=68973
T $06814E  cmpa.l  A3, A0                               D0=000000BC D1=0000004C D2=00000000 A0=00003CD8 A1=0000B0E4 nib=68973
T $068150  bcs     $680f8                               D0=000000BC D1=0000004C D2=00000000 A0=00003CD8 A1=0000B0E4 nib=68973
T $0680F8  move.l  (A0), D1                             D0=000000BC D1=0000004C D2=00000000 A0=00003CD8 A1=0000B0E4 nib=68973
T $0680FA  and.l   $31a.w, D1                           D0=000000BC D1=40000074 D2=00000000 A0=00003CD8 A1=0000B0E4 nib=68973
T $0680FE  tst.b   (A0)                                 D0=000000BC D1=00000074 D2=00000000 A0=00003CD8 A1=0000B0E4 nib=68973
T $068100  beq     $6810e                               D0=000000BC D1=00000074 D2=00000000 A0=00003CD8 A1=0000B0E4 nib=68973
T $068102  bpl     $68148                               D0=000000BC D1=00000074 D2=00000000 A0=00003CD8 A1=0000B0E4 nib=68973
T $068148  adda.l  D1, A0                               D0=000000BC D1=00000074 D2=00000000 A0=00003CD8 A1=0000B0E4 nib=68973
T $06814A  movea.l A0, A2                               D0=000000BC D1=00000074 D2=00000000 A0=00003D4C A1=0000B0E4 nib=68973
T $06814C  moveq   #$0, D2                              D0=000000BC D1=00000074 D2=00000000 A0=00003D4C A1=0000B0E4 nib=68973
T $06814E  cmpa.l  A3, A0                               D0=000000BC D1=00000074 D2=00000000 A0=00003D4C A1=0000B0E4 nib=68973
T $068150  bcs     $680f8                               D0=000000BC D1=00000074 D2=00000000 A0=00003D4C A1=0000B0E4 nib=68973
T $0680F8  move.l  (A0), D1                             D0=000000BC D1=00000074 D2=00000000 A0=00003D4C A1=0000B0E4 nib=68973
T $0680FA  and.l   $31a.w, D1                           D0=000000BC D1=8600004C D2=00000000 A0=00003D4C A1=0000B0E4 nib=68973
T $0680FE  tst.b   (A0)                                 D0=000000BC D1=0000004C D2=00000000 A0=00003D4C A1=0000B0E4 nib=68973
T $068100  beq     $6810e                               D0=000000BC D1=0000004C D2=00000000 A0=00003D4C A1=0000B0E4 nib=68973
T $068102  bpl     $68148                               D0=000000BC D1=0000004C D2=00000000 A0=00003D4C A1=0000B0E4 nib=68973
T $068104  movea.l ($4,A0), A1                          D0=000000BC D1=0000004C D2=00000000 A0=00003D4C A1=0000B0E4 nib=68973
T $068108  adda.l  A6, A1                               D0=000000BC D1=0000004C D2=00000000 A0=00003D4C A1=000019B4 nib=68973
T $06810A  tst.b   (A1)                                 D0=000000BC D1=0000004C D2=00000000 A0=00003D4C A1=000039B4 nib=68973
T $06810C  bmi     $68148                               D0=000000BC D1=0000004C D2=00000000 A0=00003D4C A1=000039B4 nib=68973
T $068148  adda.l  D1, A0                               D0=000000BC D1=0000004C D2=00000000 A0=00003D4C A1=000039B4 nib=68973
T $06814A  movea.l A0, A2                               D0=000000BC D1=0000004C D2=00000000 A0=00003D98 A1=000039B4 nib=68973
T $06814C  moveq   #$0, D2                              D0=000000BC D1=0000004C D2=00000000 A0=00003D98 A1=000039B4 nib=68973
T $06814E  cmpa.l  A3, A0                               D0=000000BC D1=0000004C D2=00000000 A0=00003D98 A1=000039B4 nib=68973
T $068150  bcs     $680f8                               D0=000000BC D1=0000004C D2=00000000 A0=00003D98 A1=000039B4 nib=68973
T $0680F8  move.l  (A0), D1                             D0=000000BC D1=0000004C D2=00000000 A0=00003D98 A1=000039B4 nib=68973
T $0680FA  and.l   $31a.w, D1                           D0=000000BC D1=4A00001C D2=00000000 A0=00003D98 A1=000039B4 nib=68973
T $0680FE  tst.b   (A0)                                 D0=000000BC D1=0000001C D2=00000000 A0=00003D98 A1=000039B4 nib=68973
T $068100  beq     $6810e                               D0=000000BC D1=0000001C D2=00000000 A0=00003D98 A1=000039B4 nib=68973
T $068102  bpl     $68148                               D0=000000BC D1=0000001C D2=00000000 A0=00003D98 A1=000039B4 nib=68973
T $068148  adda.l  D1, A0                               D0=000000BC D1=0000001C D2=00000000 A0=00003D98 A1=000039B4 nib=68973
T $06814A  movea.l A0, A2                               D0=000000BC D1=0000001C D2=00000000 A0=00003DB4 A1=000039B4 nib=68973
T $06814C  moveq   #$0, D2                              D0=000000BC D1=0000001C D2=00000000 A0=00003DB4 A1=000039B4 nib=68973
T $06814E  cmpa.l  A3, A0                               D0=000000BC D1=0000001C D2=00000000 A0=00003DB4 A1=000039B4 nib=68973
T $068150  bcs     $680f8                               D0=000000BC D1=0000001C D2=00000000 A0=00003DB4 A1=000039B4 nib=68973
T $0680F8  move.l  (A0), D1                             D0=000000BC D1=0000001C D2=00000000 A0=00003DB4 A1=000039B4 nib=68973
T $0680FA  and.l   $31a.w, D1                           D0=000000BC D1=4A00001C D2=00000000 A0=00003DB4 A1=000039B4 nib=68973
T $0680FE  tst.b   (A0)                                 D0=000000BC D1=0000001C D2=00000000 A0=00003DB4 A1=000039B4 nib=68973
T $068100  beq     $6810e                               D0=000000BC D1=0000001C D2=00000000 A0=00003DB4 A1=000039B4 nib=68973
T $068102  bpl     $68148                               D0=000000BC D1=0000001C D2=00000000 A0=00003DB4 A1=000039B4 nib=68973
T $068148  adda.l  D1, A0                               D0=000000BC D1=0000001C D2=00000000 A0=00003DB4 A1=000039B4 nib=68973
T $06814A  movea.l A0, A2                               D0=000000BC D1=0000001C D2=00000000 A0=00003DD0 A1=000039B4 nib=68973
T $06814C  moveq   #$0, D2                              D0=000000BC D1=0000001C D2=00000000 A0=00003DD0 A1=000039B4 nib=68973
T $06814E  cmpa.l  A3, A0                               D0=000000BC D1=0000001C D2=00000000 A0=00003DD0 A1=000039B4 nib=68973
T $068150  bcs     $680f8                               D0=000000BC D1=0000001C D2=00000000 A0=00003DD0 A1=000039B4 nib=68973
T $0680F8  move.l  (A0), D1                             D0=000000BC D1=0000001C D2=00000000 A0=00003DD0 A1=000039B4 nib=68973
T $0680FA  and.l   $31a.w, D1                           D0=000000BC D1=4100001C D2=00000000 A0=00003DD0 A1=000039B4 nib=68973
T $0680FE  tst.b   (A0)                                 D0=000000BC D1=0000001C D2=00000000 A0=00003DD0 A1=000039B4 nib=68973
T $068100  beq     $6810e                               D0=000000BC D1=0000001C D2=00000000 A0=00003DD0 A1=000039B4 nib=68973
T $068102  bpl     $68148                               D0=000000BC D1=0000001C D2=00000000 A0=00003DD0 A1=000039B4 nib=68973
T $068148  adda.l  D1, A0                               D0=000000BC D1=0000001C D2=00000000 A0=00003DD0 A1=000039B4 nib=68973
T $06814A  movea.l A0, A2                               D0=000000BC D1=0000001C D2=00000000 A0=00003DEC A1=000039B4 nib=68973
T $06814C  moveq   #$0, D2                              D0=000000BC D1=0000001C D2=00000000 A0=00003DEC A1=000039B4 nib=68973
T $06814E  cmpa.l  A3, A0                               D0=000000BC D1=0000001C D2=00000000 A0=00003DEC A1=000039B4 nib=68973
T $068150  bcs     $680f8                               D0=000000BC D1=0000001C D2=00000000 A0=00003DEC A1=000039B4 nib=68973
T $0680F8  move.l  (A0), D1                             D0=000000BC D1=0000001C D2=00000000 A0=00003DEC A1=000039B4 nib=68973
T $0680FA  and.l   $31a.w, D1                           D0=000000BC D1=40000064 D2=00000000 A0=00003DEC A1=000039B4 nib=68973
T $0680FE  tst.b   (A0)                                 D0=000000BC D1=00000064 D2=00000000 A0=00003DEC A1=000039B4 nib=68973
T $068100  beq     $6810e                               D0=000000BC D1=00000064 D2=00000000 A0=00003DEC A1=000039B4 nib=68973
T $068102  bpl     $68148                               D0=000000BC D1=00000064 D2=00000000 A0=00003DEC A1=000039B4 nib=68973
T $068148  adda.l  D1, A0                               D0=000000BC D1=00000064 D2=00000000 A0=00003DEC A1=000039B4 nib=68973
T $06814A  movea.l A0, A2                               D0=000000BC D1=00000064 D2=00000000 A0=00003E50 A1=000039B4 nib=68973
T $06814C  moveq   #$0, D2                              D0=000000BC D1=00000064 D2=00000000 A0=00003E50 A1=000039B4 nib=68973
T $06814E  cmpa.l  A3, A0                               D0=000000BC D1=00000064 D2=00000000 A0=00003E50 A1=000039B4 nib=68973
T $068150  bcs     $680f8                               D0=000000BC D1=00000064 D2=00000000 A0=00003E50 A1=000039B4 nib=68973
T $0680F8  move.l  (A0), D1                             D0=000000BC D1=00000064 D2=00000000 A0=00003E50 A1=000039B4 nib=68973
T $0680FA  and.l   $31a.w, D1                           D0=000000BC D1=40000054 D2=00000000 A0=00003E50 A1=000039B4 nib=68973
T $0680FE  tst.b   (A0)                                 D0=000000BC D1=00000054 D2=00000000 A0=00003E50 A1=000039B4 nib=68973
T $068100  beq     $6810e                               D0=000000BC D1=00000054 D2=00000000 A0=00003E50 A1=000039B4 nib=68973
T $068102  bpl     $68148                               D0=000000BC D1=00000054 D2=00000000 A0=00003E50 A1=000039B4 nib=68973
T $068148  adda.l  D1, A0                               D0=000000BC D1=00000054 D2=00000000 A0=00003E50 A1=000039B4 nib=68973
T $06814A  movea.l A0, A2                               D0=000000BC D1=00000054 D2=00000000 A0=00003EA4 A1=000039B4 nib=68973
T $06814C  moveq   #$0, D2                              D0=000000BC D1=00000054 D2=00000000 A0=00003EA4 A1=000039B4 nib=68973
T $06814E  cmpa.l  A3, A0                               D0=000000BC D1=00000054 D2=00000000 A0=00003EA4 A1=000039B4 nib=68973
T $068150  bcs     $680f8                               D0=000000BC D1=00000054 D2=00000000 A0=00003EA4 A1=000039B4 nib=68973
T $0680F8  move.l  (A0), D1                             D0=000000BC D1=00000054 D2=00000000 A0=00003EA4 A1=000039B4 nib=68973
T $0680FA  and.l   $31a.w, D1                           D0=000000BC D1=4200002C D2=00000000 A0=00003EA4 A1=000039B4 nib=68973
T $0680FE  tst.b   (A0)                                 D0=000000BC D1=0000002C D2=00000000 A0=00003EA4 A1=000039B4 nib=68973
T $068100  beq     $6810e                               D0=000000BC D1=0000002C D2=00000000 A0=00003EA4 A1=000039B4 nib=68973
T $068102  bpl     $68148                               D0=000000BC D1=0000002C D2=00000000 A0=00003EA4 A1=000039B4 nib=68973
T $068148  adda.l  D1, A0                               D0=000000BC D1=0000002C D2=00000000 A0=00003EA4 A1=000039B4 nib=68973
T $06814A  movea.l A0, A2                               D0=000000BC D1=0000002C D2=00000000 A0=00003ED0 A1=000039B4 nib=68973
T $06814C  moveq   #$0, D2                              D0=000000BC D1=0000002C D2=00000000 A0=00003ED0 A1=000039B4 nib=68973
T $06814E  cmpa.l  A3, A0                               D0=000000BC D1=0000002C D2=00000000 A0=00003ED0 A1=000039B4 nib=68973
T $068150  bcs     $680f8                               D0=000000BC D1=0000002C D2=00000000 A0=00003ED0 A1=000039B4 nib=68973
T $0680F8  move.l  (A0), D1                             D0=000000BC D1=0000002C D2=00000000 A0=00003ED0 A1=000039B4 nib=68973
T $0680FA  and.l   $31a.w, D1                           D0=000000BC D1=42000028 D2=00000000 A0=00003ED0 A1=000039B4 nib=68973
T $0680FE  tst.b   (A0)                                 D0=000000BC D1=00000028 D2=00000000 A0=00003ED0 A1=000039B4 nib=68973
T $068100  beq     $6810e                               D0=000000BC D1=00000028 D2=00000000 A0=00003ED0 A1=000039B4 nib=68973
T $068102  bpl     $68148                               D0=000000BC D1=00000028 D2=00000000 A0=00003ED0 A1=000039B4 nib=68973
T $068148  adda.l  D1, A0                               D0=000000BC D1=00000028 D2=00000000 A0=00003ED0 A1=000039B4 nib=68973
T $06814A  movea.l A0, A2                               D0=000000BC D1=00000028 D2=00000000 A0=00003EF8 A1=000039B4 nib=68973
T $06814C  moveq   #$0, D2                              D0=000000BC D1=00000028 D2=00000000 A0=00003EF8 A1=000039B4 nib=68973
T $06814E  cmpa.l  A3, A0                               D0=000000BC D1=00000028 D2=00000000 A0=00003EF8 A1=000039B4 nib=68973
T $068150  bcs     $680f8                               D0=000000BC D1=00000028 D2=00000000 A0=00003EF8 A1=000039B4 nib=68973
T $0680F8  move.l  (A0), D1                             D0=000000BC D1=00000028 D2=00000000 A0=00003EF8 A1=000039B4 nib=68973
T $0680FA  and.l   $31a.w, D1                           D0=000000BC D1=46000030 D2=00000000 A0=00003EF8 A1=000039B4 nib=68973
T $0680FE  tst.b   (A0)                                 D0=000000BC D1=00000030 D2=00000000 A0=00003EF8 A1=000039B4 nib=68973
T $068100  beq     $6810e                               D0=000000BC D1=00000030 D2=00000000 A0=00003EF8 A1=000039B4 nib=68973
T $068102  bpl     $68148                               D0=000000BC D1=00000030 D2=00000000 A0=00003EF8 A1=000039B4 nib=68973
T $068148  adda.l  D1, A0                               D0=000000BC D1=00000030 D2=00000000 A0=00003EF8 A1=000039B4 nib=68973
T $06814A  movea.l A0, A2                               D0=000000BC D1=00000030 D2=00000000 A0=00003F28 A1=000039B4 nib=68973
T $06814C  moveq   #$0, D2                              D0=000000BC D1=00000030 D2=00000000 A0=00003F28 A1=000039B4 nib=68973
T $06814E  cmpa.l  A3, A0                               D0=000000BC D1=00000030 D2=00000000 A0=00003F28 A1=000039B4 nib=68973
T $068150  bcs     $680f8                               D0=000000BC D1=00000030 D2=00000000 A0=00003F28 A1=000039B4 nib=68973
T $0680F8  move.l  (A0), D1                             D0=000000BC D1=00000030 D2=00000000 A0=00003F28 A1=000039B4 nib=68973
T $0680FA  and.l   $31a.w, D1                           D0=000000BC D1=42000028 D2=00000000 A0=00003F28 A1=000039B4 nib=68973
T $0680FE  tst.b   (A0)                                 D0=000000BC D1=00000028 D2=00000000 A0=00003F28 A1=000039B4 nib=68973
T $068100  beq     $6810e                               D0=000000BC D1=00000028 D2=00000000 A0=00003F28 A1=000039B4 nib=68973
T $068102  bpl     $68148                               D0=000000BC D1=00000028 D2=00000000 A0=00003F28 A1=000039B4 nib=68973
T $068148  adda.l  D1, A0                               D0=000000BC D1=00000028 D2=00000000 A0=00003F28 A1=000039B4 nib=68973
T $06814A  movea.l A0, A2                               D0=000000BC D1=00000028 D2=00000000 A0=00003F50 A1=000039B4 nib=68973
T $06814C  moveq   #$0, D2                              D0=000000BC D1=00000028 D2=00000000 A0=00003F50 A1=000039B4 nib=68973
T $06814E  cmpa.l  A3, A0                               D0=000000BC D1=00000028 D2=00000000 A0=00003F50 A1=000039B4 nib=68973
T $068150  bcs     $680f8                               D0=000000BC D1=00000028 D2=00000000 A0=00003F50 A1=000039B4 nib=68973
T $0680F8  move.l  (A0), D1                             D0=000000BC D1=00000028 D2=00000000 A0=00003F50 A1=000039B4 nib=68973
T $0680FA  and.l   $31a.w, D1                           D0=000000BC D1=8200003C D2=00000000 A0=00003F50 A1=000039B4 nib=68973
T $0680FE  tst.b   (A0)                                 D0=000000BC D1=0000003C D2=00000000 A0=00003F50 A1=000039B4 nib=68973
T $068100  beq     $6810e                               D0=000000BC D1=0000003C D2=00000000 A0=00003F50 A1=000039B4 nib=68973
T $068102  bpl     $68148                               D0=000000BC D1=0000003C D2=00000000 A0=00003F50 A1=000039B4 nib=68973
T $068104  movea.l ($4,A0), A1                          D0=000000BC D1=0000003C D2=00000000 A0=00003F50 A1=000039B4 nib=68973
T $068108  adda.l  A6, A1                               D0=000000BC D1=0000003C D2=00000000 A0=00003F50 A1=000019A4 nib=68973
T $06810A  tst.b   (A1)                                 D0=000000BC D1=0000003C D2=00000000 A0=00003F50 A1=000039A4 nib=68973
T $06810C  bmi     $68148                               D0=000000BC D1=0000003C D2=00000000 A0=00003F50 A1=000039A4 nib=68973
T $068148  adda.l  D1, A0                               D0=000000BC D1=0000003C D2=00000000 A0=00003F50 A1=000039A4 nib=68973
T $06814A  movea.l A0, A2                               D0=000000BC D1=0000003C D2=00000000 A0=00003F8C A1=000039A4 nib=68973
T $06814C  moveq   #$0, D2                              D0=000000BC D1=0000003C D2=00000000 A0=00003F8C A1=000039A4 nib=68973
T $06814E  cmpa.l  A3, A0                               D0=000000BC D1=0000003C D2=00000000 A0=00003F8C A1=000039A4 nib=68973
[4186466939] PRIME #3 READ off=$400 (sector 2) req=$200 buf=$9EDE00 posMode=1 pb=$0003A4 caller=$A0B69E track=0
[4186470626] PRIME #3 -> -65 offLinErr  (3687 machine cycles, nib +0, polls +0, hits +0, lost +0, track 0 -> 0)
             mid-data-field losses: 0
             buffer diverges at +$0:
               image : 42 44 D3 F2 2E 9A D3 F2 30 56 01 00 00 04 00 03 02 9D 0B 3A 00 00 02 00
               buffer: 00 00 00 67 00 00 00 00 00 04 00 08 00 00 25 01 06 13 4A 6F 49 4E 49 54
  (live trace armed for the next Prime, 900 instructions)
[4186476584] _MountVol RETURNED -65 offLinErr

== summary: 3 primes, 0 controls, 3 failures
   result   -400 ?            x1
   result    -65 offLinErr    x2
== MountVol: returned (-65 offLinErr)
== IWM: polls 9156 hits 2002 (21.9%) overwritten 68257 reReads 200
== drive: track 0, motor on, CSTIN=0, nibbles 68973, personality ISM
== top IWM poll sites (pc: polls, hits):
   $A6E1CE  move.b  (A4), D5                         3156 polls, 292 hits
   $A6D41C  tst.b   ($600,A0)                        215 polls, 207 hits
   $A6D418  tst.b   ($200,A0)                        215 polls, 207 hits
   $A6D468  tst.b   ($1800,A0)                       211 polls, 108 hits
   $A6D424  tst.b   ($a00,A0)                        208 polls, 28 hits
   $A6D444  tst.b   (A0)                             208 polls, 68 hits
   $A6E248  move.b  (A4), D5                         20 polls, 2 hits
   $A6E212  move.b  (A4), D5                         10 polls, 1 hits
== DUPLICATE nibbles (re-read inside the 14-tick hold; 200 total):
   $A6D41C  tst.b   ($600,A0)                        193 duplicates
   $A6D424  tst.b   ($a00,A0)                        3 duplicates
   $A6EB18  move.b  D0, ($800,A0)                    2 duplicates
   $A6D44A  tst.b   ($400,A0)                        1 duplicates
   $A6D74E  tst.b   ($1200,A0)                       1 duplicates
== WHERE nibbles were lost (pc the CPU was at, 68257 total, 342 sites):
   $A0BB8C  move.w  ($10,A0), D0                     35025 lost (51.3%)
   $A0BB90  bgt     $a0bb8c                          29795 lost (43.7%)
   $033CF2  sub.b   (A1), D2                         146 lost (0.2%)
   $A09B84  movem.l (A7)+, D0-D3/A0-A3               85 lost (0.1%)
   $A6D5DE  movem.l (A7)+, D0-D7/A0-A6               84 lost (0.1%)
   $A6D5D2  movem.l ($d0,A1), D3-D7/A3-A6            66 lost (0.1%)
   $A09B60  movem.l D0-D3/A0-A3, -(A7)               63 lost (0.1%)
   $A0AF3E  bset    #$7, ($4,A0)                     58 lost (0.1%)
   $A0B0A6  move.b  D2, (A2)                         58 lost (0.1%)
   $A6D5C6  bra     $a6d3f2                          48 lost (0.1%)
   $033CC2  move.w  SR, D3                           46 lost (0.1%)
   $A6D3FA  movea.l $134.w, A1                       45 lost (0.1%)
   $A14908  tst.b   (A1)                             44 lost (0.1%)
   $A6D5CA  movem.l D0-D7/A0-A6, -(A7)               41 lost (0.1%)
   $08B49E  movem.l D0-D1/A0-A1, -(A7)               40 lost (0.1%)
   $A0B076  clr.l   ($c,A2)                          39 lost (0.1%)
== screen: icon strip delta 0 px, centre white 0.65 -> no verdict
