R regA=ff
R regE=ff
R reg8=ff
R regD=80
W regF=57
W regF=17
W regF=57
W regF=57
W reg4=f5
R regC=f5
W reg4=f6
R regC=f6
W reg4=f7
R regC=f7
W reg4=ff
R regC=ff
W reg4=fe
R regC=fe
W reg4=fd
R regC=fd
W reg4=fc
R regC=fc
W reg4=fb
R regC=fb
W reg4=fa
R regC=fa
W reg4=f9
R regC=f9
W reg4=f8
R regC=f8
W reg4=f7
R regC=f7
W reg4=f6
R regC=f6
W reg4=f5
R regC=f5
W reg4=f4
R regC=f4
W reg4=f3
R regC=f3
W reg4=f2
R regC=f2
W reg4=f1
R regC=f1
W reg4=f0
R regC=f0
R regD=00
R reg5=00
W reg5=00
W reg6=38
R regB=00
R regB=00
R regB=00
R regB=00
R regB=00
R regB=00
R regB=00
R regB=00
R regB=00
R regB=00
R regB=00
R regB=00
R regB=00
R regB=00
R regB=00
R regB=00
W reg6=38
W reg3=00
W reg3=11
W reg3=22
W reg3=33
W reg3=44
W reg3=55
W reg3=66
W reg3=77
W reg3=88
W reg3=99
W reg3=aa
W reg3=bb
W reg3=cc
W reg3=dd
W reg3=ee
W reg3=ff
W reg6=38
W reg3=00
W reg3=11
W reg3=22
W reg3=33
W reg3=44
W reg3=55
W reg3=66
W reg3=77
W reg3=88
W reg3=99
W reg3=aa
W reg3=bb
W reg3=cc
W reg3=dd
W reg3=ee
W reg3=ff
W reg6=38
W reg3=00
W reg3=11
W reg3=22
W reg3=33
W reg3=44
W reg3=55
W reg3=66
W reg3=77
W reg3=88
W reg3=99
W reg3=aa
W reg3=bb
W reg3=cc
W reg3=dd
W reg3=ee
W reg3=ff
W reg6=38
W reg3=00
W reg3=11
W reg3=22
W reg3=33
W reg3=44
W reg3=55
W reg3=66
W reg3=77
W reg3=88
W reg3=99
W reg3=aa
W reg3=bb
W reg3=cc
W reg3=dd
W reg3=ee
W reg3=ff
W reg6=38
W reg3=00
W reg3=11
W reg3=22
W reg3=33
W reg3=44
W reg3=55
W reg3=66
W reg3=77
W reg3=88
W reg3=99
W reg3=aa
W reg3=bb
W reg3=cc
W reg3=dd
W reg3=ee
W reg3=ff
W reg6=38
R regB=00
R regB=11
R regB=22
R regB=33
R regB=44
R regB=55
R regB=66
R regB=77
R regB=88
R regB=99
R regB=aa
R regB=bb
R regB=cc
R regB=dd
R regB=ee
W reg6=38
W reg3=00
W reg3=00
W reg3=00
W reg3=00
W reg3=00
W reg3=00
W reg3=00
W reg3=00
W reg3=00
W reg3=00
W reg3=00
W reg3=00
W reg3=00
W reg3=00
W reg3=00
W reg3=00
W reg5=00
W reg6=f8
R regE=97
R regC=ff
W reg6=be
W reg6=f8
R regE=ff
R reg8=ff
R regD=97
R regE=97
R regC=ff
R regA=ff
R regE=ff
R reg8=ff
R regD=97
W regF=57
W regF=17
W regF=57
W regF=57
W reg4=f5
R regC=f5
W reg4=f6
R regC=f6
W reg4=f7
R regC=f7
W reg6=f8
R regE=97
R regC=ff
R reg9=00
R reg5=00
R reg3=00
R reg1=00
R regB=00
R reg8=ff
R reg9=00
R regD=b7
R regE=b7
R reg7=b7
R reg6=b7
R reg2=b7
R reg3=b7
R regE=b7
R reg7=b7
R reg6=b7
R reg2=b7
R reg3=b7
R regE=b7
R regC=00
R reg1=00
R reg3=00
R reg5=00
R regD=b7
R regE=b7
R regC=00
R reg0=00
R regD=b7
R regE=b7
R regC=00
R reg1=00
R reg2=00
R regD=b7
R regE=b7
R regC=00
R regA=00
R reg9=00
R reg1=00
R reg3=00
R reg5=00
R regD=37
R regE=37
R regC=00
R reg1=00
R reg3=00
R reg5=00
R reg0=00
R regD=b7
R regE=b7
R regC=00
R reg1=00
R reg3=00
R reg5=00
R regD=37
R regE=37
R regC=00
R reg1=00
R reg3=00
R reg5=00
R reg2=00
R regD=b7
R regE=b7
R regC=00
R reg5=00
R reg3=00
R reg1=00
R regB=00
R reg9=00
R regD=b7
R regE=b7
R reg7=b7
R reg6=b7
R reg2=b7
R reg3=b7
R regE=b7
R reg7=b7
R reg6=b7
R reg2=b7
R reg3=b7
R regE=b7
R regC=00
R reg1=00
R reg3=00
R reg5=00
R regD=b7
R regE=b7
R regC=00
R reg5=00
R reg3=00
R reg1=00
R regB=00
R reg8=ff
R reg9=00
R regD=b7
R regE=b7
R regC=00
R reg1=00
R reg3=00
R reg5=00
R regD=b7
R regE=b7
R regC=00
R reg0=00
R regD=b7
R regE=b7
R regC=00
R reg1=00
R reg2=00
R regD=b7
R regE=b7
R regC=00
R reg5=00
R reg3=00
R reg1=00
R regB=00
R reg8=ff
R reg9=00
R regD=b7
R regE=b7
R reg7=b7
R reg6=b7
R reg2=b7
R reg3=b7
R regE=b7
R regC=00
R reg1=00
R reg3=00
R reg5=00
R regD=b7
R regE=b7
R regC=00
R reg0=00
R regD=b7
R regE=b7
R regC=00
R reg1=00
R reg2=00
R regD=b7
R regE=b7
R regC=00
R regA=00
R reg9=00
R reg1=00
R reg3=00
R reg4=00
R reg0=00
R reg2=00
R regD=b7
R regE=b7
R regC=00
W reg6=80
R reg8=ff
R regA=ff
R reg9=00
R reg1=00
R reg3=00
R reg4=00
R reg0=00
R reg2=00
R regD=b7
R regE=b7
R regC=00
W reg6=80
R reg8=ff
R regA=ff
R reg9=00
R reg1=00
R reg3=00
R reg4=00
R reg0=00
R reg2=00
R regD=b7
R regE=b7
R regC=00
W reg6=80
R reg8=ff
R regA=ff
R reg9=00
R reg1=00
R reg3=00
R reg4=00
R reg0=00
R reg2=00
R regD=b7
R regE=b7
R regC=00
W reg6=80
R reg8=ff
R regA=ff
R reg9=00
R reg1=00
R reg3=00
R reg4=00
R reg0=00
R reg2=00
R regD=b7
R regE=b7
R regC=00
W reg6=80
R reg8=ff
R regA=ff
R reg9=00
R reg1=00
R reg3=00
R reg4=00
R reg0=00
R reg2=00
R regD=b7
R regE=b7
R regC=00
W reg6=80
R reg8=ff
R regA=ff
R reg9=00
R reg1=00
R reg3=00
R reg4=00
R reg0=00
R reg2=00
R regD=b7
R regE=b7
R regC=00
W reg6=80
R reg8=ff
R regA=ff
R reg9=00
R reg1=00
R reg3=00
R reg4=00
R reg0=00
R reg2=00
R regD=b7
R regE=b7
R regC=00
W reg6=80
R reg8=ff
W reg6=38
W reg4=f5
R regC=ff
R regD=97
R regE=97
R regC=ff
R regC=ff
R regA=ff
R reg9=00
R reg1=00
R reg3=00
R reg4=00
R reg0=00
R reg2=00
R regD=b7
R regE=b7
R regC=00
W reg6=80
R reg8=ff
R regA=ff
R reg9=00
R reg1=00
R reg3=00
R reg4=00
R reg0=00
R reg2=00
R regD=b7
R regE=b7
R regC=00
W reg6=80
R reg8=ff
R regA=ff
R reg9=00
R reg1=00
R reg3=00
R reg4=00
R reg0=00
R reg2=00
R regD=b7
R regE=b7
R regC=00
W reg6=80
R reg8=ff
R regA=ff
R reg9=00
R reg1=00
R reg3=00
R reg4=00
R reg0=00
R reg2=00
R regD=b7
R regE=b7
R regC=00
W reg6=80
R reg8=ff
R regA=ff
R reg9=00
R reg1=00
R reg3=00
R reg4=00
R reg0=00
R reg2=00
R regD=b7
R regE=b7
R regC=00
W reg6=80
R reg8=ff
R regA=ff
R reg9=00
R reg1=00
R reg3=00
R reg4=00
R reg0=00
R reg2=00
R regD=b7
R regE=b7
R regC=00
W reg6=80
R reg8=ff
R regA=ff
R reg9=00
R reg1=00
R reg3=00
R reg4=00
R reg0=00
R reg2=00
R regD=b7
R regE=b7
R regC=00
W reg6=80
R reg8=ff
R regA=ff
R reg9=00
R reg1=00
R reg3=00
R reg4=00
R reg0=00
R reg2=00
R regD=b7
R regE=b7
R regC=00
W reg6=80
R reg8=ff
R regA=ff
R reg9=00
R reg1=00
R reg3=00
R reg4=00
R reg0=00
R reg2=00
R regD=b7
R regE=b7
R regC=00
W reg6=80
R reg8=ff
R regA=ff
R reg9=00
R reg1=00
R reg3=00
R reg4=00
R reg0=00
R reg2=00
R regD=b7
R regE=b7
R regC=00
W reg6=80
R reg8=ff
R regA=ff
R reg9=00
R reg1=00
R reg3=00
R reg4=00
R reg0=00
R reg2=00
R regD=b7
R regE=b7
R regC=00
W reg6=80
R reg8=ff
R regA=ff
R reg9=00
R reg1=00
R reg3=00
R reg4=00
R reg0=00
R reg2=00
R regD=b7
R regE=b7
R regC=00
W reg6=80
R reg8=ff
R regA=ff
R reg9=00
R reg1=00
R reg3=00
R reg4=00
R reg0=00
R reg2=00
R regD=b7
R regE=b7
R regC=00
W reg6=80
R reg8=ff
R regA=ff
R reg9=00
R reg1=00
R reg3=00
R reg4=00
R reg0=00
R reg2=00
R regD=b7
R regE=b7
R regC=00
W reg6=80
R reg8=ff
R regA=ff
R reg9=00
R reg1=00
R reg3=00
R reg4=00
R reg0=00
R reg2=00
R regD=b7
R regE=b7
R regC=00
W reg6=80
R reg8=ff
R regA=ff
R reg9=00
R reg1=00
R reg3=00
R reg4=00
R reg0=00
R reg2=00
R regD=b7
R regE=b7
R regC=00
W reg6=80
R reg8=ff
R regA=ff
R reg9=00
R reg1=00
R reg3=00
R reg4=00
R reg0=00
R reg2=00
R regD=b7
R regE=b7
R regC=00
W reg6=80
R reg8=ff
R regA=ff
R reg9=00
R reg1=00
R reg3=00
R reg4=00
R reg0=00
R reg2=00
R regD=b7
R regE=b7
R regC=00
W reg6=80
R reg8=ff
R regA=ff
R reg9=00
R reg1=00
R reg3=00
R reg4=00
R reg0=00
R reg2=00
R regD=b7
R regE=b7
R regC=00
W reg6=80
R reg8=ff
R regA=ff
R reg9=00
R reg1=00
R reg3=00
R reg4=00
R reg0=00
R reg2=00
R regD=b7
R regE=b7
R regC=00
W reg6=80
R reg8=ff
R regA=ff
R reg9=00
R reg1=00
R reg3=00
R reg4=00
R reg0=00
R reg2=00
R regD=b7
R regE=b7
R regC=00
W reg6=80
R reg8=ff
R regA=ff
R reg9=00
R reg1=00
R reg3=00
R reg4=00
R reg0=00
R reg2=00
R regD=b7
R regE=b7
R regC=00
W reg6=80
R reg8=ff
R regA=ff
R reg9=00
R reg1=00
R reg3=00
R reg4=00
R reg0=00
R reg2=00
R regD=b7
R regE=b7
R regC=00
W reg6=80
R reg8=ff
R regA=ff
R reg9=00
R reg1=00
R reg3=00
R reg4=00
R reg0=00
R reg2=00
R regD=b7
R regE=b7
R regC=00
W reg6=80
R reg8=ff
R regA=ff
R reg9=00
R reg1=00
R reg3=00
R reg4=00
R reg0=00
R reg2=00
R regD=b7
R regE=b7
R regC=00
W reg6=80
R reg8=ff
R regA=ff
R reg9=00
R reg1=00
R reg3=00
R reg4=00
R reg0=00
R reg2=00
R regD=b7
R regE=b7
R regC=00
W reg6=80
R reg8=ff
R regA=ff
R reg9=00
R reg1=00
R reg3=00
R reg4=00
R reg0=00
R reg2=00
R regD=b7
R regE=b7
R regC=00
W reg6=80
R reg8=ff
R regA=ff
R reg9=00
R reg1=00
R reg3=00
R reg4=00
R reg0=00
R reg2=00
R regD=b7
R regE=b7
R regC=00
W reg6=80
R reg8=ff
R regA=ff
R reg9=00
R reg1=00
R reg3=00
R reg4=00
R reg0=00
R reg2=00
R regD=b7
R regE=b7
R regC=00
W reg6=80
R reg8=ff
R regA=ff
R reg9=00
R reg1=00
R reg3=00
R reg4=00
R reg0=00
R reg2=00
R regD=b7
R regE=b7
R regC=00
W reg6=80
R reg8=ff
R regA=ff
R reg9=00
R reg1=00
R reg3=00
R reg4=00
R reg0=00
R reg2=00
R regD=b7
R regE=b7
R regC=00
W reg6=80
R reg8=ff
R regA=ff
R reg9=00
R reg1=00
R reg3=00
R reg4=00
R reg0=00
R reg2=00
R regD=b7
R regE=b7
R regC=00
W reg6=80
R reg8=ff
R regA=ff
R reg9=00
R reg1=00
R reg3=00
R reg4=00
R reg0=00
R reg2=00
R regD=b7
R regE=b7
R regC=00
W reg6=80
R reg8=ff
R regA=ff
R reg9=00
R reg1=00
R reg3=00
R reg4=00
R reg0=00
R reg2=00
R regD=b7
R regE=b7
R regC=00
W reg6=80
R reg8=ff
R regA=ff
R reg9=00
R reg1=00
R reg3=00
R reg4=00
R reg0=00
R reg2=00
R regD=b7
R regE=b7
R regC=00
W reg6=80
R reg8=ff
R regA=ff
R reg9=00
R reg1=00
R reg3=00
R reg4=00
R reg0=00
R reg2=00
R regD=b7
R regE=b7
R regC=00
W reg6=80
R reg8=ff
R regA=ff
R reg9=00
R reg1=00
R reg3=00
R reg4=00
R reg0=00
R reg2=00
R regD=b7
R regE=b7
R regC=00
W reg6=80
R reg8=ff
R regA=ff
R reg9=00
R reg1=00
R reg3=00
R reg4=00
R reg0=00
R reg2=00
R regD=b7
R regE=b7
R regC=00
W reg6=80
R reg8=ff
R regA=ff
R reg9=00
R reg1=00
R reg3=00
R reg4=00
R reg0=00
R reg2=00
R regD=b7
R regE=b7
R regC=00
W reg6=80
R reg8=ff
R regA=ff
R reg9=00
R reg1=00
R reg3=00
R reg4=00
R reg0=00
R reg2=00
R regD=b7
R regE=b7
R regC=00
W reg6=80
R reg8=ff
R regA=ff
R reg9=00
R reg1=00
R reg3=00
R reg4=00
R reg0=00
R reg2=00
R regD=b7
R regE=b7
R regC=00
W reg6=80
R reg8=ff
R regA=ff
R reg9=00
R reg1=00
R reg3=00
R reg4=00
R reg0=00
R reg2=00
R regD=b7
R regE=b7
R regC=00
W reg6=80
R reg8=ff
R regA=ff
R reg9=00
R reg1=00
R reg3=00
R reg4=00
R reg0=00
R reg2=00
R regD=b7
R regE=b7
R regC=00
W reg6=80
R reg8=ff
R regA=ff
R reg9=00
R reg1=00
R reg3=00
R reg4=00
R reg0=00
R reg2=00
R regD=b7
R regE=b7
R regC=00
W reg6=80
R reg8=ff
R regA=ff
R reg9=00
R reg1=00
R reg3=00
R reg4=00
R reg0=00
R reg2=00
R regD=b7
R regE=b7
R regC=00
W reg6=80
R reg8=ff
R regA=ff
R reg9=00
R reg1=00
R reg3=00
R reg4=00
R reg0=00
R reg2=00
R regD=b7
R regE=b7
R regC=00
W reg6=80
R reg8=ff
R regA=ff
R reg9=00
R reg1=00
R reg3=00
R reg4=00
R reg0=00
R reg2=00
R regD=b7
R regE=b7
R regC=00
W reg6=80
R reg8=ff
R regA=ff
R reg9=00
R reg1=00
R reg3=00
R reg4=00
R reg0=00
R reg2=00
R regD=b7
R regE=b7
R regC=00
W reg6=80
R reg8=ff
R regA=ff
R reg9=00
R reg1=00
R reg3=00
R reg4=00
R reg0=00
R reg2=00
R regD=b7
R regE=b7
R regC=00
W reg6=80
R reg8=ff
R regA=ff
R reg9=00
R reg1=00
R reg3=00
R reg4=00
R reg0=00
R reg2=00
R regD=b7
R regE=b7
R regC=00
W reg6=80
R reg8=ff
R regA=ff
R reg9=00
R reg1=00
R reg3=00
R reg4=00
R reg0=00
R reg2=00
R regD=b7
R regE=b7
R regC=00
W reg6=80
R reg8=ff
R regA=ff
R reg9=00
R reg1=00
R reg3=00
R reg4=00
R reg0=00
R reg2=00
R regD=b7
R regE=b7
R regC=00
W reg6=80
R reg8=ff
R regA=ff
R reg9=00
R reg1=00
R reg3=00
R reg4=00
R reg0=00
R reg2=00
R regD=b7
R regE=b7
R regC=00
W reg6=80
R reg8=ff
R regA=ff
R reg9=00
R reg1=00
R reg3=00
R reg4=00
R reg0=00
R reg2=00
R regD=b7
R regE=b7
R regC=00
W reg6=80
R reg8=ff
R regA=ff
R reg9=00
R reg1=00
R reg3=00
R reg4=00
R reg0=00
R reg2=00
R regD=b7
R regE=b7
R regC=00
W reg6=80
R reg8=ff
R regA=ff
R reg9=00
R reg1=00
R reg3=00
R reg4=00
R reg0=00
R reg2=00
R regD=b7
R regE=b7
R regC=00
W reg6=80
R reg8=ff
R regA=ff
R reg9=00
R reg1=00
R reg3=00
R reg4=00
R reg0=00
R reg2=00
R regD=b7
R regE=b7
R regC=00
W reg6=80
R reg8=ff
R regA=ff
R reg9=00
R reg1=00
R reg3=00
R reg4=00
R reg0=00
R reg2=00
R regD=b7
R regE=b7
R regC=00
W reg6=80
R reg8=ff
R regA=ff
R reg9=00
R reg1=00
R reg3=00
R reg4=00
R reg0=00
R reg2=00
R regD=b7
R regE=b7
R regC=00
W reg6=80
R reg8=ff
R regA=ff
R reg9=00
R reg1=00
R reg3=00
R reg4=00
R reg0=00
R reg2=00
R regD=b7
R regE=b7
R regC=00
W reg6=80
R reg8=ff
R regA=ff
R reg9=00
R reg1=00
R reg3=00
R reg4=00
R reg0=00
R reg2=00
R regD=b7
R regE=b7
R regC=00
W reg6=80
R reg8=ff
R regA=ff
R reg9=00
R reg1=00
R reg3=00
R reg4=00
R reg0=00
R reg2=00
R regD=b7
R regE=b7
R regC=00
W reg6=80
R reg8=ff
R regA=ff
R reg9=00
R reg1=00
R reg3=00
R reg4=00
R reg0=00
R reg2=00
R regD=b7
R regE=b7
R regC=00
W reg6=80
R reg8=ff
R regA=ff
R reg9=00
R reg1=00
R reg3=00
R reg4=00
R reg0=00
R reg2=00
R regD=b7
R regE=b7
R regC=00
W reg6=80
R reg8=ff
R regA=ff
R reg9=00
R reg1=00
R reg3=00
R reg4=00
R reg0=00
R reg2=00
R regD=b7
R regE=b7
R regC=00
W reg6=80
R reg8=ff
R regA=ff
R reg9=00
R reg1=00
R reg3=00
R reg4=00
R reg0=00
R reg2=00
R regD=b7
R regE=b7
R regC=00
W reg6=80
R reg8=ff
R regA=ff
R reg9=00
R reg1=00
R reg3=00
R reg4=00
R reg0=00
R reg2=00
R regD=b7
R regE=b7
R regC=00
W reg6=80
R reg8=ff
R regA=ff
R reg9=00
R reg1=00
R reg3=00
R reg4=00
R reg0=00
R reg2=00
R regD=b7
R regE=b7
R regC=00
W reg6=80
R reg8=ff
R regA=ff
R reg9=00
R reg1=00
R reg3=00
R reg4=00
R reg0=00
R reg2=00
R regD=b7
R regE=b7
R regC=00
W reg6=80
R reg8=ff
R regA=ff
R reg9=00
R reg1=00
R reg3=00
R reg4=00
R reg0=00
R reg2=00
R regD=b7
R regE=b7
R regC=00
W reg6=80
R reg8=ff
R regA=ff
R reg9=00
R reg1=00
R reg3=00
R reg4=00
R reg0=00
R reg2=00
R regD=b7
R regE=b7
R regC=00
W reg6=80
R reg8=ff
R regA=ff
R reg9=00
R reg1=00
R reg3=00
R reg4=00
R reg0=00
R reg2=00
R regD=b7
R regE=b7
R regC=00
W reg6=80
R reg8=ff
R regA=ff
R reg9=00
R reg1=00
R reg3=00
R reg4=00
R reg0=00
R reg2=00
R regD=b7
R regE=b7
R regC=00
W reg6=80
R reg8=ff
R regA=ff
R reg9=00
R reg1=00
R reg3=00
R reg4=00
R reg0=00
R reg2=00
R regD=b7
R regE=b7
R regC=00
W reg6=80
R reg8=ff
R regA=ff
R reg9=00
R reg1=00
R reg3=00
R reg4=00
R reg0=00
R reg2=00
R regD=b7
R regE=b7
R regC=00
W reg6=80
R reg8=ff
R regA=ff
R reg9=00
R reg1=00
R reg3=00
R reg4=00
R reg0=00
R reg2=00
R regD=b7
R regE=b7
R regC=00
W reg6=80
R reg8=ff
R regA=ff
R reg9=00
R reg1=00
R reg3=00
R reg4=00
R reg0=00
R reg2=00
R regD=b7
R regE=b7
R regC=00
W reg6=80
R reg8=ff
R regA=ff
R reg9=00
R reg1=00
R reg3=00
R reg4=00
R reg0=00
R reg2=00
R regD=b7
R regE=b7
R regC=00
W reg6=80
R reg8=ff
R regA=ff
R reg9=00
R reg1=00
R reg3=00
R reg4=00
R reg0=00
R reg2=00
R regD=b7
R regE=b7
R regC=00
W reg6=80
R reg8=ff
R regA=ff
R reg9=00
R reg1=00
R reg3=00
R reg4=00
R reg0=00
R reg2=00
R regD=b7
R regE=b7
R regC=00
W reg6=80
R reg8=ff
R regA=ff
R reg9=00
R reg1=00
R reg3=00
R reg4=00
R reg0=00
R reg2=00
R regD=b7
R regE=b7
R regC=00
W reg6=80
R reg8=ff
R regA=ff
R reg9=00
R reg1=00
R reg3=00
R reg4=00
R reg0=00
R reg2=00
R regD=b7
R regE=b7
R regC=00
W reg6=80
R reg8=ff
R regA=ff
R reg9=00
R reg1=00
R reg3=00
R reg4=00
R reg0=00
R reg2=00
R regD=b7
R regE=b7
R regC=00
W reg6=80
R reg8=ff
R regA=ff
R reg9=00
R reg1=00
R reg3=00
R reg4=00
R reg0=00
R reg2=00
R regD=b7
R regE=b7
R regC=00
W reg6=80
R reg8=ff
R regA=ff
R reg9=00
R reg1=00
R reg3=00
R reg4=00
R reg0=00
R reg2=00
R regD=b7
R regE=b7
R regC=00
W reg6=80
R reg8=ff
R regA=ff
R reg9=00
R reg1=00
R reg3=00
R reg4=00
R reg0=00
R reg2=00
R regD=b7
R regE=b7
R regC=00
W reg6=80
R reg8=ff
R regA=ff
R reg9=00
R reg1=00
R reg3=00
R reg4=00
R reg0=00
R reg2=00
R regD=b7
R regE=b7
R regC=00
W reg6=80
R reg8=ff
R regA=ff
R reg9=00
R reg1=00
R reg3=00
R reg4=00
R reg0=00
R reg2=00
R regD=b7
R regE=b7
R regC=00
W reg6=80
R reg8=ff
R regA=ff
R reg9=00
R reg1=00
R reg3=00
R reg4=00
R reg0=00
R reg2=00
R regD=b7
R regE=b7
R regC=00
W reg6=80
R reg8=ff
R regA=ff
R reg9=00
R reg1=00
R reg3=00
R reg4=00
R reg0=00
R reg2=00
R regD=b7
R regE=b7
R regC=00
W reg6=80
R reg8=ff
R regA=ff
R reg9=00
R reg1=00
R reg3=00
R reg4=00
R reg0=00
R reg2=00
R regD=b7
R regE=b7
R regC=00
W reg6=80
R reg8=ff
R regA=ff
R reg9=00
R reg1=00
R reg3=00
R reg4=00
R reg0=00
R reg2=00
R regD=b7
R regE=b7
R regC=00
W reg6=80
R reg8=ff
R regA=ff
R reg9=00
R reg1=00
R reg3=00
R reg4=00
R reg0=00
R reg2=00
R regD=b7
R regE=b7
R regC=00
W reg6=80
R reg8=ff
R regA=ff
R reg9=00
R reg1=00
R reg3=00
R reg4=00
R reg0=00
R reg2=00
R regD=b7
R regE=b7
R regC=00
W reg6=80
R reg8=ff
R regA=ff
R reg9=00
R reg1=00
R reg3=00
R reg4=00
R reg0=00
R reg2=00
R regD=b7
R regE=b7
R regC=00
W reg6=80
R reg8=ff
R regA=ff
R reg9=00
R reg1=00
R reg3=00
R reg4=00
R reg0=00
R reg2=00
R regD=b7
R regE=b7
R regC=00
W reg6=80
R reg8=ff
R regA=ff
R reg9=00
R reg1=00
R reg3=00
R reg4=00
R reg0=00
R reg2=00
R regD=b7
R regE=b7
R regC=00
W reg6=80
R reg8=ff
R regA=ff
R reg9=00
R reg1=00
R reg3=00
R reg4=00
R reg0=00
R reg2=00
R regD=b7
R regE=b7
R regC=00
W reg6=80
R reg8=ff
R regA=ff
R reg9=00
R reg1=00
R reg3=00
R reg4=00
R reg0=00
R reg2=00
R regD=b7
R regE=b7
R regC=00
W reg6=80
R reg8=ff
R regA=ff
R reg9=00
R reg1=00
R reg3=00
R reg4=00
R reg0=00
R reg2=00
R regD=b7
R regE=b7
R regC=00
W reg6=80
R reg8=ff
R regA=ff
R reg9=00
R reg1=00
R reg3=00
R reg4=00
R reg0=00
R reg2=00
R regD=b7
R regE=b7
R regC=00
W reg6=80
R reg8=ff
R regA=ff
R reg9=00
R reg1=00
R reg3=00
R reg4=00
R reg0=00
R reg2=00
R regD=b7
R regE=b7
R regC=00
W reg6=80
R reg8=ff
R regA=ff
R reg9=00
R reg1=00
R reg3=00
R reg4=00
R reg0=00
R reg2=00
R regD=b7
R regE=b7
R regC=00
W reg6=80
R reg8=ff
R regA=ff
R reg9=00
R reg1=00
R reg3=00
R reg4=00
R reg0=00
R reg2=00
R regD=b7
R regE=b7
R regC=00
W reg6=80
R reg8=ff
R regA=ff
R reg9=00
R reg1=00
R reg3=00
R reg4=00
R reg0=00
R reg2=00
R regD=b7
R regE=b7
R regC=00
W reg6=80
R reg8=ff
R regA=ff
R reg9=00
R reg1=00
R reg3=00
R reg4=00
R reg0=00
R reg2=00
R regD=b7
R regE=b7
R regC=00
W reg6=80
R reg8=ff
R regA=ff
R reg9=00
R reg1=00
R reg3=00
R reg4=00
R reg0=00
R reg2=00
R regD=b7
R regE=b7
R regC=00
W reg6=80
R reg8=ff
R regA=ff
R reg9=00
R reg1=00
R reg3=00
R reg4=00
R reg0=00
R reg2=00
R regD=b7
R regE=b7
R regC=00
W reg6=80
R reg8=ff
R regA=ff
R reg9=00
R reg1=00
R reg3=00
R reg4=00
R reg0=00
R reg2=00
R regD=b7
R regE=b7
R regC=00
W reg6=80
R reg8=ff
R regA=ff
R reg9=00
R reg1=00
R reg3=00
R reg4=00
R reg0=00
R reg2=00
R regD=b7
R regE=b7
R regC=00
W reg6=80
R reg8=ff
R regA=ff
R reg9=00
R reg1=00
R reg3=00
R reg4=00
R reg0=00
R reg2=00
R regD=b7
R regE=b7
R regC=00
W reg6=80
R reg8=ff
R regA=ff
R reg9=00
R reg1=00
R reg3=00
R reg4=00
R reg0=00
R reg2=00
R regD=b7
R regE=b7
R regC=00
W reg6=80
R reg8=ff
R regA=ff
R reg9=00
R reg1=00
R reg3=00
R reg4=00
R reg0=00
R reg2=00
R regD=b7
R regE=b7
R regC=00
W reg6=80
R reg8=ff
R regA=ff
R reg9=00
R reg1=00
R reg3=00
R reg4=00
R reg0=00
R reg2=00
R regD=b7
R regE=b7
R regC=00
W reg6=80
R reg8=ff
R regA=ff
R reg9=00
R reg1=00
R reg3=00
R reg4=00
R reg0=00
R reg2=00
R regD=b7
R regE=b7
R regC=00
W reg6=80
R reg8=ff
R regA=ff
R reg9=00
R reg1=00
R reg3=00
R reg4=00
R reg0=00
R reg2=00
R regD=b7
R regE=b7
R regC=00
W reg6=80
R reg8=ff
R regA=ff
R reg9=00
R reg1=00
R reg3=00
R reg4=00
R reg0=00
R reg2=00
R regD=b7
R regE=b7
R regC=00
W reg6=80
R reg8=ff
R regA=ff
R reg9=00
R reg1=00
R reg3=00
R reg4=00
R reg0=00
R reg2=00
R regD=b7
R regE=b7
R regC=00
W reg6=80
R reg8=ff
R regA=ff
R reg9=00
R reg1=00
R reg3=00
R reg4=00
R reg0=00
R reg2=00
R regD=b7
R regE=b7
R regC=00
W reg6=80
R reg8=ff
R regA=ff
R reg9=00
R reg1=00
R reg3=00
R reg4=00
R reg0=00
R reg2=00
R regD=b7
R regE=b7
R regC=00
W reg6=80
R reg8=ff
R regA=ff
R reg9=00
R reg1=00
R reg3=00
R reg4=00
R reg0=00
R reg2=00
R regD=b7
R regE=b7
R regC=00
W reg6=80
R reg8=ff
R regA=ff
R reg9=00
R reg1=00
R reg3=00
R reg4=00
R reg0=00
R reg2=00
R regD=b7
R regE=b7
R regC=00
W reg6=80
R reg8=ff
R regA=ff
R reg9=00
R reg1=00
R reg3=00
R reg4=00
R reg0=00
R reg2=00
R regD=b7
R regE=b7
R regC=00
W reg6=80
R reg8=ff
R regA=ff
R reg9=00
R reg1=00
R reg3=00
R reg4=00
R reg0=00
R reg2=00
R regD=b7
R regE=b7
R regC=00
W reg6=80
R reg8=ff
R regA=ff
R reg9=00
R reg1=00
R reg3=00
R reg4=00
R reg0=00
R reg2=00
R regD=b7
R regE=b7
R regC=00
W reg6=80
R reg8=ff
R regA=ff
R reg9=00
R reg1=00
R reg3=00
R reg4=00
R reg0=00
R reg2=00
R regD=b7
R regE=b7
R regC=00
W reg6=80
R reg8=ff
R regA=ff
R reg9=00
R reg1=00
R reg3=00
R reg4=00
R reg0=00
R reg2=00
R regD=b7
R regE=b7
R regC=00
W reg6=80
R reg8=ff
R regA=ff
R reg9=00
R reg1=00
R reg3=00
R reg4=00
R reg0=00
R reg2=00
R regD=b7
R regE=b7
R regC=00
W reg6=80
R reg8=ff
R regA=ff
R reg9=00
R reg1=00
R reg3=00
R reg4=00
R reg0=00
R reg2=00
R regD=b7
R regE=b7
R regC=00
W reg6=80
R reg8=ff
R regA=ff
R reg9=00
R reg1=00
R reg3=00
R reg4=00
R reg0=00
R reg2=00
R regD=b7
R regE=b7
R regC=00
W reg6=80
R reg8=ff
R regA=ff
R reg9=00
R reg1=00
R reg3=00
R reg4=00
R reg0=00
R reg2=00
R regD=b7
R regE=b7
R regC=00
W reg6=80
R reg8=ff
R regA=ff
R reg9=00
R reg1=00
R reg3=00
R reg4=00
R reg0=00
R reg2=00
R regD=b7
R regE=b7
R regC=00
W reg6=80
R reg8=ff
R regA=ff
R reg9=00
R reg1=00
R reg3=00
R reg4=00
R reg0=00
R reg2=00
R regD=b7
R regE=b7
R regC=00
W reg6=80
R reg8=ff
R regA=ff
R reg9=00
R reg1=00
R reg3=00
R reg4=00
R reg0=00
R reg2=00
R regD=b7
R regE=b7
R regC=00
W reg6=80
R reg8=ff
R regA=ff
R reg9=00
R reg1=00
R reg3=00
R reg4=00
R reg0=00
R reg2=00
R regD=b7
R regE=b7
R regC=00
W reg6=80
R reg8=ff
R regA=ff
R reg9=00
R reg1=00
R reg3=00
R reg4=00
R reg0=00
R reg2=00
R regD=b7
R regE=b7
R regC=00
W reg6=80
R reg8=ff
R regA=ff
R reg9=00
R reg1=00
R reg3=00
R reg4=00
R reg0=00
R reg2=00
R regD=b7
R regE=b7
R regC=00
W reg6=80
R reg8=ff
R regA=ff
R reg9=00
R reg1=00
R reg3=00
R reg4=00
R reg0=00
R reg2=00
R regD=b7
R regE=b7
R regC=00
W reg6=80
R reg8=ff
R regA=ff
R reg9=00
R reg1=00
R reg3=00
R reg4=00
R reg0=00
R reg2=00
R regD=b7
R regE=b7
R regC=00
W reg6=80
R reg8=ff
R regA=ff
R reg9=00
R reg1=00
R reg3=00
R reg4=00
R reg0=00
R reg2=00
R regD=b7
R regE=b7
R regC=00
W reg6=80
R reg8=ff
R regA=ff
R reg9=00
R reg1=00
R reg3=00
R reg4=00
R reg0=00
R reg2=00
R regD=b7
R regE=b7
R regC=00
W reg6=80
R reg8=ff
R regA=ff
R reg9=00
R reg1=00
R reg3=00
R reg4=00
R reg0=00
R reg2=00
R regD=b7
R regE=b7
R regC=00
W reg6=80
R reg8=ff
R regA=ff
R reg9=00
R reg1=00
R reg3=00
R reg4=00
R reg0=00
R reg2=00
R regD=b7
R regE=b7
R regC=00
W reg6=80
R reg8=ff
R regA=ff
R reg9=00
R reg1=00
R reg3=00
R reg4=00
R reg0=00
R reg2=00
R regD=b7
R regE=b7
R regC=00
W reg6=80
R reg8=ff
R regA=ff
R reg9=00
R reg1=00
R reg3=00
R reg4=00
R reg0=00
R reg2=00
R regD=b7
R regE=b7
R regC=00
W reg6=80
R reg8=ff
R regA=ff
R reg9=00
R reg1=00
R reg3=00
R reg4=00
R reg0=00
R reg2=00
R regD=b7
R regE=b7
R regC=00
W reg6=80
R reg8=ff
R regA=ff
R reg9=00
R reg1=00
R reg3=00
R reg4=00
R reg0=00
R reg2=00
R regD=b7
R regE=b7
R regC=00
W reg6=80
R reg8=ff
R regA=ff
R reg9=00
R reg1=00
R reg3=00
R reg4=00
R reg0=00
R reg2=00
R regD=b7
R regE=b7
R regC=00
W reg6=80
R reg8=ff
R regA=ff
R reg9=00
R reg1=00
R reg3=00
R reg4=00
R reg0=00
R reg2=00
R regD=b7
R regE=b7
R regC=00
W reg6=80
R reg8=ff
R regA=ff
R reg9=00
R reg1=00
R reg3=00
R reg4=00
R reg0=00
R reg2=00
R regD=b7
R regE=b7
R regC=00
W reg6=80
R reg8=ff
R regA=ff
R reg9=00
R reg1=00
R reg3=00
R reg4=00
R reg0=00
R reg2=00
R regD=b7
R regE=b7
R regC=00
W reg6=80
R reg8=ff
R regA=ff
R reg9=00
R reg1=00
R reg3=00
R reg4=00
R reg0=00
R reg2=00
R regD=b7
R regE=b7
R regC=00
W reg6=80
R reg8=ff
R regA=ff
R reg9=00
R reg1=00
R reg3=00
R reg4=00
R reg0=00
R reg2=00
R regD=b7
R regE=b7
R regC=00
W reg6=80
R reg8=ff
R regA=ff
R reg9=00
R reg1=00
R reg3=00
R reg4=00
R reg0=00
R reg2=00
R regD=b7
R regE=b7
R regC=00
W reg6=80
R reg8=ff
R regA=ff
R reg9=00
R reg1=00
R reg3=00
R reg4=00
R reg0=00
R reg2=00
R regD=b7
R regE=b7
R regC=00
W reg6=80
R reg8=ff
R regA=ff
R reg9=00
R reg1=00
R reg3=00
R reg4=00
R reg0=00
R reg2=00
R regD=b7
R regE=b7
R regC=00
W reg6=80
R reg8=ff
R regA=ff
R reg9=00
R reg1=00
R reg3=00
R reg4=00
R reg0=00
R reg2=00
R regD=b7
R regE=b7
R regC=00
W reg6=80
R reg8=ff
R regA=ff
R reg9=00
R reg1=00
R reg3=00
R reg4=00
R reg0=00
R reg2=00
R regD=b7
R regE=b7
R regC=00
W reg6=80
R reg8=ff
R regA=ff
R reg9=00
R reg1=00
R reg3=00
R reg4=00
R reg0=00
R reg2=00
R regD=b7
R regE=b7
R regC=00
W reg6=80
R reg8=ff
R regA=ff
R reg9=00
R reg1=00
R reg3=00
R reg4=00
R reg0=00
R reg2=00
R regD=b7
R regE=b7
R regC=00
W reg6=80
R reg8=ff
R regA=ff
R reg9=00
R reg1=00
R reg3=00
R reg4=00
R reg0=00
R reg2=00
R regD=b7
R regE=b7
R regC=00
W reg6=80
R reg8=ff
R regA=ff
R reg9=00
R reg1=00
R reg3=00
R reg4=00
R reg0=00
R reg2=00
R regD=b7
R regE=b7
R regC=00
W reg6=80
R reg8=ff
R regA=ff
R reg9=00
R reg1=00
R reg3=00
R reg4=00
R reg0=00
R reg2=00
R regD=b7
R regE=b7
R regC=00
W reg6=80
R reg8=ff
R regA=ff
R reg9=00
R reg1=00
R reg3=00
R reg4=00
R reg0=00
R reg2=00
R regD=b7
R regE=b7
R regC=00
W reg6=80
R reg8=ff
R regA=ff
R reg9=00
R reg1=00
R reg3=00
R reg4=00
R reg0=00
R reg2=00
R regD=b7
R regE=b7
R regC=00
W reg6=80
R reg8=ff
R regA=ff
R reg9=00
R reg1=00
R reg3=00
R reg4=00
R reg0=00
R reg2=00
R regD=b7
R regE=b7
R regC=00
W reg6=80
R reg8=ff
R regA=ff
R reg9=00
R reg1=00
R reg3=00
R reg4=00
R reg0=00
R reg2=00
R regD=b7
R regE=b7
R regC=00
W reg6=80
R reg8=ff
R regA=ff
R reg9=00
R reg1=00
R reg3=00
R reg4=00
R reg0=00
R reg2=00
R regD=b7
R regE=b7
R regC=00
W reg6=80
R reg8=ff
R regA=ff
R reg9=00
R reg1=00
R reg3=00
R reg4=00
R reg0=00
R reg2=00
R regD=b7
R regE=b7
R regC=00
W reg6=80
R reg8=ff
R regA=ff
R reg9=00
R reg1=00
R reg3=00
R reg4=00
R reg0=00
R reg2=00
R regD=b7
R regE=b7
R regC=00
W reg6=80
R reg8=ff
R regA=ff
R reg9=00
R reg1=00
R reg3=00
R reg4=00
R reg0=00
R reg2=00
R regD=b7
R regE=b7
R regC=00
W reg6=80
R reg8=ff
R regA=ff
R reg9=00
R reg1=00
R reg3=00
R reg4=00
R reg0=00
R reg2=00
R regD=b7
R regE=b7
R regC=00
W reg6=80
R reg8=ff
R regA=ff
R reg9=00
R reg1=00
R reg3=00
R reg4=00
R reg0=00
R reg2=00
R regD=b7
R regE=b7
R regC=00
W reg6=80
R reg8=ff
R regA=ff
R reg9=00
R reg1=00
R reg3=00
R reg4=00
R reg0=00
R reg2=00
R regD=b7
R regE=b7
R regC=00
W reg6=80
R reg8=ff
R regA=ff
R reg9=00
R reg1=00
R reg3=00
R reg4=00
R reg0=00
R reg2=00
R regD=b7
R regE=b7
R regC=00
W reg6=80
R reg8=ff
R regA=ff
R reg9=00
R reg1=00
R reg3=00
R reg4=00
R reg0=00
R reg2=00
R regD=b7
R regE=b7
R regC=00
W reg6=80
R reg8=ff
R regA=ff
R reg9=00
R reg1=00
R reg3=00
R reg4=00
R reg0=00
R reg2=00
R regD=b7
R regE=b7
R regC=00
W reg6=80
R reg8=ff
R regA=ff
R reg9=00
R reg1=00
R reg3=00
R reg4=00
R reg0=00
R reg2=00
R regD=b7
R regE=b7
R regC=00
W reg6=80
R reg8=ff
R regA=ff
R reg9=00
R reg1=00
R reg3=00
R reg4=00
R reg0=00
R reg2=00
R regD=b7
R regE=b7
R regC=00
W reg6=80
R reg8=ff
R regA=ff
R reg9=00
R reg1=00
R reg3=00
R reg4=00
R reg0=00
R reg2=00
R regD=b7
R regE=b7
R regC=00
W reg6=80
R reg8=ff
R regA=ff
R reg9=00
R reg1=00
R reg3=00
R reg4=00
R reg0=00
R reg2=00
R regD=b7
R regE=b7
R regC=00
W reg6=80
R reg8=ff
R regA=ff
R reg9=00
R reg1=00
R reg3=00
R reg4=00
R reg0=00
R reg2=00
R regD=b7
R regE=b7
R regC=00
W reg6=80
R reg8=ff
R regA=ff
R reg9=00
R reg1=00
R reg3=00
R reg4=00
R reg0=00
R reg2=00
R regD=b7
R regE=b7
R regC=00
W reg6=80
R reg8=ff
R regA=ff
R reg9=00
R reg1=00
R reg3=00
R reg4=00
R reg0=00
R reg2=00
R regD=b7
R regE=b7
R regC=00
W reg6=80
R reg8=ff
R regA=ff
R reg9=00
R reg1=00
R reg3=00
R reg4=00
R reg0=00
R reg2=00
R regD=b7
R regE=b7
R regC=00
W reg6=80
R reg8=ff
R regA=ff
R reg9=00
R reg1=00
R reg3=00
R reg4=00
R reg0=00
R reg2=00
R regD=b7
R regE=b7
R regC=00
W reg6=80
R reg8=ff
R regA=ff
R reg9=00
R reg1=00
R reg3=00
R reg4=00
R reg0=00
R reg2=00
R regD=b7
R regE=b7
R regC=00
W reg6=80
R reg8=ff
R regA=ff
R reg9=00
R reg1=00
R reg3=00
R reg4=00
R reg0=00
R reg2=00
R regD=b7
R regE=b7
R regC=00
W reg6=80
R reg8=ff
R regA=ff
R reg9=00
R reg1=00
R reg3=00
R reg4=00
R reg0=00
R reg2=00
R regD=b7
R regE=b7
R regC=00
W reg6=80
R reg8=ff
R regA=ff
R reg9=00
R reg1=00
R reg3=00
R reg4=00
R reg0=00
R reg2=00
R regD=b7
R regE=b7
R regC=00
W reg6=80
R reg8=ff
R regA=ff
R reg9=00
R reg1=00
R reg3=00
R reg4=00
R reg0=00
R reg2=00
R regD=b7
R regE=b7
R regC=00
W reg6=80
R reg8=ff
R regA=ff
R reg9=00
R reg1=00
R reg3=00
R reg4=00
R reg0=00
R reg2=00
R regD=b7
R regE=b7
R regC=00
W reg6=80
R reg8=ff
R regA=ff
R reg9=00
R reg1=00
R reg3=00
R reg4=00
R reg0=00
R reg2=00
R regD=b7
R regE=b7
R regC=00
W reg6=80
R reg8=ff
R regA=ff
R reg9=00
R reg1=00
R reg3=00
R reg4=00
R reg0=00
R reg2=00
R regD=b7
R regE=b7
R regC=00
W reg6=80
R reg8=ff
R regA=ff
R reg9=00
R reg1=00
R reg3=00
R reg4=00
R reg0=00
R reg2=00
R regD=b7
R regE=b7
R regC=00
W reg6=80
R reg8=ff
R regA=ff
R reg9=00
R reg1=00
R reg3=00
R reg4=00
R reg0=00
R reg2=00
R regD=b7
R regE=b7
R regC=00
W reg6=80
R reg8=ff
R regA=ff
R reg9=00
R reg1=00
R reg3=00
R reg4=00
R reg0=00
R reg2=00
R regD=b7
R regE=b7
R regC=00
W reg6=80
R reg8=ff
R regA=ff
R reg9=00
R reg1=00
R reg3=00
R reg4=00
R reg0=00
R reg2=00
R regD=b7
R regE=b7
R regC=00
W reg6=80
R reg8=ff
R regA=ff
R reg9=00
R reg1=00
R reg3=00
R reg4=00
R reg0=00
R reg2=00
R regD=b7
R regE=b7
R regC=00
W reg6=80
R reg8=ff
R regA=ff
R reg9=00
R reg1=00
R reg3=00
R reg4=00
R reg0=00
R reg2=00
R regD=b7
R regE=b7
R regC=00
W reg6=80
R reg8=ff
R regA=ff
R reg9=00
R reg1=00
R reg3=00
R reg4=00
R reg0=00
R reg2=00
R regD=b7
R regE=b7
R regC=00
W reg6=80
R reg8=ff
R regA=ff
R reg9=00
R reg1=00
R reg3=00
R reg4=00
R reg0=00
R reg2=00
R regD=b7
R regE=b7
R regC=00
W reg6=80
R reg8=ff
R regA=ff
R reg9=00
R reg1=00
R reg3=00
R reg4=00
R reg0=00
R reg2=00
R regD=b7
R regE=b7
R regC=00
W reg6=80
R reg8=ff
R regA=ff
R reg9=00
R reg1=00
R reg3=00
R reg4=00
R reg0=00
R reg2=00
R regD=b7
R regE=b7
R regC=00
W reg6=80
R reg8=ff
R regA=ff
R reg9=00
R reg1=00
R reg3=00
R reg4=00
R reg0=00
R reg2=00
R regD=b7
R regE=b7
R regC=00
W reg6=80
R reg8=ff
R regA=ff
R reg9=00
R reg1=00
R reg3=00
R reg4=00
R reg0=00
R reg2=00
R regD=b7
R regE=b7
R regC=00
W reg6=80
R reg8=ff
R regA=ff
R reg9=00
R reg1=00
R reg3=00
R reg4=00
R reg0=00
R reg2=00
R regD=b7
R regE=b7
R regC=00
W reg6=80
R reg8=ff
R regA=ff
R reg9=00
R reg1=00
R reg3=00
R reg4=00
R reg0=00
R reg2=00
R regD=b7
R regE=b7
R regC=00
W reg6=80
R reg8=ff
R regA=ff
R reg9=00
R reg1=00
R reg3=00
R reg4=00
R reg0=00
R reg2=00
R regD=b7
R regE=b7
R regC=00
W reg6=80
R reg8=ff
R regA=ff
R reg9=00
R reg1=00
R reg3=00
R reg4=00
R reg0=00
R reg2=00
R regD=b7
R regE=b7
R regC=00
W reg6=80
R reg8=ff
R regA=ff
R reg9=00
R reg1=00
R reg3=00
R reg4=00
R reg0=00
R reg2=00
R regD=b7
R regE=b7
R regC=00
W reg6=80
R reg8=ff
R regA=ff
R reg9=00
R reg1=00
R reg3=00
R reg4=00
R reg0=00
R reg2=00
R regD=b7
R regE=b7
R regC=00
W reg6=80
R reg8=ff
R regA=ff
R reg9=00
R reg1=00
R reg3=00
R reg4=00
R reg0=00
R reg2=00
R regD=b7
R regE=b7
R regC=00
W reg6=80
R reg8=ff
R regA=ff
R reg9=00
R reg1=00
R reg3=00
R reg4=00
R reg0=00
R reg2=00
R regD=b7
R regE=b7
R regC=00
W reg6=80
R reg8=ff
R regA=ff
R reg9=00
R reg1=00
R reg3=00
R reg4=00
R reg0=00
R reg2=00
R regD=b7
R regE=b7
R regC=00
W reg6=80
R reg8=ff
R regA=ff
R reg9=00
R reg1=00
R reg3=00
R reg4=00
R reg0=00
R reg2=00
R regD=b7
R regE=b7
R regC=00
W reg6=80
R reg8=ff
R regA=ff
R reg9=00
R reg1=00
R reg3=00
R reg4=00
R reg0=00
R reg2=00
R regD=b7
R regE=b7
R regC=00
W reg6=80
R reg8=ff
R regA=ff
R reg9=00
R reg1=00
R reg3=00
R reg4=00
R reg0=00
R reg2=00
R regD=b7
R regE=b7
R regC=00
W reg6=80
R reg8=ff
R regA=ff
R reg9=00
R reg1=00
R reg3=00
R reg4=00
R reg0=00
R reg2=00
R regD=b7
R regE=b7
R regC=00
W reg6=80
R reg8=ff
R regA=ff
R reg9=00
R reg1=00
R reg3=00
R reg4=00
R reg0=00
R reg2=00
R regD=b7
R regE=b7
R regC=00
W reg6=80
R reg8=ff
R regA=ff
R reg9=00
R reg1=00
R reg3=00
R reg4=00
R reg0=00
R reg2=00
R regD=b7
R regE=b7
R regC=00
W reg6=80
R reg8=ff
R regA=ff
R reg9=00
R reg1=00
R reg3=00
R reg4=00
R reg0=00
R reg2=00
R regD=b7
R regE=b7
R regC=00
W reg6=80
R reg8=ff
R regA=ff
R reg9=00
R reg1=00
R reg3=00
R reg4=00
R reg0=00
R reg2=00
R regD=b7
R regE=b7
R regC=00
W reg6=80
R reg8=ff
R regA=ff
R reg9=00
R reg1=00
R reg3=00
R reg4=00
R reg0=00
R reg2=00
R regD=b7
R regE=b7
R regC=00
W reg6=80
R reg8=ff
R regA=ff
R reg9=00
R reg1=00
R reg3=00
R reg4=00
R reg0=00
R reg2=00
R regD=b7
R regE=b7
R regC=00
W reg6=80
R reg8=ff
R regA=ff
R reg9=00
R reg1=00
R reg3=00
R reg4=00
R reg0=00
R reg2=00
R regD=b7
R regE=b7
R regC=00
W reg6=80
R reg8=ff
R regA=ff
R reg9=00
R reg1=00
R reg3=00
R reg4=00
R reg0=00
R reg2=00
R regD=b7
R regE=b7
R regC=00
W reg6=80
R reg8=ff
R regA=ff
R reg9=00
R reg1=00
R reg3=00
R reg4=00
R reg0=00
R reg2=00
R regD=b7
R regE=b7
R regC=00
W reg6=80
R reg8=ff
R regA=ff
R reg9=00
R reg1=00
R reg3=00
R reg4=00
R reg0=00
R reg2=00
R regD=b7
R regE=b7
R regC=00
W reg6=80
R reg8=ff
R regA=ff
R reg9=00
R reg1=00
R reg3=00
R reg4=00
R reg0=00
R reg2=00
R regD=b7
R regE=b7
R regC=00
W reg6=80
R reg8=ff
R regA=ff
R reg9=00
R reg1=00
R reg3=00
R reg4=00
R reg0=00
R reg2=00
R regD=b7
R regE=b7
R regC=00
W reg6=80
R reg8=ff
R regA=ff
R reg9=00
R reg1=00
R reg3=00
R reg4=00
R reg0=00
R reg2=00
R regD=b7
R regE=b7
R regC=00
W reg6=80
R reg8=ff
R regA=ff
R reg9=00
R reg1=00
R reg3=00
R reg4=00
R reg0=00
R reg2=00
R regD=b7
R regE=b7
R regC=00
W reg6=80
R reg8=ff
R regA=ff
R reg9=00
R reg1=00
R reg3=00
R reg4=00
R reg0=00
R reg2=00
R regD=b7
R regE=b7
R regC=00
W reg6=80
R reg8=ff
R regA=ff
R reg9=00
R reg1=00
R reg3=00
R reg4=00
R reg0=00
R reg2=00
R regD=b7
R regE=b7
R regC=00
W reg6=80
R reg8=ff
R regA=ff
R reg9=00
R reg1=00
R reg3=00
R reg4=00
R reg0=00
R reg2=00
R regD=b7
R regE=b7
R regC=00
W reg6=80
R reg8=ff
R regA=ff
R reg9=00
R reg1=00
R reg3=00
R reg4=00
R reg0=00
R reg2=00
R regD=b7
R regE=b7
R regC=00
W reg6=80
R reg8=ff
R regA=ff
R reg9=00
R reg1=00
R reg3=00
R reg4=00
R reg0=00
R reg2=00
R regD=b7
R regE=b7
R regC=00
W reg6=80
R reg8=ff
R regA=ff
R reg9=00
R reg1=00
R reg3=00
R reg4=00
R reg0=00
R reg2=00
R regD=b7
R regE=b7
R regC=00
W reg6=80
R reg8=ff
R regA=ff
R reg9=00
R reg1=00
R reg3=00
R reg4=00
R reg0=00
R reg2=00
R regD=b7
R regE=b7
R regC=00
W reg6=80
R reg8=ff
R regA=ff
R reg9=00
R reg1=00
R reg3=00
R reg4=00
R reg0=00
R reg2=00
R regD=b7
R regE=b7
R regC=00
W reg6=80
R reg8=ff
R regA=ff
R reg9=00
R reg1=00
R reg3=00
R reg4=00
R reg0=00
R reg2=00
R regD=b7
R regE=b7
R regC=00
W reg6=80
R reg8=ff
R regA=ff
R reg9=00
R reg1=00
R reg3=00
R reg4=00
R reg0=00
R reg2=00
R regD=b7
R regE=b7
R regC=00
W reg6=80
R reg8=ff
R regA=ff
R reg9=00
R reg1=00
R reg3=00
R reg4=00
R reg0=00
R reg2=00
R regD=b7
R regE=b7
R regC=00
W reg6=80
R reg8=ff
R regA=ff
R reg9=00
R reg1=00
R reg3=00
R reg4=00
R reg0=00
R reg2=00
R regD=b7
R regE=b7
R regC=00
W reg6=80
R reg8=ff
R regA=ff
R reg9=00
R reg1=00
R reg3=00
R reg4=00
R reg0=00
R reg2=00
R regD=b7
R regE=b7
R regC=00
W reg6=80
R reg8=ff
R regA=ff
R reg9=00
R reg1=00
R reg3=00
R reg4=00
R reg0=00
R reg2=00
R regD=b7
R regE=b7
R regC=00
W reg6=80
R reg8=ff
R regA=ff
R reg9=00
R reg1=00
R reg3=00
R reg4=00
R reg0=00
R reg2=00
R regD=b7
R regE=b7
R regC=00
W reg6=80
R reg8=ff
R regA=ff
R reg9=00
R reg1=00
R reg3=00
R reg4=00
R reg0=00
R reg2=00
R regD=b7
R regE=b7
R regC=00
W reg6=80
R reg8=ff
R regA=ff
R reg9=00
R reg1=00
R reg3=00
R reg4=00
R reg0=00
R reg2=00
R regD=b7
R regE=b7
R regC=00
W reg6=80
R reg8=ff
R regA=ff
R reg9=00
R reg1=00
R reg3=00
R reg4=00
R reg0=00
R reg2=00
R regD=b7
R regE=b7
R regC=00
W reg6=80
R reg8=ff
R regA=ff
R reg9=00
R reg1=00
R reg3=00
R reg4=00
R reg0=00
R reg2=00
R regD=b7
R regE=b7
R regC=00
W reg6=80
R reg8=ff
R regA=ff
R reg9=00
R reg1=00
R reg3=00
R reg4=00
R reg0=00
R reg2=00
R regD=b7
R regE=b7
R regC=00
W reg6=80
R reg8=ff
R regA=ff
R reg9=00
R reg1=00
R reg3=00
R reg4=00
R reg0=00
R reg2=00
R regD=b7
R regE=b7
R regC=00
W reg6=80
R reg8=ff
R regA=ff
R reg9=00
R reg1=00
R reg3=00
R reg4=00
R reg0=00
R reg2=00
R regD=b7
R regE=b7
R regC=00
W reg6=80
R reg8=ff
R regA=ff
R reg9=00
R reg1=00
R reg3=00
R reg4=00
R reg0=00
R reg2=00
R regD=b7
R regE=b7
R regC=00
W reg6=80
R reg8=ff
R regA=ff
R reg9=00
R reg1=00
R reg3=00
R reg4=00
R reg0=00
R reg2=00
R regD=b7
R regE=b7
R regC=00
W reg6=80
R reg8=ff
R regA=ff
R reg9=00
R reg1=00
R reg3=00
R reg4=00
R reg0=00
R reg2=00
R regD=b7
R regE=b7
R regC=00
W reg6=80
R reg8=ff
R regA=ff
R reg9=00
R reg1=00
R reg3=00
R reg4=00
R reg0=00
R reg2=00
R regD=b7
R regE=b7
R regC=00
W reg6=80
R reg8=ff
R regA=ff
R reg9=00
R reg1=00
R reg3=00
R reg4=00
R reg0=00
R reg2=00
R regD=b7
R regE=b7
R regC=00
W reg6=80
R reg8=ff
R regA=ff
R reg9=00
R reg1=00
R reg3=00
R reg4=00
R reg0=00
R reg2=00
R regD=b7
R regE=b7
R regC=00
W reg6=80
R reg8=ff
R regA=ff
R reg9=00
R reg1=00
R reg3=00
R reg4=00
R reg0=00
R reg2=00
R regD=b7
R regE=b7
R regC=00
W reg6=80
R reg8=ff
R regA=ff
R reg9=00
R reg1=00
R reg3=00
R reg4=00
R reg0=00
R reg2=00
R regD=b7
R regE=b7
R regC=00
W reg6=80
R reg8=ff
R regA=ff
R reg9=00
R reg1=00
R reg3=00
R reg4=00
R reg0=00
R reg2=00
R regD=b7
R regE=b7
R regC=00
W reg6=80
R reg8=ff
R regA=ff
R reg9=00
R reg1=00
R reg3=00
R reg4=00
R reg0=00
R reg2=00
R regD=b7
R regE=b7
R regC=00
W reg6=80
R reg8=ff
R regA=ff
R reg9=00
R reg1=00
R reg3=00
R reg4=00
R reg0=00
R reg2=00
R regD=b7
R regE=b7
R regC=00
W reg6=80
R reg8=ff
R regA=ff
R reg9=00
R reg1=00
R reg3=00
R reg4=00
R reg0=00
R reg2=00
R regD=b7
R regE=b7
R regC=00
W reg6=80
R reg8=ff
R regA=ff
R reg9=00
R reg1=00
R reg3=00
R reg4=00
R reg0=00
R reg2=00
R regD=b7
R regE=b7
R regC=00
W reg6=80
R reg8=ff
R regA=ff
R reg9=00
R reg1=00
R reg3=00
R reg4=00
R reg0=00
R reg2=00
R regD=b7
R regE=b7
R regC=00
W reg6=80
R reg8=ff
R regA=ff
R reg9=00
R reg1=00
R reg3=00
R reg4=00
R reg0=00
R reg2=00
R regD=b7
R regE=b7
R regC=00
W reg6=80
R reg8=ff
R regA=ff
R reg9=00
R reg1=00
R reg3=00
R reg4=00
R reg0=00
R reg2=00
R regD=b7
R regE=b7
R regC=00
W reg6=80
R reg8=ff
R regA=ff
R reg9=00
R reg1=00
R reg3=00
R reg4=00
R reg0=00
R reg2=00
R regD=b7
R regE=b7
R regC=00
W reg6=80
R reg8=ff
R regA=ff
R reg9=00
R reg1=00
R reg3=00
R reg4=00
R reg0=00
R reg2=00
R regD=b7
R regE=b7
R regC=00
W reg6=80
R reg8=ff
R regA=ff
R reg9=00
R reg1=00
R reg3=00
R reg4=00
R reg0=00
R reg2=00
R regD=b7
R regE=b7
R regC=00
W reg6=80
R reg8=ff
R regA=ff
R reg9=00
R reg1=00
R reg3=00
R reg4=00
R reg0=00
R reg2=00
R regD=b7
R regE=b7
R regC=00
W reg6=80
R reg8=ff
R regA=ff
R reg9=00
R reg1=00
R reg3=00
R reg4=00
R reg0=00
R reg2=00
R regD=b7
R regE=b7
R regC=00
W reg6=80
R reg8=ff
R regA=ff
R reg9=00
R reg1=00
R reg3=00
R reg4=00
R reg0=00
R reg2=00
R regD=b7
R regE=b7
R regC=00
W reg6=80
R reg8=ff
R regA=ff
R reg9=00
R reg1=00
R reg3=00
R reg4=00
R reg0=00
R reg2=00
R regD=b7
R regE=b7
R regC=00
W reg6=80
R reg8=ff
R regA=ff
R reg9=00
R reg1=00
R reg3=00
R reg4=00
R reg0=00
R reg2=00
R regD=b7
R regE=b7
R regC=00
W reg6=80
R reg8=ff
R regA=ff
R reg9=00
R reg1=00
R reg3=00
R reg4=00
R reg0=00
R reg2=00
R regD=b7
R regE=b7
R regC=00
W reg6=80
R reg8=ff
R regA=ff
R reg9=00
R reg1=00
R reg3=00
R reg4=00
R reg0=00
R reg2=00
R regD=b7
R regE=b7
R regC=00
W reg6=80
R reg8=ff
R regA=ff
R reg9=00
R reg1=00
R reg3=00
R reg4=00
R reg0=00
R reg2=00
R regD=b7
R regE=b7
R regC=00
W reg6=80
R reg8=ff
R regA=ff
R reg9=00
R reg1=00
R reg3=00
R reg4=00
R reg0=00
R reg2=00
R regD=b7
R regE=b7
R regC=00
W reg6=80
R reg8=ff
R regA=ff
R reg9=00
R reg1=00
R reg3=00
R reg4=00
R reg0=00
R reg2=00
R regD=b7
R regE=b7
R regC=00
W reg6=80
R reg8=ff
R regA=ff
R reg9=00
R reg1=00
R reg3=00
R reg4=00
R reg0=00
R reg2=00
R regD=b7
R regE=b7
R regC=00
W reg6=80
R reg8=ff
R regA=ff
R reg9=00
R reg1=00
R reg3=00
R reg4=00
R reg0=00
R reg2=00
R regD=b7
R regE=b7
R regC=00
W reg6=80
R reg8=ff
R regA=ff
R reg9=00
R reg1=00
R reg3=00
R reg4=00
R reg0=00
R reg2=00
R regD=b7
R regE=b7
R regC=00
W reg6=80
R reg8=ff
R regA=ff
R reg9=00
R reg1=00
R reg3=00
R reg4=00
R reg0=00
R reg2=00
R regD=b7
R regE=b7
R regC=00
W reg6=80
R reg8=ff
R regA=ff
R reg9=00
R reg1=00
R reg3=00
R reg4=00
R reg0=00
R reg2=00
R regD=b7
R regE=b7
R regC=00
W reg6=80
R reg8=ff
R regA=ff
R reg9=00
R reg1=00
R reg3=00
R reg4=00
R reg0=00
R reg2=00
R regD=b7
R regE=b7
R regC=00
W reg6=80
R reg8=ff
R regA=ff
R reg9=00
R reg1=00
R reg3=00
R reg4=00
R reg0=00
R reg2=00
R regD=b7
R regE=b7
R regC=00
W reg6=80
R reg8=ff
R regA=ff
R reg9=00
R reg1=00
R reg3=00
R reg4=00
R reg0=00
R reg2=00
R regD=b7
R regE=b7
R regC=00
W reg6=80
R reg8=ff
R regA=ff
R reg9=00
R reg1=00
R reg3=00
R reg4=00
R reg0=00
R reg2=00
R regD=b7
R regE=b7
R regC=00
W reg6=80
R reg8=ff
R regA=ff
R reg9=00
R reg1=00
R reg3=00
R reg4=00
R reg0=00
R reg2=00
R regD=b7
R regE=b7
R regC=00
W reg6=80
R reg8=ff
R regA=ff
R reg9=00
R reg1=00
R reg3=00
R reg4=00
R reg0=00
R reg2=00
R regD=b7
R regE=b7
R regC=00
W reg6=80
R reg8=ff
R regA=ff
R reg9=00
R reg1=00
R reg3=00
R reg4=00
R reg0=00
R reg2=00
R regD=b7
R regE=b7
R regC=00
W reg6=80
R reg8=ff
R regA=ff
R reg9=00
R reg1=00
R reg3=00
R reg4=00
R reg0=00
R reg2=00
R regD=b7
R regE=b7
R regC=00
W reg6=80
R reg8=ff
R regA=ff
R reg9=00
R reg1=00
R reg3=00
R reg4=00
R reg0=00
R reg2=00
R regD=b7
R regE=b7
R regC=00
W reg6=80
R reg8=ff
R regA=ff
R reg9=00
R reg1=00
R reg3=00
R reg4=00
R reg0=00
R reg2=00
R regD=b7
R regE=b7
R regC=00
W reg6=80
R reg8=ff
R regA=ff
R reg9=00
R reg1=00
R reg3=00
R reg4=00
R reg0=00
R reg2=00
R regD=b7
R regE=b7
R regC=00
W reg6=80
R reg8=ff
R regA=ff
R reg9=00
R reg1=00
R reg3=00
R reg4=00
R reg0=00
R reg2=00
R regD=b7
R regE=b7
R regC=00
W reg6=80
R reg8=ff
R regA=ff
R reg9=00
R reg1=00
R reg3=00
R reg4=00
R reg0=00
R reg2=00
R regD=b7
R regE=b7
R regC=00
W reg6=80
R reg8=ff
R regA=ff
R reg9=00
R reg1=00
R reg3=00
R reg4=00
R reg0=00
R reg2=00
R regD=b7
R regE=b7
R regC=00
W reg6=80
R reg8=ff
R regA=ff
R reg9=00
R reg1=00
R reg3=00
R reg4=00
R reg0=00
R reg2=00
R regD=b7
R regE=b7
R regC=00
W reg6=80
R reg8=ff
R regA=ff
R reg9=00
R reg1=00
R reg3=00
R reg4=00
R reg0=00
R reg2=00
R regD=b7
R regE=b7
R regC=00
W reg6=80
R reg8=ff
R regA=ff
R reg9=00
R reg1=00
R reg3=00
R reg4=00
R reg0=00
R reg2=00
R regD=b7
R regE=b7
R regC=00
W reg6=80
R reg8=ff
R regA=ff
R reg9=00
R reg1=00
R reg3=00
R reg4=00
R reg0=00
R reg2=00
R regD=b7
R regE=b7
R regC=00
W reg6=80
R reg8=ff
R regA=ff
R reg9=00
R reg1=00
R reg3=00
R reg4=00
R reg0=00
R reg2=00
R regD=b7
R regE=b7
R regC=00
W reg6=80
R reg8=ff
R regA=ff
R reg9=00
R reg1=00
R reg3=00
R reg4=00
R reg0=00
R reg2=00
R regD=b7
R regE=b7
R regC=00
W reg6=80
R reg8=ff
R regA=ff
R reg9=00
R reg1=00
R reg3=00
R reg4=00
R reg0=00
R reg2=00
R regD=b7
R regE=b7
R regC=00
W reg6=80
R reg8=ff
R regA=ff
R reg9=00
R reg1=00
R reg3=00
R reg4=00
R reg0=00
R reg2=00
R regD=b7
R regE=b7
R regC=00
W reg6=80
R reg8=ff
R regA=ff
R reg9=00
R reg1=00
R reg3=00
R reg4=00
R reg0=00
R reg2=00
R regD=b7
R regE=b7
R regC=00
W reg6=80
R reg8=ff
R regA=ff
R reg9=00
R reg1=00
R reg3=00
R reg4=00
R reg0=00
R reg2=00
R regD=b7
R regE=b7
R regC=00
W reg6=80
R reg8=ff
R regA=ff
R reg9=00
R reg1=00
R reg3=00
R reg4=00
R reg0=00
R reg2=00
R regD=b7
R regE=b7
R regC=00
W reg6=80
R reg8=ff
R regA=ff
R reg9=00
R reg1=00
R reg3=00
R reg4=00
R reg0=00
R reg2=00
R regD=b7
R regE=b7
R regC=00
W reg6=80
R reg8=ff
R regA=ff
R reg9=00
R reg1=00
R reg3=00
R reg4=00
R reg0=00
R reg2=00
R regD=b7
R regE=b7
R regC=00
W reg6=80
R reg8=ff
R regA=ff
R reg9=00
R reg1=00
R reg3=00
R reg4=00
R reg0=00
R reg2=00
R regD=b7
R regE=b7
R regC=00
W reg6=80
R reg8=ff
R regA=ff
R reg9=00
R reg1=00
R reg3=00
R reg4=00
R reg0=00
R reg2=00
R regD=b7
R regE=b7
R regC=00
W reg6=80
R reg8=ff
R regA=ff
R reg9=00
R reg1=00
R reg3=00
R reg4=00
R reg0=00
R reg2=00
R regD=b7
R regE=b7
R regC=00
W reg6=80
R reg8=ff
R regA=ff
R reg9=00
R reg1=00
R reg3=00
R reg4=00
R reg0=00
R reg2=00
R regD=b7
R regE=b7
R regC=00
W reg6=80
R reg8=ff
R regA=ff
R reg9=00
R reg1=00
R reg3=00
R reg4=00
R reg0=00
R reg2=00
R regD=b7
R regE=b7
R regC=00
W reg6=80
R reg8=ff
R regA=ff
R reg9=00
R reg1=00
R reg3=00
R reg4=00
R reg0=00
R reg2=00
R regD=b7
R regE=b7
R regC=00
W reg6=80
R reg8=ff
R regA=ff
R reg9=00
R reg1=00
R reg3=00
R reg4=00
R reg0=00
R reg2=00
R regD=b7
R regE=b7
R regC=00
W reg6=80
R reg8=ff
R regA=ff
R reg9=00
R reg1=00
R reg3=00
R reg4=00
R reg0=00
R reg2=00
R regD=b7
R regE=b7
R regC=00
W reg6=80
R reg8=ff
R regA=ff
R reg9=00
R reg1=00
R reg3=00
R reg4=00
R reg0=00
R reg2=00
R regD=b7
R regE=b7
R regC=00
W reg6=80
R reg8=ff
R regA=ff
R reg9=00
R reg1=00
R reg3=00
R reg4=00
R reg0=00
R reg2=00
R regD=b7
R regE=b7
R regC=00
W reg6=80
R reg8=ff
R regA=ff
R reg9=00
R reg1=00
R reg3=00
R reg4=00
R reg0=00
R reg2=00
R regD=b7
R regE=b7
R regC=00
W reg6=80
R reg8=ff
R regA=ff
R reg9=00
R reg1=00
R reg3=00
R reg4=00
R reg0=00
R reg2=00
R regD=b7
R regE=b7
R regC=00
W reg6=80
R reg8=ff
R regA=ff
R reg9=00
R reg1=00
R reg3=00
R reg4=00
R reg0=00
R reg2=00
R regD=b7
R regE=b7
R regC=00
W reg6=80
R reg8=ff
R regA=ff
R reg9=00
R reg1=00
R reg3=00
R reg4=00
R reg0=00
R reg2=00
R regD=b7
R regE=b7
R regC=00
W reg6=80
R reg8=ff
R regA=ff
R reg9=00
R reg1=00
R reg3=00
R reg4=00
R reg0=00
R reg2=00
R regD=b7
R regE=b7
R regC=00
W reg6=80
R reg8=ff
R regA=ff
R reg9=00
R reg1=00
R reg3=00
R reg4=00
R reg0=00
R reg2=00
R regD=b7
R regE=b7
R regC=00
W reg6=80
R reg8=ff
R regA=ff
R reg9=00
R reg1=00
R reg3=00
R reg4=00
R reg0=00
R reg2=00
R regD=b7
R regE=b7
R regC=00
W reg6=80
R reg8=ff
R regA=ff
R reg9=00
R reg1=00
R reg3=00
R reg4=00
R reg0=00
R reg2=00
R regD=b7
R regE=b7
R regC=00
W reg6=80
R reg8=ff
R regA=ff
R reg9=00
R reg1=00
R reg3=00
R reg4=00
R reg0=00
R reg2=00
R regD=b7
R regE=b7
R regC=00
W reg6=80
R reg8=ff
R regA=ff
R reg9=00
R reg1=00
R reg3=00
R reg4=00
R reg0=00
R reg2=00
R regD=b7
R regE=b7
R regC=00
W reg6=80
R reg8=ff
R regA=ff
R reg9=00
R reg1=00
R reg3=00
R reg4=00
R reg0=00
R reg2=00
R regD=b7
R regE=b7
R regC=00
W reg6=80
R reg8=ff
R regA=ff
R reg9=00
R reg1=00
R reg3=00
R reg4=00
R reg0=00
R reg2=00
R regD=b7
R regE=b7
R regC=00
W reg6=80
R reg8=ff
R regA=ff
R reg9=00
R reg1=00
R reg3=00
R reg4=00
R reg0=00
R reg2=00
R regD=b7
R regE=b7
R regC=00
W reg6=80
R reg8=ff
R regA=ff
R reg9=00
R reg1=00
R reg3=00
R reg4=00
R reg0=00
R reg2=00
R regD=b7
R regE=b7
R regC=00
W reg6=80
R reg8=ff
R regA=ff
R reg9=00
R reg1=00
R reg3=00
R reg4=00
R reg0=00
R reg2=00
R regD=b7
R regE=b7
R regC=00
W reg6=80
R reg8=ff
R regA=ff
R reg9=00
R reg1=00
R reg3=00
R reg4=00
R reg0=00
R reg2=00
R regD=b7
R regE=b7
R regC=00
W reg6=80
R reg8=ff
R regA=ff
R reg9=00
R reg1=00
R reg3=00
R reg4=00
R reg0=00
R reg2=00
R regD=b7
R regE=b7
R regC=00
W reg6=80
R reg8=ff
R regA=ff
R reg9=00
R reg1=00
R reg3=00
R reg4=00
R reg0=00
R reg2=00
R regD=b7
R regE=b7
R regC=00
W reg6=80
R reg8=ff
R regA=ff
R reg9=00
R reg1=00
R reg3=00
R reg4=00
R reg0=00
R reg2=00
R regD=b7
R regE=b7
R regC=00
W reg6=80
R reg8=ff
R regA=ff
R reg9=00
R reg1=00
R reg3=00
R reg4=00
R reg0=00
R reg2=00
R regD=b7
R regE=b7
R regC=00
W reg6=80
R reg8=ff
R regA=ff
R reg9=00
R reg1=00
R reg3=00
R reg4=00
R reg0=00
R reg2=00
R regD=b7
R regE=b7
R regC=00
W reg6=80
R reg8=ff
R regA=ff
R reg9=00
R reg1=00
R reg3=00
R reg4=00
R reg0=00
R reg2=00
R regD=b7
R regE=b7
R regC=00
W reg6=80
R reg8=ff
R regA=ff
R reg9=00
R reg1=00
R reg3=00
R reg4=00
R reg0=00
R reg2=00
R regD=b7
R regE=b7
R regC=00
W reg6=80
R reg8=ff
R regA=ff
R reg9=00
R reg1=00
R reg3=00
R reg4=00
R reg0=00
R reg2=00
R regD=b7
R regE=b7
R regC=00
W reg6=80
R reg8=ff
R regA=ff
R reg9=00
R reg1=00
R reg3=00
R reg4=00
R reg0=00
R reg2=00
R regD=b7
R regE=b7
R regC=00
W reg6=80
R reg8=ff
R regA=ff
R reg9=00
R reg1=00
R reg3=00
R reg4=00
R reg0=00
R reg2=00
R regD=b7
R regE=b7
R regC=00
W reg6=80
R reg8=ff
R regA=ff
R reg9=00
R reg1=00
R reg3=00
R reg4=00
R reg0=00
R reg2=00
R regD=b7
R regE=b7
R regC=00
W reg6=80
R reg8=ff
R regA=ff
R reg9=00
R reg1=00
R reg3=00
R reg4=00
R reg0=00
R reg2=00
R regD=b7
R regE=b7
R regC=00
W reg6=80
R reg8=ff
R regA=ff
R reg9=00
R reg1=00
R reg3=00
R reg4=00
R reg0=00
R reg2=00
R regD=b7
R regE=b7
R regC=00
W reg6=80
R reg8=ff
R regA=ff
R reg9=00
R reg1=00
R reg3=00
R reg4=00
R reg0=00
R reg2=00
R regD=b7
R regE=b7
R regC=00
W reg6=80
R reg8=ff
R regA=ff
R reg9=00
R reg1=00
R reg3=00
R reg4=00
R reg0=00
R reg2=00
R regD=b7
R regE=b7
R regC=00
W reg6=80
R reg8=ff
R regA=ff
R reg9=00
R reg1=00
R reg3=00
R reg4=00
R reg0=00
R reg2=00
R regD=b7
R regE=b7
R regC=00
W reg6=80
R reg8=ff
R regA=ff
R reg9=00
R reg1=00
R reg3=00
R reg4=00
R reg0=00
R reg2=00
R regD=b7
R regE=b7
R regC=00
W reg6=80
R reg8=ff
R regA=ff
R reg9=00
R reg1=00
R reg3=00
R reg4=00
R reg0=00
R reg2=00
R regD=b7
R regE=b7
R regC=00
W reg6=80
R reg8=ff
R regA=ff
R reg9=00
R reg1=00
R reg3=00
R reg4=00
R reg0=00
R reg2=00
R regD=b7
R regE=b7
R regC=00
W reg6=80
R reg8=ff
R regA=ff
R reg9=00
R reg1=00
R reg3=00
R reg4=00
R reg0=00
R reg2=00
R regD=b7
R regE=b7
R regC=00
W reg6=80
R reg8=ff
R regA=ff
R reg9=00
R reg1=00
R reg3=00
R reg4=00
R reg0=00
R reg2=00
R regD=b7
R regE=b7
R regC=00
W reg6=80
R reg8=ff
R regA=ff
R reg9=00
R reg1=00
R reg3=00
R reg4=00
R reg0=00
R reg2=00
R regD=b7
R regE=b7
R regC=00
W reg6=80
R reg8=ff
R regA=ff
R reg9=00
R reg1=00
R reg3=00
R reg4=00
R reg0=00
R reg2=00
R regD=b7
R regE=b7
R regC=00
W reg6=80
R reg8=ff
R regA=ff
R reg9=00
R reg1=00
R reg3=00
R reg4=00
R reg0=00
R reg2=00
R regD=b7
R regE=b7
R regC=00
W reg6=80
R reg8=ff
R regA=ff
R reg9=00
R reg1=00
R reg3=00
R reg4=00
R reg0=00
R reg2=00
R regD=b7
R regE=b7
R regC=00
W reg6=80
R reg8=ff
R regA=ff
R reg9=00
R reg1=00
R reg3=00
R reg4=00
R reg0=00
R reg2=00
R regD=b7
R regE=b7
R regC=00
W reg6=80
R reg8=ff
R regA=ff
R reg9=00
R reg1=00
R reg3=00
R reg4=00
R reg0=00
R reg2=00
R regD=b7
R regE=b7
R regC=00
W reg6=80
R reg8=ff
R regA=ff
R reg9=00
R reg1=00
R reg3=00
R reg4=00
R reg0=00
R reg2=00
R regD=b7
R regE=b7
R regC=00
W reg6=80
R reg8=ff
R regA=ff
R reg9=00
R reg1=00
R reg3=00
R reg4=00
R reg0=00
R reg2=00
R regD=b7
R regE=b7
R regC=00
W reg6=80
R reg8=ff
R regA=ff
R reg9=00
R reg1=00
R reg3=00
R reg4=00
R reg0=00
R reg2=00
R regD=b7
R regE=b7
R regC=00
W reg6=80
R reg8=ff
R regA=ff
R reg9=00
R reg1=00
R reg3=00
R reg4=00
R reg0=00
R reg2=00
R regD=b7
R regE=b7
R regC=00
W reg6=80
R reg8=ff
R regA=ff
R reg9=00
R reg1=00
R reg3=00
R reg4=00
R reg0=00
R reg2=00
R regD=b7
R regE=b7
R regC=00
W reg6=80
R reg8=ff
R regA=ff
R reg9=00
R reg1=00
R reg3=00
R reg4=00
R reg0=00
R reg2=00
R regD=b7
R regE=b7
R regC=00
W reg6=80
R reg8=ff
R regA=ff
R reg9=00
R reg1=00
R reg3=00
R reg4=00
R reg0=00
R reg2=00
R regD=b7
R regE=b7
R regC=00
W reg6=80
R reg8=ff
R regA=ff
R reg9=00
R reg1=00
R reg3=00
R reg4=00
R reg0=00
R reg2=00
R regD=b7
R regE=b7
R regC=00
W reg6=80
R reg8=ff
R regA=ff
R reg9=00
R reg1=00
R reg3=00
R reg4=00
R reg0=00
R reg2=00
R regD=b7
R regE=b7
R regC=00
W reg6=80
R reg8=ff
R regA=ff
R reg9=00
R reg1=00
R reg3=00
R reg4=00
R reg0=00
R reg2=00
R regD=b7
R regE=b7
R regC=00
W reg6=80
R reg8=ff
R regA=ff
R reg9=00
R reg1=00
R reg3=00
R reg4=00
R reg0=00
R reg2=00
R regD=b7
R regE=b7
R regC=00
W reg6=80
R reg8=ff
R regA=ff
R reg9=00
R reg1=00
R reg3=00
R reg4=00
R reg0=00
R reg2=00
R regD=b7
R regE=b7
R regC=00
W reg6=80
R reg8=ff
R regA=ff
R reg9=00
R reg1=00
R reg3=00
R reg4=00
R reg0=00
R reg2=00
R regD=b7
R regE=b7
R regC=00
W reg6=80
R reg8=ff
R regA=ff
R reg9=00
R reg1=00
R reg3=00
R reg4=00
R reg0=00
R reg2=00
R regD=b7
R regE=b7
R regC=00
W reg6=80
R reg8=ff
R regA=ff
R reg9=00
R reg1=00
R reg3=00
R reg4=00
R reg0=00
R reg2=00
R regD=b7
R regE=b7
R regC=00
W reg6=80
R reg8=ff
R regA=ff
R reg9=00
R reg1=00
R reg3=00
R reg4=00
R reg0=00
R reg2=00
R regD=b7
R regE=b7
R regC=00
W reg6=80
R reg8=ff
R regA=ff
R reg9=00
R reg1=00
R reg3=00
R reg4=00
R reg0=00
R reg2=00
R regD=b7
R regE=b7
R regC=00
W reg6=80
R reg8=ff
R regA=ff
R reg9=00
R reg1=00
R reg3=00
R reg4=00
R reg0=00
R reg2=00
R regD=b7
R regE=b7
R regC=00
W reg6=80
R reg8=ff
R regA=ff
R reg9=00
R reg1=00
R reg3=00
R reg4=00
R reg0=00
R reg2=00
R regD=b7
R regE=b7
R regC=00
W reg6=80
R reg8=ff
R regA=ff
R reg9=00
R reg1=00
R reg3=00
R reg4=00
R reg0=00
R reg2=00
R regD=b7
R regE=b7
R regC=00
W reg6=80
R reg8=ff
R regA=ff
R reg9=00
R reg1=00
R reg3=00
R reg4=00
R reg0=00
R reg2=00
R regD=b7
R regE=b7
R regC=00
W reg6=80
R reg8=ff
R regA=ff
R reg9=00
R reg1=00
R reg3=00
R reg4=00
R reg0=00
R reg2=00
R regD=b7
R regE=b7
R regC=00
W reg6=80
R reg8=ff
R regA=ff
R reg9=00
R reg1=00
R reg3=00
R reg4=00
R reg0=00
R reg2=00
R regD=b7
R regE=b7
R regC=00
W reg6=80
R reg8=ff
R regA=ff
R reg9=00
R reg1=00
R reg3=00
R reg4=00
R reg0=00
R reg2=00
R regD=b7
R regE=b7
R regC=00
W reg6=80
R reg8=ff
R regA=ff
R reg9=00
R reg1=00
R reg3=00
R reg4=00
R reg0=00
R reg2=00
R regD=b7
R regE=b7
R regC=00
W reg6=80
R reg8=ff
R regA=ff
R reg9=00
R reg1=00
R reg3=00
R reg4=00
R reg0=00
R reg2=00
R regD=b7
R regE=b7
R regC=00
W reg6=80
R reg8=ff
R regA=ff
R reg9=00
R reg1=00
R reg3=00
R reg4=00
R reg0=00
R reg2=00
R regD=b7
R regE=b7
R regC=00
W reg6=80
R reg8=ff
R regA=ff
R reg9=00
R reg1=00
R reg3=00
R reg4=00
R reg0=00
R reg2=00
R regD=b7
R regE=b7
R regC=00
W reg6=80
R reg8=ff
R regA=ff
R reg9=00
R reg1=00
R reg3=00
R reg4=00
R reg0=00
R reg2=00
R regD=b7
R regE=b7
R regC=00
W reg6=80
R reg8=ff
R regA=ff
R reg9=00
R reg1=00
R reg3=00
R reg4=00
R reg0=00
R reg2=00
R regD=b7
R regE=b7
R regC=00
W reg6=80
R reg8=ff
R regA=ff
R reg9=00
R reg1=00
R reg3=00
R reg4=00
R reg0=00
R reg2=00
R regD=b7
R regE=b7
R regC=00
W reg6=80
R reg8=ff
R regA=ff
R reg9=00
R reg1=00
R reg3=00
R reg4=00
R reg0=00
R reg2=00
R regD=b7
R regE=b7
R regC=00
W reg6=80
R reg8=ff
R regA=ff
R reg9=00
R reg1=00
R reg3=00
R reg4=00
R reg0=00
R reg2=00
R regD=b7
R regE=b7
R regC=00
W reg6=80
R reg8=ff
R regA=ff
R reg9=00
R reg1=00
R reg3=00
R reg4=00
R reg0=00
R reg2=00
R regD=b7
R regE=b7
R regC=00
W reg6=80
R reg8=ff
R regA=ff
R reg9=00
R reg1=00
R reg3=00
R reg4=00
R reg0=00
R reg2=00
R regD=b7
R regE=b7
R regC=00
W reg6=80
R reg8=ff
R regA=ff
R reg9=00
R reg1=00
R reg3=00
R reg4=00
R reg0=00
R reg2=00
R regD=b7
R regE=b7
R regC=00
W reg6=80
R reg8=ff
R regA=ff
R reg9=00
R reg1=00
R reg3=00
R reg4=00
R reg0=00
R reg2=00
R regD=b7
R regE=b7
R regC=00
W reg6=80
R reg8=ff
R regA=ff
R reg9=00
R reg1=00
R reg3=00
R reg4=00
R reg0=00
R reg2=00
R regD=b7
R regE=b7
R regC=00
W reg6=80
R reg8=ff
R regA=ff
R reg9=00
R reg1=00
R reg3=00
R reg4=00
R reg0=00
R reg2=00
R regD=b7
R regE=b7
R regC=00
W reg6=80
R reg8=ff
R regA=ff
R reg9=00
R reg1=00
R reg3=00
R reg4=00
R reg0=00
R reg2=00
R regD=b7
R regE=b7
R regC=00
W reg6=80
R reg8=ff
R regA=ff
R reg9=00
R reg1=00
R reg3=00
R reg4=00
R reg0=00
R reg2=00
R regD=b7
R regE=b7
R regC=00
W reg6=80
R reg8=ff
R regA=ff
R reg9=00
R reg1=00
R reg3=00
R reg4=00
R reg0=00
R reg2=00
R regD=b7
R regE=b7
R regC=00
W reg6=80
R reg8=ff
R regA=ff
R reg9=00
R reg1=00
R reg3=00
R reg4=00
R reg0=00
R reg2=00
R regD=b7
R regE=b7
R regC=00
W reg6=80
R reg8=ff
R regA=ff
R reg9=00
R reg1=00
R reg3=00
R reg4=00
R reg0=00
R reg2=00
R regD=b7
R regE=b7
R regC=00
W reg6=80
R reg8=ff
R regA=ff
R reg9=00
R reg1=00
R reg3=00
R reg4=00
R reg0=00
R reg2=00
R regD=b7
R regE=b7
R regC=00
W reg6=80
R reg8=ff
R regA=ff
R reg9=00
R reg1=00
R reg3=00
R reg4=00
R reg0=00
R reg2=00
R regD=b7
R regE=b7
R regC=00
W reg6=80
R reg8=ff
R regA=ff
R reg9=00
R reg1=00
R reg3=00
R reg4=00
R reg0=00
R reg2=00
R regD=b7
R regE=b7
R regC=00
W reg6=80
R reg8=ff
R regA=ff
R reg9=00
R reg1=00
R reg3=00
R reg4=00
R reg0=00
R reg2=00
R regD=b7
R regE=b7
R regC=00
W reg6=80
R reg8=ff
R regA=ff
R reg9=00
R reg1=00
R reg3=00
R reg4=00
R reg0=00
R reg2=00
R regD=b7
R regE=b7
R regC=00
W reg6=80
R reg8=ff
R regA=ff
R reg9=00
R reg1=00
R reg3=00
R reg4=00
R reg0=00
R reg2=00
R regD=b7
R regE=b7
R regC=00
W reg6=80
R reg8=ff
R regA=ff
R reg9=00
R reg1=00
R reg3=00
R reg4=00
R reg0=00
R reg2=00
R regD=b7
R regE=b7
R regC=00
W reg6=80
R reg8=ff
R regA=ff
R reg9=00
R reg1=00
R reg3=00
R reg4=00
R reg0=00
R reg2=00
R regD=b7
R regE=b7
R regC=00
W reg6=80
R reg8=ff
R regA=ff
R reg9=00
R reg1=00
R reg3=00
R reg4=00
R reg0=00
R reg2=00
R regD=b7
R regE=b7
R regC=00
W reg6=80
R reg8=ff
R regA=ff
R reg9=00
R reg1=00
R reg3=00
R reg4=00
R reg0=00
R reg2=00
R regD=b7
R regE=b7
R regC=00
W reg6=80
R reg8=ff
R regA=ff
R reg9=00
R reg1=00
R reg3=00
R reg4=00
R reg0=00
R reg2=00
R regD=b7
R regE=b7
R regC=00
W reg6=80
R reg8=ff
R regA=ff
R reg9=00
R reg1=00
R reg3=00
R reg4=00
R reg0=00
R reg2=00
R regD=b7
R regE=b7
R regC=00
W reg6=80
R reg8=ff
R regA=ff
R reg9=00
R reg1=00
R reg3=00
R reg4=00
R reg0=00
R reg2=00
R regD=b7
R regE=b7
R regC=00
W reg6=80
R reg8=ff
R regA=ff
R reg9=00
R reg1=00
R reg3=00
R reg4=00
R reg0=00
R reg2=00
R regD=b7
R regE=b7
R regC=00
W reg6=80
R reg8=ff
R regA=ff
R reg9=00
R reg1=00
R reg3=00
R reg4=00
R reg0=00
R reg2=00
R regD=b7
R regE=b7
R regC=00
W reg6=80
R reg8=ff
R regA=ff
R reg9=00
R reg1=00
R reg3=00
R reg4=00
R reg0=00
R reg2=00
R regD=b7
R regE=b7
R regC=00
W reg6=80
R reg8=ff
R regA=ff
R reg9=00
R reg1=00
R reg3=00
R reg4=00
R reg0=00
R reg2=00
R regD=b7
R regE=b7
R regC=00
W reg6=80
R reg8=ff
R regA=ff
R reg9=00
R reg1=00
R reg3=00
R reg4=00
R reg0=00
R reg2=00
R regD=b7
R regE=b7
R regC=00
W reg6=80
R reg8=ff
R regA=ff
R reg9=00
R reg1=00
R reg3=00
R reg4=00
R reg0=00
R reg2=00
R regD=b7
R regE=b7
R regC=00
W reg6=80
R reg8=ff
R regA=ff
R reg9=00
R reg1=00
R reg3=00
R reg4=00
R reg0=00
R reg2=00
R regD=b7
R regE=b7
R regC=00
W reg6=80
R reg8=ff
R regA=ff
R reg9=00
R reg1=00
R reg3=00
R reg4=00
R reg0=00
R reg2=00
R regD=b7
R regE=b7
R regC=00
W reg6=80
R reg8=ff
R regA=ff
R reg9=00
R reg1=00
R reg3=00
R reg4=00
R reg0=00
R reg2=00
R regD=b7
R regE=b7
R regC=00
W reg6=80
R reg8=ff
R regA=ff
R reg9=00
R reg1=00
R reg3=00
R reg4=00
R reg0=00
R reg2=00
R regD=b7
R regE=b7
R regC=00
W reg6=80
R reg8=ff
R regA=ff
R reg9=00
R reg1=00
R reg3=00
R reg4=00
R reg0=00
R reg2=00
R regD=b7
R regE=b7
R regC=00
W reg6=80
R reg8=ff
R regA=ff
R reg9=00
R reg1=00
R reg3=00
R reg4=00
R reg0=00
R reg2=00
R regD=b7
R regE=b7
R regC=00
W reg6=80
R reg8=ff
R regA=ff
R reg9=00
R reg1=00
R reg3=00
R reg4=00
R reg0=00
R reg2=00
R regD=b7
R regE=b7
R regC=00
W reg6=80
R reg8=ff
R regA=ff
R reg9=00
R reg1=00
R reg3=00
R reg4=00
R reg0=00
R reg2=00
R regD=b7
R regE=b7
R regC=00
W reg6=80
R reg8=ff
R regA=ff
R reg9=00
R reg1=00
R reg3=00
R reg4=00
R reg0=00
R reg2=00
R regD=b7
R regE=b7
R regC=00
W reg6=80
R reg8=ff
R regA=ff
R reg9=00
R reg1=00
R reg3=00
R reg4=00
R reg0=00
R reg2=00
R regD=b7
R regE=b7
R regC=00
W reg6=80
R reg8=ff
R regA=ff
R reg9=00
R reg1=00
R reg3=00
R reg4=00
R reg0=00
R reg2=00
R regD=b7
R regE=b7
R regC=00
W reg6=80
R reg8=ff
R regA=ff
R reg9=00
R reg1=00
R reg3=00
R reg4=00
R reg0=00
R reg2=00
R regD=b7
R regE=b7
R regC=00
W reg6=80
R reg8=ff
R regA=ff
R reg9=00
R reg1=00
R reg3=00
R reg4=00
R reg0=00
R reg2=00
R regD=b7
R regE=b7
R regC=00
W reg6=80
R reg8=ff
R regA=ff
R reg9=00
R reg1=00
R reg3=00
R reg4=00
R reg0=00
R reg2=00
R regD=b7
R regE=b7
R regC=00
W reg6=80
R reg8=ff
R regA=ff
R reg9=00
R reg1=00
R reg3=00
R reg4=00
R reg0=00
R reg2=00
R regD=b7
R regE=b7
R regC=00
W reg6=80
R reg8=ff
R regA=ff
R reg9=00
R reg1=00
R reg3=00
R reg4=00
R reg0=00
R reg2=00
R regD=b7
R regE=b7
R regC=00
W reg6=80
R reg8=ff
R regA=ff
R reg9=00
R reg1=00
R reg3=00
R reg4=00
R reg0=00
R reg2=00
R regD=b7
R regE=b7
R regC=00
W reg6=80
R reg8=ff
R regA=ff
R reg9=00
R reg1=00
R reg3=00
R reg4=00
R reg0=00
R reg2=00
R regD=b7
R regE=b7
R regC=00
W reg6=80
R reg8=ff
R regA=ff
R reg9=00
R reg1=00
R reg3=00
R reg4=00
R reg0=00
R reg2=00
R regD=b7
R regE=b7
R regC=00
W reg6=80
R reg8=ff
R regA=ff
R reg9=00
R reg1=00
R reg3=00
R reg4=00
R reg0=00
R reg2=00
R regD=b7
R regE=b7
R regC=00
W reg6=80
R reg8=ff
R regA=ff
R reg9=00
R reg1=00
R reg3=00
R reg4=00
R reg0=00
R reg2=00
R regD=b7
R regE=b7
R regC=00
W reg6=80
R reg8=ff
R regA=ff
R reg9=00
R reg1=00
R reg3=00
R reg4=00
R reg0=00
R reg2=00
R regD=b7
R regE=b7
R regC=00
W reg6=80
R reg8=ff
R regA=ff
R reg9=00
R reg1=00
R reg3=00
R reg4=00
R reg0=00
R reg2=00
R regD=b7
R regE=b7
R regC=00
W reg6=80
R reg8=ff
R regA=ff
R reg9=00
R reg1=00
R reg3=00
R reg4=00
R reg0=00
R reg2=00
R regD=b7
R regE=b7
R regC=00
W reg6=80
R reg8=ff
R regA=ff
R reg9=00
R reg1=00
R reg3=00
R reg4=00
R reg0=00
R reg2=00
R regD=b7
R regE=b7
R regC=00
W reg6=80
R reg8=ff
R regA=ff
R reg9=00
R reg1=00
R reg3=00
R reg4=00
R reg0=00
R reg2=00
R regD=b7
R regE=b7
R regC=00
W reg6=80
R reg8=ff
R regA=ff
R reg9=00
R reg1=00
R reg3=00
R reg4=00
R reg0=00
R reg2=00
R regD=b7
R regE=b7
R regC=00
W reg6=80
R reg8=ff
R regA=ff
R reg9=00
R reg1=00
R reg3=00
R reg4=00
R reg0=00
R reg2=00
R regD=b7
R regE=b7
R regC=00
W reg6=80
R reg8=ff
R regA=ff
R reg9=00
R reg1=00
R reg3=00
R reg4=00
R reg0=00
R reg2=00
R regD=b7
R regE=b7
R regC=00
W reg6=80
R reg8=ff
R regA=ff
R reg9=00
R reg1=00
R reg3=00
R reg4=00
R reg0=00
R reg2=00
R regD=b7
R regE=b7
R regC=00
W reg6=80
R reg8=ff
R regA=ff
R reg9=00
R reg1=00
R reg3=00
R reg4=00
R reg0=00
R reg2=00
R regD=b7
R regE=b7
R regC=00
W reg6=80
R reg8=ff
R regA=ff
R reg9=00
R reg1=00
R reg3=00
R reg4=00
R reg0=00
R reg2=00
R regD=b7
R regE=b7
R regC=00
W reg6=80
R reg8=ff
R regA=ff
R reg9=00
R reg1=00
R reg3=00
R reg4=00
R reg0=00
R reg2=00
R regD=b7
R regE=b7
R regC=00
W reg6=80
R reg8=ff
R regA=ff
R reg9=00
R reg1=00
R reg3=00
R reg4=00
R reg0=00
R reg2=00
R regD=b7
R regE=b7
R regC=00
W reg6=80
R reg8=ff
R regA=ff
R reg9=00
R reg1=00
R reg3=00
R reg4=00
R reg0=00
R reg2=00
R regD=b7
R regE=b7
R regC=00
W reg6=80
R reg8=ff
R regA=ff
R reg9=00
R reg1=00
R reg3=00
R reg4=00
R reg0=00
R reg2=00
R regD=b7
R regE=b7
R regC=00
W reg6=80
R reg8=ff
R regA=ff
R reg9=00
R reg1=00
R reg3=00
R reg4=00
R reg0=00
R reg2=00
R regD=b7
R regE=b7
R regC=00
W reg6=80
R reg8=ff
R regA=ff
R reg9=00
R reg1=00
R reg3=00
R reg4=00
R reg0=00
R reg2=00
R regD=b7
R regE=b7
R regC=00
W reg6=80
R reg8=ff
R regA=ff
R reg9=00
R reg1=00
R reg3=00
R reg4=00
R reg0=00
R reg2=00
R regD=b7
R regE=b7
R regC=00
W reg6=80
R reg8=ff
R regA=ff
R reg9=00
R reg1=00
R reg3=00
R reg4=00
R reg0=00
R reg2=00
R regD=b7
R regE=b7
R regC=00
W reg6=80
R reg8=ff
R regA=ff
R reg9=00
R reg1=00
R reg3=00
R reg4=00
R reg0=00
R reg2=00
R regD=b7
R regE=b7
R regC=00
W reg6=80
R reg8=ff
R regA=ff
R reg9=00
R reg1=00
R reg3=00
R reg4=00
R reg0=00
R reg2=00
R regD=b7
R regE=b7
R regC=00
W reg6=80
R reg8=ff
R regA=ff
R reg9=00
R reg1=00
R reg3=00
R reg4=00
R reg0=00
R reg2=00
R regD=b7
R regE=b7
R regC=00
W reg6=80
R reg8=ff
R regA=ff
R reg9=00
R reg1=00
R reg3=00
R reg4=00
R reg0=00
R reg2=00
R regD=b7
R regE=b7
R regC=00
W reg6=80
R reg8=ff
R regA=ff
R reg9=00
R reg1=00
R reg3=00
R reg4=00
R reg0=00
R reg2=00
R regD=b7
R regE=b7
R regC=00
W reg6=80
R reg8=ff
R regA=ff
R reg9=00
R reg1=00
R reg3=00
R reg4=00
R reg0=00
R reg2=00
R regD=b7
R regE=b7
R regC=00
W reg6=80
R reg8=ff
R regA=ff
R reg9=00
R reg1=00
R reg3=00
R reg4=00
R reg0=00
R reg2=00
R regD=b7
R regE=b7
R regC=00
W reg6=80
R reg8=ff
R regA=ff
R reg9=00
R reg1=00
R reg3=00
R reg4=00
R reg0=00
R reg2=00
R regD=b7
R regE=b7
R regC=00
W reg6=80
R reg8=ff
R regA=ff
R reg9=00
R reg1=00
R reg3=00
R reg4=00
R reg0=00
R reg2=00
R regD=b7
R regE=b7
R regC=00
W reg6=80
R reg8=ff
R regA=ff
R reg9=00
R reg1=00
R reg3=00
R reg4=00
R reg0=00
R reg2=00
R regD=b7
R regE=b7
R regC=00
W reg6=80
R reg8=ff
R regA=ff
R reg9=00
R reg1=00
R reg3=00
R reg4=00
R reg0=00
R reg2=00
R regD=b7
R regE=b7
R regC=00
W reg6=80
R reg8=ff
R regA=ff
R reg9=00
R reg1=00
R reg3=00
R reg4=00
R reg0=00
R reg2=00
R regD=b7
R regE=b7
R regC=00
W reg6=80
R reg8=ff
R regA=ff
R reg9=00
R reg1=00
R reg3=00
R reg4=00
R reg0=00
R reg2=00
R regD=b7
R regE=b7
R regC=00
W reg6=80
R reg8=ff
R regA=ff
R reg9=00
R reg1=00
R reg3=00
R reg4=00
R reg0=00
R reg2=00
R regD=b7
R regE=b7
R regC=00
W reg6=80
R reg8=ff
R regA=ff
R reg9=00
R reg1=00
R reg3=00
R reg4=00
R reg0=00
R reg2=00
R regD=b7
R regE=b7
R regC=00
W reg6=80
R reg8=ff
R regA=ff
R reg9=00
R reg1=00
R reg3=00
R reg4=00
R reg0=00
R reg2=00
R regD=b7
R regE=b7
R regC=00
W reg6=80
R reg8=ff
R regA=ff
R reg9=00
R reg1=00
R reg3=00
R reg4=00
R reg0=00
R reg2=00
R regD=b7
R regE=b7
R regC=00
W reg6=80
R reg8=ff
R regA=ff
R reg9=00
R reg1=00
R reg3=00
R reg4=00
R reg0=00
R reg2=00
R regD=b7
R regE=b7
R regC=00
W reg6=80
R reg8=ff
R regA=ff
R reg9=00
R reg1=00
R reg3=00
R reg4=00
R reg0=00
R reg2=00
R regD=b7
R regE=b7
R regC=00
W reg6=80
R reg8=ff
R regA=ff
R reg9=00
R reg1=00
R reg3=00
R reg4=00
R reg0=00
R reg2=00
R regD=b7
R regE=b7
R regC=00
W reg6=80
R reg8=ff
R regA=ff
R reg9=00
R reg1=00
R reg3=00
R reg4=00
R reg0=00
R reg2=00
R regD=b7
R regE=b7
R regC=00
W reg6=80
R reg8=ff
R regA=ff
R reg9=00
R reg1=00
R reg3=00
R reg4=00
R reg0=00
R reg2=00
R regD=b7
R regE=b7
R regC=00
W reg6=80
R reg8=ff
R regA=ff
R reg9=00
R reg1=00
R reg3=00
R reg4=00
R reg0=00
R reg2=00
R regD=b7
R regE=b7
R regC=00
W reg6=80
R reg8=ff
R regA=ff
R reg9=00
R reg1=00
R reg3=00
R reg4=00
R reg0=00
R reg2=00
R regD=b7
R regE=b7
R regC=00
W reg6=80
R reg8=ff
R regA=ff
R reg9=00
R reg1=00
R reg3=00
R reg4=00
R reg0=00
R reg2=00
R regD=b7
R regE=b7
R regC=00
W reg6=80
R reg8=ff
R regA=ff
R reg9=00
R reg1=00
R reg3=00
R reg4=00
R reg0=00
R reg2=00
R regD=b7
R regE=b7
R regC=00
W reg6=80
R reg8=ff
R regA=ff
R reg9=00
R reg1=00
R reg3=00
R reg4=00
R reg0=00
R reg2=00
R regD=b7
R regE=b7
R regC=00
W reg6=80
R reg8=ff
R regA=ff
R reg9=00
R reg1=00
R reg3=00
R reg4=00
R reg0=00
R reg2=00
R regD=b7
R regE=b7
R regC=00
W reg6=80
R reg8=ff
R regA=ff
R reg9=00
R reg1=00
R reg3=00
R reg4=00
R reg0=00
R reg2=00
R regD=b7
R regE=b7
R regC=00
W reg6=80
R reg8=ff
R regA=ff
R reg9=00
R reg1=00
R reg3=00
R reg4=00
R reg0=00
R reg2=00
R regD=b7
R regE=b7
R regC=00
W reg6=80
R reg8=ff
R regA=ff
R reg9=00
R reg1=00
R reg3=00
R reg4=00
R reg0=00
R reg2=00
R regD=b7
R regE=b7
R regC=00
W reg6=80
R reg8=ff
R regA=ff
R reg9=00
R reg1=00
R reg3=00
R reg4=00
R reg0=00
R reg2=00
R regD=b7
R regE=b7
R regC=00
W reg6=80
R reg8=ff
R regA=ff
R reg9=00
R reg1=00
R reg3=00
R reg4=00
R reg0=00
R reg2=00
R regD=b7
R regE=b7
R regC=00
W reg6=80
R reg8=ff
R regA=ff
R reg9=00
R reg1=00
R reg3=00
R reg4=00
R reg0=00
R reg2=00
R regD=b7
R regE=b7
R regC=00
W reg6=80
R reg8=ff
R regA=ff
R reg9=00
R reg1=00
R reg3=00
R reg4=00
R reg0=00
R reg2=00
R regD=b7
R regE=b7
R regC=00
W reg6=80
R reg8=ff
R regA=ff
R reg9=00
R reg1=00
R reg3=00
R reg4=00
R reg0=00
R reg2=00
R regD=b7
R regE=b7
R regC=00
W reg6=80
R reg8=ff
R regA=ff
R reg9=00
R reg1=00
R reg3=00
R reg4=00
R reg0=00
R reg2=00
R regD=b7
R regE=b7
R regC=00
W reg6=80
R reg8=ff
R regA=ff
R reg9=00
R reg1=00
R reg3=00
R reg4=00
R reg0=00
R reg2=00
R regD=b7
R regE=b7
R regC=00
W reg6=80
R reg8=ff
R regA=ff
R reg9=00
R reg1=00
R reg3=00
R reg4=00
R reg0=00
R reg2=00
R regD=b7
R regE=b7
R regC=00
W reg6=80
R reg8=ff
R regA=ff
R reg9=00
R reg1=00
R reg3=00
R reg4=00
R reg0=00
R reg2=00
R regD=b7
R regE=b7
R regC=00
W reg6=80
R reg8=ff
R regA=ff
R reg9=00
R reg1=00
R reg3=00
R reg4=00
R reg0=00
R reg2=00
R regD=b7
R regE=b7
R regC=00
W reg6=80
R reg8=ff
R regA=ff
R reg9=00
R reg1=00
R reg3=00
R reg4=00
R reg0=00
R reg2=00
R regD=b7
R regE=b7
R regC=00
W reg6=80
R reg8=ff
R regA=ff
R reg9=00
R reg1=00
R reg3=00
R reg4=00
R reg0=00
R reg2=00
R regD=b7
R regE=b7
R regC=00
W reg6=80
R reg8=ff
R regA=ff
R reg9=00
R reg1=00
R reg3=00
R reg4=00
R reg0=00
R reg2=00
R regD=b7
R regE=b7
R regC=00
W reg6=80
R reg8=ff
R regA=ff
R reg9=00
R reg1=00
R reg3=00
R reg4=00
R reg0=00
R reg2=00
R regD=b7
R regE=b7
R regC=00
W reg6=80
R reg8=ff
R regA=ff
R reg9=00
R reg1=00
R reg3=00
R reg4=00
R reg0=00
R reg2=00
R regD=b7
R regE=b7
R regC=00
W reg6=80
R reg8=ff
R regA=ff
R reg9=00
R reg1=00
R reg3=00
R reg4=00
R reg0=00
R reg2=00
R regD=37
R regE=37
R regC=00
R reg1=00
R reg3=00
R reg4=00
R regD=37
R regE=37
R regC=00
W reg6=80
R reg8=ff
W reg6=38
W reg4=f5
R regC=ff
R regD=97
R regE=97
R regC=ff
R regC=ff
R regA=ff
R reg9=00
R reg1=00
R reg3=00
R reg4=00
R reg0=00
R reg2=00
R regD=37
R regE=37
R regC=00
W reg6=38
W reg4=f5
R regC=00
R regD=37
R regE=37
R regC=00
R regC=00
R regA=00
R reg9=00
R reg1=00
R reg3=00
R reg5=00
R reg2=00
R regD=b7
R regE=b7
R regC=00
R reg1=00
R reg3=00
R reg5=00
R reg2=00
R reg7=00
R reg6=00
R reg1=00
R reg3=00
R reg4=00
R reg0=00
R regD=b7
R regE=b7
R regC=00
R reg7=00
R reg6=00
R reg1=96
R reg3=96
R reg5=96
R reg0=00
R regD=b7
R regE=b7
R regC=00
R reg1=96
R reg3=96
R reg5=00
R reg0=00
R regD=b7
R regE=b7
R regC=96
R reg1=b4
R reg3=b4
R reg5=00
R reg0=00
R regD=b7
R regE=b7
R regC=b4
R reg1=d2
R reg3=d2
R reg5=00
R reg0=00
R regD=b7
R regE=b7
R regC=d2
R reg1=96
R reg3=96
R reg5=00
R reg0=00
R regD=b7
R regE=b7
R regC=96
R reg1=b4
R reg3=b4
R reg5=00
R reg0=b4
R regD=b7
R regE=b7
R regC=00
R reg1=96
R reg3=96
R reg5=96
R reg0=00
R regD=b7
R regE=b7
R regC=00
R reg1=96
R reg3=96
R reg5=00
R reg0=00
R regD=b7
R regE=b7
R regC=96
R reg1=b4
R reg3=b4
R reg5=00
R reg0=00
R regD=b7
R regE=b7
R regC=b4
R reg1=d2
R reg3=d2
R reg5=00
R reg0=d2
R regD=b7
R regE=b7
R regC=00
R reg1=ff
R reg3=ff
R reg5=00
R reg0=ff
R regD=b7
R regE=b7
R regC=00
R reg1=9f
R reg3=9f
R reg5=00
R reg0=96
R regD=b7
R regE=b7
R regC=00
R reg1=fa
R reg3=fa
R reg5=00
R reg0=00
R regD=b7
R regE=b7
R regC=dd
R reg1=de
R reg3=de
R reg5=00
R reg0=00
R regD=b7
R regE=b7
R regC=ee
R reg1=a7
R reg3=a7
R reg5=00
R reg0=eb
R regD=b7
R regE=b7
R regC=00
R reg1=b4
R reg3=b4
R reg5=fb
R reg0=00
R regD=b7
R regE=b7
R regC=00
R reg1=e7
R reg3=e7
R reg5=00
R reg0=00
R regD=b7
R regE=b7
R regC=ef
R reg1=b4
R reg3=b4
R reg5=00
R reg0=df
R regD=b7
R regE=b7
R regC=00
R reg1=f6
R reg3=f6
R reg5=af
R reg0=00
R regD=b7
R regE=b7
R regC=00
R reg1=ea
R reg3=ea
R reg5=00
R reg0=00
R regD=b7
R regE=b7
R regC=fc
R reg1=ab
R reg3=ab
R reg5=00
R reg0=db
R regD=b7
R regE=b7
R regC=00
R reg1=d5
R reg3=d5
R reg5=00
R reg0=aa
R regD=b7
R regE=b7
R regC=00
R reg1=96
R reg3=96
R reg5=00
R reg0=96
R regD=b7
R regE=b7
R regC=00
R reg1=d2
R reg3=d2
R reg5=00
R reg0=00
R regD=b7
R regE=b7
R regC=d2
R reg1=a5
R reg3=a5
R reg5=00
R reg0=00
R regD=b7
R regE=b7
R regC=a5
R reg1=96
R reg3=96
R reg5=00
R reg0=00
R regD=b7
R regE=b7
R regC=96
R reg1=b4
R reg3=b4
R reg5=00
R reg0=00
R regD=b7
R regE=b7
R regC=b4
R reg1=d2
R reg3=d2
R reg5=00
R reg0=00
R regD=b7
R regE=b7
R regC=d2
R reg1=96
R reg3=96
R reg5=00
R reg0=00
R regD=b7
R regE=b7
R regC=96
R reg1=b4
R reg3=b4
R reg5=00
R reg0=00
R regD=b7
R regE=b7
R regC=b4
R reg1=a5
R reg3=a5
R reg5=00
R reg0=00
R regD=b7
R regE=b7
R regC=a5
R reg1=96
R reg3=96
R reg5=00
R reg0=00
R regD=b7
R regE=b7
R regC=de
R reg1=d5
R reg3=d5
R reg5=aa
R reg0=00
R regD=b7
R regE=b7
R regC=00
R reg1=ad
R reg3=ad
R reg5=00
R reg0=00
R regD=b7
R regE=b7
R regC=9e
R reg1=bb
R reg3=bb
R reg5=00
R reg0=f5
R regD=b7
R regE=b7
R regC=00
R reg1=b4
R reg3=b4
R reg5=9d
R reg0=00
R regD=b7
R regE=b7
R regC=00
R reg1=b7
R reg3=b7
R reg5=00
R reg0=00
R regD=b7
R regE=b7
R regC=ed
R reg1=fe
R reg3=fe
R reg5=00
R reg0=ef
R regD=b7
R regE=b7
R regC=00
R reg1=ec
R reg3=e6
R reg5=e6
R reg0=00
R regD=b7
R regE=b7
R regC=dc
R reg1=b3
R reg3=b3
R reg5=00
R reg0=b2
R regD=b7
R regE=b7
R regC=00
R reg1=db
R reg3=db
R reg5=00
R reg0=bd
R regD=b7
R regE=b7
R regC=00
R reg1=dc
R reg3=dc
R reg5=9d
R reg0=00
R regD=b7
R regE=b7
R regC=00
R reg1=ff
R reg3=ff
R reg5=00
R reg0=00
R regD=b7
R regE=b7
R regC=00
R reg1=96
R reg3=96
R reg5=00
R reg0=00
R regD=b7
R regE=b7
R regC=96
R reg1=b4
R reg3=b4
R reg5=00
R reg0=00
R regD=b7
R regE=b7
R regC=b4
R reg1=d2
R reg3=d2
R reg5=00
R reg0=00
R regD=b7
R regE=b7
R regC=d2
R reg1=a5
R reg3=a5
R reg5=00
R reg0=a5
R regD=b7
R regE=b7
R regC=00
R reg1=b4
R reg3=b4
R reg5=00
R reg0=00
R regD=b7
R regE=b7
R regC=b4
R reg1=d2
R reg3=d2
R reg5=00
R reg0=00
R regD=b7
R regE=b7
R regC=d2
R reg1=96
R reg3=96
R reg5=00
R reg0=00
R regD=b7
R regE=b7
R regC=96
R reg1=b4
R reg3=b4
R reg5=b4
R reg0=00
R regD=b7
R regE=b7
R regC=00
R reg1=b4
R reg3=b4
R reg5=00
R reg0=00
R regD=b7
R regE=b7
R regC=b4
R reg1=d2
R reg3=d2
R reg5=00
R reg0=d2
R regD=b7
R regE=b7
R regC=00
R reg1=ff
R reg3=ff
R reg5=00
R reg0=ff
R regD=b7
R regE=b7
R regC=00
R reg1=b4
R reg3=b4
R reg5=00
R reg0=bf
R regD=b7
R regE=b7
R regC=00
R reg1=ec
R reg3=ec
R reg5=00
R reg0=00
R regD=b7
R regE=b7
R regC=cb
R reg1=b4
R reg3=b4
R reg5=00
R reg0=ab
R regD=b7
R regE=b7
R regC=00
R reg1=f5
R reg3=f5
R reg5=00
R reg0=b9
R regD=b7
R regE=b7
R regC=00
R reg1=bd
R reg3=bd
R reg5=cd
R reg0=00
R regD=b7
R regE=b7
R regC=00
R reg1=ae
R reg3=ae
R reg5=00
R reg0=ef
R regD=b7
R regE=b7
R regC=00
R reg1=ae
R reg3=ae
R reg5=00
R reg0=9a
R regD=b7
R regE=b7
R regC=00
R reg1=ae
R reg3=ae
R reg5=00
R reg0=b6
R regD=b7
R regE=b7
R regC=00
R reg1=dd
R reg3=dd
R reg5=00
R reg0=00
R regD=b7
R regE=b7
R regC=ee
R reg1=ae
R reg3=ae
R reg5=00
R reg0=ef
R regD=b7
R regE=b7
R regC=00
R reg1=ff
R reg3=ff
R reg5=00
R reg0=ff
R regD=b7
R regE=b7
R regC=00
R reg1=ff
R reg3=ff
R reg5=00
R reg0=ff
R regD=b7
R regE=b7
R regC=00
R reg1=ff
R reg3=ff
R reg5=00
R reg0=00
R regD=b7
R regE=b7
R regC=ff
R reg1=ff
R reg3=ff
R reg5=00
R reg0=00
R regD=b7
R regE=b7
R regC=00
R reg1=9a
R reg3=9a
R reg5=00
R reg0=de
R regD=b7
R regE=b7
R regC=00
R reg1=96
R reg3=96
R reg5=00
R reg0=00
R regD=b7
R regE=b7
R regC=96
R reg1=b4
R reg3=b4
R reg5=00
R reg0=00
R regD=b7
R regE=b7
R regC=b4
R reg1=a5
R reg3=a5
R reg5=00
R reg0=00
R regD=b7
R regE=b7
R regC=a5
R reg1=b4
R reg3=b4
R reg5=b4
R reg0=00
R regD=b7
R regE=b7
R regC=00
R reg1=b4
R reg3=b4
R reg5=00
R reg0=00
R regD=b7
R regE=b7
R regC=b4
R reg1=a5
R reg3=a5
R reg5=a5
R reg0=00
R regD=b7
R regE=b7
R regC=00
R reg1=a5
R reg3=a5
R reg5=00
R reg0=00
R regD=b7
R regE=b7
R regC=a5
R reg1=96
R reg3=96
R reg5=00
R reg0=00
R regD=b7
R regE=b7
R regC=96
R reg1=b4
R reg3=b4
R reg5=00
R reg0=00
R regD=b7
R regE=b7
R regC=b4
R reg1=ff
R reg3=ff
R reg5=00
R reg0=00
R regD=b7
R regE=b7
R regC=00
R reg1=96
R reg3=96
R reg5=00
R reg0=00
R regD=b7
R regE=b7
R regC=96
R reg1=b4
R reg3=b4
R reg5=00
R reg0=00
R regD=b7
R regE=b7
R regC=b4
R reg1=a5
R reg3=a5
R reg5=00
R reg0=00
R regD=b7
R regE=b7
R regC=a5
R reg1=b4
R reg3=b4
R reg5=00
R reg0=b4
R regD=b7
R regE=b7
R regC=00
R reg1=b4
R reg3=b4
R reg5=00
R reg0=00
R regD=b7
R regE=b7
R regC=b4
R reg1=d2
R reg3=d2
R reg5=00
R reg0=00
R regD=b7
R regE=b7
R regC=d2
R reg1=96
R reg3=96
R reg5=00
R reg0=00
R regD=b7
R regE=b7
R regC=96
R reg1=b4
R reg3=b4
R reg5=00
R reg0=00
R regD=b7
R regE=b7
R regC=b4
R reg1=d2
R reg3=d2
R reg5=00
R reg0=00
R regD=b7
R regE=b7
R regC=d2
R reg1=a5
R reg3=a5
R reg5=00
R reg0=a5
R regD=b7
R regE=b7
R regC=00
R reg1=ff
R reg3=ff
R reg5=00
R reg0=ff
R regD=b7
R regE=b7
R regC=00
R reg1=96
R reg3=96
R reg5=00
R reg0=00
R regD=b7
R regE=b7
R regC=96
R reg1=b4
R reg3=b4
R reg5=b4
R reg0=00
R regD=b7
R regE=b7
R regC=00
R reg1=b4
R reg3=b4
R reg5=00
R reg0=00
R regD=b7
R regE=b7
R regC=b4
R reg1=d2
R reg3=d2
R reg5=00
R reg0=00
R regD=b7
R regE=b7
R regC=d2
R reg1=96
R reg3=96
R reg5=00
R reg0=00
R regD=b7
R regE=b7
R regC=96
R reg1=b4
R reg3=b4
R reg5=00
R reg0=00
R regD=b7
R regE=b7
R regC=b4
R reg1=d2
R reg3=d2
R reg5=00
R reg0=00
R regD=b7
R regE=b7
R regC=d2
R reg1=96
R reg3=96
R reg5=96
R reg0=00
R regD=b7
R regE=b7
R regC=00
R reg1=96
R reg3=96
R reg5=00
R reg0=96
R regD=b7
R regE=b7
R regC=00
R reg1=b4
R reg3=b4
R reg5=00
R reg0=b4
R regD=b7
R regE=b7
R regC=00
R reg1=ff
R reg3=ff
R reg5=00
R reg0=00
R regD=b7
R regE=b7
R regC=ff
R reg1=96
R reg3=96
R reg5=00
R reg0=00
R regD=b7
R regE=b7
R regC=96
R reg1=b4
R reg3=b4
R reg5=b4
R reg0=00
R regD=b7
R regE=b7
R regC=00
R reg1=b4
R reg3=b4
R reg5=00
R reg0=00
R regD=b7
R regE=b7
R regC=b4
R reg1=d2
R reg3=d2
R reg5=00
R reg0=d2
R regD=b7
R regE=b7
R regC=00
R reg1=b4
R reg3=b4
R reg5=00
R reg0=b4
R regD=b7
R regE=b7
R regC=00
R reg1=b4
R reg3=b4
R reg5=00
R reg0=00
R regD=b7
R regE=b7
R regC=b4
R reg1=d2
R reg3=d2
R reg5=00
R reg0=00
R regD=b7
R regE=b7
R regC=d2
R reg1=96
R reg3=96
R reg5=00
R reg0=00
R regD=b7
R regE=b7
R regC=96
R reg1=b4
R reg3=b4
R reg5=b4
R reg0=00
R regD=b7
R regE=b7
R regC=00
R reg1=b4
R reg3=b4
R reg5=00
R reg0=00
R regD=b7
R regE=b7
R regC=b4
R reg1=ff
R reg3=ff
R reg5=00
R reg0=ff
R regD=b7
R regE=b7
R regC=00
R reg1=96
R reg3=96
R reg5=00
R reg0=96
R regD=b7
R regE=b7
R regC=00
R reg1=d2
R reg3=d2
R reg5=00
R reg0=00
R regD=b7
R regE=b7
R regC=d2
R reg1=96
R reg3=96
R reg5=00
R reg0=00
R regD=b7
R regE=b7
R regC=96
R reg1=b4
R reg3=b4
R reg5=b4
R reg0=00
R regD=b7
R regE=b7
R regC=00
R reg1=b4
R reg3=b4
R reg5=00
R reg0=00
R regD=b7
R regE=b7
R regC=b4
R reg1=d2
R reg3=d2
R reg5=00
R reg0=00
R regD=b7
R regE=b7
R regC=d2
R reg1=96
R reg3=96
R reg5=00
R reg0=00
R regD=b7
R regE=b7
R regC=96
R reg1=b4
R reg3=b4
R reg5=00
R reg0=00
R regD=b7
R regE=b7
R regC=b4
R reg1=d2
R reg3=d2
R reg5=d2
R reg0=00
R regD=b7
R regE=b7
R regC=00
R reg1=ff
R reg3=ff
R reg5=00
R reg0=00
R regD=b7
R regE=b7
R regC=ff
R reg1=96
R reg3=96
R reg5=00
R reg0=00
R regD=b7
R regE=b7
R regC=96
R reg1=d9
R reg3=d9
R reg5=b9
R reg0=00
R regD=b7
R regE=b7
R regC=00
R reg1=b9
R reg3=b9
R reg5=00
R reg0=00
R regD=b7
R regE=b7
R regC=ec
R reg1=db
R reg3=db
R reg5=00
R reg0=fd
R regD=b7
R regE=b7
R regC=00
R reg1=f3
R reg3=f3
R reg5=00
R reg0=f5
R regD=b7
R regE=b7
R regC=00
R reg1=bf
R reg3=bf
R reg5=00
R reg0=00
R regD=b7
R regE=b7
R regC=9d
R reg1=e7
R reg3=e7
R reg5=00
R reg0=b4
R regD=b7
R regE=b7
R regC=00
R reg1=ea
R reg3=ea
R reg5=00
R reg0=cb
R regD=b7
R regE=b7
R regC=00
R reg1=f5
R reg3=dd
R reg5=00
R reg0=00
R regD=b7
R regE=b7
R regC=b9
R reg1=ee
R reg3=ee
R reg5=00
R reg0=00
R regD=b7
R regE=b7
R regC=b9
R reg1=ff
R reg3=ff
R reg5=00
R reg0=ff
R regD=b7
R regE=b7
R regC=00
R reg1=96
R reg3=96
R reg5=00
R reg0=96
R regD=b7
R regE=b7
R regC=00
R reg1=d2
R reg3=d2
R reg5=00
R reg0=00
R regD=b7
R regE=b7
R regC=d2
R reg1=a5
R reg3=a5
R reg5=00
R reg0=00
R regD=b7
R regE=b7
R regC=a5
R reg1=96
R reg3=96
R reg5=00
R reg0=00
R regD=b7
R regE=b7
R regC=96
R reg1=b4
R reg3=b4
R reg5=b4
R reg0=00
R regD=b7
R regE=b7
R regC=b4
R reg1=b4
R reg3=b4
R reg5=00
R reg0=00
R regD=b7
R regE=b7
R regC=b4
R reg1=a5
R reg3=a5
R reg5=00
R reg0=00
R regD=b7
R regE=b7
R regC=a5
R reg1=b4
R reg3=b4
R reg5=b4
R reg0=00
R regD=b7
R regE=b7
R regC=00
R reg1=b4
R reg3=b4
R reg5=00
R reg0=00
R regD=b7
R regE=b7
R regC=b4
R reg1=a5
R reg3=a5
R reg5=00
R reg0=00
R regD=b7
R regE=b7
R regC=a5
R reg1=ff
R reg3=ff
R reg5=00
R reg0=00
R regD=b7
R regE=b7
R regC=ff
R reg1=be
R reg3=be
R reg5=00
R reg0=b4
R regD=b7
R regE=b7
R regC=00
R reg1=bc
R reg3=bc
R reg5=cb
R reg0=00
R regD=b7
R regE=b7
R regC=00
R reg1=ed
R reg3=ed
R reg5=00
R reg0=00
R regD=b7
R regE=b7
R regC=bd
R reg1=df
R reg3=df
R reg5=00
R reg0=d7
R regD=b7
R regE=b7
R regC=00
R reg1=f2
R reg3=f2
R reg5=00
R reg0=a6
R regD=b7
R regE=b7
R regC=00
R reg1=fd
R reg3=fd
R reg5=00
R reg0=00
R regD=b7
R regE=b7
R regC=b5
R reg1=e7
R reg3=e7
R reg5=00
R reg0=dd
R regD=b7
R regE=b7
R regC=00
R reg1=b3
R reg3=b3
R reg5=00
R reg0=a6
R regD=b7
R regE=b7
R regC=00
R reg1=f6
R reg3=ea
R reg5=00
R reg0=00
R regD=b7
R regE=b7
R regC=e9
R reg1=fc
R reg3=fc
R reg5=00
R reg0=b2
R regD=b7
R regE=b7
R regC=00
R reg1=ff
R reg3=ff
R reg5=00
R reg0=00
R regD=b7
R regE=b7
R regC=ff
R reg1=96
R reg3=96
R reg5=00
R reg0=96
R regD=b7
R regE=b7
R regC=00
R reg1=d2
R reg3=d2
R reg5=00
R reg0=00
R regD=b7
R regE=b7
R regC=d2
R reg1=a5
R reg3=a5
R reg5=00
R reg0=a5
R regD=b7
R regE=b7
R regC=00
R reg1=d2
R reg3=d2
R reg5=00
R reg0=00
R regD=b7
R regE=b7
R regC=d2
R reg1=96
R reg3=96
R reg5=96
R reg0=00
R regD=b7
R regE=b7
R regC=96
R reg1=b4
R reg3=b4
R reg5=b4
R reg0=00
R regD=b7
R regE=b7
R regC=00
R reg1=b4
R reg3=b4
R reg5=00
R reg0=00
R regD=b7
R regE=b7
R regC=b4
R reg1=d2
R reg3=d2
R reg5=00
R reg0=00
R regD=b7
R regE=b7
R regC=d2
R reg1=96
R reg3=96
R reg5=00
R reg0=00
R regD=b7
R regE=b7
R regC=96
R reg1=ff
R reg3=ff
R reg5=00
R reg0=00
R regD=b7
R regE=b7
R regC=ff
R reg1=96
R reg3=96
R reg5=00
R reg0=00
R regD=b7
R regE=b7
R regC=96
R reg1=9a
R reg3=9a
R reg5=00
R reg0=ba
R regD=b7
R regE=b7
R regC=00
R reg1=b6
R reg3=b6
R reg5=00
R reg0=dc
R regD=b7
R regE=b7
R regC=00
R reg1=9e
R reg3=f7
R reg5=00
R reg0=00
R regD=b7
R regE=b7
R regC=00
R reg1=b9
R reg3=b9
R reg5=00
R reg0=ed
R regD=b7
R regE=b7
R regC=00
R reg1=af
R reg3=af
R reg5=00
R reg0=e6
R regD=b7
R regE=b7
R regC=00
R reg1=a6
R reg3=a6
R reg5=00
R reg0=00
R regD=b7
R regE=b7
R regC=b5
R reg1=f3
R reg3=f3
R reg5=00
R reg0=db
R regD=b7
R regE=b7
R regC=00
R reg1=b9
R reg3=b9
R reg5=00
R reg0=ba
R regD=b7
R regE=b7
R regC=00
R reg1=a7
R reg3=a7
R reg5=00
R reg0=00
R regD=b7
R regE=b7
R regC=96
R reg1=ff
R reg3=ff
R reg5=00
R reg0=00
R regD=b7
R regE=b7
R regC=00
R reg1=96
R reg3=96
R reg5=00
R reg0=96
R regD=b7
R regE=b7
R regC=00
R reg1=d2
R reg3=d2
R reg5=00
R reg0=00
R regD=b7
R regE=b7
R regC=d2
R reg1=96
R reg3=96
R reg5=00
R reg0=00
R regD=b7
R regE=b7
R regC=96
R reg1=b4
R reg3=b4
R reg5=00
R reg0=00
R regD=b7
R regE=b7
R regC=b4
R reg1=d2
R reg3=d2
R reg5=00
R reg0=00
R regD=b7
R regE=b7
R regC=d2
R reg1=96
R reg3=96
R reg5=00
R reg0=00
R regD=b7
R regE=b7
R regC=96
R reg1=b4
R reg3=b4
R reg5=00
R reg0=00
R regD=b7
R regE=b7
R regC=b4
R reg1=a5
R reg3=a5
R reg5=00
R reg0=00
R regD=b7
R regE=b7
R regC=a5
R reg1=96
R reg3=96
R reg5=00
R reg0=00
R regD=b7
R regE=b7
R regC=96
R reg1=b4
R reg3=b4
R reg5=b4
R reg0=00
R regD=b7
R regE=b7
R regC=b4
R reg1=96
R reg3=96
R reg5=00
R reg0=ad
R regD=b7
R regE=b7
R regC=00
R reg1=b4
R reg3=b4
R reg5=00
R reg0=f9
R regD=b7
R regE=b7
R regC=00
R reg1=ce
R reg3=ce
R reg5=a6
R reg0=00
R regD=b7
R regE=b7
R regC=00
R reg1=ef
R reg3=ef
R reg5=00
R reg0=00
R regD=b7
R regE=b7
R regC=d7
R reg1=ae
R reg3=ae
R reg5=00
R reg0=ef
R regD=b7
R regE=b7
R regC=00
R reg1=ae
R reg3=ae
R reg5=00
R reg0=9a
R regD=b7
R regE=b7
R regC=00
R reg1=b6
R reg3=b6
R reg5=00
R reg0=00
R regD=b7
R regE=b7
R regC=e9
R reg1=d9
R reg3=d9
R reg5=00
R reg0=00
R regD=b7
R regE=b7
R regC=ee
R reg1=ef
R reg3=ef
R reg5=00
R reg0=9f
R regD=b7
R regE=b7
R regC=00
R reg1=9f
R reg3=9f
R reg5=00
R reg0=cb
R regD=b7
R regE=b7
R regC=00
R reg1=ff
R reg3=ff
R reg5=00
R reg0=00
R regD=b7
R regE=b7
R regC=ff
R reg1=ff
R reg3=ff
R reg5=ff
R reg0=00
R regD=b7
R regE=b7
R regC=00
R reg1=ff
R reg3=ff
R reg5=00
R reg0=ff
R regD=b7
R regE=b7
R regC=00
R reg1=ff
R reg3=ff
R reg5=00
R reg0=ff
R regD=b7
R regE=b7
R regC=00
R reg1=ff
R reg3=ff
R reg5=00
R reg0=ff
R regD=37
R regE=37
R regC=00
W reg6=38
W reg4=f5
R regC=00
R regD=37
R regE=37
R regC=00
R regC=00
R regA=f3
R reg9=f3
R reg1=fc
R reg3=fc
R reg5=00
R reg2=ff
R regD=37
R regE=37
R regC=00
R reg1=00
R reg3=00
R reg5=f3
R reg2=00
R reg7=00
R reg6=fc
R reg1=00
R reg3=00
R reg4=00
R reg0=ff
R regD=37
R regE=37
R regC=00
R reg1=fc
R reg3=fc
R reg5=00
R reg0=00
R reg2=00
R reg7=00
R reg6=ff
R reg1=96
R reg3=96
R reg4=00
R reg0=96
R regD=37
R regE=37
R regC=00
R reg1=96
R reg3=96
R reg4=96
R reg2=00
R regD=b7
R regE=b7
R regC=00
R reg1=96
R reg3=96
R reg5=00
R regD=37
R regE=37
R regC=00
R reg1=96
R reg3=96
R reg5=00
R reg0=96
R reg2=96
R regC=96
R regC=00
R regC=96
R regC=00
R regC=00
R regC=96
R regC=00
R regC=00
R regC=00
R regC=00
R regC=00
R regC=00
R regC=00
R regC=96
R regC=00
R regC=00
R regC=00
R regC=00
R regC=00
R regC=00
R regC=00
R regC=00
R regC=96
R regC=00
R regC=00
R regC=00
R regC=00
R regC=00
R regC=00
R regC=00
R regC=00
R regC=00
R regC=96
R regC=00
R regC=00
R regC=00
R regC=00
R regC=00
R regC=00
R regC=00
R regC=00
R regC=00
R regC=00
R regC=96
R regC=00
R regC=00
R regC=00
R regC=00
R regC=00
R regC=00
R regC=00
R regC=00
R regC=00
R regC=96
R regC=00
R regC=00
R regC=00
R regC=00
R regC=00
R regC=00
R regC=00
R regC=00
R regC=00
R regC=96
R regC=00
R regC=00
R regC=00
R regC=00
R regC=00
R regC=00
R regC=00
R regC=00
R regC=00
R regC=00
R regC=96
R regC=00
R regC=00
R regC=00
R regC=00
R regC=00
R regC=00
R regC=00
R regC=00
R regC=00
R regC=96
R regC=00
R regC=00
R regC=00
R regC=00
R regC=00
R regC=00
R regC=00
R regC=00
R regC=00
R regC=00
R regC=96
R regC=00
R regC=00
R regC=00
R regC=00
R regC=00
R regC=00
R regC=00
R regC=00
R regC=00
R regC=96
R regC=00
R regC=00
R regC=00
R regC=00
R regC=00
R regC=00
R regC=00
R regC=00
R regC=00
R regC=96
R regC=00
R regC=00
R regC=00
R regC=00
R regC=00
R regC=00
R regC=00
R regC=00
R regC=00
R regC=00
R regC=96
R regC=00
R regC=00
R regC=00
R regC=00
R regC=00
R regC=00
R regC=00
R regC=00
R regC=00
R regC=96
R regC=00
R regC=00
R regC=00
R regC=00
R regC=00
R regC=00
R regC=00
R regC=00
R regC=00
R regC=00
R regC=96
R regC=00
R regC=00
R regC=00
R regC=00
R regC=00
R regC=00
R regC=00
R regC=00
R regC=00
R regC=96
R regC=00
R regC=00
R regC=00
R regC=00
R regC=00
R regC=00
R regC=00
R regC=00
R regC=00
R regC=96
R regC=00
R regC=00
R regC=00
R regC=00
R regC=00
R regC=00
R regC=00
R regC=00
R regC=00
R regC=00
R regC=96
R regC=00
R regC=00
R regC=00
R regC=00
R regC=00
R regC=00
R regC=00
R regC=00
R regC=00
R regC=96
R regC=00
R regC=00
R regC=00
R regC=00
R regC=00
R regC=00
R regC=00
R regC=00
R regC=00
R regC=00
R regC=96
R regC=00
R regC=00
R regC=00
R regC=00
R regC=00
R regC=00
R regC=00
R regC=00
R regC=00
R regC=96
R regC=00
R regC=00
R regC=00
R regC=00
R regC=00
R regC=00
R regC=00
R regC=00
R regC=00
R regC=96
R regC=00
R regC=00
R regC=00
R regC=00
R regC=00
R regC=00
R regC=00
R regC=00
R regC=00
R regC=00
R regC=96
R regC=00
R regC=00
R regC=00
R regC=00
R regC=00
R regC=00
R regC=00
R regC=00
R regC=00
R regC=96
R regC=00
R regC=00
R regC=00
R regC=00
R regC=00
R regC=00
R regC=00
R regC=00
R regC=00
R regC=00
R regC=96
R regC=00
R regC=00
R regC=00
R regC=00
R regC=00
R regC=00
R regC=00
R regC=00
R regC=00
R regC=96
R regC=00
R regC=00
R regC=00
R regC=00
R regC=00
R regC=00
R regC=00
R regC=00
R regC=00
R regC=96
R regC=00
R regC=00
R regC=00
R regC=00
R regC=00
R regC=00
R regC=00
R regC=00
R regC=00
R regC=00
R regC=96
R regC=00
R regC=00
R regC=00
R regC=00
R regC=00
R regC=00
R regC=00
R regC=00
R regC=00
R regC=96
R regC=00
R regC=00
R regC=00
R regC=00
R regC=00
R regC=00
R regC=00
R regC=00
R regC=00
R regC=96
R regC=00
R regC=00
R regC=00
R regC=00
R regC=00
R regC=00
R regC=00
R regC=00
R regC=00
R regC=00
R regC=96
R regC=00
R regC=00
R regC=00
R regC=00
R regC=00
R regC=00
R regC=00
R regC=00
R regC=00
R regC=96
R regC=00
R regC=00
R regC=00
R regC=00
R regC=00
R regC=00
R regC=00
R regC=00
R regC=00
R regC=00
R regC=96
R regC=00
R regC=00
R regC=00
R regC=00
R regC=00
R regC=00
R regC=00
R regC=00
R regC=00
R regC=96
R regC=00
R regC=00
R regC=00
R regC=00
R regC=00
R regC=00
R regC=00
R regC=00
R regC=00
R regC=96
R regC=00
R regC=00
R regC=00
R regC=00
R regC=00
R regC=00
R regC=00
R regC=00
R regC=00
R regC=00
R regC=96
R regC=00
R regC=00
R regC=00
R regC=00
R regC=00
R regC=00
R regC=00
R regC=00
R regC=00
R regC=96
R regC=00
R regC=00
R regC=00
R regC=00
R regC=00
R regC=00
R regC=00
R regC=00
R regC=00
R regC=00
R regC=96
R regC=00
R regC=00
R regC=00
R regC=00
R regC=00
R regC=00
R regC=00
R regC=00
R regC=00
R regC=96
R regC=00
R regC=00
R regC=00
R regC=00
R regC=00
R regC=00
R regC=00
R regC=00
R regC=00
R regC=00
R regC=96
R regC=00
R regC=00
R regC=00
R regC=00
R regC=00
R regC=00
R regC=00
R regC=00
R regC=00
R regC=96
R regC=00
R regC=00
R regC=00
R regC=00
R regC=00
R regC=00
R regC=00
R regC=00
R regC=00
R regC=96
R regC=00
R regC=00
R regC=00
R regC=00
R regC=00
R regC=00
R regC=00
R regC=00
R regC=00
R regC=00
R regC=96
R regC=00
R regC=00
R regC=00
R regC=00
R regC=00
R regC=00
R regC=00
R regC=00
R regC=00
R regC=96
R regC=00
R regC=00
R regC=00
R regC=00
R regC=00
R regC=00
R regC=00
R regC=00
R regC=00
R regC=00
R regC=96
R regC=00
R regC=00
R regC=00
R regC=00
R regC=00
R regC=00
R regC=00
R regC=00
R regC=00
R regC=96
R regC=00
R regC=00
R regC=00
R regC=00
R regC=00
R regC=00
R regC=00
R regC=00
R regC=00
R regC=96
R regC=00
R regC=00
R regC=00
R regC=00
R regC=00
R regC=00
R regC=00
R regC=00
R regC=00
R regC=00
R regC=96
R regC=00
R regC=00
R regC=00
R regC=00
R regC=00
R regC=00
R regC=00
R regC=00
R regC=00
R regC=96
R regC=00
R regC=00
R regC=00
R regC=00
R regC=00
R regC=00
R regC=00
R regC=00
R regC=00
R regC=00
R regC=96
R regC=00
R regC=00
R regC=00
R regC=00
R regC=00
R regC=00
R regC=00
R regC=00
R regC=00
R regC=96
R regC=00
R regC=00
R regC=00
R regC=00
R regC=00
R regC=00
R regC=00
R regC=00
R regC=00
R regC=96
R regC=00
R regC=00
R regC=00
R regC=00
R regC=00
R regC=00
R regC=00
R regC=00
R regC=00
R regC=00
R regC=96
R regC=00
R regC=00
R regC=00
R regC=00
R regC=00
R regC=00
R regC=00
R regC=00
R regC=00
R regC=96
R regC=00
R regC=00
R regC=00
R regC=00
R regC=00
R regC=00
R regC=00
R regC=00
R regC=00
R regC=00
R regC=96
R regC=00
R regC=00
R regC=00
R regC=00
R regC=00
R regC=00
R regC=00
R regC=00
R regC=00
R regC=96
R regC=00
R regC=00
R regC=00
R regC=00
R regC=00
R regC=00
R regC=00
R regC=00
R regC=00
R regC=96
R regC=00
R regC=00
R regC=00
R regC=00
R regC=00
R regC=00
R regC=00
R regC=00
R regC=00
R regC=00
R regC=96
R regC=00
R regC=00
R regC=00
R regC=00
R regC=00
R regC=00
R regC=00
R regC=00
R regC=00
R regC=96
R regC=00
R regC=00
R regC=00
R regC=00
R regC=00
R regC=00
R regC=00
R regC=00
R regC=00
R regC=96
R regC=00
R regC=00
R regC=00
R regC=00
R regC=00
R regC=00
R regC=00
R regC=00
R regC=00
R regC=00
R regC=96
R regC=00
R regC=00
R regC=00
R regC=00
R regC=00
R regC=00
R regC=00
R regC=00
R regC=00
R regC=96
R regC=00
R regC=00
R regC=00
R regC=00
R regC=00
R regC=00
R regC=00
R regC=00
R regC=00
R regC=00
R regC=96
R regC=00
R regC=00
R regC=00
R regC=00
R regC=00
R regC=00
R regC=00
R regC=00
R regC=00
R regC=96
R regC=00
R regC=00
R regC=00
R regC=00
R regC=00
R regC=00
R regC=00
R regC=00
R regC=00
R regC=00
R regC=96
R regC=00
R regC=00
R regC=00
R regC=00
R regC=00
R regC=00
R regC=00
R regC=00
R regC=00
R regC=96
R regC=00
R regC=00
R regC=00
R regC=00
R regC=00
R regC=00
R regC=00
R regC=00
R regC=00
R regC=96
R regC=00
R regC=00
R regC=00
R regC=00
R regC=00
R regC=00
R regC=00
R regC=00
R regC=00
R regC=00
R regC=96
R regC=00
R regC=00
R regC=00
R regC=00
R regC=00
R regC=00
R regC=00
R regC=00
R regC=00
R regC=96
R regC=00
R regC=00
R regC=00
R regC=00
R regC=00
R regC=00
R regC=00
R regC=00
R regC=00
R regC=00
R regC=96
R regC=00
R regC=00
R regC=00
R regC=00
R regC=00
R regC=00
R regC=00
R regC=00
R regC=00
R regC=96
R regC=00
R regC=00
R regC=00
R regC=00
R regC=00
R regC=00
R regC=00
R regC=00
R regC=00
R regC=96
R regC=00
R regC=00
R regC=00
R regC=00
R regC=00
R regC=00
R regC=00
R regC=00
R regC=00
R regC=00
R regC=96
R regC=00
R regC=00
R regC=00
R regC=00
R regC=00
R regC=00
R regC=00
R regC=00
R regC=00
R regC=96
R regC=00
R regC=00
R regC=00
R regC=00
R regC=00
R regC=00
R regC=00
R regC=00
R regC=00
R regC=96
R regC=00
R regC=00
R regC=00
R regC=00
R regC=00
R regC=00
R regC=00
R regC=00
R regC=00
R regC=00
R regC=96
R regC=00
R regC=00
R regC=00
R regC=00
R regC=00
R regC=00
R regC=00
R regC=00
R regC=00
R regC=96
R regC=00
R regC=00
R regC=00
R regC=00
R regC=00
R regC=00
R regC=00
R regC=00
R regC=00
R regC=00
R regC=96
R regC=00
R regC=00
R regC=00
R regC=00
R regC=00
R regC=00
R regC=00
R regC=00
R regC=00
R regC=96
R regC=00
R regC=00
R regC=00
R regC=00
R regC=00
R regC=00
R regC=00
R regC=00
R regC=00
R regC=00
R regC=96
R regC=00
R regC=00
R regC=00
R regC=00
R regC=00
R regC=00
R regC=00
R regC=00
R regC=00
R regC=96
R regC=00
R regC=00
R regC=00
R regC=00
R regC=00
R regC=00
R regC=00
R regC=00
R regC=00
R regC=96
R regC=00
R regC=00
R regC=00
R regC=00
R regC=00
R regC=00
R regC=00
R regC=00
R regC=00
R regC=00
R regC=96
R regC=00
R regC=00
R regC=00
R regC=00
R regC=00
R regC=00
R regC=00
R regC=00
R regC=00
R regC=96
R regC=00
R regC=00
R regC=00
R regC=00
R regC=00
R regC=00
R regC=00
R regC=00
R regC=00
R regC=00
R regC=96
R regC=00
R regC=00
R regC=00
R regC=00
R regC=00
R regC=00
R regC=00
R regC=00
R regC=00
R regC=96
R regC=00
R regC=00
R regC=00
R regC=00
R regC=00
R regC=00
R regC=00
R regC=00
R regC=00
R regC=96
R regC=00
R regC=00
R regC=00
R regC=00
R regC=00
R regC=00
R regC=00
R regC=00
R regC=00
R regC=00
R regC=96
R regC=00
R regC=00
R regC=00
R regC=00
R regC=00
R regC=00
R regC=00
R regC=00
R regC=00
R regC=96
R regC=00
R regC=00
R regC=00
R regC=00
R regC=00
R regC=00
R regC=00
R regC=00
R regC=00
R regC=00
R regC=96
R regC=00
R regC=00
R regC=00
R regC=00
R regC=00
R regC=00
R regC=00
R regC=00
R regC=00
R regC=96
R regC=00
R regC=00
R regC=00
R regC=00
R regC=00
R regC=00
R regC=00
R regC=00
R regC=00
R regC=96
R regC=00
R regC=00
R regC=00
R regC=00
R regC=00
R regC=00
R regC=00
R regC=00
R regC=00
R regC=00
R regC=96
R regC=00
R regC=00
R regC=00
R regC=00
R regC=00
R regC=00
R regC=00
R regC=00
R regC=00
R regC=96
R regC=00
R regC=00
R regC=00
R regC=00
R regC=00
R regC=00
R regC=00
R regC=00
R regC=00
R regC=00
R regC=96
R regC=00
R regC=00
R regC=00
R regC=00
R regC=00
R regC=00
R regC=00
R regC=00
R regC=00
R regC=96
R regC=00
R regC=00
R regC=00
R regC=00
R regC=00
R regC=00
R regC=00
R regC=00
R regC=00
R regC=96
R regC=00
R regC=00
R regC=00
R regC=00
R regC=00
R regC=00
R regC=00
R regC=00
R regC=00
R regC=00
R regC=96
R regC=00
R regC=00
R regC=00
R regC=00
R regC=00
R regC=00
R regC=00
R regC=00
R regC=00
R regC=96
R regC=00
R regC=00
R regC=00
R regC=00
R regC=00
R regC=00
R regC=00
R regC=00
R regC=00
R regC=00
R regC=96
R regC=00
R regC=00
R regC=00
R regC=00
R regC=00
R regC=00
R regC=00
R regC=00
R regC=00
R regC=96
R regC=00
R regC=00
R regC=00
R regC=00
R regC=00
R regC=00
R regC=00
R regC=00
R regC=00
R regC=96
R regC=00
R regC=00
R regC=00
R regC=00
R regC=00
R regC=00
R regC=00
R regC=00
R regC=00
R regC=00
R regC=96
R regC=00
R regC=00
R regC=00
R regC=00
R regC=00
R regC=00
R regC=00
R regC=00
R regC=00
R regC=96
R regC=00
R regC=00
R regC=00
R regC=00
R regC=00
R regC=00
R regC=00
R regC=00
R regC=00
R regC=00
R regC=96
R regC=00
R regC=00
R regC=00
R regC=00
R regC=00
R regC=00
R regC=00
R regC=00
R regC=00
R regC=96
R regC=00
R regC=00
R regC=00
R regC=00
R regC=00
R regC=00
R regC=00
R regC=00
R regC=00
R regC=96
R regC=00
R regC=00
R regC=00
R regC=00
R regC=00
R regC=00
R regC=00
R regC=00
R regC=00
R regC=00
R regC=96
R regC=00
R regC=00
R regC=00
R regC=00
R regC=00
R regC=00
R regC=00
R regC=00
R regC=00
R regC=96
R regC=00
R regC=00
R regC=00
R regC=00
R regC=00
R regC=00
R regC=00
R regC=00
R regC=00
R regC=00
R regC=96
R regC=00
R regC=00
R regC=00
R regC=00
R regC=00
R regC=00
R regC=00
R regC=00
R regC=00
R regC=96
R regC=00
R regC=00
R regC=00
R regC=00
R regC=00
R regC=00
R regC=00
R regC=00
R regC=00
R regC=96
R regC=00
R regC=00
R regC=00
R regC=00
R regC=00
R regC=00
R regC=00
R regC=00
R regC=00
R regC=00
R regC=96
R regC=00
R regC=00
R regC=00
R regC=00
R regC=00
R regC=00
R regC=00
R regC=00
R regC=00
R regC=96
R regC=00
R regC=00
R regC=00
R regC=00
R regC=00
R regC=00
R regC=00
R regC=00
R regC=00
R regC=00
R regC=96
R regC=00
R regC=00
R regC=00
R regC=00
R regC=00
R regC=00
R regC=00
R regC=00
R regC=00
R regC=96
R regC=00
R regC=00
R regC=00
R regC=00
R regC=00
R regC=00
R regC=00
R regC=00
R regC=00
R regC=96
R regC=00
R regC=00
R regC=00
R regC=00
R regC=00
R regC=00
R regC=00
R regC=00
R regC=00
R regC=00
R regC=96
R regC=00
R regC=00
R regC=00
R regC=00
R regC=00
R regC=00
R regC=00
R regC=00
R regC=00
R regC=96
R regC=00
R regC=00
R regC=00
R regC=00
R regC=00
R regC=00
R regC=00
R regC=00
R regC=00
R regC=00
R regC=96
R regC=00
R regC=00
R regC=00
R regC=00
R regC=00
R regC=00
R regC=00
R regC=00
R regC=00
R regC=96
R regC=00
R regC=00
R regC=00
R regC=00
R regC=00
R regC=00
R regC=00
R regC=00
R regC=00
R regC=96
R regC=00
R regC=00
R regC=00
R regC=00
R regC=00
R regC=00
R regC=00
R regC=00
R regC=00
R regC=00
R regC=96
R regC=00
R regC=00
R regC=00
R regC=00
R regC=00
R regC=00
R regC=00
R regC=00
R regC=00
R regC=96
R regC=00
R regC=00
R regC=00
R regC=00
R regC=00
R regC=00
R regC=00
R regC=00
R regC=00
R regC=00
R regC=96
R regC=00
R regC=00
R regC=00
R regC=00
R regC=00
R regC=00
R regC=00
R regC=00
R regC=00
R regC=96
R regC=00
R regC=00
R regC=00
R regC=00
R regC=00
R regC=00
R regC=00
R regC=00
R regC=00
R regC=96
R regC=00
R regC=00
R regC=00
R regC=00
R regC=00
R regC=00
R regC=00
R regC=00
R regC=00
R regC=00
R regC=96
R regC=00
R regC=00
R regC=00
R regC=00
R regC=00
R regC=00
R regC=00
R regC=00
R regC=00
R regC=96
R regC=00
R regC=00
R regC=00
R regC=00
R regC=00
R regC=00
R regC=00
R regC=00
R regC=00
R regC=00
R regC=96
R regC=00
R regC=00
R regC=00
R regC=00
R regC=00
R regC=00
R regC=00
R regC=00
R regC=00
R regC=96
R regC=00
R regC=00
R regC=00
R regC=00
R regC=00
R regC=00
R regC=00
R regC=00
R regC=00
R regC=96
R regC=00
R regC=00
R regC=00
R regC=00
R regC=00
R regC=00
R regC=00
R regC=00
R regC=00
R regC=00
R regC=96
R regC=00
R regC=00
R regC=00
R regC=00
R regC=00
R regC=00
R regC=00
R regC=00
R regC=00
R regC=96
R regC=00
R regC=00
R regC=00
R regC=00
R regC=00
R regC=00
R regC=00
R regC=00
R regC=00
R regC=00
R regC=96
R regC=00
R regC=00
R regC=00
R regC=00
R regC=00
R regC=00
R regC=00
R regC=00
R regC=00
R regC=96
R regC=00
R regC=00
R regC=00
R regC=00
R regC=00
R regC=00
R regC=00
R regC=00
R regC=00
R regC=96
R regC=00
R regC=00
R regC=00
R regC=00
R regC=00
R regC=00
R regC=00
R regC=00
R regC=00
R regC=00
R regC=96
R regC=00
R regC=00
R regC=00
R regC=00
R regC=00
R regC=00
R regC=00
R regC=00
R regC=00
R regC=96
R regC=00
R regC=00
R regC=00
R regC=00
R regC=00
R regC=00
R regC=00
R regC=00
R regC=00
R regC=00
R regC=96
R regC=00
R regC=00
R regC=00
R regC=00
R regC=00
R regC=00
R regC=00
R regC=00
R regC=00
R regC=96
R regC=00
R regC=00
R regC=00
R regC=00
R regC=00
R regC=00
R regC=00
R regC=00
R regC=00
R regC=96
R regC=00
R regC=00
R regC=00
R regC=00
R regC=00
R regC=00
R regC=00
R regC=00
R regC=00
R regC=00
R regC=96
R regC=00
R regC=00
R regC=00
R regC=00
R regC=00
R regC=00
R regC=00
R regC=00
R regC=00
R regC=96
R regC=00
R regC=00
R regC=00
R regC=00
R regC=00
R regC=00
R regC=00
R regC=00
R regC=00
R regC=00
R regC=96
R regC=00
R regC=00
R regC=00
R regC=00
R regC=00
R regC=00
R regC=00
R regC=00
R regC=00
R regC=96
R regC=00
R regC=00
R regC=00
R regC=00
R regC=00
R regC=00
R regC=00
R regC=00
R regC=00
R regC=96
R regC=00
R regC=00
R regC=00
R regC=00
R regC=00
R regC=00
R regC=00
R regC=00
R regC=00
R regC=00
R regC=96
R regC=00
R regC=00
R regC=00
R regC=00
R regC=00
R regC=00
R regC=00
R regC=00
R regC=00
R regC=96
R regC=00
R regC=00
R regC=00
R regC=00
R regC=00
R regC=00
R regC=00
R regC=00
R regC=00
R regC=00
R regC=96
R regC=00
R regC=00
R regC=00
R regC=00
R regC=00
R regC=00
R regC=00
R regC=00
R regC=00
R regC=96
R regC=00
R regC=00
R regC=00
R regC=00
R regC=00
R regC=00
R regC=00
R regC=00
R regC=00
R regC=96
R regC=00
R regC=00
R regC=00
R regC=00
R regC=00
R regC=00
R regC=00
R regC=00
R regC=00
R regC=00
R regC=96
R regC=00
R regC=00
R regC=00
R regC=00
R regC=00
R regC=00
R regC=00
R regC=00
R regC=00
R regC=96
R regC=00
R regC=00
R regC=00
R regC=00
R regC=00
R regC=00
R regC=00
R regC=00
R regC=00
R regC=00
R regC=96
R regC=00
R regC=00
R regC=00
R regC=00
R regC=00
R regC=00
R regC=00
R regC=00
R regC=00
R regC=96
R regC=00
R regC=00
R regC=00
R regC=00
R regC=00
R regC=00
R regC=00
R regC=00
R regC=00
R regC=96
R regC=00
R regC=00
R regC=00
R regC=00
R regC=00
R regC=00
R regC=00
R regC=00
R regC=00
R regC=00
R regC=96
R regC=00
R regC=00
R regC=00
R regC=00
R regC=00
R regC=00
R regC=00
R regC=00
R regC=00
R regC=96
R regC=00
R regC=00
R regC=00
R regC=00
R regC=00
R regC=00
R regC=00
R regC=00
R regC=00
R regC=00
R regC=96
R regC=00
R regC=00
R regC=00
R regC=00
R regC=00
R regC=00
R regC=00
R regC=00
R regC=00
R regC=96
R regC=00
R regC=00
R regC=00
R regC=00
R regC=00
R regC=00
R regC=00
R regC=00
R regC=00
R regC=96
R regC=00
R regC=00
R regC=00
R regC=00
R regC=00
R regC=00
R regC=00
R regC=00
R regC=00
R regC=00
R regC=96
R regC=00
R regC=00
R regC=00
R regC=00
R regC=00
R regC=00
R regC=00
R regC=00
R regC=00
R regC=96
R regC=00
R regC=00
R regC=00
R regC=00
R regC=00
R regC=00
R regC=00
R regC=00
R regC=00
R regC=00
R regC=96
R regC=00
R regC=00
R regC=00
R regC=00
R regC=00
R regC=00
R regC=00
R regC=00
R regC=00
R regC=96
R regC=00
R regC=00
R regC=00
R regC=00
R regC=00
R regC=00
R regC=00
R regC=00
R regC=00
R regC=96
R regC=00
R regC=00
R regC=00
R regC=00
R regC=00
R regC=00
R regC=00
R regC=00
R regC=00
R regC=00
R regC=96
R regC=00
R regC=00
R regC=00
R regC=00
R regC=00
R regC=00
R regC=00
R regC=00
R regC=00
R regC=96
R regC=00
R regC=00
R regC=00
R regC=00
R regC=00
R regC=00
R regC=00
R regC=00
R regC=00
R regC=00
R regC=96
R regC=00
R regC=00
R regC=00
R regC=00
R regC=00
R regC=00
R regC=00
R regC=00
R regC=00
R regC=96
R regC=00
R regC=00
R regC=00
R regC=00
R regC=00
R regC=00
R regC=00
R regC=00
R regC=00
R regC=96
R regC=00
R regC=00
R regC=00
R regC=00
R regC=00
R regC=00
R regC=00
R regC=00
R regC=00
R regC=00
R regC=96
R regC=00
R regC=00
R regC=00
R regC=00
R regC=00
R regC=00
R regC=00
R regC=00
R regC=00
R regC=96
R regC=00
R regC=00
R regC=00
R regC=00
R regC=00
R regC=00
R regC=00
R regC=00
R regC=00
R regC=00
R regC=96
R regC=00
R regC=00
R regC=00
R regC=00
R regC=00
R regC=00
R regC=00
R regC=00
R regC=00
R regC=96
R regC=00
R regC=00
R regC=00
R regC=00
R regC=00
R regC=00
R regC=00
R regC=00
R regC=00
R regC=96
R regC=00
R regC=00
R regC=00
R regC=00
R regC=00
R regC=00
R regC=00
R regC=00
R regC=00
R regC=00
R regC=96
R regC=00
R regC=00
R regC=00
R regC=00
R regC=00
R regC=00
R regC=00
R regC=00
R regC=00
R regC=96
R regC=00
R regC=00
R regC=00
R regC=00
R regC=00
R regC=00
R regC=00
R regC=00
R regC=00
R regC=00
R regC=96
R regC=00
R regC=00
R regC=00
R regC=00
R regC=00
R regC=00
R regC=00
R regC=00
R regC=00
R regC=96
R regC=00
R regC=00
R regC=00
R regC=00
R regC=00
R regC=00
R regC=00
R regC=00
R regC=00
R regC=96
R regC=00
R regC=00
R regC=00
R regC=00
R regC=00
R regC=00
R regC=00
R regC=00
R regC=00
R regC=00
R regC=96
R regC=00
R regC=00
R regC=00
R regC=00
R regC=00
R regC=00
R regC=00
R regC=00
R regC=00
R regC=96
R regC=00
R regC=00
R regC=00
R regC=00
R regC=00
R regC=00
R regC=00
R regC=00
R regC=00
R regC=00
R regC=96
R regC=00
R regC=00
R regC=00
R regC=00
R regC=00
R regC=00
R regC=00
R regC=00
R regC=00
R regC=96
R regC=00
R regC=00
R regC=00
R regC=00
R regC=00
R regC=00
R regC=00
R regC=00
R regC=00
R regC=96
R regC=00
R regC=00
R regC=00
R regC=00
R regC=00
R regC=00
R regC=00
R regC=00
R regC=00
R regC=00
R regC=96
R regC=00
R regC=00
R regC=00
R regC=00
R regC=00
R regC=00
R regC=00
R regC=00
R regC=00
R regC=96
R regC=00
R regC=00
R regC=00
R regC=00
R regC=00
R regC=00
R regC=00
R regC=00
R regC=00
R regC=96
R regC=00
R regC=00
R regC=00
R regC=00
R regC=00
R regC=00
R regC=00
R regC=00
R regC=00
R regC=00
R regC=96
R regC=00
R regC=00
R regC=00
R regC=00
R regC=00
R regC=00
R regC=00
R regC=00
R regC=00
R regC=96
R regC=00
R regC=00
R regC=00
R regC=00
R regC=00
R regC=00
R regC=00
R regC=00
R regC=00
R regC=00
R regC=96
R regC=00
R regC=00
R regC=00
R regC=00
R regC=00
R regC=00
R regC=00
R regC=00
R regC=00
R regC=96
R regC=00
R regC=00
R regC=00
R regC=00
R regC=00
R regC=00
R regC=00
R regC=00
R regC=00
R regC=00
R regC=96
R regC=00
R regC=00
R regC=00
R regC=00
R regC=00
R regC=00
R regC=00
R regC=00
R regC=00
R regC=96
R regC=00
R regC=00
R regC=00
R regC=00
R regC=00
R regC=00
R regC=00
R regC=00
R regC=00
R regC=96
R regC=00
R regC=00
R regC=00
R regC=00
R regC=00
R regC=00
R regC=00
R regC=00
R regC=00
R regC=00
R regC=96
R regC=00
R regC=00
R regC=00
R regC=00
R regC=00
R regC=00
R regC=00
R regC=00
R regC=00
R regC=96
R regC=00
R regC=00
R regC=00
R regC=00
R regC=00
R regC=00
R regC=00
R regC=00
R regC=00
R regC=00
R regC=96
R regC=00
R regC=00
R regC=00
R regC=00
R regC=00
R regC=00
R regC=00
R regC=00
R regC=00
R regC=96
R regC=00
R regC=00
R regC=00
R regC=00
R regC=00
R regC=00
R regC=00
R regC=00
R regC=00
R regC=96
R regC=00
R regC=00
R regC=00
R regC=00
R regC=00
R regC=00
R regC=00
R regC=00
R regC=00
R regC=00
R regC=96
R regC=00
R regC=00
R regC=00
R regC=00
R regC=00
R regC=00
R regC=00
R regC=00
R regC=00
R regC=96
R regC=00
R regC=00
R regC=00
R regC=00
R regC=00
R regC=00
R regC=00
R regC=00
R regC=00
R regC=00
R regC=96
R regC=00
R regC=00
R regC=00
R regC=00
R regC=00
R regC=00
R regC=00
R regC=00
R regC=00
R regC=96
R regC=00
R regC=00
R regC=00
R regC=00
R regC=00
R regC=00
R regC=00
R regC=00
R regC=00
R regC=96
R regC=00
R regC=00
R regC=00
R regC=00
R regC=00
R regC=00
R regC=00
R regC=00
R regC=00
R regC=00
R regC=96
R regC=00
R regC=00
R regC=00
R regC=00
R regC=00
R regC=00
R regC=00
R regC=00
R regC=00
R regC=96
R regC=00
R regC=00
R regC=00
R regC=00
R regC=00
R regC=00
R regC=00
R regC=00
R regC=00
R regC=00
R regC=96
R regC=00
R regC=00
R regC=00
R regC=00
R regC=00
R regC=00
R regC=00
R regC=00
R regC=00
R regC=96
R regC=00
R regC=00
R regC=00
R regC=00
R regC=00
R regC=00
R regC=00
R regC=00
R regC=00
R regC=96
R regC=00
R regC=00
R regC=00
R regC=00
R regC=00
R regC=00
R regC=00
R regC=00
R regC=00
R regC=00
R regC=96
R regC=00
R regC=00
R regC=00
R regC=00
R regC=00
R regC=00
R regC=00
R regC=00
R regC=00
R regC=96
R regC=00
R regC=00
R regC=00
R regC=00
R regC=00
R regC=00
R regC=00
R regC=00
R regC=00
R regC=96
R regC=00
R regC=00
R regC=00
R regC=00
R regC=00
R regC=00
R regC=00
R regC=00
R regC=00
R regC=00
R regC=96
R regC=00
R regC=00
R regC=00
R regC=00
R regC=00
R regC=00
R regC=00
R regC=00
R regC=00
R regC=96
R regC=00
R regC=00
R regC=00
R regC=00
R regC=00
R regC=00
R regC=00
R regC=00
R regC=00
R regC=00
R regC=96
R regC=00
R regC=00
R regC=00
R regC=00
R regC=00
R regC=00
R regC=00
R regC=00
R regC=00
R regC=96
R regC=00
R regC=00
R regC=00
R regC=00
R regC=00
R regC=00
R regC=00
R regC=00
R regC=00
R regC=00
R regC=96
R regC=00
R regC=00
R regC=00
R regC=00
R regC=00
R regC=00
R regC=00
R regC=00
R regC=00
R regC=96
R regC=00
R regC=00
R regC=00
R regC=00
R regC=00
R regC=00
R regC=00
R regC=00
R regC=00
R regC=96
R regC=00
R regC=00
R regC=00
R regC=00
R regC=00
R regC=00
R regC=00
R regC=00
R regC=00
R regC=00
R regC=96
R regC=00
R regC=00
R regC=00
R regC=00
R regC=00
R regC=00
R regC=00
R regC=00
R regC=00
R regC=96
R regC=00
R regC=00
R regC=00
R regC=00
R regC=00
R regC=00
R regC=00
R regC=00
R regC=00
R regC=00
R regC=96
R regC=00
R regC=00
R regC=00
R regC=00
R regC=00
R regC=00
R regC=00
R regC=00
R regC=00
R regC=96
R regC=00
R regC=00
R regC=00
R regC=00
R regC=00
R regC=00
R regC=00
R regC=00
R regC=00
R regC=96
R regC=00
R regC=00
R regC=00
R regC=00
R regC=00
R regC=00
R regC=00
R regC=00
R regC=00
R regC=00
R regC=96
R regC=00
R regC=00
R regC=00
R regC=00
R regC=00
R regC=00
R regC=00
R regC=00
R regC=00
R regC=96
R regC=00
R regC=00
R regC=00
R regC=00
R regC=00
R regC=00
R regC=00
R regC=00
R regC=00
R regC=00
R regC=96
R regC=00
R regC=00
R regC=00
R regC=00
R regC=00
R regC=00
R regC=00
R regC=00
R regC=00
R regC=96
R regC=00
R regC=00
R regC=00
R regC=00
R regC=00
R regC=00
R regC=00
R regC=00
R regC=00
R regC=96
R regC=00
R regC=00
R regC=00
R regC=00
R regC=00
R regC=00
R regC=00
R regC=00
R regC=00
R regC=00
R regC=96
R regC=00
R regC=00
R regC=00
R regC=00
R regC=00
R regC=00
R regC=00
R regC=00
R regC=00
R regC=96
R regC=00
R regC=00
R regC=00
R regC=00
R regC=00
R regC=00
R regC=00
R regC=00
R regC=00
R regC=00
R regC=96
R regC=00
R regC=00
R regC=00
R regC=00
R regC=00
R regC=00
R regC=00
R regC=00
R regC=00
R regC=96
R regC=00
R regC=00
R regC=00
R regC=00
R regC=00
R regC=00
R regC=00
R regC=00
R regC=00
R regC=96
R regC=00
R regC=00
R regC=00
R regC=00
R regC=00
R regC=00
R regC=00
R regC=00
R regC=00
R regC=00
R regC=96
R regC=00
R regC=00
R regC=00
R regC=00
R regC=00
R regC=00
R regC=00
R regC=00
R regC=00
R regC=96
R regC=00
R regC=00
R regC=00
R regC=00
R regC=00
R regC=00
R regC=00
R regC=00
R regC=00
R regC=00
R regC=96
R regC=00
R regC=00
R regC=00
R regC=00
R regC=00
R regC=00
R regC=00
R regC=00
R regC=00
R regC=96
R regC=00
R regC=00
R regC=00
R regC=00
R regC=00
R regC=00
R regC=00
R regC=00
R regC=00
R regC=96
R regC=00
R regC=00
R regC=00
R regC=00
R regC=00
R regC=00
R regC=00
R regC=00
R regC=00
R regC=00
R regC=96
R regC=00
R regC=00
R regC=00
R regC=00
R regC=00
R regC=00
R regC=00
R regC=00
R regC=00
R regC=96
R regC=00
R regC=00
R regC=00
R regC=00
R regC=00
R regC=00
R regC=00
R regC=00
R regC=00
R regC=00
R regC=96
R regC=00
R regC=00
R regC=00
R regC=00
R regC=00
R regC=00
R regC=00
R regC=00
R regC=00
R regC=96
R regC=00
R regC=00
R regC=00
R regC=00
R regC=00
R regC=00
R regC=00
R regC=00
R regC=00
R regC=96
R regC=00
R regC=00
R regC=00
R regC=00
R regC=00
R regC=00
R regC=00
R regC=00
R regC=00
R regC=00
R regC=96
R regC=00
R regC=00
R regC=00
R regC=00
R regC=00
R regC=00
R regC=00
R regC=00
R regC=00
R regC=de
R regC=00
R regC=00
R regC=00
R regC=00
R regC=00
R regC=00
R regC=00
R regC=00
R regC=00
R regC=00
R regC=aa
R regC=00
R regC=00
R regC=00
R regC=00
R regC=00
R regC=00
R regC=00
R regC=00
R regC=00
R regC=ff
R regC=00
R regC=00
R regC=00
R regC=00
R regC=00
R regC=00
R regC=00
R regC=00
R regC=00
R regC=00
R regC=00
R regC=00
R regC=00
R regC=ff
R regC=00
R regC=00
R regC=00
R regC=00
R regC=00
R regC=00
R regC=00
R regC=00
R regC=00
R regC=00
R regC=00
R regC=00
R regC=ff
R regC=00
R regC=00
R regC=00
R regC=00
R regC=00
R regC=00
R regC=00
R regC=00
R regC=00
R regC=00
R regC=00
R regC=00
R regC=00
R regC=ff
R regC=00
R regC=00
R regC=00
R regC=00
R regC=00
R regC=00
R regC=00
R regC=00
R regC=00
R regC=00
R regC=00
R regC=00
R regC=ff
R regC=00
R regC=00
R regC=00
R regC=00
R regC=00
R regC=00
R regC=00
R regC=00
R regC=00
R regC=00
R regC=00
R regC=00
R regC=00
R regC=ff
R regC=00
R regC=00
R regC=00
R regC=00
R regC=00
R regC=00
R regC=00
R regC=00
R regC=00
R regC=00
R regC=00
R regC=00
R regC=ff
R regC=00
R regC=00
R regC=00
R regC=00
R regC=00
R regC=00
R regC=00
R regC=00
R regC=00
R regC=00
R regC=00
R regC=00
R regC=ff
R regC=00
R regC=00
R regC=00
R regC=00
R regC=00
R regC=00
R regC=00
R regC=00
R regC=00
R regC=00
R regC=00
R regC=00
R regC=00
R regC=ff
R regC=00
R regC=00
R regC=00
R regC=00
R regC=00
R regC=00
R regC=00
R regC=00
R regC=00
R regC=00
R regC=00
R regC=00
R regC=ff
R regC=00
R regC=00
R regC=00
R regC=00
R regC=00
R regC=00
R regC=00
R regC=00
R regC=00
R regC=00
R regC=00
R regC=00
R regC=00
R regC=ff
R regC=00
R regC=00
R regC=00
R regC=00
R regC=00
R regC=00
R regC=00
R regC=00
R regC=00
R regC=00
R regC=00
R regC=00
R regC=00
R regC=ff
R regC=00
R regC=00
R regC=00
R regC=00
R regC=00
R regC=00
R regC=00
R regC=00
R regC=00
R regC=00
R regC=00
R regC=00
R regC=ff
R regC=00
R regC=00
R regC=00
R regC=00
R regC=00
R regC=00
R regC=00
R regC=00
R regC=00
R regC=00
R regC=00
R regC=00
R regC=00
R regC=ff
R regC=00
R regC=00
R regC=00
R regC=00
R regC=00
R regC=00
R regC=00
R regC=00
R regC=00
R regC=00
R regC=00
R regC=00
R regC=ff
R regC=00
R regC=00
R regC=00
R regC=00
R regC=00
R regC=00
R regC=00
R regC=00
R regC=00
R regC=00
R regC=00
R regC=00
R regC=00
R regC=ff
R regC=00
R regC=00
R regC=00
R regC=00
R regC=00
R regC=00
R regC=00
R regC=00
R regC=00
R regC=00
R regC=00
R regC=00
R regC=ff
R regC=00
R regC=00
R regC=00
R regC=00
R regC=00
R regC=00
R regC=00
R regC=00
R regC=00
R regC=00
R regC=00
R regC=00
R regC=ff
R regC=00
R regC=00
R regC=00
R regC=00
R regC=00
R regC=00
R regC=00
R regC=00
R regC=00
R regC=00
R regC=00
R regC=00
R regC=00
R regC=ff
R regC=00
R regC=00
R regC=00
R regC=00
R regC=00
R regC=00
R regC=00
R regC=00
R regC=00
R regC=00
R regC=00
R regC=00
R regC=ff
R regC=00
R regC=00
R regC=00
R regC=00
R regC=00
R regC=00
R regC=00
R regC=00
R regC=00
R regC=00
R regC=00
R regC=00
R regC=00
R regC=ff
R regC=00
R regC=00
R regC=00
R regC=00
R regC=00
R regC=00
R regC=00
R regC=00
R regC=00
R regC=00
R regC=00
R regC=00
R regC=00
R regC=ff
R regC=00
R regC=00
R regC=00
R regC=00
R regC=00
R regC=00
R regC=00
R regC=00
R regC=00
R regC=00
R regC=00
R regC=00
R regC=ff
R regC=00
R regC=00
R regC=00
R regC=00
R regC=00
R regC=00
R regC=00
R regC=00
R regC=00
R regC=00
R regC=00
R regC=00
R regC=00
R regC=ff
R regC=00
R regC=00
R regC=00
R regC=00
R regC=00
R regC=00
R regC=00
R regC=00
R regC=00
R regC=00
R regC=00
R regC=00
R regC=ff
R regC=00
R regC=00
R regC=00
R regC=00
R regC=00
R regC=00
R regC=00
R regC=00
R regC=00
R regC=00
R regC=00
R regC=00
R regC=00
R regC=ff
R regC=00
R regC=00
R regC=00
R regC=00
R regC=00
R regC=00
R regC=00
R regC=00
R regC=00
R regC=00
R regC=00
R regC=00
R regC=ff
R regC=00
R regC=00
R regC=00
R regC=00
R regC=00
R regC=00
R regC=00
R regC=00
R regC=00
R regC=00
R regC=00
R regC=00
R regC=00
R regC=ff
R regC=00
R regC=00
R regC=00
R regC=00
R regC=00
R regC=00
R regC=00
R regC=00
R regC=00
R regC=00
R regC=00
R regC=00
R regC=ff
R regC=00
R regC=00
R regC=00
R regC=00
R regC=00
R regC=00
R regC=00
R regC=00
R regC=00
R regC=00
R regC=00
R regC=00
R regC=00
R regC=ff
R regC=00
R regC=00
R regC=00
R regC=00
R regC=00
R regC=00
R regC=00
R regC=00
R regC=00
R regC=00
R regC=00
R regC=00
R regC=ff
R regC=00
R regC=00
R regC=00
R regC=00
R regC=00
R regC=00
R regC=00
R regC=00
R regC=00
R regC=00
R regC=00
R regC=00
R regC=00
R regC=ff
R regC=00
R regC=00
R regC=00
R regC=00
R regC=00
R regC=00
R regC=00
R regC=00
R regC=00
R regC=00
R regC=00
R regC=00
R regC=ff
R regC=00
R regC=00
R regC=00
R regC=00
R regC=00
R regC=00
R regC=00
R regC=00
R regC=00
R regC=00
R regC=00
R regC=00
R regC=ff
R regC=00
R regC=00
R regC=00
R regC=00
R regC=00
R regC=00
R regC=00
R regC=00
R regC=00
R regC=00
R regC=00
R regC=00
R regC=00
R regC=ff
R regC=00
R regC=00
R regC=00
R regC=00
R regC=00
R regC=00
R regC=00
R regC=00
R regC=00
R regC=00
R regC=00
R regC=00
R regC=00
R regC=ff
R regC=00
R regC=00
R regC=00
R regC=00
R regC=00
R regC=00
R regC=00
R regC=00
R regC=00
R regC=00
R regC=00
R regC=00
R regC=ff
R regC=00
R regC=00
R regC=00
R regC=00
R regC=00
R regC=00
R regC=00
R regC=00
R regC=00
R regC=00
R regC=00
R regC=00
R regC=00
R regC=ff
R regC=00
R regC=00
R regC=00
R regC=00
R regC=00
R regC=00
R regC=00
R regC=00
R regC=00
R regC=00
R regC=00
R regC=00
R regC=ff
R regC=00
R regC=00
R regC=00
R regC=00
R regC=00
R regC=00
R regC=00
R regC=00
R regC=00
R regC=00
R regC=00
R regC=00
R regC=00
R regC=ff
R regC=00
R regC=00
R regC=00
R regC=00
R regC=00
R regC=00
R regC=00
R regC=00
R regC=00
R regC=00
R regC=00
R regC=00
R regC=d5
R regC=00
R regC=00
R regC=00
R regC=00
R regC=00
R regC=00
R regC=00
R regC=00
R regC=00
R regC=aa
R regC=00
R regC=00
R regC=00
R regC=00
R regC=00
R regC=00
R regC=00
R regC=00
R regC=00
R regC=96
R regC=00
R regC=00
R regC=00
R regC=00
R regC=00
R regC=96
R regC=00
R regC=00
R regC=00
R regC=00
R regC=00
R regC=00
R regC=00
R regC=00
R regC=9a
R regC=00
R regC=00
R regC=00
R regC=00
R regC=00
R regC=00
R regC=00
R regC=00
R regC=00
R regC=96
R regC=00
R regC=00
R regC=00
R regC=00
R regC=00
R regC=00
R regC=00
R regC=00
R regC=d9
R regC=00
R regC=00
R regC=00
R regC=00
R regC=00
R regC=00
R regC=00
R regC=00
R regC=d6
R regC=00
R regC=00
R regC=00
R regC=00
R regC=00
R regC=00
R regC=00
R regC=00
R regC=00
R regC=de
R regC=00
R regC=00
R regC=00
R regC=00
R regC=00
R regC=00
R regC=00
R regC=00
R regC=00
R regC=aa
W reg6=38
W reg4=f5
R regC=00
R regD=b7
R regE=b7
R regC=00
R regC=00
R regE=00
R reg8=ff
R regD=97
W regF=57
W regF=17
W regF=57
W regF=57
W reg6=38
W reg4=f5
R regC=f5
W reg4=f6
R regC=f6
W reg4=f7
R regC=f7
W reg6=38
W reg2=c0
W reg5=20
R regD=20
W reg6=38
R regB=00
W reg6=38
W reg3=18
W reg3=41
W reg3=2e
W reg3=2e
W reg3=18
W reg3=18
W reg3=1b
W reg3=1b
W reg3=2f
W reg3=2f
W reg3=19
W reg3=19
W reg3=97
W reg3=1b
W reg3=57
W reg3=3b
W reg6=38
R regB=18
R regB=41
R regB=2e
R regB=2e
R regB=18
R regB=18
R regB=1b
R regB=1b
R regB=2f
R regB=2f
R regB=19
R regB=19
R regB=97
R regB=1b
R regB=57
R regB=3b
W reg6=04
W reg7=82
W reg4=f3
W reg4=f0
R regF=8e
W reg6=80
R reg8=00
W reg6=38
W reg4=f5
R regC=f5
W reg4=f6
R regC=f6
W reg4=f7
R regC=f7
W reg6=38
W reg2=c0
W reg5=20
R regD=20
W reg6=38
R regB=18
R regB=41
R regB=2e
R regB=2e
R regB=18
R regB=18
R regB=1b
R regB=1b
R regB=2f
R regB=2f
R regB=19
R regB=19
R regB=97
R regB=1b
R regB=57
R regB=3b
W reg6=04
W reg7=82
W reg4=f3
W reg4=f0
R regF=8e
W reg6=80
R reg8=00
W reg6=04
W reg7=82
W reg4=f3
W reg4=f0
R regF=0c
W reg6=80
R reg8=ff
W reg6=04
W reg7=82
W reg4=f3
W reg4=f0
R regF=2c
W reg6=80
R reg8=ff
W reg6=04
W reg7=82
W reg4=f3
W reg4=f0
R regF=2c
W reg6=80
R reg8=ff
W reg6=04
W reg7=82
W reg4=f3
W reg4=f0
R regF=2c
W reg6=80
R reg8=ff
