lcii_sony_trace: boost=4 (default), boot=hdv/boot.vhd, floppy=disks35/Stuffit_Expander_5.5.dsk
UTableBase=$0173F0 UnitNtryCnt=96
  unit  1: dce=$004A2C flags=$4F20 refNum=-5 drvr=$A6C3E0 '.Sony'
    refNum -5 raw dCtlDriver=$00A6C3E0  as ptr -> $A6C3E0 '.Sony'  as handle -> $000000 ''
  unit  3: dce=$004EC0 flags=$4E20 refNum=-4 drvr=$A51410 '.Sound'
  unit  4: dce=$004A2C flags=$4F20 refNum=-5 drvr=$A6C3E0 '.Sony'
    refNum -5 raw dCtlDriver=$00A6C3E0  as ptr -> $A6C3E0 '.Sony'  as handle -> $000000 ''
  unit  5: dce=$005134 flags=$4D00 refNum=-6 drvr=$A6ABCA '.AIn'
  unit  6: dce=$005174 flags=$4E00 refNum=-7 drvr=$A6ABE2 '.AOut'
  unit  7: dce=$0051B0 flags=$4D00 refNum=-8 drvr=$A6ABFA '.BIn'
  unit  8: dce=$0051EC flags=$4E00 refNum=-9 drvr=$A6AC12 '.BOut'
  unit  9: dce=$0F25DC flags=$4C00 refNum=-10 drvr=$09FE3C '.MPP'
  unit 10: dce=$0CC1B8 flags=$4400 refNum=-11 drvr=$0A22CC '.ATP'
  unit 32: dce=$00927C flags=$4F24 refNum=-33 drvr=$006772 '.ASYC00'
  unit 40: dce=$0EE970 flags=$4400 refNum=-41 drvr=$0A34C8 '.XPP'
  unit 48: dce=$004F10 flags=$4C20 refNum=-49 drvr=$0889FC '.Display_Video_Apple_V8'
  unit 50: dce=$0053E8 flags=$4D20 refNum=-51 drvr=$086CA8 '.AppleSoundInput'
  unit 51: dce=$0EE8A4 flags=$4400 refNum=-52 drvr=$0B78CC '.DSP'
driver .Sony at $A6C3E0, prime=$A6C406 ctl=$A6C414
inserted at machine clock 4167702924

[4168918847] _PostEvent diskEvt msg=$00000001 (drive 1, hi-word err 0 noErr)
[4168926548] _MountVol pb=$9C3C14 ioVRefNum=1 caller=$A1C81E
[4168941873] PRIME #1 READ off=$400 (sector 2) req=$200 buf=$00D0C4 posMode=1 pb=$9C3B96 caller=$A0B69E track=0
[4186432743] PRIME #1 -> -400 ?  (17490870 machine cycles, nib +68952, polls +4311, hits +931, lost +68236, track 0 -> 0)
             mid-data-field losses: 0
             buffer diverges at +$0:
               image : 42 44 D3 F2 2E 9A D3 F2 30 56 01 00 00 04 00 03 02 9D 0B 3A 00 00 02 00
               buffer: 00 00 00 00 00 00 00 00 00 00 00 00 00 00 00 00 00 00 00 00 00 00 00 00
  --- last 600 instructions before ?:
  $A6E1CE  move.b  (A4), D5                             D0=00A6049E D1=00000003 D2=00000239 A0=00A6E13A A1=00004A68 nib=68930
  $A6E1D0  bpl     $a6e1ce                              D0=00A6049E D1=00000003 D2=00000239 A0=00A6E13A A1=00004A68 nib=68930
  $A6E1CE  move.b  (A4), D5                             D0=00A6049E D1=00000003 D2=00000239 A0=00A6E13A A1=00004A68 nib=68930
  $A6E1D0  bpl     $a6e1ce                              D0=00A6049E D1=00000003 D2=00000239 A0=00A6E13A A1=00004A68 nib=68930
  $A6E1CE  move.b  (A4), D5                             D0=00A6049E D1=00000003 D2=00000239 A0=00A6E13A A1=00004A68 nib=68930
  $A6E1D0  bpl     $a6e1ce                              D0=00A6049E D1=00000003 D2=00000239 A0=00A6E13A A1=00004A68 nib=68930
  $A6E1CE  move.b  (A4), D5                             D0=00A6049E D1=00000003 D2=00000239 A0=00A6E13A A1=00004A68 nib=68930
  $A6E1D0  bpl     $a6e1ce                              D0=00A6049E D1=00000003 D2=00000239 A0=00A6E13A A1=00004A68 nib=68930
  $A6E1CE  move.b  (A4), D5                             D0=00A6049E D1=00000003 D2=00000239 A0=00A6E13A A1=00004A68 nib=68930
  $A6E1D0  bpl     $a6e1ce                              D0=00A6049E D1=00000003 D2=00000239 A0=00A6E13A A1=00004A68 nib=68930
  $A6E1CE  move.b  (A4), D5                             D0=00A6049E D1=00000003 D2=00000239 A0=00A6E13A A1=00004A68 nib=68931
  $A6E1D0  bpl     $a6e1ce                              D0=00A6049E D1=00000003 D2=00000239 A0=00A6E13A A1=00004A68 nib=68931
  $A6E1D2  move.b  (A5), (A5)                           D0=00A6049E D1=00000003 D2=00000239 A0=00A6E13A A1=00004A68 nib=68931
  $A6E1D4  bmi     $a6e1d8                              D0=00A6049E D1=00000003 D2=00000239 A0=00A6E13A A1=00004A68 nib=68931
  $A6E1D8  dbra    D0, $a6e1e0                          D0=00A6049E D1=00000003 D2=00000239 A0=00A6E13A A1=00004A68 nib=68931
  $A6E1E0  cmp.b   (A0)+, D5                            D0=00A6049D D1=00000003 D2=00000239 A0=00A6E13A A1=00004A68 nib=68931
  $A6E1E2  bne     $a6e1ca                              D0=00A6049D D1=00000003 D2=00000239 A0=00A6E13B A1=00004A68 nib=68931
  $A6E1CA  movea.l A2, A0                               D0=00A6049D D1=00000003 D2=00000239 A0=00A6E13B A1=00004A68 nib=68931
  $A6E1CC  moveq   #$3, D1                              D0=00A6049D D1=00000003 D2=00000239 A0=00A6E13A A1=00004A68 nib=68931
  $A6E1CE  move.b  (A4), D5                             D0=00A6049D D1=00000003 D2=00000239 A0=00A6E13A A1=00004A68 nib=68931
  $A6E1D0  bpl     $a6e1ce                              D0=00A6049D D1=00000003 D2=00000239 A0=00A6E13A A1=00004A68 nib=68931
  $A6E1CE  move.b  (A4), D5                             D0=00A6049D D1=00000003 D2=00000239 A0=00A6E13A A1=00004A68 nib=68931
  $A6E1D0  bpl     $a6e1ce                              D0=00A6049D D1=00000003 D2=00000239 A0=00A6E13A A1=00004A68 nib=68931
  $A6E1CE  move.b  (A4), D5                             D0=00A6049D D1=00000003 D2=00000239 A0=00A6E13A A1=00004A68 nib=68931
  $A6E1D0  bpl     $a6e1ce                              D0=00A6049D D1=00000003 D2=00000239 A0=00A6E13A A1=00004A68 nib=68931
  $A6E1CE  move.b  (A4), D5                             D0=00A6049D D1=00000003 D2=00000239 A0=00A6E13A A1=00004A68 nib=68931
  $A6E1D0  bpl     $a6e1ce                              D0=00A6049D D1=00000003 D2=00000239 A0=00A6E13A A1=00004A68 nib=68931
  $A6E1CE  move.b  (A4), D5                             D0=00A6049D D1=00000003 D2=00000239 A0=00A6E13A A1=00004A68 nib=68931
  $A6E1D0  bpl     $a6e1ce                              D0=00A6049D D1=00000003 D2=00000239 A0=00A6E13A A1=00004A68 nib=68931
  $A6E1CE  move.b  (A4), D5                             D0=00A6049D D1=00000003 D2=00000239 A0=00A6E13A A1=00004A68 nib=68931
  $A6E1D0  bpl     $a6e1ce                              D0=00A6049D D1=00000003 D2=00000239 A0=00A6E13A A1=00004A68 nib=68931
  $A6E1CE  move.b  (A4), D5                             D0=00A6049D D1=00000003 D2=00000239 A0=00A6E13A A1=00004A68 nib=68931
  $A6E1D0  bpl     $a6e1ce                              D0=00A6049D D1=00000003 D2=00000239 A0=00A6E13A A1=00004A68 nib=68931
  $A6E1CE  move.b  (A4), D5                             D0=00A6049D D1=00000003 D2=00000239 A0=00A6E13A A1=00004A68 nib=68931
  $A6E1D0  bpl     $a6e1ce                              D0=00A6049D D1=00000003 D2=00000239 A0=00A6E13A A1=00004A68 nib=68931
  $A6E1CE  move.b  (A4), D5                             D0=00A6049D D1=00000003 D2=00000239 A0=00A6E13A A1=00004A68 nib=68931
  $A6E1D0  bpl     $a6e1ce                              D0=00A6049D D1=00000003 D2=00000239 A0=00A6E13A A1=00004A68 nib=68931
  $A6E1CE  move.b  (A4), D5                             D0=00A6049D D1=00000003 D2=00000239 A0=00A6E13A A1=00004A68 nib=68931
  $A6E1D0  bpl     $a6e1ce                              D0=00A6049D D1=00000003 D2=00000239 A0=00A6E13A A1=00004A68 nib=68931
  $A6E1CE  move.b  (A4), D5                             D0=00A6049D D1=00000003 D2=00000239 A0=00A6E13A A1=00004A68 nib=68931
  $A6E1D0  bpl     $a6e1ce                              D0=00A6049D D1=00000003 D2=00000239 A0=00A6E13A A1=00004A68 nib=68931
  $A6E1CE  move.b  (A4), D5                             D0=00A6049D D1=00000003 D2=00000239 A0=00A6E13A A1=00004A68 nib=68931
  $A6E1D0  bpl     $a6e1ce                              D0=00A6049D D1=00000003 D2=00000239 A0=00A6E13A A1=00004A68 nib=68931
  $A6E1CE  move.b  (A4), D5                             D0=00A6049D D1=00000003 D2=00000239 A0=00A6E13A A1=00004A68 nib=68931
  $A6E1D0  bpl     $a6e1ce                              D0=00A6049D D1=00000003 D2=00000239 A0=00A6E13A A1=00004A68 nib=68932
  $A6E1D2  move.b  (A5), (A5)                           D0=00A6049D D1=00000003 D2=00000239 A0=00A6E13A A1=00004A68 nib=68932
  $A6E1D4  bmi     $a6e1d8                              D0=00A6049D D1=00000003 D2=00000239 A0=00A6E13A A1=00004A68 nib=68932
  $A6E1D8  dbra    D0, $a6e1e0                          D0=00A6049D D1=00000003 D2=00000239 A0=00A6E13A A1=00004A68 nib=68932
  $A6E1E0  cmp.b   (A0)+, D5                            D0=00A6049C D1=00000003 D2=00000239 A0=00A6E13A A1=00004A68 nib=68932
  $A6E1E2  bne     $a6e1ca                              D0=00A6049C D1=00000003 D2=00000239 A0=00A6E13B A1=00004A68 nib=68932
  $A6E1CA  movea.l A2, A0                               D0=00A6049C D1=00000003 D2=00000239 A0=00A6E13B A1=00004A68 nib=68932
  $A6E1CC  moveq   #$3, D1                              D0=00A6049C D1=00000003 D2=00000239 A0=00A6E13A A1=00004A68 nib=68932
  $A6E1CE  move.b  (A4), D5                             D0=00A6049C D1=00000003 D2=00000239 A0=00A6E13A A1=00004A68 nib=68932
  $A6E1D0  bpl     $a6e1ce                              D0=00A6049C D1=00000003 D2=00000239 A0=00A6E13A A1=00004A68 nib=68932
  $A6E1CE  move.b  (A4), D5                             D0=00A6049C D1=00000003 D2=00000239 A0=00A6E13A A1=00004A68 nib=68932
  $A6E1D0  bpl     $a6e1ce                              D0=00A6049C D1=00000003 D2=00000239 A0=00A6E13A A1=00004A68 nib=68932
  $A6E1CE  move.b  (A4), D5                             D0=00A6049C D1=00000003 D2=00000239 A0=00A6E13A A1=00004A68 nib=68932
  $A6E1D0  bpl     $a6e1ce                              D0=00A6049C D1=00000003 D2=00000239 A0=00A6E13A A1=00004A68 nib=68932
  $A6E1CE  move.b  (A4), D5                             D0=00A6049C D1=00000003 D2=00000239 A0=00A6E13A A1=00004A68 nib=68932
  $A6E1D0  bpl     $a6e1ce                              D0=00A6049C D1=00000003 D2=00000239 A0=00A6E13A A1=00004A68 nib=68932
  $A6E1CE  move.b  (A4), D5                             D0=00A6049C D1=00000003 D2=00000239 A0=00A6E13A A1=00004A68 nib=68932
  $A6E1D0  bpl     $a6e1ce                              D0=00A6049C D1=00000003 D2=00000239 A0=00A6E13A A1=00004A68 nib=68932
  $A6E1CE  move.b  (A4), D5                             D0=00A6049C D1=00000003 D2=00000239 A0=00A6E13A A1=00004A68 nib=68932
  $A6E1D0  bpl     $a6e1ce                              D0=00A6049C D1=00000003 D2=00000239 A0=00A6E13A A1=00004A68 nib=68932
  $A6E1CE  move.b  (A4), D5                             D0=00A6049C D1=00000003 D2=00000239 A0=00A6E13A A1=00004A68 nib=68932
  $A6E1D0  bpl     $a6e1ce                              D0=00A6049C D1=00000003 D2=00000239 A0=00A6E13A A1=00004A68 nib=68932
  $A6E1CE  move.b  (A4), D5                             D0=00A6049C D1=00000003 D2=00000239 A0=00A6E13A A1=00004A68 nib=68932
  $A6E1D0  bpl     $a6e1ce                              D0=00A6049C D1=00000003 D2=00000239 A0=00A6E13A A1=00004A68 nib=68932
  $A6E1CE  move.b  (A4), D5                             D0=00A6049C D1=00000003 D2=00000239 A0=00A6E13A A1=00004A68 nib=68932
  $A6E1D0  bpl     $a6e1ce                              D0=00A6049C D1=00000003 D2=00000239 A0=00A6E13A A1=00004A68 nib=68932
  $A6E1CE  move.b  (A4), D5                             D0=00A6049C D1=00000003 D2=00000239 A0=00A6E13A A1=00004A68 nib=68932
  $A6E1D0  bpl     $a6e1ce                              D0=00A6049C D1=00000003 D2=00000239 A0=00A6E13A A1=00004A68 nib=68932
  $A6E1CE  move.b  (A4), D5                             D0=00A6049C D1=00000003 D2=00000239 A0=00A6E13A A1=00004A68 nib=68932
  $A6E1D0  bpl     $a6e1ce                              D0=00A6049C D1=00000003 D2=00000239 A0=00A6E13A A1=00004A68 nib=68932
  $A6E1CE  move.b  (A4), D5                             D0=00A6049C D1=00000003 D2=00000239 A0=00A6E13A A1=00004A68 nib=68932
  $A6E1D0  bpl     $a6e1ce                              D0=00A6049C D1=00000003 D2=00000239 A0=00A6E13A A1=00004A68 nib=68932
  $A6E1CE  move.b  (A4), D5                             D0=00A6049C D1=00000003 D2=00000239 A0=00A6E13A A1=00004A68 nib=68932
  $A6E1D0  bpl     $a6e1ce                              D0=00A6049C D1=00000003 D2=00000239 A0=00A6E13A A1=00004A68 nib=68932
  $A6E1CE  move.b  (A4), D5                             D0=00A6049C D1=00000003 D2=00000239 A0=00A6E13A A1=00004A68 nib=68932
  $A6E1D0  bpl     $a6e1ce                              D0=00A6049C D1=00000003 D2=00000239 A0=00A6E13A A1=00004A68 nib=68933
  $A6E1D2  move.b  (A5), (A5)                           D0=00A6049C D1=00000003 D2=00000239 A0=00A6E13A A1=00004A68 nib=68933
  $A6E1D4  bmi     $a6e1d8                              D0=00A6049C D1=00000003 D2=00000239 A0=00A6E13A A1=00004A68 nib=68933
  $A6E1D8  dbra    D0, $a6e1e0                          D0=00A6049C D1=00000003 D2=00000239 A0=00A6E13A A1=00004A68 nib=68933
  $A6E1E0  cmp.b   (A0)+, D5                            D0=00A6049B D1=00000003 D2=00000239 A0=00A6E13A A1=00004A68 nib=68933
  $A6E1E2  bne     $a6e1ca                              D0=00A6049B D1=00000003 D2=00000239 A0=00A6E13B A1=00004A68 nib=68933
  $A6E1CA  movea.l A2, A0                               D0=00A6049B D1=00000003 D2=00000239 A0=00A6E13B A1=00004A68 nib=68933
  $A6E1CC  moveq   #$3, D1                              D0=00A6049B D1=00000003 D2=00000239 A0=00A6E13A A1=00004A68 nib=68933
  $A6E1CE  move.b  (A4), D5                             D0=00A6049B D1=00000003 D2=00000239 A0=00A6E13A A1=00004A68 nib=68933
  $A6E1D0  bpl     $a6e1ce                              D0=00A6049B D1=00000003 D2=00000239 A0=00A6E13A A1=00004A68 nib=68933
  $A6E1CE  move.b  (A4), D5                             D0=00A6049B D1=00000003 D2=00000239 A0=00A6E13A A1=00004A68 nib=68933
  $A6E1D0  bpl     $a6e1ce                              D0=00A6049B D1=00000003 D2=00000239 A0=00A6E13A A1=00004A68 nib=68933
  $A6E1CE  move.b  (A4), D5                             D0=00A6049B D1=00000003 D2=00000239 A0=00A6E13A A1=00004A68 nib=68933
  $A6E1D0  bpl     $a6e1ce                              D0=00A6049B D1=00000003 D2=00000239 A0=00A6E13A A1=00004A68 nib=68933
  $A6E1CE  move.b  (A4), D5                             D0=00A6049B D1=00000003 D2=00000239 A0=00A6E13A A1=00004A68 nib=68933
  $A6E1D0  bpl     $a6e1ce                              D0=00A6049B D1=00000003 D2=00000239 A0=00A6E13A A1=00004A68 nib=68933
  $A6E1CE  move.b  (A4), D5                             D0=00A6049B D1=00000003 D2=00000239 A0=00A6E13A A1=00004A68 nib=68933
  $A6E1D0  bpl     $a6e1ce                              D0=00A6049B D1=00000003 D2=00000239 A0=00A6E13A A1=00004A68 nib=68933
  $A6E1CE  move.b  (A4), D5                             D0=00A6049B D1=00000003 D2=00000239 A0=00A6E13A A1=00004A68 nib=68933
  $A6E1D0  bpl     $a6e1ce                              D0=00A6049B D1=00000003 D2=00000239 A0=00A6E13A A1=00004A68 nib=68933
  $A6E1CE  move.b  (A4), D5                             D0=00A6049B D1=00000003 D2=00000239 A0=00A6E13A A1=00004A68 nib=68933
  $A6E1D0  bpl     $a6e1ce                              D0=00A6049B D1=00000003 D2=00000239 A0=00A6E13A A1=00004A68 nib=68933
  $A6E1CE  move.b  (A4), D5                             D0=00A6049B D1=00000003 D2=00000239 A0=00A6E13A A1=00004A68 nib=68933
  $A6E1D0  bpl     $a6e1ce                              D0=00A6049B D1=00000003 D2=00000239 A0=00A6E13A A1=00004A68 nib=68933
  $A6E1CE  move.b  (A4), D5                             D0=00A6049B D1=00000003 D2=00000239 A0=00A6E13A A1=00004A68 nib=68933
  $A6E1D0  bpl     $a6e1ce                              D0=00A6049B D1=00000003 D2=00000239 A0=00A6E13A A1=00004A68 nib=68933
  $A6E1CE  move.b  (A4), D5                             D0=00A6049B D1=00000003 D2=00000239 A0=00A6E13A A1=00004A68 nib=68933
  $A6E1D0  bpl     $a6e1ce                              D0=00A6049B D1=00000003 D2=00000239 A0=00A6E13A A1=00004A68 nib=68933
  $A6E1CE  move.b  (A4), D5                             D0=00A6049B D1=00000003 D2=00000239 A0=00A6E13A A1=00004A68 nib=68933
  $A6E1D0  bpl     $a6e1ce                              D0=00A6049B D1=00000003 D2=00000239 A0=00A6E13A A1=00004A68 nib=68933
  $A6E1CE  move.b  (A4), D5                             D0=00A6049B D1=00000003 D2=00000239 A0=00A6E13A A1=00004A68 nib=68933
  $A6E1D0  bpl     $a6e1ce                              D0=00A6049B D1=00000003 D2=00000239 A0=00A6E13A A1=00004A68 nib=68934
  $A6E1CE  move.b  (A4), D5                             D0=00A6049B D1=00000003 D2=00000239 A0=00A6E13A A1=00004A68 nib=68934
  $A6E1D0  bpl     $a6e1ce                              D0=00A6049B D1=00000003 D2=00000239 A0=00A6E13A A1=00004A68 nib=68934
  $A6E1D2  move.b  (A5), (A5)                           D0=00A6049B D1=00000003 D2=00000239 A0=00A6E13A A1=00004A68 nib=68934
  $A6E1D4  bmi     $a6e1d8                              D0=00A6049B D1=00000003 D2=00000239 A0=00A6E13A A1=00004A68 nib=68934
  $A6E1D8  dbra    D0, $a6e1e0                          D0=00A6049B D1=00000003 D2=00000239 A0=00A6E13A A1=00004A68 nib=68934
  $A6E1E0  cmp.b   (A0)+, D5                            D0=00A6049A D1=00000003 D2=00000239 A0=00A6E13A A1=00004A68 nib=68934
  $A6E1E2  bne     $a6e1ca                              D0=00A6049A D1=00000003 D2=00000239 A0=00A6E13B A1=00004A68 nib=68934
  $A6E1E4  subq.w  #$1, D1                              D0=00A6049A D1=00000003 D2=00000239 A0=00A6E13B A1=00004A68 nib=68934
  $A6E1E6  bne     $a6e1ce                              D0=00A6049A D1=00000002 D2=00000239 A0=00A6E13B A1=00004A68 nib=68934
  $A6E1CE  move.b  (A4), D5                             D0=00A6049A D1=00000002 D2=00000239 A0=00A6E13B A1=00004A68 nib=68934
  $A6E1D0  bpl     $a6e1ce                              D0=00A6049A D1=00000002 D2=00000239 A0=00A6E13B A1=00004A68 nib=68934
  $A6E1CE  move.b  (A4), D5                             D0=00A6049A D1=00000002 D2=00000239 A0=00A6E13B A1=00004A68 nib=68934
  $A6E1D0  bpl     $a6e1ce                              D0=00A6049A D1=00000002 D2=00000239 A0=00A6E13B A1=00004A68 nib=68934
  $A6E1CE  move.b  (A4), D5                             D0=00A6049A D1=00000002 D2=00000239 A0=00A6E13B A1=00004A68 nib=68934
  $A6E1D0  bpl     $a6e1ce                              D0=00A6049A D1=00000002 D2=00000239 A0=00A6E13B A1=00004A68 nib=68934
  $A6E1CE  move.b  (A4), D5                             D0=00A6049A D1=00000002 D2=00000239 A0=00A6E13B A1=00004A68 nib=68934
  $A6E1D0  bpl     $a6e1ce                              D0=00A6049A D1=00000002 D2=00000239 A0=00A6E13B A1=00004A68 nib=68934
  $A6E1CE  move.b  (A4), D5                             D0=00A6049A D1=00000002 D2=00000239 A0=00A6E13B A1=00004A68 nib=68934
  $A6E1D0  bpl     $a6e1ce                              D0=00A6049A D1=00000002 D2=00000239 A0=00A6E13B A1=00004A68 nib=68934
  $A6E1CE  move.b  (A4), D5                             D0=00A6049A D1=00000002 D2=00000239 A0=00A6E13B A1=00004A68 nib=68934
  $A6E1D0  bpl     $a6e1ce                              D0=00A6049A D1=00000002 D2=00000239 A0=00A6E13B A1=00004A68 nib=68934
  $A6E1CE  move.b  (A4), D5                             D0=00A6049A D1=00000002 D2=00000239 A0=00A6E13B A1=00004A68 nib=68934
  $A6E1D0  bpl     $a6e1ce                              D0=00A6049A D1=00000002 D2=00000239 A0=00A6E13B A1=00004A68 nib=68934
  $A6E1CE  move.b  (A4), D5                             D0=00A6049A D1=00000002 D2=00000239 A0=00A6E13B A1=00004A68 nib=68934
  $A6E1D0  bpl     $a6e1ce                              D0=00A6049A D1=00000002 D2=00000239 A0=00A6E13B A1=00004A68 nib=68934
  $A6E1CE  move.b  (A4), D5                             D0=00A6049A D1=00000002 D2=00000239 A0=00A6E13B A1=00004A68 nib=68934
  $A6E1D0  bpl     $a6e1ce                              D0=00A6049A D1=00000002 D2=00000239 A0=00A6E13B A1=00004A68 nib=68934
  $A6E1CE  move.b  (A4), D5                             D0=00A6049A D1=00000002 D2=00000239 A0=00A6E13B A1=00004A68 nib=68935
  $A6E1D0  bpl     $a6e1ce                              D0=00A6049A D1=00000002 D2=00000239 A0=00A6E13B A1=00004A68 nib=68935
  $A6E1D2  move.b  (A5), (A5)                           D0=00A6049A D1=00000002 D2=00000239 A0=00A6E13B A1=00004A68 nib=68935
  $A6E1D4  bmi     $a6e1d8                              D0=00A6049A D1=00000002 D2=00000239 A0=00A6E13B A1=00004A68 nib=68935
  $A6E1D8  dbra    D0, $a6e1e0                          D0=00A6049A D1=00000002 D2=00000239 A0=00A6E13B A1=00004A68 nib=68935
  $A6E1E0  cmp.b   (A0)+, D5                            D0=00A60499 D1=00000002 D2=00000239 A0=00A6E13B A1=00004A68 nib=68935
  $A6E1E2  bne     $a6e1ca                              D0=00A60499 D1=00000002 D2=00000239 A0=00A6E13C A1=00004A68 nib=68935
  $A6E1E4  subq.w  #$1, D1                              D0=00A60499 D1=00000002 D2=00000239 A0=00A6E13C A1=00004A68 nib=68935
  $A6E1E6  bne     $a6e1ce                              D0=00A60499 D1=00000001 D2=00000239 A0=00A6E13C A1=00004A68 nib=68935
  $A6E1CE  move.b  (A4), D5                             D0=00A60499 D1=00000001 D2=00000239 A0=00A6E13C A1=00004A68 nib=68935
  $A6E1D0  bpl     $a6e1ce                              D0=00A60499 D1=00000001 D2=00000239 A0=00A6E13C A1=00004A68 nib=68935
  $A6E1CE  move.b  (A4), D5                             D0=00A60499 D1=00000001 D2=00000239 A0=00A6E13C A1=00004A68 nib=68935
  $A6E1D0  bpl     $a6e1ce                              D0=00A60499 D1=00000001 D2=00000239 A0=00A6E13C A1=00004A68 nib=68935
  $A6E1CE  move.b  (A4), D5                             D0=00A60499 D1=00000001 D2=00000239 A0=00A6E13C A1=00004A68 nib=68935
  $A6E1D0  bpl     $a6e1ce                              D0=00A60499 D1=00000001 D2=00000239 A0=00A6E13C A1=00004A68 nib=68935
  $A6E1CE  move.b  (A4), D5                             D0=00A60499 D1=00000001 D2=00000239 A0=00A6E13C A1=00004A68 nib=68935
  $A6E1D0  bpl     $a6e1ce                              D0=00A60499 D1=00000001 D2=00000239 A0=00A6E13C A1=00004A68 nib=68935
  $A6E1CE  move.b  (A4), D5                             D0=00A60499 D1=00000001 D2=00000239 A0=00A6E13C A1=00004A68 nib=68935
  $A6E1D0  bpl     $a6e1ce                              D0=00A60499 D1=00000001 D2=00000239 A0=00A6E13C A1=00004A68 nib=68935
  $A6E1CE  move.b  (A4), D5                             D0=00A60499 D1=00000001 D2=00000239 A0=00A6E13C A1=00004A68 nib=68935
  $A6E1D0  bpl     $a6e1ce                              D0=00A60499 D1=00000001 D2=00000239 A0=00A6E13C A1=00004A68 nib=68935
  $A6E1CE  move.b  (A4), D5                             D0=00A60499 D1=00000001 D2=00000239 A0=00A6E13C A1=00004A68 nib=68935
  $A6E1D0  bpl     $a6e1ce                              D0=00A60499 D1=00000001 D2=00000239 A0=00A6E13C A1=00004A68 nib=68935
  $A6E1CE  move.b  (A4), D5                             D0=00A60499 D1=00000001 D2=00000239 A0=00A6E13C A1=00004A68 nib=68935
  $A6E1D0  bpl     $a6e1ce                              D0=00A60499 D1=00000001 D2=00000239 A0=00A6E13C A1=00004A68 nib=68935
  $A6E1CE  move.b  (A4), D5                             D0=00A60499 D1=00000001 D2=00000239 A0=00A6E13C A1=00004A68 nib=68935
  $A6E1D0  bpl     $a6e1ce                              D0=00A60499 D1=00000001 D2=00000239 A0=00A6E13C A1=00004A68 nib=68935
  $A6E1CE  move.b  (A4), D5                             D0=00A60499 D1=00000001 D2=00000239 A0=00A6E13C A1=00004A68 nib=68935
  $A6E1D0  bpl     $a6e1ce                              D0=00A60499 D1=00000001 D2=00000239 A0=00A6E13C A1=00004A68 nib=68936
  $A6E1D2  move.b  (A5), (A5)                           D0=00A60499 D1=00000001 D2=00000239 A0=00A6E13C A1=00004A68 nib=68936
  $A6E1D4  bmi     $a6e1d8                              D0=00A60499 D1=00000001 D2=00000239 A0=00A6E13C A1=00004A68 nib=68936
  $A6E1D8  dbra    D0, $a6e1e0                          D0=00A60499 D1=00000001 D2=00000239 A0=00A6E13C A1=00004A68 nib=68936
  $A6E1E0  cmp.b   (A0)+, D5                            D0=00A60498 D1=00000001 D2=00000239 A0=00A6E13C A1=00004A68 nib=68936
  $A6E1E2  bne     $a6e1ca                              D0=00A60498 D1=00000001 D2=00000239 A0=00A6E13D A1=00004A68 nib=68936
  $A6E1E4  subq.w  #$1, D1                              D0=00A60498 D1=00000001 D2=00000239 A0=00A6E13D A1=00004A68 nib=68936
  $A6E1E6  bne     $a6e1ce                              D0=00A60498 D1=00000000 D2=00000239 A0=00A6E13D A1=00004A68 nib=68936
  $A6E1E8  move.b  (A5), (A5)                           D0=00A60498 D1=00000000 D2=00000239 A0=00A6E13D A1=00004A68 nib=68936
  $A6E1EA  bmi     $a6e1ee                              D0=00A60498 D1=00000000 D2=00000239 A0=00A6E13D A1=00004A68 nib=68936
  $A6E1EE  move.b  (A4), D5                             D0=00A60498 D1=00000000 D2=00000239 A0=00A6E13D A1=00004A68 nib=68936
  $A6E1F0  bpl     $a6e1ee                              D0=00A60498 D1=00000000 D2=00000239 A0=00A6E13D A1=00004A68 nib=68936
  $A6E1EE  move.b  (A4), D5                             D0=00A60498 D1=00000000 D2=00000239 A0=00A6E13D A1=00004A68 nib=68936
  $A6E1F0  bpl     $a6e1ee                              D0=00A60498 D1=00000000 D2=00000239 A0=00A6E13D A1=00004A68 nib=68936
  $A6E1EE  move.b  (A4), D5                             D0=00A60498 D1=00000000 D2=00000239 A0=00A6E13D A1=00004A68 nib=68936
  $A6E1F0  bpl     $a6e1ee                              D0=00A60498 D1=00000000 D2=00000239 A0=00A6E13D A1=00004A68 nib=68936
  $A6E1EE  move.b  (A4), D5                             D0=00A60498 D1=00000000 D2=00000239 A0=00A6E13D A1=00004A68 nib=68936
  $A6E1F0  bpl     $a6e1ee                              D0=00A60498 D1=00000000 D2=00000239 A0=00A6E13D A1=00004A68 nib=68936
  $A6E1EE  move.b  (A4), D5                             D0=00A60498 D1=00000000 D2=00000239 A0=00A6E13D A1=00004A68 nib=68936
  $A6E1F0  bpl     $a6e1ee                              D0=00A60498 D1=00000000 D2=00000239 A0=00A6E13D A1=00004A68 nib=68936
  $A6E1EE  move.b  (A4), D5                             D0=00A60498 D1=00000000 D2=00000239 A0=00A6E13D A1=00004A68 nib=68936
  $A6E1F0  bpl     $a6e1ee                              D0=00A60498 D1=00000000 D2=00000239 A0=00A6E13D A1=00004A68 nib=68937
  $A6E1F2  move.b  ($0,A3,D5.w), D1                     D0=00A60498 D1=00000000 D2=00000239 A0=00A6E13D A1=00004A68 nib=68937
  $A6E1F6  move.b  D1, D4                               D0=00A60498 D1=00000000 D2=00000239 A0=00A6E13D A1=00004A68 nib=68937
  $A6E1F8  ror.w   #6, D1                               D0=00A60498 D1=00000000 D2=00000239 A0=00A6E13D A1=00004A68 nib=68937
  $A6E1FA  move.b  (A5), (A5)                           D0=00A60498 D1=00000000 D2=00000239 A0=00A6E13D A1=00004A68 nib=68937
  $A6E1FC  bmi     $a6e200                              D0=00A60498 D1=00000000 D2=00000239 A0=00A6E13D A1=00004A68 nib=68937
  $A6E200  move.b  (A4), D5                             D0=00A60498 D1=00000000 D2=00000239 A0=00A6E13D A1=00004A68 nib=68937
  $A6E202  bpl     $a6e200                              D0=00A60498 D1=00000000 D2=00000239 A0=00A6E13D A1=00004A68 nib=68937
  $A6E200  move.b  (A4), D5                             D0=00A60498 D1=00000000 D2=00000239 A0=00A6E13D A1=00004A68 nib=68937
  $A6E202  bpl     $a6e200                              D0=00A60498 D1=00000000 D2=00000239 A0=00A6E13D A1=00004A68 nib=68937
  $A6E200  move.b  (A4), D5                             D0=00A60498 D1=00000000 D2=00000239 A0=00A6E13D A1=00004A68 nib=68937
  $A6E202  bpl     $a6e200                              D0=00A60498 D1=00000000 D2=00000239 A0=00A6E13D A1=00004A68 nib=68937
  $A6E200  move.b  (A4), D5                             D0=00A60498 D1=00000000 D2=00000239 A0=00A6E13D A1=00004A68 nib=68937
  $A6E202  bpl     $a6e200                              D0=00A60498 D1=00000000 D2=00000239 A0=00A6E13D A1=00004A68 nib=68937
  $A6E200  move.b  (A4), D5                             D0=00A60498 D1=00000000 D2=00000239 A0=00A6E13D A1=00004A68 nib=68937
  $A6E202  bpl     $a6e200                              D0=00A60498 D1=00000000 D2=00000239 A0=00A6E13D A1=00004A68 nib=68937
  $A6E200  move.b  (A4), D5                             D0=00A60498 D1=00000000 D2=00000239 A0=00A6E13D A1=00004A68 nib=68937
  $A6E202  bpl     $a6e200                              D0=00A60498 D1=00000000 D2=00000239 A0=00A6E13D A1=00004A68 nib=68937
  $A6E200  move.b  (A4), D5                             D0=00A60498 D1=00000000 D2=00000239 A0=00A6E13D A1=00004A68 nib=68937
  $A6E202  bpl     $a6e200                              D0=00A60498 D1=00000000 D2=00000239 A0=00A6E13D A1=00004A68 nib=68937
  $A6E200  move.b  (A4), D5                             D0=00A60498 D1=00000000 D2=00000239 A0=00A6E13D A1=00004A68 nib=68937
  $A6E202  bpl     $a6e200                              D0=00A60498 D1=00000000 D2=00000239 A0=00A6E13D A1=00004A68 nib=68937
  $A6E200  move.b  (A4), D5                             D0=00A60498 D1=00000000 D2=00000239 A0=00A6E13D A1=00004A68 nib=68938
  $A6E202  bpl     $a6e200                              D0=00A60498 D1=00000000 D2=00000239 A0=00A6E13D A1=00004A68 nib=68938
  $A6E204  moveq   #$0, D2                              D0=00A60498 D1=00000000 D2=00000239 A0=00A6E13D A1=00004A68 nib=68938
  $A6E206  move.b  ($0,A3,D5.w), D2                     D0=00A60498 D1=00000000 D2=00000000 A0=00A6E13D A1=00004A68 nib=68938
  $A6E20A  eor.b   D2, D4                               D0=00A60498 D1=00000000 D2=00000002 A0=00A6E13D A1=00004A68 nib=68938
  $A6E20C  move.b  (A5), (A5)                           D0=00A60498 D1=00000000 D2=00000002 A0=00A6E13D A1=00004A68 nib=68938
  $A6E20E  bmi     $a6e212                              D0=00A60498 D1=00000000 D2=00000002 A0=00A6E13D A1=00004A68 nib=68938
  $A6E212  move.b  (A4), D5                             D0=00A60498 D1=00000000 D2=00000002 A0=00A6E13D A1=00004A68 nib=68938
  $A6E214  bpl     $a6e212                              D0=00A60498 D1=00000000 D2=00000002 A0=00A6E13D A1=00004A68 nib=68938
  $A6E212  move.b  (A4), D5                             D0=00A60498 D1=00000000 D2=00000002 A0=00A6E13D A1=00004A68 nib=68938
  $A6E214  bpl     $a6e212                              D0=00A60498 D1=00000000 D2=00000002 A0=00A6E13D A1=00004A68 nib=68938
  $A6E212  move.b  (A4), D5                             D0=00A60498 D1=00000000 D2=00000002 A0=00A6E13D A1=00004A68 nib=68938
  $A6E214  bpl     $a6e212                              D0=00A60498 D1=00000000 D2=00000002 A0=00A6E13D A1=00004A68 nib=68938
  $A6E212  move.b  (A4), D5                             D0=00A60498 D1=00000000 D2=00000002 A0=00A6E13D A1=00004A68 nib=68938
  $A6E214  bpl     $a6e212                              D0=00A60498 D1=00000000 D2=00000002 A0=00A6E13D A1=00004A68 nib=68938
  $A6E212  move.b  (A4), D5                             D0=00A60498 D1=00000000 D2=00000002 A0=00A6E13D A1=00004A68 nib=68938
  $A6E214  bpl     $a6e212                              D0=00A60498 D1=00000000 D2=00000002 A0=00A6E13D A1=00004A68 nib=68938
  $A6E212  move.b  (A4), D5                             D0=00A60498 D1=00000000 D2=00000002 A0=00A6E13D A1=00004A68 nib=68938
  $A6E214  bpl     $a6e212                              D0=00A60498 D1=00000000 D2=00000002 A0=00A6E13D A1=00004A68 nib=68938
  $A6E212  move.b  (A4), D5                             D0=00A60498 D1=00000000 D2=00000002 A0=00A6E13D A1=00004A68 nib=68938
  $A6E214  bpl     $a6e212                              D0=00A60498 D1=00000000 D2=00000002 A0=00A6E13D A1=00004A68 nib=68938
  $A6E212  move.b  (A4), D5                             D0=00A60498 D1=00000000 D2=00000002 A0=00A6E13D A1=00004A68 nib=68938
  $A6E214  bpl     $a6e212                              D0=00A60498 D1=00000000 D2=00000002 A0=00A6E13D A1=00004A68 nib=68938
  $A6E212  move.b  (A4), D5                             D0=00A60498 D1=00000000 D2=00000002 A0=00A6E13D A1=00004A68 nib=68938
  $A6E214  bpl     $a6e212                              D0=00A60498 D1=00000000 D2=00000002 A0=00A6E13D A1=00004A68 nib=68938
  $A6E212  move.b  (A4), D5                             D0=00A60498 D1=00000000 D2=00000002 A0=00A6E13D A1=00004A68 nib=68938
  $A6E214  bpl     $a6e212                              D0=00A60498 D1=00000000 D2=00000002 A0=00A6E13D A1=00004A68 nib=68939
  $A6E216  move.b  ($0,A3,D5.w), D1                     D0=00A60498 D1=00000000 D2=00000002 A0=00A6E13D A1=00004A68 nib=68939
  $A6E21A  eor.b   D1, D4                               D0=00A60498 D1=00000000 D2=00000002 A0=00A6E13D A1=00004A68 nib=68939
  $A6E21C  rol.w   #6, D1                               D0=00A60498 D1=00000000 D2=00000002 A0=00A6E13D A1=00004A68 nib=68939
  $A6E21E  move.b  (A5), (A5)                           D0=00A60498 D1=00000000 D2=00000002 A0=00A6E13D A1=00004A68 nib=68939
  $A6E220  bmi     $a6e224                              D0=00A60498 D1=00000000 D2=00000002 A0=00A6E13D A1=00004A68 nib=68939
  $A6E224  move.b  (A4), D5                             D0=00A60498 D1=00000000 D2=00000002 A0=00A6E13D A1=00004A68 nib=68939
  $A6E226  bpl     $a6e224                              D0=00A60498 D1=00000000 D2=00000002 A0=00A6E13D A1=00004A68 nib=68939
  $A6E224  move.b  (A4), D5                             D0=00A60498 D1=00000000 D2=00000002 A0=00A6E13D A1=00004A68 nib=68939
  $A6E226  bpl     $a6e224                              D0=00A60498 D1=00000000 D2=00000002 A0=00A6E13D A1=00004A68 nib=68939
  $A6E224  move.b  (A4), D5                             D0=00A60498 D1=00000000 D2=00000002 A0=00A6E13D A1=00004A68 nib=68939
  $A6E226  bpl     $a6e224                              D0=00A60498 D1=00000000 D2=00000002 A0=00A6E13D A1=00004A68 nib=68939
  $A6E224  move.b  (A4), D5                             D0=00A60498 D1=00000000 D2=00000002 A0=00A6E13D A1=00004A68 nib=68939
  $A6E226  bpl     $a6e224                              D0=00A60498 D1=00000000 D2=00000002 A0=00A6E13D A1=00004A68 nib=68939
  $A6E224  move.b  (A4), D5                             D0=00A60498 D1=00000000 D2=00000002 A0=00A6E13D A1=00004A68 nib=68939
  $A6E226  bpl     $a6e224                              D0=00A60498 D1=00000000 D2=00000002 A0=00A6E13D A1=00004A68 nib=68939
  $A6E224  move.b  (A4), D5                             D0=00A60498 D1=00000000 D2=00000002 A0=00A6E13D A1=00004A68 nib=68939
  $A6E226  bpl     $a6e224                              D0=00A60498 D1=00000000 D2=00000002 A0=00A6E13D A1=00004A68 nib=68939
  $A6E224  move.b  (A4), D5                             D0=00A60498 D1=00000000 D2=00000002 A0=00A6E13D A1=00004A68 nib=68939
  $A6E226  bpl     $a6e224                              D0=00A60498 D1=00000000 D2=00000002 A0=00A6E13D A1=00004A68 nib=68939
  $A6E224  move.b  (A4), D5                             D0=00A60498 D1=00000000 D2=00000002 A0=00A6E13D A1=00004A68 nib=68939
  $A6E226  bpl     $a6e224                              D0=00A60498 D1=00000000 D2=00000002 A0=00A6E13D A1=00004A68 nib=68939
  $A6E224  move.b  (A4), D5                             D0=00A60498 D1=00000000 D2=00000002 A0=00A6E13D A1=00004A68 nib=68939
  $A6E226  bpl     $a6e224                              D0=00A60498 D1=00000000 D2=00000002 A0=00A6E13D A1=00004A68 nib=68940
  $A6E228  move.b  ($0,A3,D5.w), D3                     D0=00A60498 D1=00000000 D2=00000002 A0=00A6E13D A1=00004A68 nib=68940
  $A6E22C  eor.b   D3, D4                               D0=00A60498 D1=00000000 D2=00000002 A0=00A6E13D A1=00004A68 nib=68940
  $A6E22E  move.b  (A5), (A5)                           D0=00A60498 D1=00000000 D2=00000002 A0=00A6E13D A1=00004A68 nib=68940
  $A6E230  bmi     $a6e234                              D0=00A60498 D1=00000000 D2=00000002 A0=00A6E13D A1=00004A68 nib=68940
  $A6E234  move.b  (A4), D5                             D0=00A60498 D1=00000000 D2=00000002 A0=00A6E13D A1=00004A68 nib=68940
  $A6E236  bpl     $a6e234                              D0=00A60498 D1=00000000 D2=00000002 A0=00A6E13D A1=00004A68 nib=68940
  $A6E234  move.b  (A4), D5                             D0=00A60498 D1=00000000 D2=00000002 A0=00A6E13D A1=00004A68 nib=68940
  $A6E236  bpl     $a6e234                              D0=00A60498 D1=00000000 D2=00000002 A0=00A6E13D A1=00004A68 nib=68940
  $A6E234  move.b  (A4), D5                             D0=00A60498 D1=00000000 D2=00000002 A0=00A6E13D A1=00004A68 nib=68940
  $A6E236  bpl     $a6e234                              D0=00A60498 D1=00000000 D2=00000002 A0=00A6E13D A1=00004A68 nib=68940
  $A6E234  move.b  (A4), D5                             D0=00A60498 D1=00000000 D2=00000002 A0=00A6E13D A1=00004A68 nib=68940
  $A6E236  bpl     $a6e234                              D0=00A60498 D1=00000000 D2=00000002 A0=00A6E13D A1=00004A68 nib=68940
  $A6E234  move.b  (A4), D5                             D0=00A60498 D1=00000000 D2=00000002 A0=00A6E13D A1=00004A68 nib=68940
  $A6E236  bpl     $a6e234                              D0=00A60498 D1=00000000 D2=00000002 A0=00A6E13D A1=00004A68 nib=68940
  $A6E234  move.b  (A4), D5                             D0=00A60498 D1=00000000 D2=00000002 A0=00A6E13D A1=00004A68 nib=68940
  $A6E236  bpl     $a6e234                              D0=00A60498 D1=00000000 D2=00000002 A0=00A6E13D A1=00004A68 nib=68940
  $A6E234  move.b  (A4), D5                             D0=00A60498 D1=00000000 D2=00000002 A0=00A6E13D A1=00004A68 nib=68940
  $A6E236  bpl     $a6e234                              D0=00A60498 D1=00000000 D2=00000002 A0=00A6E13D A1=00004A68 nib=68940
  $A6E234  move.b  (A4), D5                             D0=00A60498 D1=00000000 D2=00000002 A0=00A6E13D A1=00004A68 nib=68940
  $A6E236  bpl     $a6e234                              D0=00A60498 D1=00000000 D2=00000002 A0=00A6E13D A1=00004A68 nib=68940
  $A6E234  move.b  (A4), D5                             D0=00A60498 D1=00000000 D2=00000002 A0=00A6E13D A1=00004A68 nib=68940
  $A6E236  bpl     $a6e234                              D0=00A60498 D1=00000000 D2=00000002 A0=00A6E13D A1=00004A68 nib=68941
  $A6E238  move.b  ($0,A3,D5.w), D5                     D0=00A60498 D1=00000000 D2=00000002 A0=00A6E13D A1=00004A68 nib=68941
  $A6E23C  eor.b   D5, D4                               D0=00A60498 D1=00000000 D2=00000002 A0=00A6E13D A1=00004A68 nib=68941
  $A6E23E  bne     $a6e258                              D0=00A60498 D1=00000000 D2=00000002 A0=00A6E13D A1=00004A68 nib=68941
  $A6E240  moveq   #$1, D4                              D0=00A60498 D1=00000000 D2=00000002 A0=00A6E13D A1=00004A68 nib=68941
  $A6E242  move.b  (A5), (A5)                           D0=00A60498 D1=00000000 D2=00000002 A0=00A6E13D A1=00004A68 nib=68941
  $A6E244  bmi     $a6e248                              D0=00A60498 D1=00000000 D2=00000002 A0=00A6E13D A1=00004A68 nib=68941
  $A6E248  move.b  (A4), D5                             D0=00A60498 D1=00000000 D2=00000002 A0=00A6E13D A1=00004A68 nib=68941
  $A6E24A  bpl     $a6e248                              D0=00A60498 D1=00000000 D2=00000002 A0=00A6E13D A1=00004A68 nib=68941
  $A6E248  move.b  (A4), D5                             D0=00A60498 D1=00000000 D2=00000002 A0=00A6E13D A1=00004A68 nib=68941
  $A6E24A  bpl     $a6e248                              D0=00A60498 D1=00000000 D2=00000002 A0=00A6E13D A1=00004A68 nib=68941
  $A6E248  move.b  (A4), D5                             D0=00A60498 D1=00000000 D2=00000002 A0=00A6E13D A1=00004A68 nib=68941
  $A6E24A  bpl     $a6e248                              D0=00A60498 D1=00000000 D2=00000002 A0=00A6E13D A1=00004A68 nib=68941
  $A6E248  move.b  (A4), D5                             D0=00A60498 D1=00000000 D2=00000002 A0=00A6E13D A1=00004A68 nib=68941
  $A6E24A  bpl     $a6e248                              D0=00A60498 D1=00000000 D2=00000002 A0=00A6E13D A1=00004A68 nib=68941
  $A6E248  move.b  (A4), D5                             D0=00A60498 D1=00000000 D2=00000002 A0=00A6E13D A1=00004A68 nib=68941
  $A6E24A  bpl     $a6e248                              D0=00A60498 D1=00000000 D2=00000002 A0=00A6E13D A1=00004A68 nib=68941
  $A6E248  move.b  (A4), D5                             D0=00A60498 D1=00000000 D2=00000002 A0=00A6E13D A1=00004A68 nib=68941
  $A6E24A  bpl     $a6e248                              D0=00A60498 D1=00000000 D2=00000002 A0=00A6E13D A1=00004A68 nib=68941
  $A6E248  move.b  (A4), D5                             D0=00A60498 D1=00000000 D2=00000002 A0=00A6E13D A1=00004A68 nib=68941
  $A6E24A  bpl     $a6e248                              D0=00A60498 D1=00000000 D2=00000002 A0=00A6E13D A1=00004A68 nib=68941
  $A6E248  move.b  (A4), D5                             D0=00A60498 D1=00000000 D2=00000002 A0=00A6E13D A1=00004A68 nib=68941
  $A6E24A  bpl     $a6e248                              D0=00A60498 D1=00000000 D2=00000002 A0=00A6E13D A1=00004A68 nib=68941
  $A6E248  move.b  (A4), D5                             D0=00A60498 D1=00000000 D2=00000002 A0=00A6E13D A1=00004A68 nib=68941
  $A6E24A  bpl     $a6e248                              D0=00A60498 D1=00000000 D2=00000002 A0=00A6E13D A1=00004A68 nib=68941
  $A6E248  move.b  (A4), D5                             D0=00A60498 D1=00000000 D2=00000002 A0=00A6E13D A1=00004A68 nib=68941
  $A6E24A  bpl     $a6e248                              D0=00A60498 D1=00000000 D2=00000002 A0=00A6E13D A1=00004A68 nib=68942
  $A6E24C  cmp.b   (A0)+, D5                            D0=00A60498 D1=00000000 D2=00000002 A0=00A6E13D A1=00004A68 nib=68942
  $A6E24E  bne     $a6e25c                              D0=00A60498 D1=00000000 D2=00000002 A0=00A6E13E A1=00004A68 nib=68942
  $A6E250  dbra    D4, $a6e242                          D0=00A60498 D1=00000000 D2=00000002 A0=00A6E13E A1=00004A68 nib=68942
  $A6E242  move.b  (A5), (A5)                           D0=00A60498 D1=00000000 D2=00000002 A0=00A6E13E A1=00004A68 nib=68942
  $A6E244  bmi     $a6e248                              D0=00A60498 D1=00000000 D2=00000002 A0=00A6E13E A1=00004A68 nib=68942
  $A6E248  move.b  (A4), D5                             D0=00A60498 D1=00000000 D2=00000002 A0=00A6E13E A1=00004A68 nib=68942
  $A6E24A  bpl     $a6e248                              D0=00A60498 D1=00000000 D2=00000002 A0=00A6E13E A1=00004A68 nib=68942
  $A6E248  move.b  (A4), D5                             D0=00A60498 D1=00000000 D2=00000002 A0=00A6E13E A1=00004A68 nib=68942
  $A6E24A  bpl     $a6e248                              D0=00A60498 D1=00000000 D2=00000002 A0=00A6E13E A1=00004A68 nib=68942
  $A6E248  move.b  (A4), D5                             D0=00A60498 D1=00000000 D2=00000002 A0=00A6E13E A1=00004A68 nib=68942
  $A6E24A  bpl     $a6e248                              D0=00A60498 D1=00000000 D2=00000002 A0=00A6E13E A1=00004A68 nib=68942
  $A6E248  move.b  (A4), D5                             D0=00A60498 D1=00000000 D2=00000002 A0=00A6E13E A1=00004A68 nib=68942
  $A6E24A  bpl     $a6e248                              D0=00A60498 D1=00000000 D2=00000002 A0=00A6E13E A1=00004A68 nib=68942
  $A6E248  move.b  (A4), D5                             D0=00A60498 D1=00000000 D2=00000002 A0=00A6E13E A1=00004A68 nib=68942
  $A6E24A  bpl     $a6e248                              D0=00A60498 D1=00000000 D2=00000002 A0=00A6E13E A1=00004A68 nib=68942
  $A6E248  move.b  (A4), D5                             D0=00A60498 D1=00000000 D2=00000002 A0=00A6E13E A1=00004A68 nib=68942
  $A6E24A  bpl     $a6e248                              D0=00A60498 D1=00000000 D2=00000002 A0=00A6E13E A1=00004A68 nib=68942
  $A6E248  move.b  (A4), D5                             D0=00A60498 D1=00000000 D2=00000002 A0=00A6E13E A1=00004A68 nib=68942
  $A6E24A  bpl     $a6e248                              D0=00A60498 D1=00000000 D2=00000002 A0=00A6E13E A1=00004A68 nib=68942
  $A6E248  move.b  (A4), D5                             D0=00A60498 D1=00000000 D2=00000002 A0=00A6E13E A1=00004A68 nib=68942
  $A6E24A  bpl     $a6e248                              D0=00A60498 D1=00000000 D2=00000002 A0=00A6E13E A1=00004A68 nib=68942
  $A6E248  move.b  (A4), D5                             D0=00A60498 D1=00000000 D2=00000002 A0=00A6E13E A1=00004A68 nib=68942
  $A6E24A  bpl     $a6e248                              D0=00A60498 D1=00000000 D2=00000002 A0=00A6E13E A1=00004A68 nib=68942
  $A6E248  move.b  (A4), D5                             D0=00A60498 D1=00000000 D2=00000002 A0=00A6E13E A1=00004A68 nib=68942
  $A6E24A  bpl     $a6e248                              D0=00A60498 D1=00000000 D2=00000002 A0=00A6E13E A1=00004A68 nib=68943
  $A6E24C  cmp.b   (A0)+, D5                            D0=00A60498 D1=00000000 D2=00000002 A0=00A6E13E A1=00004A68 nib=68943
  $A6E24E  bne     $a6e25c                              D0=00A60498 D1=00000000 D2=00000002 A0=00A6E13F A1=00004A68 nib=68943
  $A6E250  dbra    D4, $a6e242                          D0=00A60498 D1=00000000 D2=00000002 A0=00A6E13F A1=00004A68 nib=68943
  $A6E254  bra     $a6d7f4                              D0=00A60498 D1=00000000 D2=00000002 A0=00A6E13F A1=00004A68 nib=68943
  $A6D7F4  move.l  $124.w, -(A7)                        D0=00A60498 D1=00000000 D2=00000002 A0=00A6E13F A1=00004A68 nib=68943
  $A6D7F8  tst.w   D0                                   D0=00A60498 D1=00000000 D2=00000002 A0=00A6E13F A1=00004A68 nib=68943
  $A6D7FA  rts                                          D0=00A60498 D1=00000000 D2=00000002 A0=00A6E13F A1=00004A68 nib=68943
  $A6ECCA  bsr     $a6d338                              D0=00A60498 D1=00000000 D2=00000002 A0=00A6E13F A1=00004A68 nib=68943
  $A6D338  movea.l (A7)+, A4                            D0=00A60498 D1=00000000 D2=00000002 A0=00A6E13F A1=00004A68 nib=68943
  $A6D33A  pea     ($14,PC); ($a6d350)                  D0=00A60498 D1=00000000 D2=00000002 A0=00A6E13F A1=00004A68 nib=68943
  $A6D33E  move.l  $13e.w, -(A7)                        D0=00A60498 D1=00000000 D2=00000002 A0=00A6E13F A1=00004A68 nib=68943
  $A6D342  beq     $a6d35c                              D0=00A60498 D1=00000000 D2=00000002 A0=00A6E13F A1=00004A68 nib=68943
  $A6D35C  movea.l $13a.w, A7                           D0=00A60498 D1=00000000 D2=00000002 A0=00A6E13F A1=00004A68 nib=68943
  $A6D360  bsr     $a6d3f2                              D0=00A60498 D1=00000000 D2=00000002 A0=00A6E13F A1=00004A68 nib=68943
  $A6D3F2  bsr     $a6d3fa                              D0=00A60498 D1=00000000 D2=00000002 A0=00A6E13F A1=00004A68 nib=68943
  $A6D3FA  movea.l $134.w, A1                           D0=00A60498 D1=00000000 D2=00000002 A0=00A6E13F A1=00004A68 nib=68943
  $A6D3FE  move.w  ($12,A1), D1                         D0=00A60498 D1=00000000 D2=00000002 A0=00A6E13F A1=00004A68 nib=68943
  $A6D402  cmpi.w  #$4, D1                              D0=00A60498 D1=00000001 D2=00000002 A0=00A6E13F A1=00004A68 nib=68943
  $A6D406  bls     $a6d40a                              D0=00A60498 D1=00000001 D2=00000002 A0=00A6E13F A1=00004A68 nib=68943
  $A6D40A  add.w   D1, D1                               D0=00A60498 D1=00000001 D2=00000002 A0=00A6E13F A1=00004A68 nib=68943
  $A6D40C  rts                                          D0=00A60498 D1=00000002 D2=00000002 A0=00A6E13F A1=00004A68 nib=68944
  $A6D3F4  move.w  (-$26,PC,D1.w), D1                   D0=00A60498 D1=00000002 D2=00000002 A0=00A6E13F A1=00004A68 nib=68944
  $A6D3F8  rts                                          D0=00A60498 D1=0000004A D2=00000002 A0=00A6E13F A1=00004A68 nib=68944
  $A6D364  jmp     (A4)                                 D0=00A60498 D1=0000004A D2=00000002 A0=00A6E13F A1=00004A68 nib=68944
  $A6ECCE  move.w  (A7)+, SR                            D0=00A60498 D1=0000004A D2=00000002 A0=00A6E13F A1=00004A68 nib=68944
  $A6ECD0  move.w  (A7)+, D1                            D0=00A60498 D1=0000004A D2=00000002 A0=00A6E13F A1=00004A68 nib=68944
  $A6ECD2  tst.w   D0                                   D0=00A60498 D1=00000005 D2=00000002 A0=00A6E13F A1=00004A68 nib=68944
  $A6ECD4  dbpl    D1, $a6ecbe                          D0=00A60498 D1=00000005 D2=00000002 A0=00A6E13F A1=00004A68 nib=68944
  $A6ECD8  bra     $a6d3f2                              D0=00A60498 D1=00000005 D2=00000002 A0=00A6E13F A1=00004A68 nib=68944
  $A6D3F2  bsr     $a6d3fa                              D0=00A60498 D1=00000005 D2=00000002 A0=00A6E13F A1=00004A68 nib=68944
  $A6D3FA  movea.l $134.w, A1                           D0=00A60498 D1=00000005 D2=00000002 A0=00A6E13F A1=00004A68 nib=68944
  $A6D3FE  move.w  ($12,A1), D1                         D0=00A60498 D1=00000005 D2=00000002 A0=00A6E13F A1=00004A68 nib=68944
  $A6D402  cmpi.w  #$4, D1                              D0=00A60498 D1=00000001 D2=00000002 A0=00A6E13F A1=00004A68 nib=68944
  $A6D406  bls     $a6d40a                              D0=00A60498 D1=00000001 D2=00000002 A0=00A6E13F A1=00004A68 nib=68944
  $A6D40A  add.w   D1, D1                               D0=00A60498 D1=00000001 D2=00000002 A0=00A6E13F A1=00004A68 nib=68944
  $A6D40C  rts                                          D0=00A60498 D1=00000002 D2=00000002 A0=00A6E13F A1=00004A68 nib=68944
  $A6D3F4  move.w  (-$26,PC,D1.w), D1                   D0=00A60498 D1=00000002 D2=00000002 A0=00A6E13F A1=00004A68 nib=68944
  $A6D3F8  rts                                          D0=00A60498 D1=0000004A D2=00000002 A0=00A6E13F A1=00004A68 nib=68944
  $A6EC80  tst.w   D0                                   D0=00A60498 D1=0000004A D2=00000002 A0=00A6E13F A1=00004A68 nib=68944
  $A6EC82  bmi     $a6ec98                              D0=00A60498 D1=0000004A D2=00000002 A0=00A6E13F A1=00004A68 nib=68944
  $A6EC84  move.b  ($18,A1,D1.w), ($17,A1,D1.w)         D0=00A60498 D1=0000004A D2=00000002 A0=00A6E13F A1=00004A68 nib=68944
  $A6EC8A  bpl     $a6ecb8                              D0=00A60498 D1=0000004A D2=00000002 A0=00A6E13F A1=00004A68 nib=68944
  $A6EC8C  addq.b  #$1, ($3,A1,D1.w)                    D0=00A60498 D1=0000004A D2=00000002 A0=00A6E13F A1=00004A68 nib=68944
  $A6EC90  move.w  #$fe70, D0                           D0=00A60498 D1=0000004A D2=00000002 A0=00A6E13F A1=00004A68 nib=68944
  $A6EC94  bra     $a6cf44                              D0=00A6FE70 D1=0000004A D2=00000002 A0=00A6E13F A1=00004A68 nib=68944
  $A6CF44  move.w  ($3a,A1), D2                         D0=00A6FE70 D1=0000004A D2=00000002 A0=00A6E13F A1=00004A68 nib=68944
  $A6CF48  bra     $a6cf4c                              D0=00A6FE70 D1=0000004A D2=00000005 A0=00A6E13F A1=00004A68 nib=68944
  $A6CF4C  move.w  D0, -(A7)                            D0=00A6FE70 D1=0000004A D2=00000005 A0=00A6E13F A1=00004A68 nib=68944
  $A6CF4E  move.w  D2, D0                               D0=00A6FE70 D1=0000004A D2=00000005 A0=00A6E13F A1=00004A68 nib=68944
  $A6CF50  bsr     $a6d68a                              D0=00A60005 D1=0000004A D2=00000005 A0=00A6E13F A1=00004A68 nib=68944
  $A6D68A  bsr     $a6d3f2                              D0=00A60005 D1=0000004A D2=00000005 A0=00A6E13F A1=00004A68 nib=68944
  $A6D3F2  bsr     $a6d3fa                              D0=00A60005 D1=0000004A D2=00000005 A0=00A6E13F A1=00004A68 nib=68944
  $A6D3FA  movea.l $134.w, A1                           D0=00A60005 D1=0000004A D2=00000005 A0=00A6E13F A1=00004A68 nib=68944
  $A6D3FE  move.w  ($12,A1), D1                         D0=00A60005 D1=0000004A D2=00000005 A0=00A6E13F A1=00004A68 nib=68944
  $A6D402  cmpi.w  #$4, D1                              D0=00A60005 D1=00000001 D2=00000005 A0=00A6E13F A1=00004A68 nib=68944
  $A6D406  bls     $a6d40a                              D0=00A60005 D1=00000001 D2=00000005 A0=00A6E13F A1=00004A68 nib=68944
  $A6D40A  add.w   D1, D1                               D0=00A60005 D1=00000001 D2=00000005 A0=00A6E13F A1=00004A68 nib=68944
  $A6D40C  rts                                          D0=00A60005 D1=00000002 D2=00000005 A0=00A6E13F A1=00004A68 nib=68944
  $A6D3F4  move.w  (-$26,PC,D1.w), D1                   D0=00A60005 D1=00000002 D2=00000005 A0=00A6E13F A1=00004A68 nib=68945
  $A6D3F8  rts                                          D0=00A60005 D1=0000004A D2=00000005 A0=00A6E13F A1=00004A68 nib=68945
  $A6D68E  move.w  D0, ($1a,A1)                         D0=00A60005 D1=0000004A D2=00000005 A0=00A6E13F A1=00004A68 nib=68945
  $A6D692  beq     $a6d69c                              D0=00A60005 D1=0000004A D2=00000005 A0=00A6E13F A1=00004A68 nib=68945
  $A6D694  move.w  ($12,A1), ($116,A1)                  D0=00A60005 D1=0000004A D2=00000005 A0=00A6E13F A1=00004A68 nib=68945
  $A6D69A  rts                                          D0=00A60005 D1=0000004A D2=00000005 A0=00A6E13F A1=00004A68 nib=68945
  $A6CF54  move.w  (A7)+, D0                            D0=00A60005 D1=0000004A D2=00000005 A0=00A6E13F A1=00004A68 nib=68945
  $A6CF56  andi.w  #-$701, SR                           D0=00A6FE70 D1=0000004A D2=00000005 A0=00A6E13F A1=00004A68 nib=68945
  $A6CF5A  bra     $a6cb64                              D0=00A6FE70 D1=0000004A D2=00000005 A0=00A6E13F A1=00004A68 nib=68945
  $A6CB64  tst.w   D0                                   D0=00A6FE70 D1=0000004A D2=00000005 A0=00A6E13F A1=00004A68 nib=68945
  $A6CB66  beq     $a6cb6c                              D0=00A6FE70 D1=0000004A D2=00000005 A0=00A6E13F A1=00004A68 nib=68945
  $08B496  cmpi.w  #$64, ($6,A7)                        D0=00A6FE70 D1=0000004A D2=00000005 A0=00A6E13F A1=00004A68 nib=68945
  $08B49C  bne     $8b4e4                               D0=00A6FE70 D1=0000004A D2=00000005 A0=00A6E13F A1=00004A68 nib=68945
  $08B49E  movem.l D0-D1/A0-A1, -(A7)                   D0=00A6FE70 D1=0000004A D2=00000005 A0=00A6E13F A1=00004A68 nib=68945
  $08B4A2  moveq   #$17, D1                             D0=00A6FE70 D1=0000004A D2=00000005 A0=00A6E13F A1=00004A68 nib=68945
  $08B4A4  move.w  ($10,A7), D0                         D0=00A6FE70 D1=00000017 D2=00000005 A0=00A6E13F A1=00004A68 nib=68945
  $08B4A8  andi.w  #-$3900, D0                          D0=00A62008 D1=00000017 D2=00000005 A0=00A6E13F A1=00004A68 nib=68945
  $08B4AC  bne     $8b4e0                               D0=00A60000 D1=00000017 D2=00000005 A0=00A6E13F A1=00004A68 nib=68945
  $08B4AE  btst    #$6, $160.w                          D0=00A60000 D1=00000017 D2=00000005 A0=00A6E13F A1=00004A68 nib=68945
  $08B4B4  bne     $8b4e0                               D0=00A60000 D1=00000017 D2=00000005 A0=00A6E13F A1=00004A68 nib=68945
  $08B4B6  btst    #$6, $d92.w                          D0=00A60000 D1=00000017 D2=00000005 A0=00A6E13F A1=00004A68 nib=68945
  $08B4BC  bne     $8b4e0                               D0=00A60000 D1=00000017 D2=00000005 A0=00A6E13F A1=00004A68 nib=68945
  $08B4BE  jsr     (-$77c,PC); ($8ad44)                 D0=00A60000 D1=00000017 D2=00000005 A0=00A6E13F A1=00004A68 nib=68945
  $08AD44  move.l  (-$1c,PC), D0; ($8ad2a)              D0=00A60000 D1=00000017 D2=00000005 A0=00A6E13F A1=00004A68 nib=68945
  $08AD48  rts                                          D0=0000627C D1=00000017 D2=00000005 A0=00A6E13F A1=00004A68 nib=68945
  $08B4C2  movea.l D0, A0                               D0=0000627C D1=00000017 D2=00000005 A0=00A6E13F A1=00004A68 nib=68945
  $08B4C4  tst.b   (A0)                                 D0=0000627C D1=00000017 D2=00000005 A0=0000627C A1=00004A68 nib=68945
  $08B4C6  bne     $8b4e0                               D0=0000627C D1=00000017 D2=00000005 A0=0000627C A1=00004A68 nib=68945
  $08B4E0  movem.l (A7)+, D0-D1/A0-A1                   D0=0000627C D1=00000017 D2=00000005 A0=0000627C A1=00004A68 nib=68945
  $08B4E4  move.l  ($6a,PC), -(A7); ($8b550)            D0=00A6FE70 D1=0000004A D2=00000005 A0=00A6E13F A1=00004A68 nib=68946
  $08B4E8  rts                                          D0=00A6FE70 D1=0000004A D2=00000005 A0=00A6E13F A1=00004A68 nib=68946
  $079120  move.l  A0, -(A7)                            D0=00A6FE70 D1=0000004A D2=00000005 A0=00A6E13F A1=00004A68 nib=68946
  $079122  lea     (-$e,PC), A0; ($79116)               D0=00A6FE70 D1=0000004A D2=00000005 A0=00A6E13F A1=00004A68 nib=68946
  $079126  tst.w   (A0)                                 D0=00A6FE70 D1=0000004A D2=00000005 A0=00079116 A1=00004A68 nib=68946
  $079128  bne     $79138                               D0=00A6FE70 D1=0000004A D2=00000005 A0=00079116 A1=00004A68 nib=68946
  $07912A  tst.w   (-$2,A0)                             D0=00A6FE70 D1=0000004A D2=00000005 A0=00079116 A1=00004A68 nib=68946
  $07912E  beq     $7913e                               D0=00A6FE70 D1=0000004A D2=00000005 A0=00079116 A1=00004A68 nib=68946
  $07913E  movea.l (A7)+, A0                            D0=00A6FE70 D1=0000004A D2=00000005 A0=00079116 A1=00004A68 nib=68946
  $079140  move.l  (-$26,PC), -(A7); ($7911c)           D0=00A6FE70 D1=0000004A D2=00000005 A0=00A6E13F A1=00004A68 nib=68946
  $079144  rts                                          D0=00A6FE70 D1=0000004A D2=00000005 A0=00A6E13F A1=00004A68 nib=68946
  $A09B60  movem.l D0-D3/A0-A3, -(A7)                   D0=00A6FE70 D1=0000004A D2=00000005 A0=00A6E13F A1=00004A68 nib=68946
  $A09B64  lea     ($5a,PC), A3; ($a09bc0)              D0=00A6FE70 D1=0000004A D2=00000005 A0=00A6E13F A1=00004A68 nib=68946
  $A09B68  tst.b   $cb2.w                               D0=00A6FE70 D1=0000004A D2=00000005 A0=00A6E13F A1=00004A68 nib=68946
  $A09B6C  bne     $a09b8a                              D0=00A6FE70 D1=0000004A D2=00000005 A0=00A6E13F A1=00004A68 nib=68946
  $A09B6E  jsr     (A3)                                 D0=00A6FE70 D1=0000004A D2=00000005 A0=00A6E13F A1=00004A68 nib=68946
  $A09BC0  movea.l $1d4.w, A1                           D0=00A6FE70 D1=0000004A D2=00000005 A0=00A6E13F A1=00004A68 nib=68946
  $A09BC4  moveq   #$7f, D0                             D0=00A6FE70 D1=0000004A D2=00000005 A0=00A6E13F A1=50F00000 nib=68946
  $A09BC6  and.b   ($1a00,A1), D0                       D0=0000007F D1=0000004A D2=00000005 A0=00A6E13F A1=50F00000 nib=68946
  $A09BCA  and.b   ($1c00,A1), D0                       D0=00000042 D1=0000004A D2=00000005 A0=00A6E13F A1=50F00000 nib=68946
  $A09BCE  movea.w ($2a,PC,D0.w*2), A0                  D0=00000002 D1=0000004A D2=00000005 A0=00A6E13F A1=50F00000 nib=68946
  $A09BD2  movea.l (A0), A0                             D0=00000002 D1=0000004A D2=00000005 A0=00000196 A1=50F00000 nib=68946
  $A09BD4  jmp     (A0)                                 D0=00000002 D1=0000004A D2=00000005 A0=40A0A296 A1=50F00000 nib=68946
  $A0A296  addq.l  #$1, $16a.w                          D0=00000002 D1=0000004A D2=00000005 A0=40A0A296 A1=50F00000 nib=68946
  $A0A29A  move.b  #$2, ($1a00,A1)                      D0=00000002 D1=0000004A D2=00000005 A0=40A0A296 A1=50F00000 nib=68947
  $A0A2A0  bset    #$6, $160.w                          D0=00000002 D1=0000004A D2=00000005 A0=40A0A296 A1=50F00000 nib=68947
  $A0A2A6  bne     $a0a294                              D0=00000002 D1=0000004A D2=00000005 A0=40A0A296 A1=50F00000 nib=68947
  $A0A2A8  move.w  #$2000, SR                           D0=00000002 D1=0000004A D2=00000005 A0=40A0A296 A1=50F00000 nib=68947
  $A0A2AC  move.l  $110.w, D0                           D0=00000002 D1=0000004A D2=00000005 A0=40A0A296 A1=50F00000 nib=68947
  $A0A2B0  beq     $a0a2c6                              D0=009C2D9E D1=0000004A D2=00000005 A0=40A0A296 A1=50F00000 nib=68947
  $A0A2B2  cmpa.l  D0, A7                               D0=009C2D9E D1=0000004A D2=00000005 A0=40A0A296 A1=50F00000 nib=68947
  $A0A2B4  bcc     $a0a2ba                              D0=009C2D9E D1=0000004A D2=00000005 A0=40A0A296 A1=50F00000 nib=68947
  $A0A2BA  movea.l $2aa.w, A1                           D0=009C2D9E D1=0000004A D2=00000005 A0=40A0A296 A1=50F00000 nib=68947
  $A0A2BE  cmpa.l  (A1), A7                             D0=009C2D9E D1=0000004A D2=00000005 A0=40A0A296 A1=0099DD00 nib=68947
  $A0A2C0  bcc     $a0a2c6                              D0=009C2D9E D1=0000004A D2=00000005 A0=40A0A296 A1=0099DD00 nib=68947
  $A0A2C6  lea     $160.w, A1                           D0=009C2D9E D1=0000004A D2=00000005 A0=40A0A296 A1=0099DD00 nib=68947
  $A0A2CA  lea     ($2,A1), A0                          D0=009C2D9E D1=0000004A D2=00000005 A0=40A0A296 A1=00000160 nib=68947
  $A0A2CE  move.l  (A0), D0                             D0=009C2D9E D1=0000004A D2=00000005 A0=00000162 A1=00000160 nib=68947
  $A0A2D0  beq     $a0a2f4                              D0=00004A6C D1=0000004A D2=00000005 A0=00000162 A1=00000160 nib=68947
  $A0A2D2  movea.l D0, A0                               D0=00004A6C D1=0000004A D2=00000005 A0=00000162 A1=00000160 nib=68947
  $A0A2D4  subq.w  #$1, ($a,A0)                         D0=00004A6C D1=0000004A D2=00000005 A0=00004A6C A1=00000160 nib=68947
  $A0A2D8  bne     $a0a2ce                              D0=00004A6C D1=0000004A D2=00000005 A0=00004A6C A1=00000160 nib=68947
  $A0A2CE  move.l  (A0), D0                             D0=00004A6C D1=0000004A D2=00000005 A0=00004A6C A1=00000160 nib=68947
  $A0A2D0  beq     $a0a2f4                              D0=009DADBA D1=0000004A D2=00000005 A0=00004A6C A1=00000160 nib=68947
  $A0A2D2  movea.l D0, A0                               D0=009DADBA D1=0000004A D2=00000005 A0=00004A6C A1=00000160 nib=68947
  $A0A2D4  subq.w  #$1, ($a,A0)                         D0=009DADBA D1=0000004A D2=00000005 A0=009DADBA A1=00000160 nib=68947
  $A0A2D8  bne     $a0a2ce                              D0=009DADBA D1=0000004A D2=00000005 A0=009DADBA A1=00000160 nib=68947
  $A0A2DA  move.l  A0, -(A7)                            D0=009DADBA D1=0000004A D2=00000005 A0=009DADBA A1=00000160 nib=68947
  $A0A2DC  move.l  A1, -(A7)                            D0=009DADBA D1=0000004A D2=00000005 A0=009DADBA A1=00000160 nib=68947
  $A0A2DE  movea.l ($6,A0), A1                          D0=009DADBA D1=0000004A D2=00000005 A0=009DADBA A1=00000160 nib=68947
  $A0A2E2  jsr     (A1)                                 D0=009DADBA D1=0000004A D2=00000005 A0=009DADBA A1=009DADB0 nib=68947
  $9DADB0  bra     $9dadcc                              D0=009DADBA D1=0000004A D2=00000005 A0=009DADBA A1=009DADB0 nib=68947
  $9DADCC  lea     (-$a,PC), A0; ($9dadc4)              D0=009DADBA D1=0000004A D2=00000005 A0=009DADBA A1=009DADB0 nib=68947
  $9DADD0  move.w  #$1, (A0)                            D0=009DADBA D1=0000004A D2=00000005 A0=009DADC4 A1=009DADB0 nib=68947
  $9DADD4  movea.l (-$e,PC), A0; ($9dadc8)              D0=009DADBA D1=0000004A D2=00000005 A0=009DADC4 A1=009DADB0 nib=68947
  $9DADD8  st      ($a0,A0)                             D0=009DADBA D1=0000004A D2=00000005 A0=009D89F0 A1=009DADB0 nib=68947
  $9DADDC  movea.l ($12,A0), A1                         D0=009DADBA D1=0000004A D2=00000005 A0=009D89F0 A1=009DADB0 nib=68947
  $9DADE0  move.l  ($e,A1), D0                          D0=009DADBA D1=0000004A D2=00000005 A0=009D89F0 A1=009DA2EC nib=68948
  $9DADE4  btst    #$2, D0                              D0=00000003 D1=0000004A D2=00000005 A0=009D89F0 A1=009DA2EC nib=68948
  $9DADE8  bne     $9dae70                              D0=00000003 D1=0000004A D2=00000005 A0=009D89F0 A1=009DA2EC nib=68948
  $9DADEC  lea     ($c0,A0), A1                         D0=00000003 D1=0000004A D2=00000005 A0=009D89F0 A1=009DA2EC nib=68948
  $9DADF0  move.w  $832.w, D0                           D0=00000003 D1=0000004A D2=00000005 A0=009D89F0 A1=009D8AB0 nib=68948
  $9DADF4  cmp.w   ($2,A1), D0                          D0=0000000F D1=0000004A D2=00000005 A0=009D89F0 A1=009D8AB0 nib=68948
  $9DADF8  blt     $9dae10                              D0=0000000F D1=0000004A D2=00000005 A0=009D89F0 A1=009D8AB0 nib=68948
  $9DAE10  tst.l   ($a2,A0)                             D0=0000000F D1=0000004A D2=00000005 A0=009D89F0 A1=009D8AB0 nib=68948
  $9DAE14  beq     $9dae3e                              D0=0000000F D1=0000004A D2=00000005 A0=009D89F0 A1=009D8AB0 nib=68948
  $9DAE3E  movea.l (-$78,PC), A0; ($9dadc8)             D0=0000000F D1=0000004A D2=00000005 A0=009D89F0 A1=009D8AB0 nib=68948
  $9DAE42  tst.b   ($a1,A0)                             D0=0000000F D1=0000004A D2=00000005 A0=009D89F0 A1=009D8AB0 nib=68948
  $9DAE46  bne     $9dae70                              D0=0000000F D1=0000004A D2=00000005 A0=009D89F0 A1=009D8AB0 nib=68948
  $9DAE70  movea.l (-$bc,PC), A1; ($9dadb6)             D0=0000000F D1=0000004A D2=00000005 A0=009D89F0 A1=009D8AB0 nib=68948
  $9DAE74  cmpa.w  #$0, A1                              D0=0000000F D1=0000004A D2=00000005 A0=009D89F0 A1=00000000 nib=68948
  $9DAE78  beq     $9dae80                              D0=0000000F D1=0000004A D2=00000005 A0=009D89F0 A1=00000000 nib=68948
  $9DAE80  rts                                          D0=0000000F D1=0000004A D2=00000005 A0=009D89F0 A1=00000000 nib=68948
  $A0A2E4  movea.l (A7)+, A1                            D0=0000000F D1=0000004A D2=00000005 A0=009D89F0 A1=00000000 nib=68948
  $A0A2E6  movea.l (A7)+, A0                            D0=0000000F D1=0000004A D2=00000005 A0=009D89F0 A1=00000160 nib=68948
  $A0A2E8  tst.w   ($a,A0)                              D0=0000000F D1=0000004A D2=00000005 A0=009DADBA A1=00000160 nib=68948
  $A0A2EC  bne     $a0a2ce                              D0=0000000F D1=0000004A D2=00000005 A0=009DADBA A1=00000160 nib=68948
  $A0A2CE  move.l  (A0), D0                             D0=0000000F D1=0000004A D2=00000005 A0=009DADBA A1=00000160 nib=68948
  $A0A2D0  beq     $a0a2f4                              D0=009C9402 D1=0000004A D2=00000005 A0=009DADBA A1=00000160 nib=68948
  $A0A2D2  movea.l D0, A0                               D0=009C9402 D1=0000004A D2=00000005 A0=009DADBA A1=00000160 nib=68948
  $A0A2D4  subq.w  #$1, ($a,A0)                         D0=009C9402 D1=0000004A D2=00000005 A0=009C9402 A1=00000160 nib=68948
  $A0A2D8  bne     $a0a2ce                              D0=009C9402 D1=0000004A D2=00000005 A0=009C9402 A1=00000160 nib=68948
  $A0A2DA  move.l  A0, -(A7)                            D0=009C9402 D1=0000004A D2=00000005 A0=009C9402 A1=00000160 nib=68948
  $A0A2DC  move.l  A1, -(A7)                            D0=009C9402 D1=0000004A D2=00000005 A0=009C9402 A1=00000160 nib=68948
  $A0A2DE  movea.l ($6,A0), A1                          D0=009C9402 D1=0000004A D2=00000005 A0=009C9402 A1=00000160 nib=68948
  $A0A2E2  jsr     (A1)                                 D0=009C9402 D1=0000004A D2=00000005 A0=009C9402 A1=009CA90A nib=68948
  $9CA90A  jmp     $9a1f96.l                            D0=009C9402 D1=0000004A D2=00000005 A0=009C9402 A1=009CA90A nib=68948
  $9A1F96  link    A6, #$0                              D0=009C9402 D1=0000004A D2=00000005 A0=009C9402 A1=009CA90A nib=68948
  $9A1F9A  move.l  A4, -(A7)                            D0=009C9402 D1=0000004A D2=00000005 A0=009C9402 A1=009CA90A nib=68949
  $9A1F9C  jsr     (-$644,PC); ($9a195a)                D0=009C9402 D1=0000004A D2=00000005 A0=009C9402 A1=009CA90A nib=68949
  $9A195A  move.l  (-$e,PC), D0; ($9a194e)              D0=009C9402 D1=0000004A D2=00000005 A0=009C9402 A1=009CA90A nib=68949
  $9A195E  rts                                          D0=009CA2F8 D1=0000004A D2=00000005 A0=009C9402 A1=009CA90A nib=68949
  $9A1FA0  exg     D0, A5                               D0=009CA2F8 D1=0000004A D2=00000005 A0=009C9402 A1=009CA90A nib=68949
  $9A1FA2  movea.l D0, A4                               D0=50F01E00 D1=0000004A D2=00000005 A0=009C9402 A1=009CA90A nib=68949
  $9A1FA4  tst.b   (-$ea2,A5)                           D0=50F01E00 D1=0000004A D2=00000005 A0=009C9402 A1=009CA90A nib=68949
  $9A1FA8  bne     $9a2002                              D0=50F01E00 D1=0000004A D2=00000005 A0=009C9402 A1=009CA90A nib=68949
  $9A1FAA  tst.b   (-$e9a,A5)                           D0=50F01E00 D1=0000004A D2=00000005 A0=009C9402 A1=009CA90A nib=68949
  $9A1FAE  beq     $9a1fee                              D0=50F01E00 D1=0000004A D2=00000005 A0=009C9402 A1=009CA90A nib=68949
  $9A1FEE  tst.b   (-$e9c,A5)                           D0=50F01E00 D1=0000004A D2=00000005 A0=009C9402 A1=009CA90A nib=68949
  $9A1FF2  bne     $9a2002                              D0=50F01E00 D1=0000004A D2=00000005 A0=009C9402 A1=009CA90A nib=68949
  $9A2002  move.w  #$a, (-$eec,A5)                      D0=50F01E00 D1=0000004A D2=00000005 A0=009C9402 A1=009CA90A nib=68949
  $9A2008  move.l  A4, D0                               D0=50F01E00 D1=0000004A D2=00000005 A0=009C9402 A1=009CA90A nib=68949
  $9A200A  exg     D0, A5                               D0=50F01E00 D1=0000004A D2=00000005 A0=009C9402 A1=009CA90A nib=68949
  $9A200C  movea.l (-$4,A6), A4                         D0=009CA2F8 D1=0000004A D2=00000005 A0=009C9402 A1=009CA90A nib=68949
  $9A2010  unlk    A6                                   D0=009CA2F8 D1=0000004A D2=00000005 A0=009C9402 A1=009CA90A nib=68949
  $9A2012  rts                                          D0=009CA2F8 D1=0000004A D2=00000005 A0=009C9402 A1=009CA90A nib=68949
  $A0A2E4  movea.l (A7)+, A1                            D0=009CA2F8 D1=0000004A D2=00000005 A0=009C9402 A1=009CA90A nib=68949
  $A0A2E6  movea.l (A7)+, A0                            D0=009CA2F8 D1=0000004A D2=00000005 A0=009C9402 A1=00000160 nib=68949
  $A0A2E8  tst.w   ($a,A0)                              D0=009CA2F8 D1=0000004A D2=00000005 A0=009C9402 A1=00000160 nib=68949
  $A0A2EC  bne     $a0a2ce                              D0=009CA2F8 D1=0000004A D2=00000005 A0=009C9402 A1=00000160 nib=68949
  $A0A2CE  move.l  (A0), D0                             D0=009CA2F8 D1=0000004A D2=00000005 A0=009C9402 A1=00000160 nib=68949
  $A0A2D0  beq     $a0a2f4                              D0=00000000 D1=0000004A D2=00000005 A0=009C9402 A1=00000160 nib=68949
  $A0A2F4  bclr    #$6, (A1)                            D0=00000000 D1=0000004A D2=00000005 A0=009C9402 A1=00000160 nib=68949
  $A0A2F8  rts                                          D0=00000000 D1=0000004A D2=00000005 A0=009C9402 A1=00000160 nib=68949
  $A09B70  tst.l   $d94.w                               D0=00000000 D1=0000004A D2=00000005 A0=009C9402 A1=00000160 nib=68949
  $A09B74  beq     $a09b84                              D0=00000000 D1=0000004A D2=00000005 A0=009C9402 A1=00000160 nib=68949
  $A09B84  movem.l (A7)+, D0-D3/A0-A3                   D0=00000000 D1=0000004A D2=00000005 A0=009C9402 A1=00000160 nib=68949
  $A09B88  rte                                          D0=00A6FE70 D1=0000004A D2=00000005 A0=00A6E13F A1=00004A68 nib=68950
  $A6CB66  beq     $a6cb6c                              D0=00A6FE70 D1=0000004A D2=00000005 A0=00A6E13F A1=00004A68 nib=68950
  $A6CB68  move.w  D0, $142.w                           D0=00A6FE70 D1=0000004A D2=00000005 A0=00A6E13F A1=00004A68 nib=68950
  $A6CB6C  movea.l $134.w, A1                           D0=00A6FE70 D1=0000004A D2=00000005 A0=00A6E13F A1=00004A68 nib=68950
  $A6CB70  clr.b   ($19,A1)                             D0=00A6FE70 D1=0000004A D2=00000005 A0=00A6E13F A1=00004A68 nib=68950
  $A6CB74  movea.l (A1), A1                             D0=00A6FE70 D1=0000004A D2=00000005 A0=00A6E13F A1=00004A68 nib=68950
  $A6CB76  move.l  $8fc.w, -(A7)                        D0=00A6FE70 D1=0000004A D2=00000005 A0=00A6E13F A1=00004A2C nib=68950
  $A6CB7A  rts                                          D0=00A6FE70 D1=0000004A D2=00000005 A0=00A6E13F A1=00004A2C nib=68950
  $06AFEA  move.l  (A7), D1                             D0=00A6FE70 D1=0000004A D2=00000005 A0=00A6E13F A1=00004A2C nib=68950
  $06AFEC  and.l   $31a.w, D1                           D0=00A6FE70 D1=00A6D5DE D2=00000005 A0=00A6E13F A1=00004A2C nib=68950
  $06AFF0  cmpi.l  #$86cebe, D1                         D0=00A6FE70 D1=00A6D5DE D2=00000005 A0=00A6E13F A1=00004A2C nib=68950
  $06AFF6  bne     $6affa                               D0=00A6FE70 D1=00A6D5DE D2=00000005 A0=00A6E13F A1=00004A2C nib=68950
  $06AFFA  jmp     $40a0b572.l                          D0=00A6FE70 D1=00A6D5DE D2=00000005 A0=00A6E13F A1=00004A2C nib=68950
  $A0B572  move.w  D0, -(A7)                            D0=00A6FE70 D1=00A6D5DE D2=00000005 A0=00A6E13F A1=00004A2C nib=68950
  $A0B574  move.l  D0, -(A7)                            D0=00A6FE70 D1=00A6D5DE D2=00000005 A0=00A6E13F A1=00004A2C nib=68950
  $A0B576  move.l  A1, D0                               D0=00A6FE70 D1=00A6D5DE D2=00000005 A0=00A6E13F A1=00004A2C nib=68950
  $A0B578  dc.w    $a055; opcode 1010                   D0=00004A2C D1=00A6D5DE D2=00000005 A0=00A6E13F A1=00004A2C nib=68950
  $A099B0  move.l  A2, -(A7)                            D0=00004A2C D1=00A6D5DE D2=00000005 A0=00A6E13F A1=00004A2C nib=68950
  $A099B2  move.l  D2, -(A7)                            D0=00004A2C D1=00A6D5DE D2=00000005 A0=00A6E13F A1=00004A2C nib=68950
  $A099B4  movea.l ($a,A7), A2                          D0=00004A2C D1=00A6D5DE D2=00000005 A0=00A6E13F A1=00004A2C nib=68950
  $A099B8  move.w  (A2)+, D2                            D0=00004A2C D1=00A6D5DE D2=00000005 A0=00A6E13F A1=00004A2C nib=68950
  $A099BA  cmpi.w  #-$5800, D2                          D0=00004A2C D1=00A6D5DE D2=0000A055 A0=00A6E13F A1=00004A2C nib=68950
  $A099BE  bcs     $a099f0                              D0=00004A2C D1=00A6D5DE D2=0000A055 A0=00A6E13F A1=00004A2C nib=68950
  $A099F0  move.l  D1, -(A7)                            D0=00004A2C D1=00A6D5DE D2=0000A055 A0=00A6E13F A1=00004A2C nib=68950
  $A099F2  move.l  A1, -(A7)                            D0=00004A2C D1=00A6D5DE D2=0000A055 A0=00A6E13F A1=00004A2C nib=68950
  $A099F4  move.w  D2, D1                               D0=00004A2C D1=00A6D5DE D2=0000A055 A0=00A6E13F A1=00004A2C nib=68950
  $A099F6  move.l  A2, ($14,A7)                         D0=00004A2C D1=00A6A055 D2=0000A055 A0=00A6E13F A1=00004A2C nib=68950
  $A099FA  andi.w  #$100, D2                            D0=00004A2C D1=00A6A055 D2=0000A055 A0=00A6E13F A1=00004A2C nib=68950
  $A099FE  bne     $a09a20                              D0=00004A2C D1=00A6A055 D2=00000000 A0=00A6E13F A1=00004A2C nib=68950
  $A09A00  move.b  D1, D2                               D0=00004A2C D1=00A6A055 D2=00000000 A0=00A6E13F A1=00004A2C nib=68951
  $A09A02  move.l  A0, -(A7)                            D0=00004A2C D1=00A6A055 D2=00000055 A0=00A6E13F A1=00004A2C nib=68951
  $A09A04  jsr     ([$400, D2.w*4], $0)                 D0=00004A2C D1=00A6A055 D2=00000055 A0=00A6E13F A1=00004A2C nib=68951
  $A0D76C  and.l   $31a.w, D0                           D0=00004A2C D1=00A6A055 D2=00000055 A0=00A6E13F A1=00004A2C nib=68951
  $A0D770  rts                                          D0=00004A2C D1=00A6A055 D2=00000055 A0=00A6E13F A1=00004A2C nib=68951
  $A09A0A  movea.l (A7)+, A0                            D0=00004A2C D1=00A6A055 D2=00000055 A0=00A6E13F A1=00004A2C nib=68951
  $A09A0C  movea.l (A7)+, A1                            D0=00004A2C D1=00A6A055 D2=00000055 A0=00A6E13F A1=00004A2C nib=68951
  $A09A0E  move.l  (A7)+, D1                            D0=00004A2C D1=00A6A055 D2=00000055 A0=00A6E13F A1=00004A2C nib=68951
  $A09A10  move.l  (A7)+, D2                            D0=00004A2C D1=00A6D5DE D2=00000055 A0=00A6E13F A1=00004A2C nib=68951
  $A09A12  movea.l (A7)+, A2                            D0=00004A2C D1=00A6D5DE D2=00000005 A0=00A6E13F A1=00004A2C nib=68951
  $A09A14  tst.w   D0                                   D0=00004A2C D1=00A6D5DE D2=00000005 A0=00A6E13F A1=00004A2C nib=68951
  $A09A16  addq.w  #$4, A7                              D0=00004A2C D1=00A6D5DE D2=00000005 A0=00A6E13F A1=00004A2C nib=68951
  $A09A18  rts                                          D0=00004A2C D1=00A6D5DE D2=00000005 A0=00A6E13F A1=00004A2C nib=68951
  $A0B57A  movea.l D0, A1                               D0=00004A2C D1=00A6D5DE D2=00000005 A0=00A6E13F A1=00004A2C nib=68951
  $A0B57C  move.l  (A7)+, D0                            D0=00004A2C D1=00A6D5DE D2=00000005 A0=00A6E13F A1=00004A2C nib=68951
  $A0B57E  bsr     $a0b584                              D0=00A6FE70 D1=00A6D5DE D2=00000005 A0=00A6E13F A1=00004A2C nib=68951
  $A0B584  move.l  ($8,A1), D1                          D0=00A6FE70 D1=00A6D5DE D2=00000005 A0=00A6E13F A1=00004A2C nib=68951
  $A0B588  beq     $a0b5aa                              D0=00A6FE70 D1=009C3B96 D2=00000005 A0=00A6E13F A1=00004A2C nib=68951
  $A0B58A  move.w  SR, -(A7)                            D0=00A6FE70 D1=009C3B96 D2=00000005 A0=00A6E13F A1=00004A2C nib=68951
  $A0B58C  move.w  SR, D1                               D0=00A6FE70 D1=009C3B96 D2=00000005 A0=00A6E13F A1=00004A2C nib=68951
  $A0B58E  ori.w   #$700, SR                            D0=00A6FE70 D1=009C2000 D2=00000005 A0=00A6E13F A1=00004A2C nib=68951
  $A0B592  bsr     $a0b5a4                              D0=00A6FE70 D1=009C2000 D2=00000005 A0=00A6E13F A1=00004A2C nib=68951
  $A0B5A4  bclr    #$7, ($5,A1)                         D0=00A6FE70 D1=009C2000 D2=00000005 A0=00A6E13F A1=00004A2C nib=68951
  $A0B5AA  btst    #$6, ($4,A1)                         D0=00A6FE70 D1=009C2000 D2=00000005 A0=00A6E13F A1=00004A2C nib=68951
  $A0B5B0  bne     $a0b5c0                              D0=00A6FE70 D1=009C2000 D2=00000005 A0=00A6E13F A1=00004A2C nib=68951
  $A0B5C0  rts                                          D0=00A6FE70 D1=009C2000 D2=00000005 A0=00A6E13F A1=00004A2C nib=68951
  $A0B594  bsr     $a0b5c2                              D0=00A6FE70 D1=009C2000 D2=00000005 A0=00A6E13F A1=00004A2C nib=68952
  $A0B5C2  movea.l ($8,A1), A0                          D0=00A6FE70 D1=009C2000 D2=00000005 A0=00A6E13F A1=00004A2C nib=68952
  $A0B5C6  cmpi.w  #$2, ($4,A0)                         D0=00A6FE70 D1=009C2000 D2=00000005 A0=009C3B96 A1=00004A2C nib=68952
  $A0B5CC  bne     $a0b566                              D0=00A6FE70 D1=009C2000 D2=00000005 A0=009C3B96 A1=00004A2C nib=68952
  $A0B5CE  move.l  (A0), ($8,A1)                        D0=00A6FE70 D1=009C2000 D2=00000005 A0=009C3B96 A1=00004A2C nib=68952
  $A0B5D2  bne     $a0b5d8                              D0=00A6FE70 D1=009C2000 D2=00000005 A0=009C3B96 A1=00004A2C nib=68952
  $A0B5D4  clr.l   ($c,A1)                              D0=00A6FE70 D1=009C2000 D2=00000005 A0=009C3B96 A1=00004A2C nib=68952
  $A0B5D8  move.w  D1, SR                               D0=00A6FE70 D1=009C2000 D2=00000005 A0=009C3B96 A1=00004A2C nib=68952
  $A0B5DA  move.w  D0, ($10,A0)                         D0=00A6FE70 D1=009C2000 D2=00000005 A0=009C3B96 A1=00004A2C nib=68952
  (live trace armed for the next Prime, 4000 instructions)
[4186437373] PRIME #2 READ off=$400 (sector 2) req=$200 buf=$06FEB4 posMode=1 pb=$0003A4 caller=$A0B69E track=0
T $A6C406  move.l  $226.w, -(A7)                        D0=00000000 D1=00000026 D2=80004A2C A0=000003A4 A1=80004A2C nib=68971
T $A6C40A  rts                                          D0=00000000 D1=00000026 D2=80004A2C A0=000003A4 A1=80004A2C nib=68971
T $A6CE9A  ori.w   #$100, SR                            D0=00000000 D1=00000026 D2=80004A2C A0=000003A4 A1=80004A2C nib=68971
T $A6CE9E  move.w  ($6,A0), D3                          D0=00000000 D1=00000026 D2=80004A2C A0=000003A4 A1=80004A2C nib=68971
T $A6CEA2  btst    #$6, ($2d,A0)                        D0=00000000 D1=00000026 D2=80004A2C A0=000003A4 A1=80004A2C nib=68971
T $A6CEA8  sne     $12c.w                               D0=00000000 D1=00000026 D2=80004A2C A0=000003A4 A1=80004A2C nib=68971
T $A6CEAC  bsr     $a6ce6a                              D0=00000000 D1=00000026 D2=80004A2C A0=000003A4 A1=80004A2C nib=68971
T $A6CE6A  movea.l $134.w, A1                           D0=00000000 D1=00000026 D2=80004A2C A0=000003A4 A1=80004A2C nib=68971
T $A6CE6E  st      ($19,A1)                             D0=00000000 D1=00000026 D2=80004A2C A0=000003A4 A1=00004A68 nib=68971
T $A6CE72  move.w  ($16,A0), D0                         D0=00000000 D1=00000026 D2=80004A2C A0=000003A4 A1=00004A68 nib=68971
T $A6CE76  beq     $a6ce90                              D0=00000001 D1=00000026 D2=80004A2C A0=000003A4 A1=00004A68 nib=68971
T $A6CE78  cmpi.w  #$4, D0                              D0=00000001 D1=00000026 D2=80004A2C A0=000003A4 A1=00004A68 nib=68971
T $A6CE7C  bhi     $a6ce90                              D0=00000001 D1=00000026 D2=80004A2C A0=000003A4 A1=00004A68 nib=68971
T $A6CE7E  move.w  ($12,A1), ($112,A1)                  D0=00000001 D1=00000026 D2=80004A2C A0=000003A4 A1=00004A68 nib=68971
T $A6CE84  move.w  D0, ($12,A1)                         D0=00000001 D1=00000026 D2=80004A2C A0=000003A4 A1=00004A68 nib=68971
T $A6CE88  bsr     $a6d3f2                              D0=00000001 D1=00000026 D2=80004A2C A0=000003A4 A1=00004A68 nib=68971
T $A6D3F2  bsr     $a6d3fa                              D0=00000001 D1=00000026 D2=80004A2C A0=000003A4 A1=00004A68 nib=68971
T $A6D3FA  movea.l $134.w, A1                           D0=00000001 D1=00000026 D2=80004A2C A0=000003A4 A1=00004A68 nib=68971
T $A6D3FE  move.w  ($12,A1), D1                         D0=00000001 D1=00000026 D2=80004A2C A0=000003A4 A1=00004A68 nib=68972
T $A6D402  cmpi.w  #$4, D1                              D0=00000001 D1=00000001 D2=80004A2C A0=000003A4 A1=00004A68 nib=68972
T $A6D406  bls     $a6d40a                              D0=00000001 D1=00000001 D2=80004A2C A0=000003A4 A1=00004A68 nib=68972
T $A6D40A  add.w   D1, D1                               D0=00000001 D1=00000001 D2=80004A2C A0=000003A4 A1=00004A68 nib=68972
T $A6D40C  rts                                          D0=00000001 D1=00000002 D2=80004A2C A0=000003A4 A1=00004A68 nib=68972
T $A6D3F4  move.w  (-$26,PC,D1.w), D1                   D0=00000001 D1=00000002 D2=80004A2C A0=000003A4 A1=00004A68 nib=68972
T $A6D3F8  rts                                          D0=00000001 D1=0000004A D2=80004A2C A0=000003A4 A1=00004A68 nib=68972
T $A6CE8C  moveq   #$0, D0                              D0=00000001 D1=0000004A D2=80004A2C A0=000003A4 A1=00004A68 nib=68972
T $A6CE8E  rts                                          D0=00000000 D1=0000004A D2=80004A2C A0=000003A4 A1=00004A68 nib=68972
T $A6CEAE  bne     $a6cf56                              D0=00000000 D1=0000004A D2=80004A2C A0=000003A4 A1=00004A68 nib=68972
T $A6CEB2  move.w  D3, ($32,A1)                         D0=00000000 D1=0000004A D2=80004A2C A0=000003A4 A1=00004A68 nib=68972
T $A6CEB6  moveq   #-$40, D0                            D0=00000000 D1=0000004A D2=80004A2C A0=000003A4 A1=00004A68 nib=68972
T $A6CEB8  tst.b   ($4,A1,D1.w)                         D0=FFFFFFC0 D1=0000004A D2=80004A2C A0=000003A4 A1=00004A68 nib=68972
T $A6CEBC  bmi     $a6cf56                              D0=FFFFFFC0 D1=0000004A D2=80004A2C A0=000003A4 A1=00004A68 nib=68972
T $A6CEC0  tst.b   ($138,A1)                            D0=FFFFFFC0 D1=0000004A D2=80004A2C A0=000003A4 A1=00004A68 nib=68972
T $A6CEC4  bpl     $a6ceca                              D0=FFFFFFC0 D1=0000004A D2=80004A2C A0=000003A4 A1=00004A68 nib=68972
T $A6CEC6  bsr     $a6eaf8                              D0=FFFFFFC0 D1=0000004A D2=80004A2C A0=000003A4 A1=00004A68 nib=68972
T $A6EAF8  bsr     $a6d3f2                              D0=FFFFFFC0 D1=0000004A D2=80004A2C A0=000003A4 A1=00004A68 nib=68972
T $A6D3F2  bsr     $a6d3fa                              D0=FFFFFFC0 D1=0000004A D2=80004A2C A0=000003A4 A1=00004A68 nib=68972
T $A6D3FA  movea.l $134.w, A1                           D0=FFFFFFC0 D1=0000004A D2=80004A2C A0=000003A4 A1=00004A68 nib=68972
T $A6D3FE  move.w  ($12,A1), D1                         D0=FFFFFFC0 D1=0000004A D2=80004A2C A0=000003A4 A1=00004A68 nib=68972
T $A6D402  cmpi.w  #$4, D1                              D0=FFFFFFC0 D1=00000001 D2=80004A2C A0=000003A4 A1=00004A68 nib=68972
T $A6D406  bls     $a6d40a                              D0=FFFFFFC0 D1=00000001 D2=80004A2C A0=000003A4 A1=00004A68 nib=68972
T $A6D40A  add.w   D1, D1                               D0=FFFFFFC0 D1=00000001 D2=80004A2C A0=000003A4 A1=00004A68 nib=68972
T $A6D40C  rts                                          D0=FFFFFFC0 D1=00000002 D2=80004A2C A0=000003A4 A1=00004A68 nib=68972
T $A6D3F4  move.w  (-$26,PC,D1.w), D1                   D0=FFFFFFC0 D1=00000002 D2=80004A2C A0=000003A4 A1=00004A68 nib=68972
T $A6D3F8  rts                                          D0=FFFFFFC0 D1=0000004A D2=80004A2C A0=000003A4 A1=00004A68 nib=68972
T $A6EAFC  tst.b   ($138,A1)                            D0=FFFFFFC0 D1=0000004A D2=80004A2C A0=000003A4 A1=00004A68 nib=68973
T $A6EB00  bpl     $a6d63e                              D0=FFFFFFC0 D1=0000004A D2=80004A2C A0=000003A4 A1=00004A68 nib=68973
T $A6EB04  move.w  SR, -(A7)                            D0=FFFFFFC0 D1=0000004A D2=80004A2C A0=000003A4 A1=00004A68 nib=68973
T $A6EB06  ori.w   #$700, SR                            D0=FFFFFFC0 D1=0000004A D2=80004A2C A0=000003A4 A1=00004A68 nib=68973
T $A6EB0A  moveq   #$1, D2                              D0=FFFFFFC0 D1=0000004A D2=80004A2C A0=000003A4 A1=00004A68 nib=68973
T $A6EB0C  movea.l $1e0.w, A0                           D0=FFFFFFC0 D1=0000004A D2=00000001 A0=000003A4 A1=00004A68 nib=68973
T $A6EB10  move.b  #$38, ($c00,A0)                      D0=FFFFFFC0 D1=0000004A D2=00000001 A0=50F16000 A1=00004A68 nib=68973
T $A6EB16  moveq   #-$b, D0                             D0=FFFFFFC0 D1=0000004A D2=00000001 A0=50F16000 A1=00004A68 nib=68973
T $A6EB18  move.b  D0, ($800,A0)                        D0=FFFFFFF5 D1=0000004A D2=00000001 A0=50F16000 A1=00004A68 nib=68973
T $A6EB1C  cmp.b   ($1800,A0), D0                       D0=FFFFFFF5 D1=0000004A D2=00000001 A0=50F16000 A1=00004A68 nib=68973
T $A6EB20  bne     $a6eb4a                              D0=FFFFFFF5 D1=0000004A D2=00000001 A0=50F16000 A1=00004A68 nib=68973
T $A6EB4A  clr.b   ($139,A1)                            D0=FFFFFFF5 D1=0000004A D2=00000001 A0=50F16000 A1=00004A68 nib=68973
T $A6EB4E  move.l  D2, -(A7)                            D0=FFFFFFF5 D1=0000004A D2=00000001 A0=50F16000 A1=00004A68 nib=68973
T $A6EB50  bsr     $a6d63e                              D0=FFFFFFF5 D1=0000004A D2=00000001 A0=50F16000 A1=00004A68 nib=68973
T $A6D63E  tst.b   ($1a00,A0)                           D0=FFFFFFF5 D1=0000004A D2=00000001 A0=50F16000 A1=00004A68 nib=68973
T $A6D642  moveq   #$1f, D0                             D0=FFFFFFF5 D1=0000004A D2=00000001 A0=50F16000 A1=00004A68 nib=68973
T $A6D644  and.b   ($1c00,A0), D0                       D0=0000001F D1=0000004A D2=00000001 A0=50F16000 A1=00004A68 nib=68973
T $A6D648  tst.b   ($1800,A0)                           D0=00000017 D1=0000004A D2=00000001 A0=50F16000 A1=00004A68 nib=68973
T $A6D64C  cmpi.b  #$17, D0                             D0=00000017 D1=0000004A D2=00000001 A0=50F16000 A1=00004A68 nib=68973
T $A6D650  beq     $a6d682                              D0=00000017 D1=0000004A D2=00000001 A0=50F16000 A1=00004A68 nib=68973
T $A6D682  tst.b   ($1800,A0)                           D0=00000017 D1=0000004A D2=00000001 A0=50F16000 A1=00004A68 nib=68973
T $A6D686  moveq   #$0, D0                              D0=00000017 D1=0000004A D2=00000001 A0=50F16000 A1=00004A68 nib=68973
T $A6D688  rts                                          D0=00000000 D1=0000004A D2=00000001 A0=50F16000 A1=00004A68 nib=68973
T $A6EB54  move.l  (A7)+, D2                            D0=00000000 D1=0000004A D2=00000001 A0=50F16000 A1=00004A68 nib=68973
T $A6EB56  tst.w   D0                                   D0=00000000 D1=0000004A D2=00000001 A0=50F16000 A1=00004A68 nib=68973
T $A6EB58  bne     $a6ebb2                              D0=00000000 D1=0000004A D2=00000001 A0=50F16000 A1=00004A68 nib=68973
T $A6EB5A  tst.b   ($17,A1,D1.w)                        D0=00000000 D1=0000004A D2=00000001 A0=50F16000 A1=00004A68 nib=68973
T $A6EB5E  bpl     $a6ebb2                              D0=00000000 D1=0000004A D2=00000001 A0=50F16000 A1=00004A68 nib=68973
T $A6EB60  tst.b   ($1c00,A0)                           D0=00000000 D1=0000004A D2=00000001 A0=50F16000 A1=00004A68 nib=68973
T $A6EB64  tst.b   ($1000,A0)                           D0=00000000 D1=0000004A D2=00000001 A0=50F16000 A1=00004A68 nib=68973
T $A6EB68  tst.b   ($1a00,A0)                           D0=00000000 D1=0000004A D2=00000001 A0=50F16000 A1=00004A68 nib=68973
T $A6EB6C  moveq   #$57, D0                             D0=00000000 D1=0000004A D2=00000001 A0=50F16000 A1=00004A68 nib=68973
T $A6EB6E  move.b  D0, ($1e00,A0)                       D0=00000057 D1=0000004A D2=00000001 A0=50F16000 A1=00004A68 nib=68973
T $A6EB72  move.b  #$17, ($1e00,A0)                     D0=00000057 D1=0000004A D2=00000001 A0=50F16000 A1=00004A68 nib=68973
T $A6EB78  move.b  D0, ($1e00,A0)                       D0=00000057 D1=0000004A D2=00000001 A0=50F16000 A1=00004A68 nib=68973
T $A6EB7C  move.b  D0, ($1e00,A0)                       D0=00000057 D1=0000004A D2=00000001 A0=50F16000 A1=00004A68 nib=68973
T $A6EB80  dbra    D2, $a6eb0c                          D0=00000057 D1=0000004A D2=00000001 A0=50F16000 A1=00004A68 nib=68973
T $A6EB0C  movea.l $1e0.w, A0                           D0=00000057 D1=0000004A D2=00000000 A0=50F16000 A1=00004A68 nib=68973
T $A6EB10  move.b  #$38, ($c00,A0)                      D0=00000057 D1=0000004A D2=00000000 A0=50F16000 A1=00004A68 nib=68973
T $A6EB16  moveq   #-$b, D0                             D0=00000057 D1=0000004A D2=00000000 A0=50F16000 A1=00004A68 nib=68973
T $A6EB18  move.b  D0, ($800,A0)                        D0=FFFFFFF5 D1=0000004A D2=00000000 A0=50F16000 A1=00004A68 nib=68973
T $A6EB1C  cmp.b   ($1800,A0), D0                       D0=FFFFFFF5 D1=0000004A D2=00000000 A0=50F16000 A1=00004A68 nib=68973
T $A6EB20  bne     $a6eb4a                              D0=FFFFFFF5 D1=0000004A D2=00000000 A0=50F16000 A1=00004A68 nib=68973
T $A6EB22  moveq   #-$a, D0                             D0=FFFFFFF5 D1=0000004A D2=00000000 A0=50F16000 A1=00004A68 nib=68973
T $A6EB24  move.b  D0, ($800,A0)                        D0=FFFFFFF6 D1=0000004A D2=00000000 A0=50F16000 A1=00004A68 nib=68973
T $A6EB28  cmp.b   ($1800,A0), D0                       D0=FFFFFFF6 D1=0000004A D2=00000000 A0=50F16000 A1=00004A68 nib=68973
T $A6EB2C  bne     $a6eb4a                              D0=FFFFFFF6 D1=0000004A D2=00000000 A0=50F16000 A1=00004A68 nib=68973
T $A6EB2E  moveq   #-$9, D0                             D0=FFFFFFF6 D1=0000004A D2=00000000 A0=50F16000 A1=00004A68 nib=68973
T $A6EB30  move.b  D0, ($800,A0)                        D0=FFFFFFF7 D1=0000004A D2=00000000 A0=50F16000 A1=00004A68 nib=68973
T $A6EB34  cmp.b   ($1800,A0), D0                       D0=FFFFFFF7 D1=0000004A D2=00000000 A0=50F16000 A1=00004A68 nib=68973
T $A6EB38  bne     $a6eb4a                              D0=FFFFFFF7 D1=0000004A D2=00000000 A0=50F16000 A1=00004A68 nib=68973
T $A6EB3A  tst.b   ($17,A1,D1.w)                        D0=FFFFFFF7 D1=0000004A D2=00000000 A0=50F16000 A1=00004A68 nib=68973
T $A6EB3E  bmi     $a6eb86                              D0=FFFFFFF7 D1=0000004A D2=00000000 A0=50F16000 A1=00004A68 nib=68973
T $A6EB86  move.b  #$38, ($c00,A0)                      D0=FFFFFFF7 D1=0000004A D2=00000000 A0=50F16000 A1=00004A68 nib=68973
T $A6EB8C  move.b  #$c0, ($400,A0)                      D0=FFFFFFF7 D1=0000004A D2=00000000 A0=50F16000 A1=00004A68 nib=68973
T $A6EB92  moveq   #$20, D0                             D0=FFFFFFF7 D1=0000004A D2=00000000 A0=50F16000 A1=00004A68 nib=68973
T $A6EB94  move.b  D0, ($a00,A0)                        D0=00000020 D1=0000004A D2=00000000 A0=50F16000 A1=00004A68 nib=68973
T $A6EB98  cmp.b   ($1a00,A0), D0                       D0=00000020 D1=0000004A D2=00000000 A0=50F16000 A1=00004A68 nib=68973
T $A6EB9C  bne     $a6eba2                              D0=00000020 D1=0000004A D2=00000000 A0=50F16000 A1=00004A68 nib=68973
T $A6EB9E  bsr     $a6ebb8                              D0=00000020 D1=0000004A D2=00000000 A0=50F16000 A1=00004A68 nib=68973
T $A6EBB8  move.w  ($0,A1,D1.w), D0                     D0=00000020 D1=0000004A D2=00000000 A0=50F16000 A1=00004A68 nib=68973
T $A6EBBC  movea.l $1d4.w, A1                           D0=00000000 D1=0000004A D2=00000000 A0=50F16000 A1=00004A68 nib=68973
T $A6EBC0  adda.w  #$1e00, A1                           D0=00000000 D1=0000004A D2=00000000 A0=50F16000 A1=50F00000 nib=68973
T $A6EBC4  lea     ($52,PC), A2; ($a6ec18)              D0=00000000 D1=0000004A D2=00000000 A0=50F16000 A1=50F01E00 nib=68973
T $A6EBC8  addq.w  #$2, A2                              D0=00000000 D1=0000004A D2=00000000 A0=50F16000 A1=50F01E00 nib=68973
T $A6EBCA  cmp.w   (A2)+, D0                            D0=00000000 D1=0000004A D2=00000000 A0=50F16000 A1=50F01E00 nib=68973
T $A6EBCC  bge     $a6ebc8                              D0=00000000 D1=0000004A D2=00000000 A0=50F16000 A1=50F01E00 nib=68973
T $A6EBCE  move.w  (A2), D0                             D0=00000000 D1=0000004A D2=00000000 A0=50F16000 A1=50F01E00 nib=68973
T $A6EBD0  lea     ($48,PC,D0.w), A2                    D0=00000010 D1=0000004A D2=00000000 A0=50F16000 A1=50F01E00 nib=68973
T $A6EBD4  moveq   #$4, D2                              D0=00000010 D1=0000004A D2=00000000 A0=50F16000 A1=50F01E00 nib=68973
T $A6EBD6  move.b  #$38, ($c00,A0)                      D0=00000010 D1=0000004A D2=00000004 A0=50F16000 A1=50F01E00 nib=68973
T $A6EBDC  swap    D2                                   D0=00000010 D1=0000004A D2=00000004 A0=50F16000 A1=50F01E00 nib=68973
T $A6EBDE  moveq   #$f, D0                              D0=00000010 D1=0000004A D2=00040000 A0=50F16000 A1=50F01E00 nib=68973
T $A6EBE0  move.b  (A1), (A1)                           D0=0000000F D1=0000004A D2=00040000 A0=50F16000 A1=50F01E00 nib=68973
T $A6EBE2  move.b  ($1600,A0), D2                       D0=0000000F D1=0000004A D2=00040000 A0=50F16000 A1=50F01E00 nib=68973
T $A6EBE6  cmp.b   ($0,A2,D0.w), D2                     D0=0000000F D1=0000004A D2=00040000 A0=50F16000 A1=50F01E00 nib=68973
T $A6EBEA  dbne    D0, $a6ebe0                          D0=0000000F D1=0000004A D2=00040000 A0=50F16000 A1=50F01E00 nib=68973
T $A6EBEE  bne     $a6ebf8                              D0=0000000F D1=0000004A D2=00040000 A0=50F16000 A1=50F01E00 nib=68973
T $A6EBF8  move.b  #$38, ($c00,A0)                      D0=0000000F D1=0000004A D2=00040000 A0=50F16000 A1=50F01E00 nib=68973
T $A6EBFE  moveq   #$f, D0                              D0=0000000F D1=0000004A D2=00040000 A0=50F16000 A1=50F01E00 nib=68973
T $A6EC00  move.b  (A1), (A1)                           D0=0000000F D1=0000004A D2=00040000 A0=50F16000 A1=50F01E00 nib=68973
T $A6EC02  move.b  ($0,A2,D0.w), ($600,A0)              D0=0000000F D1=0000004A D2=00040000 A0=50F16000 A1=50F01E00 nib=68973
T $A6EC08  dbra    D0, $a6ec00                          D0=0000000F D1=0000004A D2=00040000 A0=50F16000 A1=50F01E00 nib=68973
T $A6EC00  move.b  (A1), (A1)                           D0=0000000E D1=0000004A D2=00040000 A0=50F16000 A1=50F01E00 nib=68973
T $A6EC02  move.b  ($0,A2,D0.w), ($600,A0)              D0=0000000E D1=0000004A D2=00040000 A0=50F16000 A1=50F01E00 nib=68973
T $A6EC08  dbra    D0, $a6ec00                          D0=0000000E D1=0000004A D2=00040000 A0=50F16000 A1=50F01E00 nib=68973
T $A6EC00  move.b  (A1), (A1)                           D0=0000000D D1=0000004A D2=00040000 A0=50F16000 A1=50F01E00 nib=68973
T $A6EC02  move.b  ($0,A2,D0.w), ($600,A0)              D0=0000000D D1=0000004A D2=00040000 A0=50F16000 A1=50F01E00 nib=68973
T $A6EC08  dbra    D0, $a6ec00                          D0=0000000D D1=0000004A D2=00040000 A0=50F16000 A1=50F01E00 nib=68973
T $A6EC00  move.b  (A1), (A1)                           D0=0000000C D1=0000004A D2=00040000 A0=50F16000 A1=50F01E00 nib=68973
T $A6EC02  move.b  ($0,A2,D0.w), ($600,A0)              D0=0000000C D1=0000004A D2=00040000 A0=50F16000 A1=50F01E00 nib=68973
T $A6EC08  dbra    D0, $a6ec00                          D0=0000000C D1=0000004A D2=00040000 A0=50F16000 A1=50F01E00 nib=68973
T $A6EC00  move.b  (A1), (A1)                           D0=0000000B D1=0000004A D2=00040000 A0=50F16000 A1=50F01E00 nib=68973
T $A6EC02  move.b  ($0,A2,D0.w), ($600,A0)              D0=0000000B D1=0000004A D2=00040000 A0=50F16000 A1=50F01E00 nib=68973
T $A6EC08  dbra    D0, $a6ec00                          D0=0000000B D1=0000004A D2=00040000 A0=50F16000 A1=50F01E00 nib=68973
T $A6EC00  move.b  (A1), (A1)                           D0=0000000A D1=0000004A D2=00040000 A0=50F16000 A1=50F01E00 nib=68973
T $A6EC02  move.b  ($0,A2,D0.w), ($600,A0)              D0=0000000A D1=0000004A D2=00040000 A0=50F16000 A1=50F01E00 nib=68973
T $A6EC08  dbra    D0, $a6ec00                          D0=0000000A D1=0000004A D2=00040000 A0=50F16000 A1=50F01E00 nib=68973
T $A6EC00  move.b  (A1), (A1)                           D0=00000009 D1=0000004A D2=00040000 A0=50F16000 A1=50F01E00 nib=68973
T $A6EC02  move.b  ($0,A2,D0.w), ($600,A0)              D0=00000009 D1=0000004A D2=00040000 A0=50F16000 A1=50F01E00 nib=68973
T $A6EC08  dbra    D0, $a6ec00                          D0=00000009 D1=0000004A D2=00040000 A0=50F16000 A1=50F01E00 nib=68973
T $A6EC00  move.b  (A1), (A1)                           D0=00000008 D1=0000004A D2=00040000 A0=50F16000 A1=50F01E00 nib=68973
T $A6EC02  move.b  ($0,A2,D0.w), ($600,A0)              D0=00000008 D1=0000004A D2=00040000 A0=50F16000 A1=50F01E00 nib=68973
T $A6EC08  dbra    D0, $a6ec00                          D0=00000008 D1=0000004A D2=00040000 A0=50F16000 A1=50F01E00 nib=68973
T $A6EC00  move.b  (A1), (A1)                           D0=00000007 D1=0000004A D2=00040000 A0=50F16000 A1=50F01E00 nib=68973
T $A6EC02  move.b  ($0,A2,D0.w), ($600,A0)              D0=00000007 D1=0000004A D2=00040000 A0=50F16000 A1=50F01E00 nib=68973
T $A6EC08  dbra    D0, $a6ec00                          D0=00000007 D1=0000004A D2=00040000 A0=50F16000 A1=50F01E00 nib=68973
T $A6EC00  move.b  (A1), (A1)                           D0=00000006 D1=0000004A D2=00040000 A0=50F16000 A1=50F01E00 nib=68973
T $A6EC02  move.b  ($0,A2,D0.w), ($600,A0)              D0=00000006 D1=0000004A D2=00040000 A0=50F16000 A1=50F01E00 nib=68973
T $A6EC08  dbra    D0, $a6ec00                          D0=00000006 D1=0000004A D2=00040000 A0=50F16000 A1=50F01E00 nib=68973
T $A6EC00  move.b  (A1), (A1)                           D0=00000005 D1=0000004A D2=00040000 A0=50F16000 A1=50F01E00 nib=68973
T $A6EC02  move.b  ($0,A2,D0.w), ($600,A0)              D0=00000005 D1=0000004A D2=00040000 A0=50F16000 A1=50F01E00 nib=68973
T $A6EC08  dbra    D0, $a6ec00                          D0=00000005 D1=0000004A D2=00040000 A0=50F16000 A1=50F01E00 nib=68973
T $A6EC00  move.b  (A1), (A1)                           D0=00000004 D1=0000004A D2=00040000 A0=50F16000 A1=50F01E00 nib=68973
T $A6EC02  move.b  ($0,A2,D0.w), ($600,A0)              D0=00000004 D1=0000004A D2=00040000 A0=50F16000 A1=50F01E00 nib=68973
T $A6EC08  dbra    D0, $a6ec00                          D0=00000004 D1=0000004A D2=00040000 A0=50F16000 A1=50F01E00 nib=68973
T $A6EC00  move.b  (A1), (A1)                           D0=00000003 D1=0000004A D2=00040000 A0=50F16000 A1=50F01E00 nib=68973
T $A6EC02  move.b  ($0,A2,D0.w), ($600,A0)              D0=00000003 D1=0000004A D2=00040000 A0=50F16000 A1=50F01E00 nib=68973
T $A6EC08  dbra    D0, $a6ec00                          D0=00000003 D1=0000004A D2=00040000 A0=50F16000 A1=50F01E00 nib=68973
T $A6EC00  move.b  (A1), (A1)                           D0=00000002 D1=0000004A D2=00040000 A0=50F16000 A1=50F01E00 nib=68973
T $A6EC02  move.b  ($0,A2,D0.w), ($600,A0)              D0=00000002 D1=0000004A D2=00040000 A0=50F16000 A1=50F01E00 nib=68973
T $A6EC08  dbra    D0, $a6ec00                          D0=00000002 D1=0000004A D2=00040000 A0=50F16000 A1=50F01E00 nib=68973
T $A6EC00  move.b  (A1), (A1)                           D0=00000001 D1=0000004A D2=00040000 A0=50F16000 A1=50F01E00 nib=68973
T $A6EC02  move.b  ($0,A2,D0.w), ($600,A0)              D0=00000001 D1=0000004A D2=00040000 A0=50F16000 A1=50F01E00 nib=68973
T $A6EC08  dbra    D0, $a6ec00                          D0=00000001 D1=0000004A D2=00040000 A0=50F16000 A1=50F01E00 nib=68973
T $A6EC00  move.b  (A1), (A1)                           D0=00000000 D1=0000004A D2=00040000 A0=50F16000 A1=50F01E00 nib=68973
T $A6EC02  move.b  ($0,A2,D0.w), ($600,A0)              D0=00000000 D1=0000004A D2=00040000 A0=50F16000 A1=50F01E00 nib=68973
T $A6EC08  dbra    D0, $a6ec00                          D0=00000000 D1=0000004A D2=00040000 A0=50F16000 A1=50F01E00 nib=68973
T $A6EC0C  swap    D2                                   D0=0000FFFF D1=0000004A D2=00040000 A0=50F16000 A1=50F01E00 nib=68973
T $A6EC0E  dbra    D2, $a6ebd6                          D0=0000FFFF D1=0000004A D2=00000004 A0=50F16000 A1=50F01E00 nib=68973
T $A6EBD6  move.b  #$38, ($c00,A0)                      D0=0000FFFF D1=0000004A D2=00000003 A0=50F16000 A1=50F01E00 nib=68973
T $A6EBDC  swap    D2                                   D0=0000FFFF D1=0000004A D2=00000003 A0=50F16000 A1=50F01E00 nib=68973
T $A6EBDE  moveq   #$f, D0                              D0=0000FFFF D1=0000004A D2=00030000 A0=50F16000 A1=50F01E00 nib=68973
T $A6EBE0  move.b  (A1), (A1)                           D0=0000000F D1=0000004A D2=00030000 A0=50F16000 A1=50F01E00 nib=68973
T $A6EBE2  move.b  ($1600,A0), D2                       D0=0000000F D1=0000004A D2=00030000 A0=50F16000 A1=50F01E00 nib=68973
T $A6EBE6  cmp.b   ($0,A2,D0.w), D2                     D0=0000000F D1=0000004A D2=00030018 A0=50F16000 A1=50F01E00 nib=68973
T $A6EBEA  dbne    D0, $a6ebe0                          D0=0000000F D1=0000004A D2=00030018 A0=50F16000 A1=50F01E00 nib=68973
T $A6EBE0  move.b  (A1), (A1)                           D0=0000000E D1=0000004A D2=00030018 A0=50F16000 A1=50F01E00 nib=68973
T $A6EBE2  move.b  ($1600,A0), D2                       D0=0000000E D1=0000004A D2=00030018 A0=50F16000 A1=50F01E00 nib=68973
T $A6EBE6  cmp.b   ($0,A2,D0.w), D2                     D0=0000000E D1=0000004A D2=00030041 A0=50F16000 A1=50F01E00 nib=68973
T $A6EBEA  dbne    D0, $a6ebe0                          D0=0000000E D1=0000004A D2=00030041 A0=50F16000 A1=50F01E00 nib=68973
T $A6EBE0  move.b  (A1), (A1)                           D0=0000000D D1=0000004A D2=00030041 A0=50F16000 A1=50F01E00 nib=68973
T $A6EBE2  move.b  ($1600,A0), D2                       D0=0000000D D1=0000004A D2=00030041 A0=50F16000 A1=50F01E00 nib=68973
T $A6EBE6  cmp.b   ($0,A2,D0.w), D2                     D0=0000000D D1=0000004A D2=0003002E A0=50F16000 A1=50F01E00 nib=68973
T $A6EBEA  dbne    D0, $a6ebe0                          D0=0000000D D1=0000004A D2=0003002E A0=50F16000 A1=50F01E00 nib=68973
T $A6EBE0  move.b  (A1), (A1)                           D0=0000000C D1=0000004A D2=0003002E A0=50F16000 A1=50F01E00 nib=68973
T $A6EBE2  move.b  ($1600,A0), D2                       D0=0000000C D1=0000004A D2=0003002E A0=50F16000 A1=50F01E00 nib=68973
T $A6EBE6  cmp.b   ($0,A2,D0.w), D2                     D0=0000000C D1=0000004A D2=0003002E A0=50F16000 A1=50F01E00 nib=68973
T $A6EBEA  dbne    D0, $a6ebe0                          D0=0000000C D1=0000004A D2=0003002E A0=50F16000 A1=50F01E00 nib=68973
T $A6EBE0  move.b  (A1), (A1)                           D0=0000000B D1=0000004A D2=0003002E A0=50F16000 A1=50F01E00 nib=68973
T $A6EBE2  move.b  ($1600,A0), D2                       D0=0000000B D1=0000004A D2=0003002E A0=50F16000 A1=50F01E00 nib=68973
T $A6EBE6  cmp.b   ($0,A2,D0.w), D2                     D0=0000000B D1=0000004A D2=00030018 A0=50F16000 A1=50F01E00 nib=68973
T $A6EBEA  dbne    D0, $a6ebe0                          D0=0000000B D1=0000004A D2=00030018 A0=50F16000 A1=50F01E00 nib=68973
T $A6EBE0  move.b  (A1), (A1)                           D0=0000000A D1=0000004A D2=00030018 A0=50F16000 A1=50F01E00 nib=68973
T $A6EBE2  move.b  ($1600,A0), D2                       D0=0000000A D1=0000004A D2=00030018 A0=50F16000 A1=50F01E00 nib=68973
T $A6EBE6  cmp.b   ($0,A2,D0.w), D2                     D0=0000000A D1=0000004A D2=00030018 A0=50F16000 A1=50F01E00 nib=68973
T $A6EBEA  dbne    D0, $a6ebe0                          D0=0000000A D1=0000004A D2=00030018 A0=50F16000 A1=50F01E00 nib=68973
T $A6EBE0  move.b  (A1), (A1)                           D0=00000009 D1=0000004A D2=00030018 A0=50F16000 A1=50F01E00 nib=68973
T $A6EBE2  move.b  ($1600,A0), D2                       D0=00000009 D1=0000004A D2=00030018 A0=50F16000 A1=50F01E00 nib=68973
T $A6EBE6  cmp.b   ($0,A2,D0.w), D2                     D0=00000009 D1=0000004A D2=0003001B A0=50F16000 A1=50F01E00 nib=68973
T $A6EBEA  dbne    D0, $a6ebe0                          D0=00000009 D1=0000004A D2=0003001B A0=50F16000 A1=50F01E00 nib=68973
T $A6EBE0  move.b  (A1), (A1)                           D0=00000008 D1=0000004A D2=0003001B A0=50F16000 A1=50F01E00 nib=68973
T $A6EBE2  move.b  ($1600,A0), D2                       D0=00000008 D1=0000004A D2=0003001B A0=50F16000 A1=50F01E00 nib=68973
T $A6EBE6  cmp.b   ($0,A2,D0.w), D2                     D0=00000008 D1=0000004A D2=0003001B A0=50F16000 A1=50F01E00 nib=68973
T $A6EBEA  dbne    D0, $a6ebe0                          D0=00000008 D1=0000004A D2=0003001B A0=50F16000 A1=50F01E00 nib=68973
T $A6EBE0  move.b  (A1), (A1)                           D0=00000007 D1=0000004A D2=0003001B A0=50F16000 A1=50F01E00 nib=68973
T $A6EBE2  move.b  ($1600,A0), D2                       D0=00000007 D1=0000004A D2=0003001B A0=50F16000 A1=50F01E00 nib=68973
T $A6EBE6  cmp.b   ($0,A2,D0.w), D2                     D0=00000007 D1=0000004A D2=0003002F A0=50F16000 A1=50F01E00 nib=68973
T $A6EBEA  dbne    D0, $a6ebe0                          D0=00000007 D1=0000004A D2=0003002F A0=50F16000 A1=50F01E00 nib=68973
T $A6EBE0  move.b  (A1), (A1)                           D0=00000006 D1=0000004A D2=0003002F A0=50F16000 A1=50F01E00 nib=68973
T $A6EBE2  move.b  ($1600,A0), D2                       D0=00000006 D1=0000004A D2=0003002F A0=50F16000 A1=50F01E00 nib=68973
T $A6EBE6  cmp.b   ($0,A2,D0.w), D2                     D0=00000006 D1=0000004A D2=0003002F A0=50F16000 A1=50F01E00 nib=68973
T $A6EBEA  dbne    D0, $a6ebe0                          D0=00000006 D1=0000004A D2=0003002F A0=50F16000 A1=50F01E00 nib=68973
T $A6EBE0  move.b  (A1), (A1)                           D0=00000005 D1=0000004A D2=0003002F A0=50F16000 A1=50F01E00 nib=68973
T $A6EBE2  move.b  ($1600,A0), D2                       D0=00000005 D1=0000004A D2=0003002F A0=50F16000 A1=50F01E00 nib=68973
T $A6EBE6  cmp.b   ($0,A2,D0.w), D2                     D0=00000005 D1=0000004A D2=00030019 A0=50F16000 A1=50F01E00 nib=68973
T $A6EBEA  dbne    D0, $a6ebe0                          D0=00000005 D1=0000004A D2=00030019 A0=50F16000 A1=50F01E00 nib=68973
T $A6EBE0  move.b  (A1), (A1)                           D0=00000004 D1=0000004A D2=00030019 A0=50F16000 A1=50F01E00 nib=68973
T $A6EBE2  move.b  ($1600,A0), D2                       D0=00000004 D1=0000004A D2=00030019 A0=50F16000 A1=50F01E00 nib=68973
T $A6EBE6  cmp.b   ($0,A2,D0.w), D2                     D0=00000004 D1=0000004A D2=00030019 A0=50F16000 A1=50F01E00 nib=68973
T $A6EBEA  dbne    D0, $a6ebe0                          D0=00000004 D1=0000004A D2=00030019 A0=50F16000 A1=50F01E00 nib=68973
T $A6EBE0  move.b  (A1), (A1)                           D0=00000003 D1=0000004A D2=00030019 A0=50F16000 A1=50F01E00 nib=68973
T $A6EBE2  move.b  ($1600,A0), D2                       D0=00000003 D1=0000004A D2=00030019 A0=50F16000 A1=50F01E00 nib=68973
T $A6EBE6  cmp.b   ($0,A2,D0.w), D2                     D0=00000003 D1=0000004A D2=00030097 A0=50F16000 A1=50F01E00 nib=68973
T $A6EBEA  dbne    D0, $a6ebe0                          D0=00000003 D1=0000004A D2=00030097 A0=50F16000 A1=50F01E00 nib=68973
T $A6EBE0  move.b  (A1), (A1)                           D0=00000002 D1=0000004A D2=00030097 A0=50F16000 A1=50F01E00 nib=68973
T $A6EBE2  move.b  ($1600,A0), D2                       D0=00000002 D1=0000004A D2=00030097 A0=50F16000 A1=50F01E00 nib=68973
T $A6EBE6  cmp.b   ($0,A2,D0.w), D2                     D0=00000002 D1=0000004A D2=0003001B A0=50F16000 A1=50F01E00 nib=68973
T $A6EBEA  dbne    D0, $a6ebe0                          D0=00000002 D1=0000004A D2=0003001B A0=50F16000 A1=50F01E00 nib=68973
T $A6EBE0  move.b  (A1), (A1)                           D0=00000001 D1=0000004A D2=0003001B A0=50F16000 A1=50F01E00 nib=68973
T $A6EBE2  move.b  ($1600,A0), D2                       D0=00000001 D1=0000004A D2=0003001B A0=50F16000 A1=50F01E00 nib=68973
T $A6EBE6  cmp.b   ($0,A2,D0.w), D2                     D0=00000001 D1=0000004A D2=00030057 A0=50F16000 A1=50F01E00 nib=68973
T $A6EBEA  dbne    D0, $a6ebe0                          D0=00000001 D1=0000004A D2=00030057 A0=50F16000 A1=50F01E00 nib=68973
T $A6EBE0  move.b  (A1), (A1)                           D0=00000000 D1=0000004A D2=00030057 A0=50F16000 A1=50F01E00 nib=68973
T $A6EBE2  move.b  ($1600,A0), D2                       D0=00000000 D1=0000004A D2=00030057 A0=50F16000 A1=50F01E00 nib=68973
T $A6EBE6  cmp.b   ($0,A2,D0.w), D2                     D0=00000000 D1=0000004A D2=0003003B A0=50F16000 A1=50F01E00 nib=68973
T $A6EBEA  dbne    D0, $a6ebe0                          D0=00000000 D1=0000004A D2=0003003B A0=50F16000 A1=50F01E00 nib=68973
T $A6EBEE  bne     $a6ebf8                              D0=0000FFFF D1=0000004A D2=0003003B A0=50F16000 A1=50F01E00 nib=68973
T $A6EBF0  movea.l $134.w, A1                           D0=0000FFFF D1=0000004A D2=0003003B A0=50F16000 A1=50F01E00 nib=68973
T $A6EBF4  moveq   #$0, D0                              D0=0000FFFF D1=0000004A D2=0003003B A0=50F16000 A1=00004A68 nib=68973
T $A6EBF6  rts                                          D0=00000000 D1=0000004A D2=0003003B A0=50F16000 A1=00004A68 nib=68973
T $A6EBA0  beq     $a6ebae                              D0=00000000 D1=0000004A D2=0003003B A0=50F16000 A1=00004A68 nib=68973
T $A6EBAE  seq     ($139,A1)                            D0=00000000 D1=0000004A D2=0003003B A0=50F16000 A1=00004A68 nib=68973
T $A6EBB2  move.w  (A7)+, SR                            D0=00000000 D1=0000004A D2=0003003B A0=50F16000 A1=00004A68 nib=68973
T $A6EBB4  tst.w   D0                                   D0=00000000 D1=0000004A D2=0003003B A0=50F16000 A1=00004A68 nib=68973
T $A6EBB6  rts                                          D0=00000000 D1=0000004A D2=0003003B A0=50F16000 A1=00004A68 nib=68973
T $A6CECA  bsr     $a6d718                              D0=00000000 D1=0000004A D2=0003003B A0=50F16000 A1=00004A68 nib=68973
T $A6D718  bsr     $a6d3ea                              D0=00000000 D1=0000004A D2=0003003B A0=50F16000 A1=00004A68 nib=68973
T $A6D3EA  movea.l $1e0.w, A0                           D0=00000000 D1=0000004A D2=0003003B A0=50F16000 A1=00004A68 nib=68973
T $A6D3EE  movea.l $1d4.w, A2                           D0=00000000 D1=0000004A D2=0003003B A0=50F16000 A1=00004A68 nib=68973
T $A6D3F2  bsr     $a6d3fa                              D0=00000000 D1=0000004A D2=0003003B A0=50F16000 A1=00004A68 nib=68973
T $A6D3FA  movea.l $134.w, A1                           D0=00000000 D1=0000004A D2=0003003B A0=50F16000 A1=00004A68 nib=68973
T $A6D3FE  move.w  ($12,A1), D1                         D0=00000000 D1=0000004A D2=0003003B A0=50F16000 A1=00004A68 nib=68973
T $A6D402  cmpi.w  #$4, D1                              D0=00000000 D1=00000001 D2=0003003B A0=50F16000 A1=00004A68 nib=68973
T $A6D406  bls     $a6d40a                              D0=00000000 D1=00000001 D2=0003003B A0=50F16000 A1=00004A68 nib=68973
T $A6D40A  add.w   D1, D1                               D0=00000000 D1=00000001 D2=0003003B A0=50F16000 A1=00004A68 nib=68973
T $A6D40C  rts                                          D0=00000000 D1=00000002 D2=0003003B A0=50F16000 A1=00004A68 nib=68973
T $A6D3F4  move.w  (-$26,PC,D1.w), D1                   D0=00000000 D1=00000002 D2=0003003B A0=50F16000 A1=00004A68 nib=68973
T $A6D3F8  rts                                          D0=00000000 D1=0000004A D2=0003003B A0=50F16000 A1=00004A68 nib=68973
T $A6D71C  move.l  $b40.w, -(A7)                        D0=00000000 D1=0000004A D2=0003003B A0=50F16000 A1=00004A68 nib=68973
T $A6D720  rts                                          D0=00000000 D1=0000004A D2=0003003B A0=50F16000 A1=00004A68 nib=68973
T $06AF72  nop                                          D0=00000000 D1=0000004A D2=0003003B A0=50F16000 A1=00004A68 nib=68973
T $06AF74  moveq   #$a, D0                              D0=00000000 D1=0000004A D2=0003003B A0=50F16000 A1=00004A68 nib=68973
T $06AF76  add.l   ($8,A7), D0                          D0=0000000A D1=0000004A D2=0003003B A0=50F16000 A1=00004A68 nib=68973
T $06AF7A  sub.l   ($4,A7), D0                          D0=0000000A D1=0000004A D2=0003003B A0=50F16000 A1=00004A68 nib=68973
T $06AF7E  bne     $6afa8                               D0=BF5F496C D1=0000004A D2=0003003B A0=50F16000 A1=00004A68 nib=68973
T $06AFA8  jmp     $a6d722.l                            D0=BF5F496C D1=0000004A D2=0003003B A0=50F16000 A1=00004A68 nib=68973
T $A6D722  tst.w   ($1a,A1)                             D0=BF5F496C D1=0000004A D2=0003003B A0=50F16000 A1=00004A68 nib=68973
T $A6D726  beq     $a6d738                              D0=BF5F496C D1=0000004A D2=0003003B A0=50F16000 A1=00004A68 nib=68973
T $A6D728  move.w  ($116,A1), D0                        D0=BF5F496C D1=0000004A D2=0003003B A0=50F16000 A1=00004A68 nib=68973
T $A6D72C  cmp.w   ($12,A1), D0                         D0=BF5F0001 D1=0000004A D2=0003003B A0=50F16000 A1=00004A68 nib=68973
T $A6D730  beq     $a6d738                              D0=BF5F0001 D1=0000004A D2=0003003B A0=50F16000 A1=00004A68 nib=68973
T $A6D738  clr.w   ($1a,A1)                             D0=BF5F0001 D1=0000004A D2=0003003B A0=50F16000 A1=00004A68 nib=68973
T $A6D73C  tst.b   ($139,A1)                            D0=BF5F0001 D1=0000004A D2=0003003B A0=50F16000 A1=00004A68 nib=68973
T $A6D740  bmi     $a6ed42                              D0=BF5F0001 D1=0000004A D2=0003003B A0=50F16000 A1=00004A68 nib=68973
T $A6ED42  cmpi.w  #$4a, D1                             D0=BF5F0001 D1=0000004A D2=0003003B A0=50F16000 A1=00004A68 nib=68973
T $A6ED46  bne     $a6ed56                              D0=BF5F0001 D1=0000004A D2=0003003B A0=50F16000 A1=00004A68 nib=68973
T $A6ED48  move.b  #$4, ($c00,A0)                       D0=BF5F0001 D1=0000004A D2=0003003B A0=50F16000 A1=00004A68 nib=68973
T $A6ED4E  move.b  #$82, ($e00,A0)                      D0=BF5F0001 D1=0000004A D2=0003003B A0=50F16000 A1=00004A68 nib=68973
T $A6ED54  rts                                          D0=BF5F0001 D1=0000004A D2=0003003B A0=50F16000 A1=00004A68 nib=68973
T $A6CECE  cmpi.w  #$3, ($12,A1)                        D0=BF5F0001 D1=0000004A D2=0003003B A0=50F16000 A1=00004A68 nib=68973
T $A6CED4  bge     $a6fc2c                              D0=BF5F0001 D1=0000004A D2=0003003B A0=50F16000 A1=00004A68 nib=68973
T $A6CED8  moveq   #$2, D0                              D0=BF5F0001 D1=0000004A D2=0003003B A0=50F16000 A1=00004A68 nib=68973
T $A6CEDA  bsr     $a6d450                              D0=00000002 D1=0000004A D2=0003003B A0=50F16000 A1=00004A68 nib=68973
T $A6D450  bsr     $a6d40e                              D0=00000002 D1=0000004A D2=0003003B A0=50F16000 A1=00004A68 nib=68973
T $A6D40E  bsr     $a6d3ea                              D0=00000002 D1=0000004A D2=0003003B A0=50F16000 A1=00004A68 nib=68973
T $A6D3EA  movea.l $1e0.w, A0                           D0=00000002 D1=0000004A D2=0003003B A0=50F16000 A1=00004A68 nib=68973
T $A6D3EE  movea.l $1d4.w, A2                           D0=00000002 D1=0000004A D2=0003003B A0=50F16000 A1=00004A68 nib=68973
T $A6D3F2  bsr     $a6d3fa                              D0=00000002 D1=0000004A D2=0003003B A0=50F16000 A1=00004A68 nib=68973
T $A6D3FA  movea.l $134.w, A1                           D0=00000002 D1=0000004A D2=0003003B A0=50F16000 A1=00004A68 nib=68973
T $A6D3FE  move.w  ($12,A1), D1                         D0=00000002 D1=0000004A D2=0003003B A0=50F16000 A1=00004A68 nib=68973
T $A6D402  cmpi.w  #$4, D1                              D0=00000002 D1=00000001 D2=0003003B A0=50F16000 A1=00004A68 nib=68973
T $A6D406  bls     $a6d40a                              D0=00000002 D1=00000001 D2=0003003B A0=50F16000 A1=00004A68 nib=68973
T $A6D40A  add.w   D1, D1                               D0=00000002 D1=00000001 D2=0003003B A0=50F16000 A1=00004A68 nib=68973
T $A6D40C  rts                                          D0=00000002 D1=00000002 D2=0003003B A0=50F16000 A1=00004A68 nib=68973
T $A6D3F4  move.w  (-$26,PC,D1.w), D1                   D0=00000002 D1=00000002 D2=0003003B A0=50F16000 A1=00004A68 nib=68973
T $A6D3F8  rts                                          D0=00000002 D1=0000004A D2=0003003B A0=50F16000 A1=00004A68 nib=68973
T $A6D410  tst.b   ($139,A1)                            D0=00000002 D1=0000004A D2=0003003B A0=50F16000 A1=00004A68 nib=68973
T $A6D414  bmi     $a6ecdc                              D0=00000002 D1=0000004A D2=0003003B A0=50F16000 A1=00004A68 nib=68973
T $A6ECDC  move.b  #$f3, ($800,A0)                      D0=00000002 D1=0000004A D2=0003003B A0=50F16000 A1=00004A68 nib=68973
T $A6ECE2  btst    #$1, D0                              D0=00000002 D1=0000004A D2=0003003B A0=50F16000 A1=00004A68 nib=68973
T $A6ECE6  beq     $a6ecf0                              D0=00000002 D1=0000004A D2=0003003B A0=50F16000 A1=00004A68 nib=68973
T $A6ECE8  bset    #$5, ($1e00,A2)                      D0=00000002 D1=0000004A D2=0003003B A0=50F16000 A1=00004A68 nib=68973
T $A6ECEE  bra     $a6ecf6                              D0=00000002 D1=0000004A D2=0003003B A0=50F16000 A1=00004A68 nib=68973
T $A6ECF6  move.b  ($6,PC,D0.w), ($800,A0)              D0=00000002 D1=0000004A D2=0003003B A0=50F16000 A1=00004A68 nib=68973
T $A6ECFC  rts                                          D0=00000002 D1=0000004A D2=0003003B A0=50F16000 A1=00004A68 nib=68973
T $A6D452  tst.b   ($139,A1)                            D0=00000002 D1=0000004A D2=0003003B A0=50F16000 A1=00004A68 nib=68973
T $A6D456  bmi     $a6ed12                              D0=00000002 D1=0000004A D2=0003003B A0=50F16000 A1=00004A68 nib=68973
T $A6ED12  btst    #$3, ($1e00,A0)                      D0=00000002 D1=0000004A D2=0003003B A0=50F16000 A1=00004A68 nib=68973
T $A6ED18  sne     D0                                   D0=00000002 D1=0000004A D2=0003003B A0=50F16000 A1=00004A68 nib=68973
T $A6ED1A  tst.b   D0                                   D0=000000FF D1=0000004A D2=0003003B A0=50F16000 A1=00004A68 nib=68973
T $A6ED1C  rts                                          D0=000000FF D1=0000004A D2=0003003B A0=50F16000 A1=00004A68 nib=68973
T $A6CEDE  bpl     $a6cef2                              D0=000000FF D1=0000004A D2=0003003B A0=50F16000 A1=00004A68 nib=68973
T $A6CEE0  clr.b   ($3,A1,D1.w)                         D0=000000FF D1=0000004A D2=0003003B A0=50F16000 A1=00004A68 nib=68973
T $A6CEE4  move.b  #$80, ($c00,A0)                      D0=000000FF D1=0000004A D2=0003003B A0=50F16000 A1=00004A68 nib=68973
T $A6CEEA  tst.b   ($1000,A0)                           D0=000000FF D1=0000004A D2=0003003B A0=50F16000 A1=00004A68 nib=68973
T $A6CEEE  moveq   #-$41, D0                            D0=000000FF D1=0000004A D2=0003003B A0=50F16000 A1=00004A68 nib=68973
T $A6CEF0  bra     $a6cf56                              D0=FFFFFFBF D1=0000004A D2=0003003B A0=50F16000 A1=00004A68 nib=68973
T $A6CF56  andi.w  #-$701, SR                           D0=FFFFFFBF D1=0000004A D2=0003003B A0=50F16000 A1=00004A68 nib=68973
T $A6CF5A  bra     $a6cb64                              D0=FFFFFFBF D1=0000004A D2=0003003B A0=50F16000 A1=00004A68 nib=68973
T $A6CB64  tst.w   D0                                   D0=FFFFFFBF D1=0000004A D2=0003003B A0=50F16000 A1=00004A68 nib=68973
T $A6CB66  beq     $a6cb6c                              D0=FFFFFFBF D1=0000004A D2=0003003B A0=50F16000 A1=00004A68 nib=68973
T $A6CB68  move.w  D0, $142.w                           D0=FFFFFFBF D1=0000004A D2=0003003B A0=50F16000 A1=00004A68 nib=68973
T $A6CB6C  movea.l $134.w, A1                           D0=FFFFFFBF D1=0000004A D2=0003003B A0=50F16000 A1=00004A68 nib=68973
T $A6CB70  clr.b   ($19,A1)                             D0=FFFFFFBF D1=0000004A D2=0003003B A0=50F16000 A1=00004A68 nib=68973
T $A6CB74  movea.l (A1), A1                             D0=FFFFFFBF D1=0000004A D2=0003003B A0=50F16000 A1=00004A68 nib=68973
T $A6CB76  move.l  $8fc.w, -(A7)                        D0=FFFFFFBF D1=0000004A D2=0003003B A0=50F16000 A1=00004A2C nib=68973
T $A6CB7A  rts                                          D0=FFFFFFBF D1=0000004A D2=0003003B A0=50F16000 A1=00004A2C nib=68973
T $06AFEA  move.l  (A7), D1                             D0=FFFFFFBF D1=0000004A D2=0003003B A0=50F16000 A1=00004A2C nib=68973
T $06AFEC  and.l   $31a.w, D1                           D0=FFFFFFBF D1=40A0B69E D2=0003003B A0=50F16000 A1=00004A2C nib=68973
T $06AFF0  cmpi.l  #$86cebe, D1                         D0=FFFFFFBF D1=00A0B69E D2=0003003B A0=50F16000 A1=00004A2C nib=68973
T $06AFF6  bne     $6affa                               D0=FFFFFFBF D1=00A0B69E D2=0003003B A0=50F16000 A1=00004A2C nib=68973
T $06AFFA  jmp     $40a0b572.l                          D0=FFFFFFBF D1=00A0B69E D2=0003003B A0=50F16000 A1=00004A2C nib=68973
T $A0B572  move.w  D0, -(A7)                            D0=FFFFFFBF D1=00A0B69E D2=0003003B A0=50F16000 A1=00004A2C nib=68973
T $A0B574  move.l  D0, -(A7)                            D0=FFFFFFBF D1=00A0B69E D2=0003003B A0=50F16000 A1=00004A2C nib=68973
T $A0B576  move.l  A1, D0                               D0=FFFFFFBF D1=00A0B69E D2=0003003B A0=50F16000 A1=00004A2C nib=68973
T $A0B578  dc.w    $a055; opcode 1010                   D0=00004A2C D1=00A0B69E D2=0003003B A0=50F16000 A1=00004A2C nib=68973
T $A099B0  move.l  A2, -(A7)                            D0=00004A2C D1=00A0B69E D2=0003003B A0=50F16000 A1=00004A2C nib=68973
T $A099B2  move.l  D2, -(A7)                            D0=00004A2C D1=00A0B69E D2=0003003B A0=50F16000 A1=00004A2C nib=68973
T $A099B4  movea.l ($a,A7), A2                          D0=00004A2C D1=00A0B69E D2=0003003B A0=50F16000 A1=00004A2C nib=68973
T $A099B8  move.w  (A2)+, D2                            D0=00004A2C D1=00A0B69E D2=0003003B A0=50F16000 A1=00004A2C nib=68973
T $A099BA  cmpi.w  #-$5800, D2                          D0=00004A2C D1=00A0B69E D2=0003A055 A0=50F16000 A1=00004A2C nib=68973
T $A099BE  bcs     $a099f0                              D0=00004A2C D1=00A0B69E D2=0003A055 A0=50F16000 A1=00004A2C nib=68973
T $A099F0  move.l  D1, -(A7)                            D0=00004A2C D1=00A0B69E D2=0003A055 A0=50F16000 A1=00004A2C nib=68973
T $A099F2  move.l  A1, -(A7)                            D0=00004A2C D1=00A0B69E D2=0003A055 A0=50F16000 A1=00004A2C nib=68973
T $A099F4  move.w  D2, D1                               D0=00004A2C D1=00A0B69E D2=0003A055 A0=50F16000 A1=00004A2C nib=68973
T $A099F6  move.l  A2, ($14,A7)                         D0=00004A2C D1=00A0A055 D2=0003A055 A0=50F16000 A1=00004A2C nib=68973
T $A099FA  andi.w  #$100, D2                            D0=00004A2C D1=00A0A055 D2=0003A055 A0=50F16000 A1=00004A2C nib=68973
T $A099FE  bne     $a09a20                              D0=00004A2C D1=00A0A055 D2=00030000 A0=50F16000 A1=00004A2C nib=68973
T $A09A00  move.b  D1, D2                               D0=00004A2C D1=00A0A055 D2=00030000 A0=50F16000 A1=00004A2C nib=68973
T $A09A02  move.l  A0, -(A7)                            D0=00004A2C D1=00A0A055 D2=00030055 A0=50F16000 A1=00004A2C nib=68973
T $A09A04  jsr     ([$400, D2.w*4], $0)                 D0=00004A2C D1=00A0A055 D2=00030055 A0=50F16000 A1=00004A2C nib=68973
T $A0D76C  and.l   $31a.w, D0                           D0=00004A2C D1=00A0A055 D2=00030055 A0=50F16000 A1=00004A2C nib=68973
T $A0D770  rts                                          D0=00004A2C D1=00A0A055 D2=00030055 A0=50F16000 A1=00004A2C nib=68973
T $A09A0A  movea.l (A7)+, A0                            D0=00004A2C D1=00A0A055 D2=00030055 A0=50F16000 A1=00004A2C nib=68973
T $A09A0C  movea.l (A7)+, A1                            D0=00004A2C D1=00A0A055 D2=00030055 A0=50F16000 A1=00004A2C nib=68973
T $A09A0E  move.l  (A7)+, D1                            D0=00004A2C D1=00A0A055 D2=00030055 A0=50F16000 A1=00004A2C nib=68973
T $A09A10  move.l  (A7)+, D2                            D0=00004A2C D1=00A0B69E D2=00030055 A0=50F16000 A1=00004A2C nib=68973
T $A09A12  movea.l (A7)+, A2                            D0=00004A2C D1=00A0B69E D2=0003003B A0=50F16000 A1=00004A2C nib=68973
T $A09A14  tst.w   D0                                   D0=00004A2C D1=00A0B69E D2=0003003B A0=50F16000 A1=00004A2C nib=68973
T $A09A16  addq.w  #$4, A7                              D0=00004A2C D1=00A0B69E D2=0003003B A0=50F16000 A1=00004A2C nib=68973
T $A09A18  rts                                          D0=00004A2C D1=00A0B69E D2=0003003B A0=50F16000 A1=00004A2C nib=68973
T $A0B57A  movea.l D0, A1                               D0=00004A2C D1=00A0B69E D2=0003003B A0=50F16000 A1=00004A2C nib=68973
T $A0B57C  move.l  (A7)+, D0                            D0=00004A2C D1=00A0B69E D2=0003003B A0=50F16000 A1=00004A2C nib=68973
T $A0B57E  bsr     $a0b584                              D0=FFFFFFBF D1=00A0B69E D2=0003003B A0=50F16000 A1=00004A2C nib=68973
T $A0B584  move.l  ($8,A1), D1                          D0=FFFFFFBF D1=00A0B69E D2=0003003B A0=50F16000 A1=00004A2C nib=68973
T $A0B588  beq     $a0b5aa                              D0=FFFFFFBF D1=000003A4 D2=0003003B A0=50F16000 A1=00004A2C nib=68973
T $A0B58A  move.w  SR, -(A7)                            D0=FFFFFFBF D1=000003A4 D2=0003003B A0=50F16000 A1=00004A2C nib=68973
T $A0B58C  move.w  SR, D1                               D0=FFFFFFBF D1=000003A4 D2=0003003B A0=50F16000 A1=00004A2C nib=68973
T $A0B58E  ori.w   #$700, SR                            D0=FFFFFFBF D1=00002000 D2=0003003B A0=50F16000 A1=00004A2C nib=68973
T $A0B592  bsr     $a0b5a4                              D0=FFFFFFBF D1=00002000 D2=0003003B A0=50F16000 A1=00004A2C nib=68973
T $A0B5A4  bclr    #$7, ($5,A1)                         D0=FFFFFFBF D1=00002000 D2=0003003B A0=50F16000 A1=00004A2C nib=68973
T $A0B5AA  btst    #$6, ($4,A1)                         D0=FFFFFFBF D1=00002000 D2=0003003B A0=50F16000 A1=00004A2C nib=68973
T $A0B5B0  bne     $a0b5c0                              D0=FFFFFFBF D1=00002000 D2=0003003B A0=50F16000 A1=00004A2C nib=68973
T $A0B5C0  rts                                          D0=FFFFFFBF D1=00002000 D2=0003003B A0=50F16000 A1=00004A2C nib=68973
T $A0B594  bsr     $a0b5c2                              D0=FFFFFFBF D1=00002000 D2=0003003B A0=50F16000 A1=00004A2C nib=68973
T $A0B5C2  movea.l ($8,A1), A0                          D0=FFFFFFBF D1=00002000 D2=0003003B A0=50F16000 A1=00004A2C nib=68973
T $A0B5C6  cmpi.w  #$2, ($4,A0)                         D0=FFFFFFBF D1=00002000 D2=0003003B A0=000003A4 A1=00004A2C nib=68973
T $A0B5CC  bne     $a0b566                              D0=FFFFFFBF D1=00002000 D2=0003003B A0=000003A4 A1=00004A2C nib=68973
T $A0B5CE  move.l  (A0), ($8,A1)                        D0=FFFFFFBF D1=00002000 D2=0003003B A0=000003A4 A1=00004A2C nib=68973
T $A0B5D2  bne     $a0b5d8                              D0=FFFFFFBF D1=00002000 D2=0003003B A0=000003A4 A1=00004A2C nib=68973
T $A0B5D4  clr.l   ($c,A1)                              D0=FFFFFFBF D1=00002000 D2=0003003B A0=000003A4 A1=00004A2C nib=68973
T $A0B5D8  move.w  D1, SR                               D0=FFFFFFBF D1=00002000 D2=0003003B A0=000003A4 A1=00004A2C nib=68973
T $A0B5DA  move.w  D0, ($10,A0)                         D0=FFFFFFBF D1=00002000 D2=0003003B A0=000003A4 A1=00004A2C nib=68973
[4186442866] PRIME #2 -> -65 offLinErr  (5493 machine cycles, nib +2, polls +5, hits +1, lost +2, track 0 -> 0)
             mid-data-field losses: 0
             buffer diverges at +$2:
               image : 42 44 D3 F2 2E 9A D3 F2 30 56 01 00 00 04 00 03 02 9D 0B 3A 00 00 02 00
               buffer: 42 44 E2 0D 09 56 00 00 02 00 00 00 42 00 00 07 56 BC 40 A1 26 88 00 BC
  --- last 600 instructions before offLinErr:
  $A6C406  move.l  $226.w, -(A7)                        D0=00000000 D1=00000026 D2=80004A2C A0=000003A4 A1=80004A2C nib=68971
  $A6C40A  rts                                          D0=00000000 D1=00000026 D2=80004A2C A0=000003A4 A1=80004A2C nib=68971
  $A6CE9A  ori.w   #$100, SR                            D0=00000000 D1=00000026 D2=80004A2C A0=000003A4 A1=80004A2C nib=68971
  $A6CE9E  move.w  ($6,A0), D3                          D0=00000000 D1=00000026 D2=80004A2C A0=000003A4 A1=80004A2C nib=68971
  $A6CEA2  btst    #$6, ($2d,A0)                        D0=00000000 D1=00000026 D2=80004A2C A0=000003A4 A1=80004A2C nib=68971
  $A6CEA8  sne     $12c.w                               D0=00000000 D1=00000026 D2=80004A2C A0=000003A4 A1=80004A2C nib=68971
  $A6CEAC  bsr     $a6ce6a                              D0=00000000 D1=00000026 D2=80004A2C A0=000003A4 A1=80004A2C nib=68971
  $A6CE6A  movea.l $134.w, A1                           D0=00000000 D1=00000026 D2=80004A2C A0=000003A4 A1=80004A2C nib=68971
  $A6CE6E  st      ($19,A1)                             D0=00000000 D1=00000026 D2=80004A2C A0=000003A4 A1=00004A68 nib=68971
  $A6CE72  move.w  ($16,A0), D0                         D0=00000000 D1=00000026 D2=80004A2C A0=000003A4 A1=00004A68 nib=68971
  $A6CE76  beq     $a6ce90                              D0=00000001 D1=00000026 D2=80004A2C A0=000003A4 A1=00004A68 nib=68971
  $A6CE78  cmpi.w  #$4, D0                              D0=00000001 D1=00000026 D2=80004A2C A0=000003A4 A1=00004A68 nib=68971
  $A6CE7C  bhi     $a6ce90                              D0=00000001 D1=00000026 D2=80004A2C A0=000003A4 A1=00004A68 nib=68971
  $A6CE7E  move.w  ($12,A1), ($112,A1)                  D0=00000001 D1=00000026 D2=80004A2C A0=000003A4 A1=00004A68 nib=68971
  $A6CE84  move.w  D0, ($12,A1)                         D0=00000001 D1=00000026 D2=80004A2C A0=000003A4 A1=00004A68 nib=68971
  $A6CE88  bsr     $a6d3f2                              D0=00000001 D1=00000026 D2=80004A2C A0=000003A4 A1=00004A68 nib=68971
  $A6D3F2  bsr     $a6d3fa                              D0=00000001 D1=00000026 D2=80004A2C A0=000003A4 A1=00004A68 nib=68971
  $A6D3FA  movea.l $134.w, A1                           D0=00000001 D1=00000026 D2=80004A2C A0=000003A4 A1=00004A68 nib=68971
  $A6D3FE  move.w  ($12,A1), D1                         D0=00000001 D1=00000026 D2=80004A2C A0=000003A4 A1=00004A68 nib=68972
  $A6D402  cmpi.w  #$4, D1                              D0=00000001 D1=00000001 D2=80004A2C A0=000003A4 A1=00004A68 nib=68972
  $A6D406  bls     $a6d40a                              D0=00000001 D1=00000001 D2=80004A2C A0=000003A4 A1=00004A68 nib=68972
  $A6D40A  add.w   D1, D1                               D0=00000001 D1=00000001 D2=80004A2C A0=000003A4 A1=00004A68 nib=68972
  $A6D40C  rts                                          D0=00000001 D1=00000002 D2=80004A2C A0=000003A4 A1=00004A68 nib=68972
  $A6D3F4  move.w  (-$26,PC,D1.w), D1                   D0=00000001 D1=00000002 D2=80004A2C A0=000003A4 A1=00004A68 nib=68972
  $A6D3F8  rts                                          D0=00000001 D1=0000004A D2=80004A2C A0=000003A4 A1=00004A68 nib=68972
  $A6CE8C  moveq   #$0, D0                              D0=00000001 D1=0000004A D2=80004A2C A0=000003A4 A1=00004A68 nib=68972
  $A6CE8E  rts                                          D0=00000000 D1=0000004A D2=80004A2C A0=000003A4 A1=00004A68 nib=68972
  $A6CEAE  bne     $a6cf56                              D0=00000000 D1=0000004A D2=80004A2C A0=000003A4 A1=00004A68 nib=68972
  $A6CEB2  move.w  D3, ($32,A1)                         D0=00000000 D1=0000004A D2=80004A2C A0=000003A4 A1=00004A68 nib=68972
  $A6CEB6  moveq   #-$40, D0                            D0=00000000 D1=0000004A D2=80004A2C A0=000003A4 A1=00004A68 nib=68972
  $A6CEB8  tst.b   ($4,A1,D1.w)                         D0=FFFFFFC0 D1=0000004A D2=80004A2C A0=000003A4 A1=00004A68 nib=68972
  $A6CEBC  bmi     $a6cf56                              D0=FFFFFFC0 D1=0000004A D2=80004A2C A0=000003A4 A1=00004A68 nib=68972
  $A6CEC0  tst.b   ($138,A1)                            D0=FFFFFFC0 D1=0000004A D2=80004A2C A0=000003A4 A1=00004A68 nib=68972
  $A6CEC4  bpl     $a6ceca                              D0=FFFFFFC0 D1=0000004A D2=80004A2C A0=000003A4 A1=00004A68 nib=68972
  $A6CEC6  bsr     $a6eaf8                              D0=FFFFFFC0 D1=0000004A D2=80004A2C A0=000003A4 A1=00004A68 nib=68972
  $A6EAF8  bsr     $a6d3f2                              D0=FFFFFFC0 D1=0000004A D2=80004A2C A0=000003A4 A1=00004A68 nib=68972
  $A6D3F2  bsr     $a6d3fa                              D0=FFFFFFC0 D1=0000004A D2=80004A2C A0=000003A4 A1=00004A68 nib=68972
  $A6D3FA  movea.l $134.w, A1                           D0=FFFFFFC0 D1=0000004A D2=80004A2C A0=000003A4 A1=00004A68 nib=68972
  $A6D3FE  move.w  ($12,A1), D1                         D0=FFFFFFC0 D1=0000004A D2=80004A2C A0=000003A4 A1=00004A68 nib=68972
  $A6D402  cmpi.w  #$4, D1                              D0=FFFFFFC0 D1=00000001 D2=80004A2C A0=000003A4 A1=00004A68 nib=68972
  $A6D406  bls     $a6d40a                              D0=FFFFFFC0 D1=00000001 D2=80004A2C A0=000003A4 A1=00004A68 nib=68972
  $A6D40A  add.w   D1, D1                               D0=FFFFFFC0 D1=00000001 D2=80004A2C A0=000003A4 A1=00004A68 nib=68972
  $A6D40C  rts                                          D0=FFFFFFC0 D1=00000002 D2=80004A2C A0=000003A4 A1=00004A68 nib=68972
  $A6D3F4  move.w  (-$26,PC,D1.w), D1                   D0=FFFFFFC0 D1=00000002 D2=80004A2C A0=000003A4 A1=00004A68 nib=68972
  $A6D3F8  rts                                          D0=FFFFFFC0 D1=0000004A D2=80004A2C A0=000003A4 A1=00004A68 nib=68972
  $A6EAFC  tst.b   ($138,A1)                            D0=FFFFFFC0 D1=0000004A D2=80004A2C A0=000003A4 A1=00004A68 nib=68973
  $A6EB00  bpl     $a6d63e                              D0=FFFFFFC0 D1=0000004A D2=80004A2C A0=000003A4 A1=00004A68 nib=68973
  $A6EB04  move.w  SR, -(A7)                            D0=FFFFFFC0 D1=0000004A D2=80004A2C A0=000003A4 A1=00004A68 nib=68973
  $A6EB06  ori.w   #$700, SR                            D0=FFFFFFC0 D1=0000004A D2=80004A2C A0=000003A4 A1=00004A68 nib=68973
  $A6EB0A  moveq   #$1, D2                              D0=FFFFFFC0 D1=0000004A D2=80004A2C A0=000003A4 A1=00004A68 nib=68973
  $A6EB0C  movea.l $1e0.w, A0                           D0=FFFFFFC0 D1=0000004A D2=00000001 A0=000003A4 A1=00004A68 nib=68973
  $A6EB10  move.b  #$38, ($c00,A0)                      D0=FFFFFFC0 D1=0000004A D2=00000001 A0=50F16000 A1=00004A68 nib=68973
  $A6EB16  moveq   #-$b, D0                             D0=FFFFFFC0 D1=0000004A D2=00000001 A0=50F16000 A1=00004A68 nib=68973
  $A6EB18  move.b  D0, ($800,A0)                        D0=FFFFFFF5 D1=0000004A D2=00000001 A0=50F16000 A1=00004A68 nib=68973
  $A6EB1C  cmp.b   ($1800,A0), D0                       D0=FFFFFFF5 D1=0000004A D2=00000001 A0=50F16000 A1=00004A68 nib=68973
  $A6EB20  bne     $a6eb4a                              D0=FFFFFFF5 D1=0000004A D2=00000001 A0=50F16000 A1=00004A68 nib=68973
  $A6EB4A  clr.b   ($139,A1)                            D0=FFFFFFF5 D1=0000004A D2=00000001 A0=50F16000 A1=00004A68 nib=68973
  $A6EB4E  move.l  D2, -(A7)                            D0=FFFFFFF5 D1=0000004A D2=00000001 A0=50F16000 A1=00004A68 nib=68973
  $A6EB50  bsr     $a6d63e                              D0=FFFFFFF5 D1=0000004A D2=00000001 A0=50F16000 A1=00004A68 nib=68973
  $A6D63E  tst.b   ($1a00,A0)                           D0=FFFFFFF5 D1=0000004A D2=00000001 A0=50F16000 A1=00004A68 nib=68973
  $A6D642  moveq   #$1f, D0                             D0=FFFFFFF5 D1=0000004A D2=00000001 A0=50F16000 A1=00004A68 nib=68973
  $A6D644  and.b   ($1c00,A0), D0                       D0=0000001F D1=0000004A D2=00000001 A0=50F16000 A1=00004A68 nib=68973
  $A6D648  tst.b   ($1800,A0)                           D0=00000017 D1=0000004A D2=00000001 A0=50F16000 A1=00004A68 nib=68973
  $A6D64C  cmpi.b  #$17, D0                             D0=00000017 D1=0000004A D2=00000001 A0=50F16000 A1=00004A68 nib=68973
  $A6D650  beq     $a6d682                              D0=00000017 D1=0000004A D2=00000001 A0=50F16000 A1=00004A68 nib=68973
  $A6D682  tst.b   ($1800,A0)                           D0=00000017 D1=0000004A D2=00000001 A0=50F16000 A1=00004A68 nib=68973
  $A6D686  moveq   #$0, D0                              D0=00000017 D1=0000004A D2=00000001 A0=50F16000 A1=00004A68 nib=68973
  $A6D688  rts                                          D0=00000000 D1=0000004A D2=00000001 A0=50F16000 A1=00004A68 nib=68973
  $A6EB54  move.l  (A7)+, D2                            D0=00000000 D1=0000004A D2=00000001 A0=50F16000 A1=00004A68 nib=68973
  $A6EB56  tst.w   D0                                   D0=00000000 D1=0000004A D2=00000001 A0=50F16000 A1=00004A68 nib=68973
  $A6EB58  bne     $a6ebb2                              D0=00000000 D1=0000004A D2=00000001 A0=50F16000 A1=00004A68 nib=68973
  $A6EB5A  tst.b   ($17,A1,D1.w)                        D0=00000000 D1=0000004A D2=00000001 A0=50F16000 A1=00004A68 nib=68973
  $A6EB5E  bpl     $a6ebb2                              D0=00000000 D1=0000004A D2=00000001 A0=50F16000 A1=00004A68 nib=68973
  $A6EB60  tst.b   ($1c00,A0)                           D0=00000000 D1=0000004A D2=00000001 A0=50F16000 A1=00004A68 nib=68973
  $A6EB64  tst.b   ($1000,A0)                           D0=00000000 D1=0000004A D2=00000001 A0=50F16000 A1=00004A68 nib=68973
  $A6EB68  tst.b   ($1a00,A0)                           D0=00000000 D1=0000004A D2=00000001 A0=50F16000 A1=00004A68 nib=68973
  $A6EB6C  moveq   #$57, D0                             D0=00000000 D1=0000004A D2=00000001 A0=50F16000 A1=00004A68 nib=68973
  $A6EB6E  move.b  D0, ($1e00,A0)                       D0=00000057 D1=0000004A D2=00000001 A0=50F16000 A1=00004A68 nib=68973
  $A6EB72  move.b  #$17, ($1e00,A0)                     D0=00000057 D1=0000004A D2=00000001 A0=50F16000 A1=00004A68 nib=68973
  $A6EB78  move.b  D0, ($1e00,A0)                       D0=00000057 D1=0000004A D2=00000001 A0=50F16000 A1=00004A68 nib=68973
  $A6EB7C  move.b  D0, ($1e00,A0)                       D0=00000057 D1=0000004A D2=00000001 A0=50F16000 A1=00004A68 nib=68973
  $A6EB80  dbra    D2, $a6eb0c                          D0=00000057 D1=0000004A D2=00000001 A0=50F16000 A1=00004A68 nib=68973
  $A6EB0C  movea.l $1e0.w, A0                           D0=00000057 D1=0000004A D2=00000000 A0=50F16000 A1=00004A68 nib=68973
  $A6EB10  move.b  #$38, ($c00,A0)                      D0=00000057 D1=0000004A D2=00000000 A0=50F16000 A1=00004A68 nib=68973
  $A6EB16  moveq   #-$b, D0                             D0=00000057 D1=0000004A D2=00000000 A0=50F16000 A1=00004A68 nib=68973
  $A6EB18  move.b  D0, ($800,A0)                        D0=FFFFFFF5 D1=0000004A D2=00000000 A0=50F16000 A1=00004A68 nib=68973
  $A6EB1C  cmp.b   ($1800,A0), D0                       D0=FFFFFFF5 D1=0000004A D2=00000000 A0=50F16000 A1=00004A68 nib=68973
  $A6EB20  bne     $a6eb4a                              D0=FFFFFFF5 D1=0000004A D2=00000000 A0=50F16000 A1=00004A68 nib=68973
  $A6EB22  moveq   #-$a, D0                             D0=FFFFFFF5 D1=0000004A D2=00000000 A0=50F16000 A1=00004A68 nib=68973
  $A6EB24  move.b  D0, ($800,A0)                        D0=FFFFFFF6 D1=0000004A D2=00000000 A0=50F16000 A1=00004A68 nib=68973
  $A6EB28  cmp.b   ($1800,A0), D0                       D0=FFFFFFF6 D1=0000004A D2=00000000 A0=50F16000 A1=00004A68 nib=68973
  $A6EB2C  bne     $a6eb4a                              D0=FFFFFFF6 D1=0000004A D2=00000000 A0=50F16000 A1=00004A68 nib=68973
  $A6EB2E  moveq   #-$9, D0                             D0=FFFFFFF6 D1=0000004A D2=00000000 A0=50F16000 A1=00004A68 nib=68973
  $A6EB30  move.b  D0, ($800,A0)                        D0=FFFFFFF7 D1=0000004A D2=00000000 A0=50F16000 A1=00004A68 nib=68973
  $A6EB34  cmp.b   ($1800,A0), D0                       D0=FFFFFFF7 D1=0000004A D2=00000000 A0=50F16000 A1=00004A68 nib=68973
  $A6EB38  bne     $a6eb4a                              D0=FFFFFFF7 D1=0000004A D2=00000000 A0=50F16000 A1=00004A68 nib=68973
  $A6EB3A  tst.b   ($17,A1,D1.w)                        D0=FFFFFFF7 D1=0000004A D2=00000000 A0=50F16000 A1=00004A68 nib=68973
  $A6EB3E  bmi     $a6eb86                              D0=FFFFFFF7 D1=0000004A D2=00000000 A0=50F16000 A1=00004A68 nib=68973
  $A6EB86  move.b  #$38, ($c00,A0)                      D0=FFFFFFF7 D1=0000004A D2=00000000 A0=50F16000 A1=00004A68 nib=68973
  $A6EB8C  move.b  #$c0, ($400,A0)                      D0=FFFFFFF7 D1=0000004A D2=00000000 A0=50F16000 A1=00004A68 nib=68973
  $A6EB92  moveq   #$20, D0                             D0=FFFFFFF7 D1=0000004A D2=00000000 A0=50F16000 A1=00004A68 nib=68973
  $A6EB94  move.b  D0, ($a00,A0)                        D0=00000020 D1=0000004A D2=00000000 A0=50F16000 A1=00004A68 nib=68973
  $A6EB98  cmp.b   ($1a00,A0), D0                       D0=00000020 D1=0000004A D2=00000000 A0=50F16000 A1=00004A68 nib=68973
  $A6EB9C  bne     $a6eba2                              D0=00000020 D1=0000004A D2=00000000 A0=50F16000 A1=00004A68 nib=68973
  $A6EB9E  bsr     $a6ebb8                              D0=00000020 D1=0000004A D2=00000000 A0=50F16000 A1=00004A68 nib=68973
  $A6EBB8  move.w  ($0,A1,D1.w), D0                     D0=00000020 D1=0000004A D2=00000000 A0=50F16000 A1=00004A68 nib=68973
  $A6EBBC  movea.l $1d4.w, A1                           D0=00000000 D1=0000004A D2=00000000 A0=50F16000 A1=00004A68 nib=68973
  $A6EBC0  adda.w  #$1e00, A1                           D0=00000000 D1=0000004A D2=00000000 A0=50F16000 A1=50F00000 nib=68973
  $A6EBC4  lea     ($52,PC), A2; ($a6ec18)              D0=00000000 D1=0000004A D2=00000000 A0=50F16000 A1=50F01E00 nib=68973
  $A6EBC8  addq.w  #$2, A2                              D0=00000000 D1=0000004A D2=00000000 A0=50F16000 A1=50F01E00 nib=68973
  $A6EBCA  cmp.w   (A2)+, D0                            D0=00000000 D1=0000004A D2=00000000 A0=50F16000 A1=50F01E00 nib=68973
  $A6EBCC  bge     $a6ebc8                              D0=00000000 D1=0000004A D2=00000000 A0=50F16000 A1=50F01E00 nib=68973
  $A6EBCE  move.w  (A2), D0                             D0=00000000 D1=0000004A D2=00000000 A0=50F16000 A1=50F01E00 nib=68973
  $A6EBD0  lea     ($48,PC,D0.w), A2                    D0=00000010 D1=0000004A D2=00000000 A0=50F16000 A1=50F01E00 nib=68973
  $A6EBD4  moveq   #$4, D2                              D0=00000010 D1=0000004A D2=00000000 A0=50F16000 A1=50F01E00 nib=68973
  $A6EBD6  move.b  #$38, ($c00,A0)                      D0=00000010 D1=0000004A D2=00000004 A0=50F16000 A1=50F01E00 nib=68973
  $A6EBDC  swap    D2                                   D0=00000010 D1=0000004A D2=00000004 A0=50F16000 A1=50F01E00 nib=68973
  $A6EBDE  moveq   #$f, D0                              D0=00000010 D1=0000004A D2=00040000 A0=50F16000 A1=50F01E00 nib=68973
  $A6EBE0  move.b  (A1), (A1)                           D0=0000000F D1=0000004A D2=00040000 A0=50F16000 A1=50F01E00 nib=68973
  $A6EBE2  move.b  ($1600,A0), D2                       D0=0000000F D1=0000004A D2=00040000 A0=50F16000 A1=50F01E00 nib=68973
  $A6EBE6  cmp.b   ($0,A2,D0.w), D2                     D0=0000000F D1=0000004A D2=00040000 A0=50F16000 A1=50F01E00 nib=68973
  $A6EBEA  dbne    D0, $a6ebe0                          D0=0000000F D1=0000004A D2=00040000 A0=50F16000 A1=50F01E00 nib=68973
  $A6EBEE  bne     $a6ebf8                              D0=0000000F D1=0000004A D2=00040000 A0=50F16000 A1=50F01E00 nib=68973
  $A6EBF8  move.b  #$38, ($c00,A0)                      D0=0000000F D1=0000004A D2=00040000 A0=50F16000 A1=50F01E00 nib=68973
  $A6EBFE  moveq   #$f, D0                              D0=0000000F D1=0000004A D2=00040000 A0=50F16000 A1=50F01E00 nib=68973
  $A6EC00  move.b  (A1), (A1)                           D0=0000000F D1=0000004A D2=00040000 A0=50F16000 A1=50F01E00 nib=68973
  $A6EC02  move.b  ($0,A2,D0.w), ($600,A0)              D0=0000000F D1=0000004A D2=00040000 A0=50F16000 A1=50F01E00 nib=68973
  $A6EC08  dbra    D0, $a6ec00                          D0=0000000F D1=0000004A D2=00040000 A0=50F16000 A1=50F01E00 nib=68973
  $A6EC00  move.b  (A1), (A1)                           D0=0000000E D1=0000004A D2=00040000 A0=50F16000 A1=50F01E00 nib=68973
  $A6EC02  move.b  ($0,A2,D0.w), ($600,A0)              D0=0000000E D1=0000004A D2=00040000 A0=50F16000 A1=50F01E00 nib=68973
  $A6EC08  dbra    D0, $a6ec00                          D0=0000000E D1=0000004A D2=00040000 A0=50F16000 A1=50F01E00 nib=68973
  $A6EC00  move.b  (A1), (A1)                           D0=0000000D D1=0000004A D2=00040000 A0=50F16000 A1=50F01E00 nib=68973
  $A6EC02  move.b  ($0,A2,D0.w), ($600,A0)              D0=0000000D D1=0000004A D2=00040000 A0=50F16000 A1=50F01E00 nib=68973
  $A6EC08  dbra    D0, $a6ec00                          D0=0000000D D1=0000004A D2=00040000 A0=50F16000 A1=50F01E00 nib=68973
  $A6EC00  move.b  (A1), (A1)                           D0=0000000C D1=0000004A D2=00040000 A0=50F16000 A1=50F01E00 nib=68973
  $A6EC02  move.b  ($0,A2,D0.w), ($600,A0)              D0=0000000C D1=0000004A D2=00040000 A0=50F16000 A1=50F01E00 nib=68973
  $A6EC08  dbra    D0, $a6ec00                          D0=0000000C D1=0000004A D2=00040000 A0=50F16000 A1=50F01E00 nib=68973
  $A6EC00  move.b  (A1), (A1)                           D0=0000000B D1=0000004A D2=00040000 A0=50F16000 A1=50F01E00 nib=68973
  $A6EC02  move.b  ($0,A2,D0.w), ($600,A0)              D0=0000000B D1=0000004A D2=00040000 A0=50F16000 A1=50F01E00 nib=68973
  $A6EC08  dbra    D0, $a6ec00                          D0=0000000B D1=0000004A D2=00040000 A0=50F16000 A1=50F01E00 nib=68973
  $A6EC00  move.b  (A1), (A1)                           D0=0000000A D1=0000004A D2=00040000 A0=50F16000 A1=50F01E00 nib=68973
  $A6EC02  move.b  ($0,A2,D0.w), ($600,A0)              D0=0000000A D1=0000004A D2=00040000 A0=50F16000 A1=50F01E00 nib=68973
  $A6EC08  dbra    D0, $a6ec00                          D0=0000000A D1=0000004A D2=00040000 A0=50F16000 A1=50F01E00 nib=68973
  $A6EC00  move.b  (A1), (A1)                           D0=00000009 D1=0000004A D2=00040000 A0=50F16000 A1=50F01E00 nib=68973
  $A6EC02  move.b  ($0,A2,D0.w), ($600,A0)              D0=00000009 D1=0000004A D2=00040000 A0=50F16000 A1=50F01E00 nib=68973
  $A6EC08  dbra    D0, $a6ec00                          D0=00000009 D1=0000004A D2=00040000 A0=50F16000 A1=50F01E00 nib=68973
  $A6EC00  move.b  (A1), (A1)                           D0=00000008 D1=0000004A D2=00040000 A0=50F16000 A1=50F01E00 nib=68973
  $A6EC02  move.b  ($0,A2,D0.w), ($600,A0)              D0=00000008 D1=0000004A D2=00040000 A0=50F16000 A1=50F01E00 nib=68973
  $A6EC08  dbra    D0, $a6ec00                          D0=00000008 D1=0000004A D2=00040000 A0=50F16000 A1=50F01E00 nib=68973
  $A6EC00  move.b  (A1), (A1)                           D0=00000007 D1=0000004A D2=00040000 A0=50F16000 A1=50F01E00 nib=68973
  $A6EC02  move.b  ($0,A2,D0.w), ($600,A0)              D0=00000007 D1=0000004A D2=00040000 A0=50F16000 A1=50F01E00 nib=68973
  $A6EC08  dbra    D0, $a6ec00                          D0=00000007 D1=0000004A D2=00040000 A0=50F16000 A1=50F01E00 nib=68973
  $A6EC00  move.b  (A1), (A1)                           D0=00000006 D1=0000004A D2=00040000 A0=50F16000 A1=50F01E00 nib=68973
  $A6EC02  move.b  ($0,A2,D0.w), ($600,A0)              D0=00000006 D1=0000004A D2=00040000 A0=50F16000 A1=50F01E00 nib=68973
  $A6EC08  dbra    D0, $a6ec00                          D0=00000006 D1=0000004A D2=00040000 A0=50F16000 A1=50F01E00 nib=68973
  $A6EC00  move.b  (A1), (A1)                           D0=00000005 D1=0000004A D2=00040000 A0=50F16000 A1=50F01E00 nib=68973
  $A6EC02  move.b  ($0,A2,D0.w), ($600,A0)              D0=00000005 D1=0000004A D2=00040000 A0=50F16000 A1=50F01E00 nib=68973
  $A6EC08  dbra    D0, $a6ec00                          D0=00000005 D1=0000004A D2=00040000 A0=50F16000 A1=50F01E00 nib=68973
  $A6EC00  move.b  (A1), (A1)                           D0=00000004 D1=0000004A D2=00040000 A0=50F16000 A1=50F01E00 nib=68973
  $A6EC02  move.b  ($0,A2,D0.w), ($600,A0)              D0=00000004 D1=0000004A D2=00040000 A0=50F16000 A1=50F01E00 nib=68973
  $A6EC08  dbra    D0, $a6ec00                          D0=00000004 D1=0000004A D2=00040000 A0=50F16000 A1=50F01E00 nib=68973
  $A6EC00  move.b  (A1), (A1)                           D0=00000003 D1=0000004A D2=00040000 A0=50F16000 A1=50F01E00 nib=68973
  $A6EC02  move.b  ($0,A2,D0.w), ($600,A0)              D0=00000003 D1=0000004A D2=00040000 A0=50F16000 A1=50F01E00 nib=68973
  $A6EC08  dbra    D0, $a6ec00                          D0=00000003 D1=0000004A D2=00040000 A0=50F16000 A1=50F01E00 nib=68973
  $A6EC00  move.b  (A1), (A1)                           D0=00000002 D1=0000004A D2=00040000 A0=50F16000 A1=50F01E00 nib=68973
  $A6EC02  move.b  ($0,A2,D0.w), ($600,A0)              D0=00000002 D1=0000004A D2=00040000 A0=50F16000 A1=50F01E00 nib=68973
  $A6EC08  dbra    D0, $a6ec00                          D0=00000002 D1=0000004A D2=00040000 A0=50F16000 A1=50F01E00 nib=68973
  $A6EC00  move.b  (A1), (A1)                           D0=00000001 D1=0000004A D2=00040000 A0=50F16000 A1=50F01E00 nib=68973
  $A6EC02  move.b  ($0,A2,D0.w), ($600,A0)              D0=00000001 D1=0000004A D2=00040000 A0=50F16000 A1=50F01E00 nib=68973
  $A6EC08  dbra    D0, $a6ec00                          D0=00000001 D1=0000004A D2=00040000 A0=50F16000 A1=50F01E00 nib=68973
  $A6EC00  move.b  (A1), (A1)                           D0=00000000 D1=0000004A D2=00040000 A0=50F16000 A1=50F01E00 nib=68973
  $A6EC02  move.b  ($0,A2,D0.w), ($600,A0)              D0=00000000 D1=0000004A D2=00040000 A0=50F16000 A1=50F01E00 nib=68973
  $A6EC08  dbra    D0, $a6ec00                          D0=00000000 D1=0000004A D2=00040000 A0=50F16000 A1=50F01E00 nib=68973
  $A6EC0C  swap    D2                                   D0=0000FFFF D1=0000004A D2=00040000 A0=50F16000 A1=50F01E00 nib=68973
  $A6EC0E  dbra    D2, $a6ebd6                          D0=0000FFFF D1=0000004A D2=00000004 A0=50F16000 A1=50F01E00 nib=68973
  $A6EBD6  move.b  #$38, ($c00,A0)                      D0=0000FFFF D1=0000004A D2=00000003 A0=50F16000 A1=50F01E00 nib=68973
  $A6EBDC  swap    D2                                   D0=0000FFFF D1=0000004A D2=00000003 A0=50F16000 A1=50F01E00 nib=68973
  $A6EBDE  moveq   #$f, D0                              D0=0000FFFF D1=0000004A D2=00030000 A0=50F16000 A1=50F01E00 nib=68973
  $A6EBE0  move.b  (A1), (A1)                           D0=0000000F D1=0000004A D2=00030000 A0=50F16000 A1=50F01E00 nib=68973
  $A6EBE2  move.b  ($1600,A0), D2                       D0=0000000F D1=0000004A D2=00030000 A0=50F16000 A1=50F01E00 nib=68973
  $A6EBE6  cmp.b   ($0,A2,D0.w), D2                     D0=0000000F D1=0000004A D2=00030018 A0=50F16000 A1=50F01E00 nib=68973
  $A6EBEA  dbne    D0, $a6ebe0                          D0=0000000F D1=0000004A D2=00030018 A0=50F16000 A1=50F01E00 nib=68973
  $A6EBE0  move.b  (A1), (A1)                           D0=0000000E D1=0000004A D2=00030018 A0=50F16000 A1=50F01E00 nib=68973
  $A6EBE2  move.b  ($1600,A0), D2                       D0=0000000E D1=0000004A D2=00030018 A0=50F16000 A1=50F01E00 nib=68973
  $A6EBE6  cmp.b   ($0,A2,D0.w), D2                     D0=0000000E D1=0000004A D2=00030041 A0=50F16000 A1=50F01E00 nib=68973
  $A6EBEA  dbne    D0, $a6ebe0                          D0=0000000E D1=0000004A D2=00030041 A0=50F16000 A1=50F01E00 nib=68973
  $A6EBE0  move.b  (A1), (A1)                           D0=0000000D D1=0000004A D2=00030041 A0=50F16000 A1=50F01E00 nib=68973
  $A6EBE2  move.b  ($1600,A0), D2                       D0=0000000D D1=0000004A D2=00030041 A0=50F16000 A1=50F01E00 nib=68973
  $A6EBE6  cmp.b   ($0,A2,D0.w), D2                     D0=0000000D D1=0000004A D2=0003002E A0=50F16000 A1=50F01E00 nib=68973
  $A6EBEA  dbne    D0, $a6ebe0                          D0=0000000D D1=0000004A D2=0003002E A0=50F16000 A1=50F01E00 nib=68973
  $A6EBE0  move.b  (A1), (A1)                           D0=0000000C D1=0000004A D2=0003002E A0=50F16000 A1=50F01E00 nib=68973
  $A6EBE2  move.b  ($1600,A0), D2                       D0=0000000C D1=0000004A D2=0003002E A0=50F16000 A1=50F01E00 nib=68973
  $A6EBE6  cmp.b   ($0,A2,D0.w), D2                     D0=0000000C D1=0000004A D2=0003002E A0=50F16000 A1=50F01E00 nib=68973
  $A6EBEA  dbne    D0, $a6ebe0                          D0=0000000C D1=0000004A D2=0003002E A0=50F16000 A1=50F01E00 nib=68973
  $A6EBE0  move.b  (A1), (A1)                           D0=0000000B D1=0000004A D2=0003002E A0=50F16000 A1=50F01E00 nib=68973
  $A6EBE2  move.b  ($1600,A0), D2                       D0=0000000B D1=0000004A D2=0003002E A0=50F16000 A1=50F01E00 nib=68973
  $A6EBE6  cmp.b   ($0,A2,D0.w), D2                     D0=0000000B D1=0000004A D2=00030018 A0=50F16000 A1=50F01E00 nib=68973
  $A6EBEA  dbne    D0, $a6ebe0                          D0=0000000B D1=0000004A D2=00030018 A0=50F16000 A1=50F01E00 nib=68973
  $A6EBE0  move.b  (A1), (A1)                           D0=0000000A D1=0000004A D2=00030018 A0=50F16000 A1=50F01E00 nib=68973
  $A6EBE2  move.b  ($1600,A0), D2                       D0=0000000A D1=0000004A D2=00030018 A0=50F16000 A1=50F01E00 nib=68973
  $A6EBE6  cmp.b   ($0,A2,D0.w), D2                     D0=0000000A D1=0000004A D2=00030018 A0=50F16000 A1=50F01E00 nib=68973
  $A6EBEA  dbne    D0, $a6ebe0                          D0=0000000A D1=0000004A D2=00030018 A0=50F16000 A1=50F01E00 nib=68973
  $A6EBE0  move.b  (A1), (A1)                           D0=00000009 D1=0000004A D2=00030018 A0=50F16000 A1=50F01E00 nib=68973
  $A6EBE2  move.b  ($1600,A0), D2                       D0=00000009 D1=0000004A D2=00030018 A0=50F16000 A1=50F01E00 nib=68973
  $A6EBE6  cmp.b   ($0,A2,D0.w), D2                     D0=00000009 D1=0000004A D2=0003001B A0=50F16000 A1=50F01E00 nib=68973
  $A6EBEA  dbne    D0, $a6ebe0                          D0=00000009 D1=0000004A D2=0003001B A0=50F16000 A1=50F01E00 nib=68973
  $A6EBE0  move.b  (A1), (A1)                           D0=00000008 D1=0000004A D2=0003001B A0=50F16000 A1=50F01E00 nib=68973
  $A6EBE2  move.b  ($1600,A0), D2                       D0=00000008 D1=0000004A D2=0003001B A0=50F16000 A1=50F01E00 nib=68973
  $A6EBE6  cmp.b   ($0,A2,D0.w), D2                     D0=00000008 D1=0000004A D2=0003001B A0=50F16000 A1=50F01E00 nib=68973
  $A6EBEA  dbne    D0, $a6ebe0                          D0=00000008 D1=0000004A D2=0003001B A0=50F16000 A1=50F01E00 nib=68973
  $A6EBE0  move.b  (A1), (A1)                           D0=00000007 D1=0000004A D2=0003001B A0=50F16000 A1=50F01E00 nib=68973
  $A6EBE2  move.b  ($1600,A0), D2                       D0=00000007 D1=0000004A D2=0003001B A0=50F16000 A1=50F01E00 nib=68973
  $A6EBE6  cmp.b   ($0,A2,D0.w), D2                     D0=00000007 D1=0000004A D2=0003002F A0=50F16000 A1=50F01E00 nib=68973
  $A6EBEA  dbne    D0, $a6ebe0                          D0=00000007 D1=0000004A D2=0003002F A0=50F16000 A1=50F01E00 nib=68973
  $A6EBE0  move.b  (A1), (A1)                           D0=00000006 D1=0000004A D2=0003002F A0=50F16000 A1=50F01E00 nib=68973
  $A6EBE2  move.b  ($1600,A0), D2                       D0=00000006 D1=0000004A D2=0003002F A0=50F16000 A1=50F01E00 nib=68973
  $A6EBE6  cmp.b   ($0,A2,D0.w), D2                     D0=00000006 D1=0000004A D2=0003002F A0=50F16000 A1=50F01E00 nib=68973
  $A6EBEA  dbne    D0, $a6ebe0                          D0=00000006 D1=0000004A D2=0003002F A0=50F16000 A1=50F01E00 nib=68973
  $A6EBE0  move.b  (A1), (A1)                           D0=00000005 D1=0000004A D2=0003002F A0=50F16000 A1=50F01E00 nib=68973
  $A6EBE2  move.b  ($1600,A0), D2                       D0=00000005 D1=0000004A D2=0003002F A0=50F16000 A1=50F01E00 nib=68973
  $A6EBE6  cmp.b   ($0,A2,D0.w), D2                     D0=00000005 D1=0000004A D2=00030019 A0=50F16000 A1=50F01E00 nib=68973
  $A6EBEA  dbne    D0, $a6ebe0                          D0=00000005 D1=0000004A D2=00030019 A0=50F16000 A1=50F01E00 nib=68973
  $A6EBE0  move.b  (A1), (A1)                           D0=00000004 D1=0000004A D2=00030019 A0=50F16000 A1=50F01E00 nib=68973
  $A6EBE2  move.b  ($1600,A0), D2                       D0=00000004 D1=0000004A D2=00030019 A0=50F16000 A1=50F01E00 nib=68973
  $A6EBE6  cmp.b   ($0,A2,D0.w), D2                     D0=00000004 D1=0000004A D2=00030019 A0=50F16000 A1=50F01E00 nib=68973
  $A6EBEA  dbne    D0, $a6ebe0                          D0=00000004 D1=0000004A D2=00030019 A0=50F16000 A1=50F01E00 nib=68973
  $A6EBE0  move.b  (A1), (A1)                           D0=00000003 D1=0000004A D2=00030019 A0=50F16000 A1=50F01E00 nib=68973
  $A6EBE2  move.b  ($1600,A0), D2                       D0=00000003 D1=0000004A D2=00030019 A0=50F16000 A1=50F01E00 nib=68973
  $A6EBE6  cmp.b   ($0,A2,D0.w), D2                     D0=00000003 D1=0000004A D2=00030097 A0=50F16000 A1=50F01E00 nib=68973
  $A6EBEA  dbne    D0, $a6ebe0                          D0=00000003 D1=0000004A D2=00030097 A0=50F16000 A1=50F01E00 nib=68973
  $A6EBE0  move.b  (A1), (A1)                           D0=00000002 D1=0000004A D2=00030097 A0=50F16000 A1=50F01E00 nib=68973
  $A6EBE2  move.b  ($1600,A0), D2                       D0=00000002 D1=0000004A D2=00030097 A0=50F16000 A1=50F01E00 nib=68973
  $A6EBE6  cmp.b   ($0,A2,D0.w), D2                     D0=00000002 D1=0000004A D2=0003001B A0=50F16000 A1=50F01E00 nib=68973
  $A6EBEA  dbne    D0, $a6ebe0                          D0=00000002 D1=0000004A D2=0003001B A0=50F16000 A1=50F01E00 nib=68973
  $A6EBE0  move.b  (A1), (A1)                           D0=00000001 D1=0000004A D2=0003001B A0=50F16000 A1=50F01E00 nib=68973
  $A6EBE2  move.b  ($1600,A0), D2                       D0=00000001 D1=0000004A D2=0003001B A0=50F16000 A1=50F01E00 nib=68973
  $A6EBE6  cmp.b   ($0,A2,D0.w), D2                     D0=00000001 D1=0000004A D2=00030057 A0=50F16000 A1=50F01E00 nib=68973
  $A6EBEA  dbne    D0, $a6ebe0                          D0=00000001 D1=0000004A D2=00030057 A0=50F16000 A1=50F01E00 nib=68973
  $A6EBE0  move.b  (A1), (A1)                           D0=00000000 D1=0000004A D2=00030057 A0=50F16000 A1=50F01E00 nib=68973
  $A6EBE2  move.b  ($1600,A0), D2                       D0=00000000 D1=0000004A D2=00030057 A0=50F16000 A1=50F01E00 nib=68973
  $A6EBE6  cmp.b   ($0,A2,D0.w), D2                     D0=00000000 D1=0000004A D2=0003003B A0=50F16000 A1=50F01E00 nib=68973
  $A6EBEA  dbne    D0, $a6ebe0                          D0=00000000 D1=0000004A D2=0003003B A0=50F16000 A1=50F01E00 nib=68973
  $A6EBEE  bne     $a6ebf8                              D0=0000FFFF D1=0000004A D2=0003003B A0=50F16000 A1=50F01E00 nib=68973
  $A6EBF0  movea.l $134.w, A1                           D0=0000FFFF D1=0000004A D2=0003003B A0=50F16000 A1=50F01E00 nib=68973
  $A6EBF4  moveq   #$0, D0                              D0=0000FFFF D1=0000004A D2=0003003B A0=50F16000 A1=00004A68 nib=68973
  $A6EBF6  rts                                          D0=00000000 D1=0000004A D2=0003003B A0=50F16000 A1=00004A68 nib=68973
  $A6EBA0  beq     $a6ebae                              D0=00000000 D1=0000004A D2=0003003B A0=50F16000 A1=00004A68 nib=68973
  $A6EBAE  seq     ($139,A1)                            D0=00000000 D1=0000004A D2=0003003B A0=50F16000 A1=00004A68 nib=68973
  $A6EBB2  move.w  (A7)+, SR                            D0=00000000 D1=0000004A D2=0003003B A0=50F16000 A1=00004A68 nib=68973
  $A6EBB4  tst.w   D0                                   D0=00000000 D1=0000004A D2=0003003B A0=50F16000 A1=00004A68 nib=68973
  $A6EBB6  rts                                          D0=00000000 D1=0000004A D2=0003003B A0=50F16000 A1=00004A68 nib=68973
  $A6CECA  bsr     $a6d718                              D0=00000000 D1=0000004A D2=0003003B A0=50F16000 A1=00004A68 nib=68973
  $A6D718  bsr     $a6d3ea                              D0=00000000 D1=0000004A D2=0003003B A0=50F16000 A1=00004A68 nib=68973
  $A6D3EA  movea.l $1e0.w, A0                           D0=00000000 D1=0000004A D2=0003003B A0=50F16000 A1=00004A68 nib=68973
  $A6D3EE  movea.l $1d4.w, A2                           D0=00000000 D1=0000004A D2=0003003B A0=50F16000 A1=00004A68 nib=68973
  $A6D3F2  bsr     $a6d3fa                              D0=00000000 D1=0000004A D2=0003003B A0=50F16000 A1=00004A68 nib=68973
  $A6D3FA  movea.l $134.w, A1                           D0=00000000 D1=0000004A D2=0003003B A0=50F16000 A1=00004A68 nib=68973
  $A6D3FE  move.w  ($12,A1), D1                         D0=00000000 D1=0000004A D2=0003003B A0=50F16000 A1=00004A68 nib=68973
  $A6D402  cmpi.w  #$4, D1                              D0=00000000 D1=00000001 D2=0003003B A0=50F16000 A1=00004A68 nib=68973
  $A6D406  bls     $a6d40a                              D0=00000000 D1=00000001 D2=0003003B A0=50F16000 A1=00004A68 nib=68973
  $A6D40A  add.w   D1, D1                               D0=00000000 D1=00000001 D2=0003003B A0=50F16000 A1=00004A68 nib=68973
  $A6D40C  rts                                          D0=00000000 D1=00000002 D2=0003003B A0=50F16000 A1=00004A68 nib=68973
  $A6D3F4  move.w  (-$26,PC,D1.w), D1                   D0=00000000 D1=00000002 D2=0003003B A0=50F16000 A1=00004A68 nib=68973
  $A6D3F8  rts                                          D0=00000000 D1=0000004A D2=0003003B A0=50F16000 A1=00004A68 nib=68973
  $A6D71C  move.l  $b40.w, -(A7)                        D0=00000000 D1=0000004A D2=0003003B A0=50F16000 A1=00004A68 nib=68973
  $A6D720  rts                                          D0=00000000 D1=0000004A D2=0003003B A0=50F16000 A1=00004A68 nib=68973
  $06AF72  nop                                          D0=00000000 D1=0000004A D2=0003003B A0=50F16000 A1=00004A68 nib=68973
  $06AF74  moveq   #$a, D0                              D0=00000000 D1=0000004A D2=0003003B A0=50F16000 A1=00004A68 nib=68973
  $06AF76  add.l   ($8,A7), D0                          D0=0000000A D1=0000004A D2=0003003B A0=50F16000 A1=00004A68 nib=68973
  $06AF7A  sub.l   ($4,A7), D0                          D0=0000000A D1=0000004A D2=0003003B A0=50F16000 A1=00004A68 nib=68973
  $06AF7E  bne     $6afa8                               D0=BF5F496C D1=0000004A D2=0003003B A0=50F16000 A1=00004A68 nib=68973
  $06AFA8  jmp     $a6d722.l                            D0=BF5F496C D1=0000004A D2=0003003B A0=50F16000 A1=00004A68 nib=68973
  $A6D722  tst.w   ($1a,A1)                             D0=BF5F496C D1=0000004A D2=0003003B A0=50F16000 A1=00004A68 nib=68973
  $A6D726  beq     $a6d738                              D0=BF5F496C D1=0000004A D2=0003003B A0=50F16000 A1=00004A68 nib=68973
  $A6D728  move.w  ($116,A1), D0                        D0=BF5F496C D1=0000004A D2=0003003B A0=50F16000 A1=00004A68 nib=68973
  $A6D72C  cmp.w   ($12,A1), D0                         D0=BF5F0001 D1=0000004A D2=0003003B A0=50F16000 A1=00004A68 nib=68973
  $A6D730  beq     $a6d738                              D0=BF5F0001 D1=0000004A D2=0003003B A0=50F16000 A1=00004A68 nib=68973
  $A6D738  clr.w   ($1a,A1)                             D0=BF5F0001 D1=0000004A D2=0003003B A0=50F16000 A1=00004A68 nib=68973
  $A6D73C  tst.b   ($139,A1)                            D0=BF5F0001 D1=0000004A D2=0003003B A0=50F16000 A1=00004A68 nib=68973
  $A6D740  bmi     $a6ed42                              D0=BF5F0001 D1=0000004A D2=0003003B A0=50F16000 A1=00004A68 nib=68973
  $A6ED42  cmpi.w  #$4a, D1                             D0=BF5F0001 D1=0000004A D2=0003003B A0=50F16000 A1=00004A68 nib=68973
  $A6ED46  bne     $a6ed56                              D0=BF5F0001 D1=0000004A D2=0003003B A0=50F16000 A1=00004A68 nib=68973
  $A6ED48  move.b  #$4, ($c00,A0)                       D0=BF5F0001 D1=0000004A D2=0003003B A0=50F16000 A1=00004A68 nib=68973
  $A6ED4E  move.b  #$82, ($e00,A0)                      D0=BF5F0001 D1=0000004A D2=0003003B A0=50F16000 A1=00004A68 nib=68973
  $A6ED54  rts                                          D0=BF5F0001 D1=0000004A D2=0003003B A0=50F16000 A1=00004A68 nib=68973
  $A6CECE  cmpi.w  #$3, ($12,A1)                        D0=BF5F0001 D1=0000004A D2=0003003B A0=50F16000 A1=00004A68 nib=68973
  $A6CED4  bge     $a6fc2c                              D0=BF5F0001 D1=0000004A D2=0003003B A0=50F16000 A1=00004A68 nib=68973
  $A6CED8  moveq   #$2, D0                              D0=BF5F0001 D1=0000004A D2=0003003B A0=50F16000 A1=00004A68 nib=68973
  $A6CEDA  bsr     $a6d450                              D0=00000002 D1=0000004A D2=0003003B A0=50F16000 A1=00004A68 nib=68973
  $A6D450  bsr     $a6d40e                              D0=00000002 D1=0000004A D2=0003003B A0=50F16000 A1=00004A68 nib=68973
  $A6D40E  bsr     $a6d3ea                              D0=00000002 D1=0000004A D2=0003003B A0=50F16000 A1=00004A68 nib=68973
  $A6D3EA  movea.l $1e0.w, A0                           D0=00000002 D1=0000004A D2=0003003B A0=50F16000 A1=00004A68 nib=68973
  $A6D3EE  movea.l $1d4.w, A2                           D0=00000002 D1=0000004A D2=0003003B A0=50F16000 A1=00004A68 nib=68973
  $A6D3F2  bsr     $a6d3fa                              D0=00000002 D1=0000004A D2=0003003B A0=50F16000 A1=00004A68 nib=68973
  $A6D3FA  movea.l $134.w, A1                           D0=00000002 D1=0000004A D2=0003003B A0=50F16000 A1=00004A68 nib=68973
  $A6D3FE  move.w  ($12,A1), D1                         D0=00000002 D1=0000004A D2=0003003B A0=50F16000 A1=00004A68 nib=68973
  $A6D402  cmpi.w  #$4, D1                              D0=00000002 D1=00000001 D2=0003003B A0=50F16000 A1=00004A68 nib=68973
  $A6D406  bls     $a6d40a                              D0=00000002 D1=00000001 D2=0003003B A0=50F16000 A1=00004A68 nib=68973
  $A6D40A  add.w   D1, D1                               D0=00000002 D1=00000001 D2=0003003B A0=50F16000 A1=00004A68 nib=68973
  $A6D40C  rts                                          D0=00000002 D1=00000002 D2=0003003B A0=50F16000 A1=00004A68 nib=68973
  $A6D3F4  move.w  (-$26,PC,D1.w), D1                   D0=00000002 D1=00000002 D2=0003003B A0=50F16000 A1=00004A68 nib=68973
  $A6D3F8  rts                                          D0=00000002 D1=0000004A D2=0003003B A0=50F16000 A1=00004A68 nib=68973
  $A6D410  tst.b   ($139,A1)                            D0=00000002 D1=0000004A D2=0003003B A0=50F16000 A1=00004A68 nib=68973
  $A6D414  bmi     $a6ecdc                              D0=00000002 D1=0000004A D2=0003003B A0=50F16000 A1=00004A68 nib=68973
  $A6ECDC  move.b  #$f3, ($800,A0)                      D0=00000002 D1=0000004A D2=0003003B A0=50F16000 A1=00004A68 nib=68973
  $A6ECE2  btst    #$1, D0                              D0=00000002 D1=0000004A D2=0003003B A0=50F16000 A1=00004A68 nib=68973
  $A6ECE6  beq     $a6ecf0                              D0=00000002 D1=0000004A D2=0003003B A0=50F16000 A1=00004A68 nib=68973
  $A6ECE8  bset    #$5, ($1e00,A2)                      D0=00000002 D1=0000004A D2=0003003B A0=50F16000 A1=00004A68 nib=68973
  $A6ECEE  bra     $a6ecf6                              D0=00000002 D1=0000004A D2=0003003B A0=50F16000 A1=00004A68 nib=68973
  $A6ECF6  move.b  ($6,PC,D0.w), ($800,A0)              D0=00000002 D1=0000004A D2=0003003B A0=50F16000 A1=00004A68 nib=68973
  $A6ECFC  rts                                          D0=00000002 D1=0000004A D2=0003003B A0=50F16000 A1=00004A68 nib=68973
  $A6D452  tst.b   ($139,A1)                            D0=00000002 D1=0000004A D2=0003003B A0=50F16000 A1=00004A68 nib=68973
  $A6D456  bmi     $a6ed12                              D0=00000002 D1=0000004A D2=0003003B A0=50F16000 A1=00004A68 nib=68973
  $A6ED12  btst    #$3, ($1e00,A0)                      D0=00000002 D1=0000004A D2=0003003B A0=50F16000 A1=00004A68 nib=68973
  $A6ED18  sne     D0                                   D0=00000002 D1=0000004A D2=0003003B A0=50F16000 A1=00004A68 nib=68973
  $A6ED1A  tst.b   D0                                   D0=000000FF D1=0000004A D2=0003003B A0=50F16000 A1=00004A68 nib=68973
  $A6ED1C  rts                                          D0=000000FF D1=0000004A D2=0003003B A0=50F16000 A1=00004A68 nib=68973
  $A6CEDE  bpl     $a6cef2                              D0=000000FF D1=0000004A D2=0003003B A0=50F16000 A1=00004A68 nib=68973
  $A6CEE0  clr.b   ($3,A1,D1.w)                         D0=000000FF D1=0000004A D2=0003003B A0=50F16000 A1=00004A68 nib=68973
  $A6CEE4  move.b  #$80, ($c00,A0)                      D0=000000FF D1=0000004A D2=0003003B A0=50F16000 A1=00004A68 nib=68973
  $A6CEEA  tst.b   ($1000,A0)                           D0=000000FF D1=0000004A D2=0003003B A0=50F16000 A1=00004A68 nib=68973
  $A6CEEE  moveq   #-$41, D0                            D0=000000FF D1=0000004A D2=0003003B A0=50F16000 A1=00004A68 nib=68973
  $A6CEF0  bra     $a6cf56                              D0=FFFFFFBF D1=0000004A D2=0003003B A0=50F16000 A1=00004A68 nib=68973
  $A6CF56  andi.w  #-$701, SR                           D0=FFFFFFBF D1=0000004A D2=0003003B A0=50F16000 A1=00004A68 nib=68973
  $A6CF5A  bra     $a6cb64                              D0=FFFFFFBF D1=0000004A D2=0003003B A0=50F16000 A1=00004A68 nib=68973
  $A6CB64  tst.w   D0                                   D0=FFFFFFBF D1=0000004A D2=0003003B A0=50F16000 A1=00004A68 nib=68973
  $A6CB66  beq     $a6cb6c                              D0=FFFFFFBF D1=0000004A D2=0003003B A0=50F16000 A1=00004A68 nib=68973
  $A6CB68  move.w  D0, $142.w                           D0=FFFFFFBF D1=0000004A D2=0003003B A0=50F16000 A1=00004A68 nib=68973
  $A6CB6C  movea.l $134.w, A1                           D0=FFFFFFBF D1=0000004A D2=0003003B A0=50F16000 A1=00004A68 nib=68973
  $A6CB70  clr.b   ($19,A1)                             D0=FFFFFFBF D1=0000004A D2=0003003B A0=50F16000 A1=00004A68 nib=68973
  $A6CB74  movea.l (A1), A1                             D0=FFFFFFBF D1=0000004A D2=0003003B A0=50F16000 A1=00004A68 nib=68973
  $A6CB76  move.l  $8fc.w, -(A7)                        D0=FFFFFFBF D1=0000004A D2=0003003B A0=50F16000 A1=00004A2C nib=68973
  $A6CB7A  rts                                          D0=FFFFFFBF D1=0000004A D2=0003003B A0=50F16000 A1=00004A2C nib=68973
  $06AFEA  move.l  (A7), D1                             D0=FFFFFFBF D1=0000004A D2=0003003B A0=50F16000 A1=00004A2C nib=68973
  $06AFEC  and.l   $31a.w, D1                           D0=FFFFFFBF D1=40A0B69E D2=0003003B A0=50F16000 A1=00004A2C nib=68973
  $06AFF0  cmpi.l  #$86cebe, D1                         D0=FFFFFFBF D1=00A0B69E D2=0003003B A0=50F16000 A1=00004A2C nib=68973
  $06AFF6  bne     $6affa                               D0=FFFFFFBF D1=00A0B69E D2=0003003B A0=50F16000 A1=00004A2C nib=68973
  $06AFFA  jmp     $40a0b572.l                          D0=FFFFFFBF D1=00A0B69E D2=0003003B A0=50F16000 A1=00004A2C nib=68973
  $A0B572  move.w  D0, -(A7)                            D0=FFFFFFBF D1=00A0B69E D2=0003003B A0=50F16000 A1=00004A2C nib=68973
  $A0B574  move.l  D0, -(A7)                            D0=FFFFFFBF D1=00A0B69E D2=0003003B A0=50F16000 A1=00004A2C nib=68973
  $A0B576  move.l  A1, D0                               D0=FFFFFFBF D1=00A0B69E D2=0003003B A0=50F16000 A1=00004A2C nib=68973
  $A0B578  dc.w    $a055; opcode 1010                   D0=00004A2C D1=00A0B69E D2=0003003B A0=50F16000 A1=00004A2C nib=68973
  $A099B0  move.l  A2, -(A7)                            D0=00004A2C D1=00A0B69E D2=0003003B A0=50F16000 A1=00004A2C nib=68973
  $A099B2  move.l  D2, -(A7)                            D0=00004A2C D1=00A0B69E D2=0003003B A0=50F16000 A1=00004A2C nib=68973
  $A099B4  movea.l ($a,A7), A2                          D0=00004A2C D1=00A0B69E D2=0003003B A0=50F16000 A1=00004A2C nib=68973
  $A099B8  move.w  (A2)+, D2                            D0=00004A2C D1=00A0B69E D2=0003003B A0=50F16000 A1=00004A2C nib=68973
  $A099BA  cmpi.w  #-$5800, D2                          D0=00004A2C D1=00A0B69E D2=0003A055 A0=50F16000 A1=00004A2C nib=68973
  $A099BE  bcs     $a099f0                              D0=00004A2C D1=00A0B69E D2=0003A055 A0=50F16000 A1=00004A2C nib=68973
  $A099F0  move.l  D1, -(A7)                            D0=00004A2C D1=00A0B69E D2=0003A055 A0=50F16000 A1=00004A2C nib=68973
  $A099F2  move.l  A1, -(A7)                            D0=00004A2C D1=00A0B69E D2=0003A055 A0=50F16000 A1=00004A2C nib=68973
  $A099F4  move.w  D2, D1                               D0=00004A2C D1=00A0B69E D2=0003A055 A0=50F16000 A1=00004A2C nib=68973
  $A099F6  move.l  A2, ($14,A7)                         D0=00004A2C D1=00A0A055 D2=0003A055 A0=50F16000 A1=00004A2C nib=68973
  $A099FA  andi.w  #$100, D2                            D0=00004A2C D1=00A0A055 D2=0003A055 A0=50F16000 A1=00004A2C nib=68973
  $A099FE  bne     $a09a20                              D0=00004A2C D1=00A0A055 D2=00030000 A0=50F16000 A1=00004A2C nib=68973
  $A09A00  move.b  D1, D2                               D0=00004A2C D1=00A0A055 D2=00030000 A0=50F16000 A1=00004A2C nib=68973
  $A09A02  move.l  A0, -(A7)                            D0=00004A2C D1=00A0A055 D2=00030055 A0=50F16000 A1=00004A2C nib=68973
  $A09A04  jsr     ([$400, D2.w*4], $0)                 D0=00004A2C D1=00A0A055 D2=00030055 A0=50F16000 A1=00004A2C nib=68973
  $A0D76C  and.l   $31a.w, D0                           D0=00004A2C D1=00A0A055 D2=00030055 A0=50F16000 A1=00004A2C nib=68973
  $A0D770  rts                                          D0=00004A2C D1=00A0A055 D2=00030055 A0=50F16000 A1=00004A2C nib=68973
  $A09A0A  movea.l (A7)+, A0                            D0=00004A2C D1=00A0A055 D2=00030055 A0=50F16000 A1=00004A2C nib=68973
  $A09A0C  movea.l (A7)+, A1                            D0=00004A2C D1=00A0A055 D2=00030055 A0=50F16000 A1=00004A2C nib=68973
  $A09A0E  move.l  (A7)+, D1                            D0=00004A2C D1=00A0A055 D2=00030055 A0=50F16000 A1=00004A2C nib=68973
  $A09A10  move.l  (A7)+, D2                            D0=00004A2C D1=00A0B69E D2=00030055 A0=50F16000 A1=00004A2C nib=68973
  $A09A12  movea.l (A7)+, A2                            D0=00004A2C D1=00A0B69E D2=0003003B A0=50F16000 A1=00004A2C nib=68973
  $A09A14  tst.w   D0                                   D0=00004A2C D1=00A0B69E D2=0003003B A0=50F16000 A1=00004A2C nib=68973
  $A09A16  addq.w  #$4, A7                              D0=00004A2C D1=00A0B69E D2=0003003B A0=50F16000 A1=00004A2C nib=68973
  $A09A18  rts                                          D0=00004A2C D1=00A0B69E D2=0003003B A0=50F16000 A1=00004A2C nib=68973
  $A0B57A  movea.l D0, A1                               D0=00004A2C D1=00A0B69E D2=0003003B A0=50F16000 A1=00004A2C nib=68973
  $A0B57C  move.l  (A7)+, D0                            D0=00004A2C D1=00A0B69E D2=0003003B A0=50F16000 A1=00004A2C nib=68973
  $A0B57E  bsr     $a0b584                              D0=FFFFFFBF D1=00A0B69E D2=0003003B A0=50F16000 A1=00004A2C nib=68973
  $A0B584  move.l  ($8,A1), D1                          D0=FFFFFFBF D1=00A0B69E D2=0003003B A0=50F16000 A1=00004A2C nib=68973
  $A0B588  beq     $a0b5aa                              D0=FFFFFFBF D1=000003A4 D2=0003003B A0=50F16000 A1=00004A2C nib=68973
  $A0B58A  move.w  SR, -(A7)                            D0=FFFFFFBF D1=000003A4 D2=0003003B A0=50F16000 A1=00004A2C nib=68973
  $A0B58C  move.w  SR, D1                               D0=FFFFFFBF D1=000003A4 D2=0003003B A0=50F16000 A1=00004A2C nib=68973
  $A0B58E  ori.w   #$700, SR                            D0=FFFFFFBF D1=00002000 D2=0003003B A0=50F16000 A1=00004A2C nib=68973
  $A0B592  bsr     $a0b5a4                              D0=FFFFFFBF D1=00002000 D2=0003003B A0=50F16000 A1=00004A2C nib=68973
  $A0B5A4  bclr    #$7, ($5,A1)                         D0=FFFFFFBF D1=00002000 D2=0003003B A0=50F16000 A1=00004A2C nib=68973
  $A0B5AA  btst    #$6, ($4,A1)                         D0=FFFFFFBF D1=00002000 D2=0003003B A0=50F16000 A1=00004A2C nib=68973
  $A0B5B0  bne     $a0b5c0                              D0=FFFFFFBF D1=00002000 D2=0003003B A0=50F16000 A1=00004A2C nib=68973
  $A0B5C0  rts                                          D0=FFFFFFBF D1=00002000 D2=0003003B A0=50F16000 A1=00004A2C nib=68973
  $A0B594  bsr     $a0b5c2                              D0=FFFFFFBF D1=00002000 D2=0003003B A0=50F16000 A1=00004A2C nib=68973
  $A0B5C2  movea.l ($8,A1), A0                          D0=FFFFFFBF D1=00002000 D2=0003003B A0=50F16000 A1=00004A2C nib=68973
  $A0B5C6  cmpi.w  #$2, ($4,A0)                         D0=FFFFFFBF D1=00002000 D2=0003003B A0=000003A4 A1=00004A2C nib=68973
  $A0B5CC  bne     $a0b566                              D0=FFFFFFBF D1=00002000 D2=0003003B A0=000003A4 A1=00004A2C nib=68973
  $A0B5CE  move.l  (A0), ($8,A1)                        D0=FFFFFFBF D1=00002000 D2=0003003B A0=000003A4 A1=00004A2C nib=68973
  $A0B5D2  bne     $a0b5d8                              D0=FFFFFFBF D1=00002000 D2=0003003B A0=000003A4 A1=00004A2C nib=68973
  $A0B5D4  clr.l   ($c,A1)                              D0=FFFFFFBF D1=00002000 D2=0003003B A0=000003A4 A1=00004A2C nib=68973
  $A0B5D8  move.w  D1, SR                               D0=FFFFFFBF D1=00002000 D2=0003003B A0=000003A4 A1=00004A2C nib=68973
  $A0B5DA  move.w  D0, ($10,A0)                         D0=FFFFFFBF D1=00002000 D2=0003003B A0=000003A4 A1=00004A2C nib=68973
T $A0B5DE  ble     $a0b5e4                              D0=FFFFFFBF D1=00002000 D2=0003003B A0=000003A4 A1=00004A2C nib=68973
T $A0B5E4  move.l  ($c,A0), D1                          D0=FFFFFFBF D1=00002000 D2=0003003B A0=000003A4 A1=00004A2C nib=68973
T $A0B5E8  beq     $a0b5f4                              D0=FFFFFFBF D1=00000000 D2=0003003B A0=000003A4 A1=00004A2C nib=68973
T $A0B5F4  rts                                          D0=FFFFFFBF D1=00000000 D2=0003003B A0=000003A4 A1=00004A2C nib=68973
T $A0B596  ori.w   #$700, SR                            D0=FFFFFFBF D1=00000000 D2=0003003B A0=000003A4 A1=00004A2C nib=68973
T $A0B59A  tst.l   ($8,A1)                              D0=FFFFFFBF D1=00000000 D2=0003003B A0=000003A4 A1=00004A2C nib=68973
T $A0B59E  bne     $a0b608                              D0=FFFFFFBF D1=00000000 D2=0003003B A0=000003A4 A1=00004A2C nib=68973
T $A0B5A0  move.w  (A7)+, SR                            D0=FFFFFFBF D1=00000000 D2=0003003B A0=000003A4 A1=00004A2C nib=68973
T $A0B5A2  rts                                          D0=FFFFFFBF D1=00000000 D2=0003003B A0=000003A4 A1=00004A2C nib=68973
T $A0B580  move.w  (A7)+, D0                            D0=FFFFFFBF D1=00000000 D2=0003003B A0=000003A4 A1=00004A2C nib=68973
T $A0B582  rts                                          D0=FFFFFFBF D1=00000000 D2=0003003B A0=000003A4 A1=00004A2C nib=68973
T $A0B69E  bra     $a0b6a4                              D0=FFFFFFBF D1=00000000 D2=0003003B A0=000003A4 A1=00004A2C nib=68973
T $A0B6A4  ext.l   D0                                   D0=FFFFFFBF D1=00000000 D2=0003003B A0=000003A4 A1=00004A2C nib=68973
T $A0B6A6  movem.l (A7)+, D3-D7/A1-A6                   D0=FFFFFFBF D1=00000000 D2=0003003B A0=000003A4 A1=00004A2C nib=68973
T $A0B6AA  rts                                          D0=FFFFFFBF D1=00000000 D2=0003003B A0=000003A4 A1=80004A2C nib=68973
T $A0BB84  movea.l (A7)+, A0                            D0=FFFFFFBF D1=00000000 D2=0003003B A0=000003A4 A1=80004A2C nib=68973
T $A0BB86  move.l  $6dc.w, -(A7)                        D0=FFFFFFBF D1=00000000 D2=0003003B A0=000003A4 A1=80004A2C nib=68973
T $A0BB8A  rts                                          D0=FFFFFFBF D1=00000000 D2=0003003B A0=000003A4 A1=80004A2C nib=68973
T $A0BB8C  move.w  ($10,A0), D0                         D0=FFFFFFBF D1=00000000 D2=0003003B A0=000003A4 A1=80004A2C nib=68973
T $A0BB90  bgt     $a0bb8c                              D0=FFFFFFBF D1=00000000 D2=0003003B A0=000003A4 A1=80004A2C nib=68973
T $A0BB92  ext.l   D0                                   D0=FFFFFFBF D1=00000000 D2=0003003B A0=000003A4 A1=80004A2C nib=68973
T $A0BB94  move.w  D0, ($10,A0)                         D0=FFFFFFBF D1=00000000 D2=0003003B A0=000003A4 A1=80004A2C nib=68973
T $A0BB98  rts                                          D0=FFFFFFBF D1=00000000 D2=0003003B A0=000003A4 A1=80004A2C nib=68973
T $A09A0A  movea.l (A7)+, A0                            D0=FFFFFFBF D1=00000000 D2=0003003B A0=000003A4 A1=80004A2C nib=68973
T $A09A0C  movea.l (A7)+, A1                            D0=FFFFFFBF D1=00000000 D2=0003003B A0=000003A4 A1=80004A2C nib=68973
T $A09A0E  move.l  (A7)+, D1                            D0=FFFFFFBF D1=00000000 D2=0003003B A0=000003A4 A1=0003DB6E nib=68973
T $A09A10  move.l  (A7)+, D2                            D0=FFFFFFBF D1=0000FFFB D2=0003003B A0=000003A4 A1=0003DB6E nib=68973
T $A09A12  movea.l (A7)+, A2                            D0=FFFFFFBF D1=0000FFFB D2=00090001 A0=000003A4 A1=0003DB6E nib=68973
T $A09A14  tst.w   D0                                   D0=FFFFFFBF D1=0000FFFB D2=00090001 A0=000003A4 A1=0003DB6E nib=68973
T $A09A16  addq.w  #$4, A7                              D0=FFFFFFBF D1=0000FFFB D2=00090001 A0=000003A4 A1=0003DB6E nib=68973
T $A09A18  rts                                          D0=FFFFFFBF D1=0000FFFB D2=00090001 A0=000003A4 A1=0003DB6E nib=68973
T $03DBAA  bne     $3dc56                               D0=FFFFFFBF D1=0000FFFB D2=00090001 A0=000003A4 A1=0003DB6E nib=68973
T $03DC56  lea     ($200,A6), A6                        D0=FFFFFFBF D1=0000FFFB D2=00090001 A0=000003A4 A1=0003DB6E nib=68973
T $03DC5A  tst.w   D0                                   D0=FFFFFFBF D1=0000FFFB D2=00090001 A0=000003A4 A1=0003DB6E nib=68973
T $03DC5C  beq     $3dc70                               D0=FFFFFFBF D1=0000FFFB D2=00090001 A0=000003A4 A1=0003DB6E nib=68973
T $03DC5E  movea.l $bb8.w, A1                           D0=FFFFFFBF D1=0000FFFB D2=00090001 A0=000003A4 A1=0003DB6E nib=68973
T $03DC62  btst    #$0, ($42,A1)                        D0=FFFFFFBF D1=0000FFFB D2=00090001 A0=000003A4 A1=0000F8E0 nib=68973
T $03DC68  bne     $3dc70                               D0=FFFFFFBF D1=0000FFFB D2=00090001 A0=000003A4 A1=0000F8E0 nib=68973
T $03DC6A  jmp     $40a0f662.l                          D0=FFFFFFBF D1=0000FFFB D2=00090001 A0=000003A4 A1=0000F8E0 nib=68973
T $A0F662  st      $34a.w                               D0=FFFFFFBF D1=0000FFFB D2=00090001 A0=000003A4 A1=0000F8E0 nib=68973
T $A0F666  moveq   #-$32, D0                            D0=FFFFFFBF D1=0000FFFB D2=00090001 A0=000003A4 A1=0000F8E0 nib=68973
T $A0F668  move.w  ($16,A0), D2                         D0=FFFFFFCE D1=0000FFFB D2=00090001 A0=000003A4 A1=0000F8E0 nib=68973
T $A0F66C  ble     $a0f67e                              D0=FFFFFFCE D1=0000FFFB D2=00090001 A0=000003A4 A1=0000F8E0 nib=68973
T $A0F66E  move.w  D2, D0                               D0=FFFFFFCE D1=0000FFFB D2=00090001 A0=000003A4 A1=0000F8E0 nib=68973
T $A0F670  bsr     $a0f4c6                              D0=FFFF0001 D1=0000FFFB D2=00090001 A0=000003A4 A1=0000F8E0 nib=68973
T $A0F4C6  movem.l D1-D2, -(A7)                         D0=FFFF0001 D1=0000FFFB D2=00090001 A0=000003A4 A1=0000F8E0 nib=68973
T $A0F4CA  move.w  D0, D1                               D0=FFFF0001 D1=0000FFFB D2=00090001 A0=000003A4 A1=0000F8E0 nib=68973
T $A0F4CC  move.w  D0, D2                               D0=FFFF0001 D1=00000001 D2=00090001 A0=000003A4 A1=0000F8E0 nib=68973
T $A0F4CE  neg.w   D2                                   D0=FFFF0001 D1=00000001 D2=00090001 A0=000003A4 A1=0000F8E0 nib=68973
T $A0F4D0  movea.l $358.w, A2                           D0=FFFF0001 D1=00000001 D2=0009FFFF A0=000003A4 A1=0000F8E0 nib=68973
T $A0F4D4  move.l  A2, D0                               D0=FFFF0001 D1=00000001 D2=0009FFFF A0=000003A4 A1=0000F8E0 nib=68973
T $A0F4D6  beq     $a0f4f6                              D0=00008C4C D1=00000001 D2=0009FFFF A0=000003A4 A1=0000F8E0 nib=68973
T $A0F4D8  cmp.w   ($48,A2), D1                         D0=00008C4C D1=00000001 D2=0009FFFF A0=000003A4 A1=0000F8E0 nib=68973
T $A0F4DC  beq     $a0f4ee                              D0=00008C4C D1=00000001 D2=0009FFFF A0=000003A4 A1=0000F8E0 nib=68973
T $A0F4DE  tst.w   ($48,A2)                             D0=00008C4C D1=00000001 D2=0009FFFF A0=000003A4 A1=0000F8E0 nib=68973
T $A0F4E2  bne     $a0f4ea                              D0=00008C4C D1=00000001 D2=0009FFFF A0=000003A4 A1=0000F8E0 nib=68973
T $A0F4EA  movea.l (A2), A2                             D0=00008C4C D1=00000001 D2=0009FFFF A0=000003A4 A1=0000F8E0 nib=68973
T $A0F4EC  bra     $a0f4d4                              D0=00008C4C D1=00000001 D2=0009FFFF A0=000003A4 A1=0000F8E0 nib=68973
T $A0F4D4  move.l  A2, D0                               D0=00008C4C D1=00000001 D2=0009FFFF A0=000003A4 A1=0000F8E0 nib=68973
T $A0F4D6  beq     $a0f4f6                              D0=00000000 D1=00000001 D2=0009FFFF A0=000003A4 A1=0000F8E0 nib=68973
T $A0F4F6  moveq   #-$23, D0                            D0=00000000 D1=00000001 D2=0009FFFF A0=000003A4 A1=0000F8E0 nib=68973
T $A0F4F8  bra     $a0f4f0                              D0=FFFFFFDD D1=00000001 D2=0009FFFF A0=000003A4 A1=0000F8E0 nib=68973
T $A0F4F0  movem.l (A7)+, D1-D2                         D0=FFFFFFDD D1=00000001 D2=0009FFFF A0=000003A4 A1=0000F8E0 nib=68973
T $A0F4F4  rts                                          D0=FFFFFFDD D1=0000FFFB D2=00090001 A0=000003A4 A1=0000F8E0 nib=68973
T $A0F674  bne     $a0f682                              D0=FFFFFFDD D1=0000FFFB D2=00090001 A0=000003A4 A1=0000F8E0 nib=68973
T $A0F682  bsr     $a0fc6c                              D0=FFFFFFDD D1=0000FFFB D2=00090001 A0=000003A4 A1=0000F8E0 nib=68973
T $A0FC6C  move.l  $6c8.w, -(A7)                        D0=FFFFFFDD D1=0000FFFB D2=00090001 A0=000003A4 A1=0000F8E0 nib=68973
T $A0FC70  rts                                          D0=FFFFFFDD D1=0000FFFB D2=00090001 A0=000003A4 A1=0000F8E0 nib=68973
T $A0FC72  move.l  A0, -(A7)                            D0=FFFFFFDD D1=0000FFFB D2=00090001 A0=000003A4 A1=0000F8E0 nib=68973
T $A0FC74  move.w  D2, D0                               D0=FFFFFFDD D1=0000FFFB D2=00090001 A0=000003A4 A1=0000F8E0 nib=68973
T $A0FC76  lea     $308.w, A0                           D0=FFFF0001 D1=0000FFFB D2=00090001 A0=000003A4 A1=0000F8E0 nib=68973
T $A0FC7A  moveq   #$6, D1                              D0=FFFF0001 D1=0000FFFB D2=00090001 A0=00000308 A1=0000F8E0 nib=68973
T $A0FC7C  bsr     $a0f48c                              D0=FFFF0001 D1=00000006 D2=00090001 A0=00000308 A1=0000F8E0 nib=68973
T $A0F48C  move.l  D2, -(A7)                            D0=FFFF0001 D1=00000006 D2=00090001 A0=00000308 A1=0000F8E0 nib=68973
T $A0F48E  move.l  ($2,A0), D2                          D0=FFFF0001 D1=00000006 D2=00090001 A0=00000308 A1=0000F8E0 nib=68973
T $A0F492  beq     $a0f4a8                              D0=FFFF0001 D1=00000006 D2=00004AB8 A0=00000308 A1=0000F8E0 nib=68973
T $A0F494  movea.l D2, A0                               D0=FFFF0001 D1=00000006 D2=00004AB8 A0=00000308 A1=0000F8E0 nib=68973
T $A0F496  cmp.w   ($0,A0,D1.w), D0                     D0=FFFF0001 D1=00000006 D2=00004AB8 A0=00004AB8 A1=0000F8E0 nib=68973
T $A0F49A  beq     $a0f4a0                              D0=FFFF0001 D1=00000006 D2=00004AB8 A0=00004AB8 A1=0000F8E0 nib=68973
T $A0F4A0  moveq   #$0, D0                              D0=FFFF0001 D1=00000006 D2=00004AB8 A0=00004AB8 A1=0000F8E0 nib=68973
T $A0F4A2  move.l  (A7)+, D2                            D0=00000000 D1=00000006 D2=00004AB8 A0=00004AB8 A1=0000F8E0 nib=68973
T $A0F4A4  tst.w   D0                                   D0=00000000 D1=00000006 D2=00090001 A0=00004AB8 A1=0000F8E0 nib=68973
T $A0F4A6  rts                                          D0=00000000 D1=00000006 D2=00090001 A0=00004AB8 A1=0000F8E0 nib=68973
T $A0FC80  bne     $a0fc94                              D0=00000000 D1=00000006 D2=00090001 A0=00004AB8 A1=0000F8E0 nib=68973
T $A0FC82  movea.l A0, A3                               D0=00000000 D1=00000006 D2=00090001 A0=00004AB8 A1=0000F8E0 nib=68973
T $A0FC84  move.w  ($8,A0), D1                          D0=00000000 D1=00000006 D2=00090001 A0=00004AB8 A1=0000F8E0 nib=68973
T $A0FC88  move.w  ($a,A0), D0                          D0=00000000 D1=0000FFFB D2=00090001 A0=00004AB8 A1=0000F8E0 nib=68973
T $A0FC8C  beq     $a0fc90                              D0=00000000 D1=0000FFFB D2=00090001 A0=00004AB8 A1=0000F8E0 nib=68973
T $A0FC90  movea.l (A7)+, A0                            D0=00000000 D1=0000FFFB D2=00090001 A0=00004AB8 A1=0000F8E0 nib=68973
T $A0FC92  rts                                          D0=00000000 D1=0000FFFB D2=00090001 A0=000003A4 A1=0000F8E0 nib=68973
T $A0F686  bne     $a0f67e                              D0=00000000 D1=0000FFFB D2=00090001 A0=000003A4 A1=0000F8E0 nib=68973
T $A0F688  movea.l A0, A2                               D0=00000000 D1=0000FFFB D2=00090001 A0=000003A4 A1=0000F8E0 nib=68973
T $A0F68A  move.l  #$b2, D0                             D0=00000000 D1=0000FFFB D2=00090001 A0=000003A4 A1=0000F8E0 nib=68973
T $A0F690  dc.w    $a71e; opcode 1010                   D0=000000B2 D1=0000FFFB D2=00090001 A0=000003A4 A1=0000F8E0 nib=68973
T $A099B0  move.l  A2, -(A7)                            D0=000000B2 D1=0000FFFB D2=00090001 A0=000003A4 A1=0000F8E0 nib=68973
T $A099B2  move.l  D2, -(A7)                            D0=000000B2 D1=0000FFFB D2=00090001 A0=000003A4 A1=0000F8E0 nib=68973
T $A099B4  movea.l ($a,A7), A2                          D0=000000B2 D1=0000FFFB D2=00090001 A0=000003A4 A1=0000F8E0 nib=68973
T $A099B8  move.w  (A2)+, D2                            D0=000000B2 D1=0000FFFB D2=00090001 A0=000003A4 A1=0000F8E0 nib=68973
T $A099BA  cmpi.w  #-$5800, D2                          D0=000000B2 D1=0000FFFB D2=0009A71E A0=000003A4 A1=0000F8E0 nib=68973
T $A099BE  bcs     $a099f0                              D0=000000B2 D1=0000FFFB D2=0009A71E A0=000003A4 A1=0000F8E0 nib=68973
T $A099F0  move.l  D1, -(A7)                            D0=000000B2 D1=0000FFFB D2=0009A71E A0=000003A4 A1=0000F8E0 nib=68973
T $A099F2  move.l  A1, -(A7)                            D0=000000B2 D1=0000FFFB D2=0009A71E A0=000003A4 A1=0000F8E0 nib=68973
T $A099F4  move.w  D2, D1                               D0=000000B2 D1=0000FFFB D2=0009A71E A0=000003A4 A1=0000F8E0 nib=68973
T $A099F6  move.l  A2, ($14,A7)                         D0=000000B2 D1=0000A71E D2=0009A71E A0=000003A4 A1=0000F8E0 nib=68973
T $A099FA  andi.w  #$100, D2                            D0=000000B2 D1=0000A71E D2=0009A71E A0=000003A4 A1=0000F8E0 nib=68973
T $A099FE  bne     $a09a20                              D0=000000B2 D1=0000A71E D2=00090100 A0=000003A4 A1=0000F8E0 nib=68973
T $A09A20  move.b  D1, D2                               D0=000000B2 D1=0000A71E D2=00090100 A0=000003A4 A1=0000F8E0 nib=68973
T $A09A22  jsr     ([$0, D2.w*4], $0)                   D0=000000B2 D1=0000A71E D2=0009011E A0=000003A4 A1=0000F8E0 nib=68973
T $067E54  movem.l D0-D1, -(A7)                         D0=000000B2 D1=0000A71E D2=0009011E A0=000003A4 A1=0000F8E0 nib=68973
T $067E58  move.l  #$ffffffff, -(A7)                    D0=000000B2 D1=0000A71E D2=0009011E A0=000003A4 A1=0000F8E0 nib=68973
T $067E5E  movea.l $2a6.w, A1                           D0=000000B2 D1=0000A71E D2=0009011E A0=000003A4 A1=0000F8E0 nib=68973
T $067E62  btst    #$a, D1                              D0=000000B2 D1=0000A71E D2=0009011E A0=000003A4 A1=00002000 nib=68973
T $067E66  bne     $67e6e                               D0=000000B2 D1=0000A71E D2=0009011E A0=000003A4 A1=00002000 nib=68973
T $067E6E  move.l  (A1), (A7)                           D0=000000B2 D1=0000A71E D2=0009011E A0=000003A4 A1=00002000 nib=68973
T $067E70  jsr     $40a0d360.l                          D0=000000B2 D1=0000A71E D2=0009011E A0=000003A4 A1=00002000 nib=68973
T $A0D360  move.l  #$40, -(A7)                          D0=000000B2 D1=0000A71E D2=0009011E A0=000003A4 A1=00002000 nib=68973
T $A0D366  move.l  $1ee8.w, -(A7)                       D0=000000B2 D1=0000A71E D2=0009011E A0=000003A4 A1=00002000 nib=68973
T $A0D36A  rts                                          D0=000000B2 D1=0000A71E D2=0009011E A0=000003A4 A1=00002000 nib=68973
T $A0DD1E  movea.l (A7)+, A1                            D0=000000B2 D1=0000A71E D2=0009011E A0=000003A4 A1=00002000 nib=68973
T $A0DD20  movem.l D3-D7/A2-A6, -(A7)                   D0=000000B2 D1=0000A71E D2=0009011E A0=000003A4 A1=00000040 nib=68973
T $A0DD24  move.b  $1efc.w, -(A7)                       D0=000000B2 D1=0000A71E D2=0009011E A0=000003A4 A1=00000040 nib=68973
T $A0DD28  movea.l A1, A4                               D0=000000B2 D1=0000A71E D2=0009011E A0=000003A4 A1=00000040 nib=68973
T $A0DD2A  clr.w   -(A7)                                D0=000000B2 D1=0000A71E D2=0009011E A0=000003A4 A1=00000040 nib=68973
T $A0DD2C  move.l  D0, D2                               D0=000000B2 D1=0000A71E D2=0009011E A0=000003A4 A1=00000040 nib=68973
T $A0DD2E  movea.l $118.w, A6                           D0=000000B2 D1=0000A71E D2=000000B2 A0=000003A4 A1=00000040 nib=68973
T $A0DD32  btst    #$a, D1                              D0=000000B2 D1=0000A71E D2=000000B2 A0=000003A4 A1=00000040 nib=68973
T $A0DD36  beq     $a0dd3c                              D0=000000B2 D1=0000A71E D2=000000B2 A0=000003A4 A1=00000040 nib=68973
T $A0DD38  movea.l $2a6.w, A6                           D0=000000B2 D1=0000A71E D2=000000B2 A0=000003A4 A1=00000040 nib=68973
T $A0DD3C  bsr     $a0dbf8                              D0=000000B2 D1=0000A71E D2=000000B2 A0=000003A4 A1=00000040 nib=68973
T $A0DBF8  movea.l $8.w, A2                             D0=000000B2 D1=0000A71E D2=000000B2 A0=000003A4 A1=00000040 nib=68973
T $A0DBFC  lea     (-$ae,PC), A3; ($a0db50)             D0=000000B2 D1=0000A71E D2=000000B2 A0=000003A4 A1=00000040 nib=68973
T $A0DC00  move.l  A3, $8.w                             D0=000000B2 D1=0000A71E D2=000000B2 A0=000003A4 A1=00000040 nib=68973
T $A0DC04  btst    #$0, $1efc.w                         D0=000000B2 D1=0000A71E D2=000000B2 A0=000003A4 A1=00000040 nib=68973
T $A0DC0A  beq     $a0dc12                              D0=000000B2 D1=0000A71E D2=000000B2 A0=000003A4 A1=00000040 nib=68973
T $A0DC12  move.l  A6, D0                               D0=000000B2 D1=0000A71E D2=000000B2 A0=000003A4 A1=00000040 nib=68973
T $A0DC14  and.l   $31a.w, D0                           D0=00002000 D1=0000A71E D2=000000B2 A0=000003A4 A1=00000040 nib=68973
T $A0DC18  movea.l D0, A6                               D0=00002000 D1=0000A71E D2=000000B2 A0=000003A4 A1=00000040 nib=68973
T $A0DC1A  move.l  ($38,A6), D0                         D0=00002000 D1=0000A71E D2=000000B2 A0=000003A4 A1=00000040 nib=68973
T $A0DC1E  and.l   $31a.w, D0                           D0=00002000 D1=0000A71E D2=000000B2 A0=000003A4 A1=00000040 nib=68973
T $A0DC22  move.l  A2, $8.w                             D0=00002000 D1=0000A71E D2=000000B2 A0=000003A4 A1=00000040 nib=68973
T $A0DC26  sub.l   A6, D0                               D0=00002000 D1=0000A71E D2=000000B2 A0=000003A4 A1=00000040 nib=68973
T $A0DC28  beq     $a0dc2c                              D0=00000000 D1=0000A71E D2=000000B2 A0=000003A4 A1=00000040 nib=68973
T $A0DC2C  rts                                          D0=00000000 D1=0000A71E D2=000000B2 A0=000003A4 A1=00000040 nib=68973
T $A0DD40  bmi     $a0dd58                              D0=00000000 D1=0000A71E D2=000000B2 A0=000003A4 A1=00000040 nib=68973
T $A0DD42  addq.l  #$2, A7                              D0=00000000 D1=0000A71E D2=000000B2 A0=000003A4 A1=00000040 nib=68973
T $A0DD44  move.l  D2, D0                               D0=00000000 D1=0000A71E D2=000000B2 A0=000003A4 A1=00000040 nib=68973
T $A0DD46  move.l  ($20,A6), D3                         D0=000000B2 D1=0000A71E D2=000000B2 A0=000003A4 A1=00000040 nib=68973
T $A0DD4A  bne     $a0dd52                              D0=000000B2 D1=0000A71E D2=000000B2 A0=000003A4 A1=00000040 nib=68973
T $A0DD52  adda.l  D3, A4                               D0=000000B2 D1=0000A71E D2=000000B2 A0=000003A4 A1=00000040 nib=68973
T $A0DD54  move.l  (A4), -(A7)                          D0=000000B2 D1=0000A71E D2=000000B2 A0=000003A4 A1=00000040 nib=68973
T $A0DD56  rts                                          D0=000000B2 D1=0000A71E D2=000000B2 A0=000003A4 A1=00000040 nib=68973
T $0680AE  suba.l  A1, A1                               D0=000000B2 D1=0000A71E D2=000000B2 A0=000003A4 A1=00000040 nib=68973
T $0680B0  bsr     $680dc                               D0=000000B2 D1=0000A71E D2=000000B2 A0=000003A4 A1=00000000 nib=68973
T $0680DC  movem.l D0-D4/A0-A1/A3-A4, -(A7)             D0=000000B2 D1=0000A71E D2=000000B2 A0=000003A4 A1=00000000 nib=68973
T $0680E0  jsr     $40a0e58e.l                          D0=000000B2 D1=0000A71E D2=000000B2 A0=000003A4 A1=00000000 nib=68973
T $A0E58E  addq.l  #$8, D0                              D0=000000B2 D1=0000A71E D2=000000B2 A0=000003A4 A1=00000000 nib=68973
T $A0E590  addq.l  #$3, D0                              D0=000000BA D1=0000A71E D2=000000B2 A0=000003A4 A1=00000000 nib=68973
T $A0E592  andi.w  #-$4, D0                             D0=000000BD D1=0000A71E D2=000000B2 A0=000003A4 A1=00000000 nib=68973
T $A0E596  cmpi.l  #$c, D0                              D0=000000BC D1=0000A71E D2=000000B2 A0=000003A4 A1=00000000 nib=68973
T $A0E59C  bcc     $a0e5a0                              D0=000000BC D1=0000A71E D2=000000B2 A0=000003A4 A1=00000000 nib=68973
T $A0E5A0  rts                                          D0=000000BC D1=0000A71E D2=000000B2 A0=000003A4 A1=00000000 nib=68973
T $0680E6  movea.l A6, A4                               D0=000000BC D1=0000A71E D2=000000B2 A0=000003A4 A1=00000000 nib=68973
T $0680E8  cmpa.l  $2aa.w, A6                           D0=000000BC D1=0000A71E D2=000000B2 A0=000003A4 A1=00000000 nib=68973
T $0680EC  seq     D3                                   D0=000000BC D1=0000A71E D2=000000B2 A0=000003A4 A1=00000000 nib=68973
T $0680EE  lea     ($34,A4), A0                         D0=000000BC D1=0000A71E D2=000000B2 A0=000003A4 A1=00000000 nib=68973
T $0680F2  movea.l (A6), A3                             D0=000000BC D1=0000A71E D2=000000B2 A0=00002034 A1=00000000 nib=68973
T $0680F4  movea.l A0, A2                               D0=000000BC D1=0000A71E D2=000000B2 A0=00002034 A1=00000000 nib=68973
T $0680F6  moveq   #$0, D2                              D0=000000BC D1=0000A71E D2=000000B2 A0=00002034 A1=00000000 nib=68973
T $0680F8  move.l  (A0), D1                             D0=000000BC D1=0000A71E D2=00000000 A0=00002034 A1=00000000 nib=68973
T $0680FA  and.l   $31a.w, D1                           D0=000000BC D1=40000108 D2=00000000 A0=00002034 A1=00000000 nib=68973
T $0680FE  tst.b   (A0)                                 D0=000000BC D1=00000108 D2=00000000 A0=00002034 A1=00000000 nib=68973
T $068100  beq     $6810e                               D0=000000BC D1=00000108 D2=00000000 A0=00002034 A1=00000000 nib=68973
T $068102  bpl     $68148                               D0=000000BC D1=00000108 D2=00000000 A0=00002034 A1=00000000 nib=68973
T $068148  adda.l  D1, A0                               D0=000000BC D1=00000108 D2=00000000 A0=00002034 A1=00000000 nib=68973
T $06814A  movea.l A0, A2                               D0=000000BC D1=00000108 D2=00000000 A0=0000213C A1=00000000 nib=68973
T $06814C  moveq   #$0, D2                              D0=000000BC D1=00000108 D2=00000000 A0=0000213C A1=00000000 nib=68973
T $06814E  cmpa.l  A3, A0                               D0=000000BC D1=00000108 D2=00000000 A0=0000213C A1=00000000 nib=68973
T $068150  bcs     $680f8                               D0=000000BC D1=00000108 D2=00000000 A0=0000213C A1=00000000 nib=68973
T $0680F8  move.l  (A0), D1                             D0=000000BC D1=00000108 D2=00000000 A0=0000213C A1=00000000 nib=68973
T $0680FA  and.l   $31a.w, D1                           D0=000000BC D1=4A000044 D2=00000000 A0=0000213C A1=00000000 nib=68973
T $0680FE  tst.b   (A0)                                 D0=000000BC D1=00000044 D2=00000000 A0=0000213C A1=00000000 nib=68973
T $068100  beq     $6810e                               D0=000000BC D1=00000044 D2=00000000 A0=0000213C A1=00000000 nib=68973
T $068102  bpl     $68148                               D0=000000BC D1=00000044 D2=00000000 A0=0000213C A1=00000000 nib=68973
T $068148  adda.l  D1, A0                               D0=000000BC D1=00000044 D2=00000000 A0=0000213C A1=00000000 nib=68973
T $06814A  movea.l A0, A2                               D0=000000BC D1=00000044 D2=00000000 A0=00002180 A1=00000000 nib=68973
T $06814C  moveq   #$0, D2                              D0=000000BC D1=00000044 D2=00000000 A0=00002180 A1=00000000 nib=68973
T $06814E  cmpa.l  A3, A0                               D0=000000BC D1=00000044 D2=00000000 A0=00002180 A1=00000000 nib=68973
T $068150  bcs     $680f8                               D0=000000BC D1=00000044 D2=00000000 A0=00002180 A1=00000000 nib=68973
T $0680F8  move.l  (A0), D1                             D0=000000BC D1=00000044 D2=00000000 A0=00002180 A1=00000000 nib=68973
T $0680FA  and.l   $31a.w, D1                           D0=000000BC D1=40000030 D2=00000000 A0=00002180 A1=00000000 nib=68973
T $0680FE  tst.b   (A0)                                 D0=000000BC D1=00000030 D2=00000000 A0=00002180 A1=00000000 nib=68973
T $068100  beq     $6810e                               D0=000000BC D1=00000030 D2=00000000 A0=00002180 A1=00000000 nib=68973
T $068102  bpl     $68148                               D0=000000BC D1=00000030 D2=00000000 A0=00002180 A1=00000000 nib=68973
T $068148  adda.l  D1, A0                               D0=000000BC D1=00000030 D2=00000000 A0=00002180 A1=00000000 nib=68973
T $06814A  movea.l A0, A2                               D0=000000BC D1=00000030 D2=00000000 A0=000021B0 A1=00000000 nib=68973
T $06814C  moveq   #$0, D2                              D0=000000BC D1=00000030 D2=00000000 A0=000021B0 A1=00000000 nib=68973
T $06814E  cmpa.l  A3, A0                               D0=000000BC D1=00000030 D2=00000000 A0=000021B0 A1=00000000 nib=68973
T $068150  bcs     $680f8                               D0=000000BC D1=00000030 D2=00000000 A0=000021B0 A1=00000000 nib=68973
T $0680F8  move.l  (A0), D1                             D0=000000BC D1=00000030 D2=00000000 A0=000021B0 A1=00000000 nib=68973
T $0680FA  and.l   $31a.w, D1                           D0=000000BC D1=40000050 D2=00000000 A0=000021B0 A1=00000000 nib=68973
T $0680FE  tst.b   (A0)                                 D0=000000BC D1=00000050 D2=00000000 A0=000021B0 A1=00000000 nib=68973
T $068100  beq     $6810e                               D0=000000BC D1=00000050 D2=00000000 A0=000021B0 A1=00000000 nib=68973
T $068102  bpl     $68148                               D0=000000BC D1=00000050 D2=00000000 A0=000021B0 A1=00000000 nib=68973
T $068148  adda.l  D1, A0                               D0=000000BC D1=00000050 D2=00000000 A0=000021B0 A1=00000000 nib=68973
T $06814A  movea.l A0, A2                               D0=000000BC D1=00000050 D2=00000000 A0=00002200 A1=00000000 nib=68973
T $06814C  moveq   #$0, D2                              D0=000000BC D1=00000050 D2=00000000 A0=00002200 A1=00000000 nib=68973
T $06814E  cmpa.l  A3, A0                               D0=000000BC D1=00000050 D2=00000000 A0=00002200 A1=00000000 nib=68973
T $068150  bcs     $680f8                               D0=000000BC D1=00000050 D2=00000000 A0=00002200 A1=00000000 nib=68973
T $0680F8  move.l  (A0), D1                             D0=000000BC D1=00000050 D2=00000000 A0=00002200 A1=00000000 nib=68973
T $0680FA  and.l   $31a.w, D1                           D0=000000BC D1=40000610 D2=00000000 A0=00002200 A1=00000000 nib=68973
T $0680FE  tst.b   (A0)                                 D0=000000BC D1=00000610 D2=00000000 A0=00002200 A1=00000000 nib=68973
T $068100  beq     $6810e                               D0=000000BC D1=00000610 D2=00000000 A0=00002200 A1=00000000 nib=68973
T $068102  bpl     $68148                               D0=000000BC D1=00000610 D2=00000000 A0=00002200 A1=00000000 nib=68973
T $068148  adda.l  D1, A0                               D0=000000BC D1=00000610 D2=00000000 A0=00002200 A1=00000000 nib=68973
T $06814A  movea.l A0, A2                               D0=000000BC D1=00000610 D2=00000000 A0=00002810 A1=00000000 nib=68973
T $06814C  moveq   #$0, D2                              D0=000000BC D1=00000610 D2=00000000 A0=00002810 A1=00000000 nib=68973
T $06814E  cmpa.l  A3, A0                               D0=000000BC D1=00000610 D2=00000000 A0=00002810 A1=00000000 nib=68973
T $068150  bcs     $680f8                               D0=000000BC D1=00000610 D2=00000000 A0=00002810 A1=00000000 nib=68973
T $0680F8  move.l  (A0), D1                             D0=000000BC D1=00000610 D2=00000000 A0=00002810 A1=00000000 nib=68973
T $0680FA  and.l   $31a.w, D1                           D0=000000BC D1=4200012C D2=00000000 A0=00002810 A1=00000000 nib=68973
T $0680FE  tst.b   (A0)                                 D0=000000BC D1=0000012C D2=00000000 A0=00002810 A1=00000000 nib=68973
T $068100  beq     $6810e                               D0=000000BC D1=0000012C D2=00000000 A0=00002810 A1=00000000 nib=68973
T $068102  bpl     $68148                               D0=000000BC D1=0000012C D2=00000000 A0=00002810 A1=00000000 nib=68973
T $068148  adda.l  D1, A0                               D0=000000BC D1=0000012C D2=00000000 A0=00002810 A1=00000000 nib=68973
T $06814A  movea.l A0, A2                               D0=000000BC D1=0000012C D2=00000000 A0=0000293C A1=00000000 nib=68973
T $06814C  moveq   #$0, D2                              D0=000000BC D1=0000012C D2=00000000 A0=0000293C A1=00000000 nib=68973
T $06814E  cmpa.l  A3, A0                               D0=000000BC D1=0000012C D2=00000000 A0=0000293C A1=00000000 nib=68973
T $068150  bcs     $680f8                               D0=000000BC D1=0000012C D2=00000000 A0=0000293C A1=00000000 nib=68973
T $0680F8  move.l  (A0), D1                             D0=000000BC D1=0000012C D2=00000000 A0=0000293C A1=00000000 nib=68973
T $0680FA  and.l   $31a.w, D1                           D0=000000BC D1=40000078 D2=00000000 A0=0000293C A1=00000000 nib=68973
T $0680FE  tst.b   (A0)                                 D0=000000BC D1=00000078 D2=00000000 A0=0000293C A1=00000000 nib=68973
T $068100  beq     $6810e                               D0=000000BC D1=00000078 D2=00000000 A0=0000293C A1=00000000 nib=68973
T $068102  bpl     $68148                               D0=000000BC D1=00000078 D2=00000000 A0=0000293C A1=00000000 nib=68973
T $068148  adda.l  D1, A0                               D0=000000BC D1=00000078 D2=00000000 A0=0000293C A1=00000000 nib=68973
T $06814A  movea.l A0, A2                               D0=000000BC D1=00000078 D2=00000000 A0=000029B4 A1=00000000 nib=68973
T $06814C  moveq   #$0, D2                              D0=000000BC D1=00000078 D2=00000000 A0=000029B4 A1=00000000 nib=68973
T $06814E  cmpa.l  A3, A0                               D0=000000BC D1=00000078 D2=00000000 A0=000029B4 A1=00000000 nib=68973
T $068150  bcs     $680f8                               D0=000000BC D1=00000078 D2=00000000 A0=000029B4 A1=00000000 nib=68973
T $0680F8  move.l  (A0), D1                             D0=000000BC D1=00000078 D2=00000000 A0=000029B4 A1=00000000 nib=68973
T $0680FA  and.l   $31a.w, D1                           D0=000000BC D1=4000008C D2=00000000 A0=000029B4 A1=00000000 nib=68973
T $0680FE  tst.b   (A0)                                 D0=000000BC D1=0000008C D2=00000000 A0=000029B4 A1=00000000 nib=68973
T $068100  beq     $6810e                               D0=000000BC D1=0000008C D2=00000000 A0=000029B4 A1=00000000 nib=68973
T $068102  bpl     $68148                               D0=000000BC D1=0000008C D2=00000000 A0=000029B4 A1=00000000 nib=68973
T $068148  adda.l  D1, A0                               D0=000000BC D1=0000008C D2=00000000 A0=000029B4 A1=00000000 nib=68973
T $06814A  movea.l A0, A2                               D0=000000BC D1=0000008C D2=00000000 A0=00002A40 A1=00000000 nib=68973
T $06814C  moveq   #$0, D2                              D0=000000BC D1=0000008C D2=00000000 A0=00002A40 A1=00000000 nib=68973
T $06814E  cmpa.l  A3, A0                               D0=000000BC D1=0000008C D2=00000000 A0=00002A40 A1=00000000 nib=68973
T $068150  bcs     $680f8                               D0=000000BC D1=0000008C D2=00000000 A0=00002A40 A1=00000000 nib=68973
T $0680F8  move.l  (A0), D1                             D0=000000BC D1=0000008C D2=00000000 A0=00002A40 A1=00000000 nib=68973
T $0680FA  and.l   $31a.w, D1                           D0=000000BC D1=40000108 D2=00000000 A0=00002A40 A1=00000000 nib=68973
T $0680FE  tst.b   (A0)                                 D0=000000BC D1=00000108 D2=00000000 A0=00002A40 A1=00000000 nib=68973
T $068100  beq     $6810e                               D0=000000BC D1=00000108 D2=00000000 A0=00002A40 A1=00000000 nib=68973
T $068102  bpl     $68148                               D0=000000BC D1=00000108 D2=00000000 A0=00002A40 A1=00000000 nib=68973
T $068148  adda.l  D1, A0                               D0=000000BC D1=00000108 D2=00000000 A0=00002A40 A1=00000000 nib=68973
T $06814A  movea.l A0, A2                               D0=000000BC D1=00000108 D2=00000000 A0=00002B48 A1=00000000 nib=68973
T $06814C  moveq   #$0, D2                              D0=000000BC D1=00000108 D2=00000000 A0=00002B48 A1=00000000 nib=68973
T $06814E  cmpa.l  A3, A0                               D0=000000BC D1=00000108 D2=00000000 A0=00002B48 A1=00000000 nib=68973
T $068150  bcs     $680f8                               D0=000000BC D1=00000108 D2=00000000 A0=00002B48 A1=00000000 nib=68973
T $0680F8  move.l  (A0), D1                             D0=000000BC D1=00000108 D2=00000000 A0=00002B48 A1=00000000 nib=68973
T $0680FA  and.l   $31a.w, D1                           D0=000000BC D1=400001CC D2=00000000 A0=00002B48 A1=00000000 nib=68973
T $0680FE  tst.b   (A0)                                 D0=000000BC D1=000001CC D2=00000000 A0=00002B48 A1=00000000 nib=68973
T $068100  beq     $6810e                               D0=000000BC D1=000001CC D2=00000000 A0=00002B48 A1=00000000 nib=68973
T $068102  bpl     $68148                               D0=000000BC D1=000001CC D2=00000000 A0=00002B48 A1=00000000 nib=68973
T $068148  adda.l  D1, A0                               D0=000000BC D1=000001CC D2=00000000 A0=00002B48 A1=00000000 nib=68973
T $06814A  movea.l A0, A2                               D0=000000BC D1=000001CC D2=00000000 A0=00002D14 A1=00000000 nib=68973
T $06814C  moveq   #$0, D2                              D0=000000BC D1=000001CC D2=00000000 A0=00002D14 A1=00000000 nib=68973
T $06814E  cmpa.l  A3, A0                               D0=000000BC D1=000001CC D2=00000000 A0=00002D14 A1=00000000 nib=68973
T $068150  bcs     $680f8                               D0=000000BC D1=000001CC D2=00000000 A0=00002D14 A1=00000000 nib=68973
T $0680F8  move.l  (A0), D1                             D0=000000BC D1=000001CC D2=00000000 A0=00002D14 A1=00000000 nib=68973
T $0680FA  and.l   $31a.w, D1                           D0=000000BC D1=8A000314 D2=00000000 A0=00002D14 A1=00000000 nib=68973
T $0680FE  tst.b   (A0)                                 D0=000000BC D1=00000314 D2=00000000 A0=00002D14 A1=00000000 nib=68973
T $068100  beq     $6810e                               D0=000000BC D1=00000314 D2=00000000 A0=00002D14 A1=00000000 nib=68973
T $068102  bpl     $68148                               D0=000000BC D1=00000314 D2=00000000 A0=00002D14 A1=00000000 nib=68973
T $068104  movea.l ($4,A0), A1                          D0=000000BC D1=00000314 D2=00000000 A0=00002D14 A1=00000000 nib=68973
T $068108  adda.l  A6, A1                               D0=000000BC D1=00000314 D2=00000000 A0=00002D14 A1=00000A54 nib=68973
T $06810A  tst.b   (A1)                                 D0=000000BC D1=00000314 D2=00000000 A0=00002D14 A1=00002A54 nib=68973
T $06810C  bmi     $68148                               D0=000000BC D1=00000314 D2=00000000 A0=00002D14 A1=00002A54 nib=68973
T $068148  adda.l  D1, A0                               D0=000000BC D1=00000314 D2=00000000 A0=00002D14 A1=00002A54 nib=68973
T $06814A  movea.l A0, A2                               D0=000000BC D1=00000314 D2=00000000 A0=00003028 A1=00002A54 nib=68973
T $06814C  moveq   #$0, D2                              D0=000000BC D1=00000314 D2=00000000 A0=00003028 A1=00002A54 nib=68973
T $06814E  cmpa.l  A3, A0                               D0=000000BC D1=00000314 D2=00000000 A0=00003028 A1=00002A54 nib=68973
T $068150  bcs     $680f8                               D0=000000BC D1=00000314 D2=00000000 A0=00003028 A1=00002A54 nib=68973
T $0680F8  move.l  (A0), D1                             D0=000000BC D1=00000314 D2=00000000 A0=00003028 A1=00002A54 nib=68973
T $0680FA  and.l   $31a.w, D1                           D0=000000BC D1=80000408 D2=00000000 A0=00003028 A1=00002A54 nib=68973
T $0680FE  tst.b   (A0)                                 D0=000000BC D1=00000408 D2=00000000 A0=00003028 A1=00002A54 nib=68973
T $068100  beq     $6810e                               D0=000000BC D1=00000408 D2=00000000 A0=00003028 A1=00002A54 nib=68973
T $068102  bpl     $68148                               D0=000000BC D1=00000408 D2=00000000 A0=00003028 A1=00002A54 nib=68973
T $068104  movea.l ($4,A0), A1                          D0=000000BC D1=00000408 D2=00000000 A0=00003028 A1=00002A54 nib=68973
T $068108  adda.l  A6, A1                               D0=000000BC D1=00000408 D2=00000000 A0=00003028 A1=00000118 nib=68973
T $06810A  tst.b   (A1)                                 D0=000000BC D1=00000408 D2=00000000 A0=00003028 A1=00002118 nib=68973
T $06810C  bmi     $68148                               D0=000000BC D1=00000408 D2=00000000 A0=00003028 A1=00002118 nib=68973
T $068148  adda.l  D1, A0                               D0=000000BC D1=00000408 D2=00000000 A0=00003028 A1=00002118 nib=68973
T $06814A  movea.l A0, A2                               D0=000000BC D1=00000408 D2=00000000 A0=00003430 A1=00002118 nib=68973
T $06814C  moveq   #$0, D2                              D0=000000BC D1=00000408 D2=00000000 A0=00003430 A1=00002118 nib=68973
T $06814E  cmpa.l  A3, A0                               D0=000000BC D1=00000408 D2=00000000 A0=00003430 A1=00002118 nib=68973
T $068150  bcs     $680f8                               D0=000000BC D1=00000408 D2=00000000 A0=00003430 A1=00002118 nib=68973
T $0680F8  move.l  (A0), D1                             D0=000000BC D1=00000408 D2=00000000 A0=00003430 A1=00002118 nib=68973
T $0680FA  and.l   $31a.w, D1                           D0=000000BC D1=8400040C D2=00000000 A0=00003430 A1=00002118 nib=68973
T $0680FE  tst.b   (A0)                                 D0=000000BC D1=0000040C D2=00000000 A0=00003430 A1=00002118 nib=68973
T $068100  beq     $6810e                               D0=000000BC D1=0000040C D2=00000000 A0=00003430 A1=00002118 nib=68973
T $068102  bpl     $68148                               D0=000000BC D1=0000040C D2=00000000 A0=00003430 A1=00002118 nib=68973
T $068104  movea.l ($4,A0), A1                          D0=000000BC D1=0000040C D2=00000000 A0=00003430 A1=00002118 nib=68973
T $068108  adda.l  A6, A1                               D0=000000BC D1=0000040C D2=00000000 A0=00003430 A1=00000114 nib=68973
T $06810A  tst.b   (A1)                                 D0=000000BC D1=0000040C D2=00000000 A0=00003430 A1=00002114 nib=68973
T $06810C  bmi     $68148                               D0=000000BC D1=0000040C D2=00000000 A0=00003430 A1=00002114 nib=68973
T $068148  adda.l  D1, A0                               D0=000000BC D1=0000040C D2=00000000 A0=00003430 A1=00002114 nib=68973
T $06814A  movea.l A0, A2                               D0=000000BC D1=0000040C D2=00000000 A0=0000383C A1=00002114 nib=68973
T $06814C  moveq   #$0, D2                              D0=000000BC D1=0000040C D2=00000000 A0=0000383C A1=00002114 nib=68973
T $06814E  cmpa.l  A3, A0                               D0=000000BC D1=0000040C D2=00000000 A0=0000383C A1=00002114 nib=68973
T $068150  bcs     $680f8                               D0=000000BC D1=0000040C D2=00000000 A0=0000383C A1=00002114 nib=68973
T $0680F8  move.l  (A0), D1                             D0=000000BC D1=0000040C D2=00000000 A0=0000383C A1=00002114 nib=68973
T $0680FA  and.l   $31a.w, D1                           D0=000000BC D1=40000108 D2=00000000 A0=0000383C A1=00002114 nib=68973
T $0680FE  tst.b   (A0)                                 D0=000000BC D1=00000108 D2=00000000 A0=0000383C A1=00002114 nib=68973
T $068100  beq     $6810e                               D0=000000BC D1=00000108 D2=00000000 A0=0000383C A1=00002114 nib=68973
T $068102  bpl     $68148                               D0=000000BC D1=00000108 D2=00000000 A0=0000383C A1=00002114 nib=68973
T $068148  adda.l  D1, A0                               D0=000000BC D1=00000108 D2=00000000 A0=0000383C A1=00002114 nib=68973
T $06814A  movea.l A0, A2                               D0=000000BC D1=00000108 D2=00000000 A0=00003944 A1=00002114 nib=68973
T $06814C  moveq   #$0, D2                              D0=000000BC D1=00000108 D2=00000000 A0=00003944 A1=00002114 nib=68973
T $06814E  cmpa.l  A3, A0                               D0=000000BC D1=00000108 D2=00000000 A0=00003944 A1=00002114 nib=68973
T $068150  bcs     $680f8                               D0=000000BC D1=00000108 D2=00000000 A0=00003944 A1=00002114 nib=68973
T $0680F8  move.l  (A0), D1                             D0=000000BC D1=00000108 D2=00000000 A0=00003944 A1=00002114 nib=68973
T $0680FA  and.l   $31a.w, D1                           D0=000000BC D1=40000108 D2=00000000 A0=00003944 A1=00002114 nib=68973
T $0680FE  tst.b   (A0)                                 D0=000000BC D1=00000108 D2=00000000 A0=00003944 A1=00002114 nib=68973
T $068100  beq     $6810e                               D0=000000BC D1=00000108 D2=00000000 A0=00003944 A1=00002114 nib=68973
T $068102  bpl     $68148                               D0=000000BC D1=00000108 D2=00000000 A0=00003944 A1=00002114 nib=68973
T $068148  adda.l  D1, A0                               D0=000000BC D1=00000108 D2=00000000 A0=00003944 A1=00002114 nib=68973
T $06814A  movea.l A0, A2                               D0=000000BC D1=00000108 D2=00000000 A0=00003A4C A1=00002114 nib=68973
T $06814C  moveq   #$0, D2                              D0=000000BC D1=00000108 D2=00000000 A0=00003A4C A1=00002114 nib=68973
T $06814E  cmpa.l  A3, A0                               D0=000000BC D1=00000108 D2=00000000 A0=00003A4C A1=00002114 nib=68973
T $068150  bcs     $680f8                               D0=000000BC D1=00000108 D2=00000000 A0=00003A4C A1=00002114 nib=68973
T $0680F8  move.l  (A0), D1                             D0=000000BC D1=00000108 D2=00000000 A0=00003A4C A1=00002114 nib=68973
T $0680FA  and.l   $31a.w, D1                           D0=000000BC D1=40000208 D2=00000000 A0=00003A4C A1=00002114 nib=68973
T $0680FE  tst.b   (A0)                                 D0=000000BC D1=00000208 D2=00000000 A0=00003A4C A1=00002114 nib=68973
T $068100  beq     $6810e                               D0=000000BC D1=00000208 D2=00000000 A0=00003A4C A1=00002114 nib=68973
T $068102  bpl     $68148                               D0=000000BC D1=00000208 D2=00000000 A0=00003A4C A1=00002114 nib=68973
T $068148  adda.l  D1, A0                               D0=000000BC D1=00000208 D2=00000000 A0=00003A4C A1=00002114 nib=68973
T $06814A  movea.l A0, A2                               D0=000000BC D1=00000208 D2=00000000 A0=00003C54 A1=00002114 nib=68973
T $06814C  moveq   #$0, D2                              D0=000000BC D1=00000208 D2=00000000 A0=00003C54 A1=00002114 nib=68973
T $06814E  cmpa.l  A3, A0                               D0=000000BC D1=00000208 D2=00000000 A0=00003C54 A1=00002114 nib=68973
T $068150  bcs     $680f8                               D0=000000BC D1=00000208 D2=00000000 A0=00003C54 A1=00002114 nib=68973
T $0680F8  move.l  (A0), D1                             D0=000000BC D1=00000208 D2=00000000 A0=00003C54 A1=00002114 nib=68973
T $0680FA  and.l   $31a.w, D1                           D0=000000BC D1=42000014 D2=00000000 A0=00003C54 A1=00002114 nib=68973
T $0680FE  tst.b   (A0)                                 D0=000000BC D1=00000014 D2=00000000 A0=00003C54 A1=00002114 nib=68973
T $068100  beq     $6810e                               D0=000000BC D1=00000014 D2=00000000 A0=00003C54 A1=00002114 nib=68973
T $068102  bpl     $68148                               D0=000000BC D1=00000014 D2=00000000 A0=00003C54 A1=00002114 nib=68973
T $068148  adda.l  D1, A0                               D0=000000BC D1=00000014 D2=00000000 A0=00003C54 A1=00002114 nib=68973
T $06814A  movea.l A0, A2                               D0=000000BC D1=00000014 D2=00000000 A0=00003C68 A1=00002114 nib=68973
T $06814C  moveq   #$0, D2                              D0=000000BC D1=00000014 D2=00000000 A0=00003C68 A1=00002114 nib=68973
T $06814E  cmpa.l  A3, A0                               D0=000000BC D1=00000014 D2=00000000 A0=00003C68 A1=00002114 nib=68973
T $068150  bcs     $680f8                               D0=000000BC D1=00000014 D2=00000000 A0=00003C68 A1=00002114 nib=68973
T $0680F8  move.l  (A0), D1                             D0=000000BC D1=00000014 D2=00000000 A0=00003C68 A1=00002114 nib=68973
T $0680FA  and.l   $31a.w, D1                           D0=000000BC D1=42000014 D2=00000000 A0=00003C68 A1=00002114 nib=68973
T $0680FE  tst.b   (A0)                                 D0=000000BC D1=00000014 D2=00000000 A0=00003C68 A1=00002114 nib=68973
T $068100  beq     $6810e                               D0=000000BC D1=00000014 D2=00000000 A0=00003C68 A1=00002114 nib=68973
T $068102  bpl     $68148                               D0=000000BC D1=00000014 D2=00000000 A0=00003C68 A1=00002114 nib=68973
T $068148  adda.l  D1, A0                               D0=000000BC D1=00000014 D2=00000000 A0=00003C68 A1=00002114 nib=68973
T $06814A  movea.l A0, A2                               D0=000000BC D1=00000014 D2=00000000 A0=00003C7C A1=00002114 nib=68973
T $06814C  moveq   #$0, D2                              D0=000000BC D1=00000014 D2=00000000 A0=00003C7C A1=00002114 nib=68973
T $06814E  cmpa.l  A3, A0                               D0=000000BC D1=00000014 D2=00000000 A0=00003C7C A1=00002114 nib=68973
T $068150  bcs     $680f8                               D0=000000BC D1=00000014 D2=00000000 A0=00003C7C A1=00002114 nib=68973
T $0680F8  move.l  (A0), D1                             D0=000000BC D1=00000014 D2=00000000 A0=00003C7C A1=00002114 nib=68973
T $0680FA  and.l   $31a.w, D1                           D0=000000BC D1=80000010 D2=00000000 A0=00003C7C A1=00002114 nib=68973
T $0680FE  tst.b   (A0)                                 D0=000000BC D1=00000010 D2=00000000 A0=00003C7C A1=00002114 nib=68973
T $068100  beq     $6810e                               D0=000000BC D1=00000010 D2=00000000 A0=00003C7C A1=00002114 nib=68973
T $068102  bpl     $68148                               D0=000000BC D1=00000010 D2=00000000 A0=00003C7C A1=00002114 nib=68973
T $068104  movea.l ($4,A0), A1                          D0=000000BC D1=00000010 D2=00000000 A0=00003C7C A1=00002114 nib=68973
T $068108  adda.l  A6, A1                               D0=000000BC D1=00000010 D2=00000000 A0=00003C7C A1=000090E4 nib=68973
T $06810A  tst.b   (A1)                                 D0=000000BC D1=00000010 D2=00000000 A0=00003C7C A1=0000B0E4 nib=68973
T $06810C  bmi     $68148                               D0=000000BC D1=00000010 D2=00000000 A0=00003C7C A1=0000B0E4 nib=68973
T $068148  adda.l  D1, A0                               D0=000000BC D1=00000010 D2=00000000 A0=00003C7C A1=0000B0E4 nib=68973
T $06814A  movea.l A0, A2                               D0=000000BC D1=00000010 D2=00000000 A0=00003C8C A1=0000B0E4 nib=68973
T $06814C  moveq   #$0, D2                              D0=000000BC D1=00000010 D2=00000000 A0=00003C8C A1=0000B0E4 nib=68973
T $06814E  cmpa.l  A3, A0                               D0=000000BC D1=00000010 D2=00000000 A0=00003C8C A1=0000B0E4 nib=68973
T $068150  bcs     $680f8                               D0=000000BC D1=00000010 D2=00000000 A0=00003C8C A1=0000B0E4 nib=68973
T $0680F8  move.l  (A0), D1                             D0=000000BC D1=00000010 D2=00000000 A0=00003C8C A1=0000B0E4 nib=68973
T $0680FA  and.l   $31a.w, D1                           D0=000000BC D1=4000004C D2=00000000 A0=00003C8C A1=0000B0E4 nib=68973
T $0680FE  tst.b   (A0)                                 D0=000000BC D1=0000004C D2=00000000 A0=00003C8C A1=0000B0E4 nib=68973
T $068100  beq     $6810e                               D0=000000BC D1=0000004C D2=00000000 A0=00003C8C A1=0000B0E4 nib=68973
T $068102  bpl     $68148                               D0=000000BC D1=0000004C D2=00000000 A0=00003C8C A1=0000B0E4 nib=68973
T $068148  adda.l  D1, A0                               D0=000000BC D1=0000004C D2=00000000 A0=00003C8C A1=0000B0E4 nib=68973
T $06814A  movea.l A0, A2                               D0=000000BC D1=0000004C D2=00000000 A0=00003CD8 A1=0000B0E4 nib=68973
T $06814C  moveq   #$0, D2                              D0=000000BC D1=0000004C D2=00000000 A0=00003CD8 A1=0000B0E4 nib=68973
T $06814E  cmpa.l  A3, A0                               D0=000000BC D1=0000004C D2=00000000 A0=00003CD8 A1=0000B0E4 nib=68973
T $068150  bcs     $680f8                               D0=000000BC D1=0000004C D2=00000000 A0=00003CD8 A1=0000B0E4 nib=68973
T $0680F8  move.l  (A0), D1                             D0=000000BC D1=0000004C D2=00000000 A0=00003CD8 A1=0000B0E4 nib=68973
T $0680FA  and.l   $31a.w, D1                           D0=000000BC D1=40000074 D2=00000000 A0=00003CD8 A1=0000B0E4 nib=68973
T $0680FE  tst.b   (A0)                                 D0=000000BC D1=00000074 D2=00000000 A0=00003CD8 A1=0000B0E4 nib=68973
T $068100  beq     $6810e                               D0=000000BC D1=00000074 D2=00000000 A0=00003CD8 A1=0000B0E4 nib=68973
T $068102  bpl     $68148                               D0=000000BC D1=00000074 D2=00000000 A0=00003CD8 A1=0000B0E4 nib=68973
T $068148  adda.l  D1, A0                               D0=000000BC D1=00000074 D2=00000000 A0=00003CD8 A1=0000B0E4 nib=68973
T $06814A  movea.l A0, A2                               D0=000000BC D1=00000074 D2=00000000 A0=00003D4C A1=0000B0E4 nib=68973
T $06814C  moveq   #$0, D2                              D0=000000BC D1=00000074 D2=00000000 A0=00003D4C A1=0000B0E4 nib=68973
T $06814E  cmpa.l  A3, A0                               D0=000000BC D1=00000074 D2=00000000 A0=00003D4C A1=0000B0E4 nib=68973
T $068150  bcs     $680f8                               D0=000000BC D1=00000074 D2=00000000 A0=00003D4C A1=0000B0E4 nib=68973
T $0680F8  move.l  (A0), D1                             D0=000000BC D1=00000074 D2=00000000 A0=00003D4C A1=0000B0E4 nib=68973
T $0680FA  and.l   $31a.w, D1                           D0=000000BC D1=8600004C D2=00000000 A0=00003D4C A1=0000B0E4 nib=68973
T $0680FE  tst.b   (A0)                                 D0=000000BC D1=0000004C D2=00000000 A0=00003D4C A1=0000B0E4 nib=68973
T $068100  beq     $6810e                               D0=000000BC D1=0000004C D2=00000000 A0=00003D4C A1=0000B0E4 nib=68973
T $068102  bpl     $68148                               D0=000000BC D1=0000004C D2=00000000 A0=00003D4C A1=0000B0E4 nib=68973
T $068104  movea.l ($4,A0), A1                          D0=000000BC D1=0000004C D2=00000000 A0=00003D4C A1=0000B0E4 nib=68973
T $068108  adda.l  A6, A1                               D0=000000BC D1=0000004C D2=00000000 A0=00003D4C A1=000019B4 nib=68973
T $06810A  tst.b   (A1)                                 D0=000000BC D1=0000004C D2=00000000 A0=00003D4C A1=000039B4 nib=68973
T $06810C  bmi     $68148                               D0=000000BC D1=0000004C D2=00000000 A0=00003D4C A1=000039B4 nib=68973
T $068148  adda.l  D1, A0                               D0=000000BC D1=0000004C D2=00000000 A0=00003D4C A1=000039B4 nib=68973
T $06814A  movea.l A0, A2                               D0=000000BC D1=0000004C D2=00000000 A0=00003D98 A1=000039B4 nib=68973
T $06814C  moveq   #$0, D2                              D0=000000BC D1=0000004C D2=00000000 A0=00003D98 A1=000039B4 nib=68973
T $06814E  cmpa.l  A3, A0                               D0=000000BC D1=0000004C D2=00000000 A0=00003D98 A1=000039B4 nib=68973
T $068150  bcs     $680f8                               D0=000000BC D1=0000004C D2=00000000 A0=00003D98 A1=000039B4 nib=68973
T $0680F8  move.l  (A0), D1                             D0=000000BC D1=0000004C D2=00000000 A0=00003D98 A1=000039B4 nib=68973
T $0680FA  and.l   $31a.w, D1                           D0=000000BC D1=4A00001C D2=00000000 A0=00003D98 A1=000039B4 nib=68973
T $0680FE  tst.b   (A0)                                 D0=000000BC D1=0000001C D2=00000000 A0=00003D98 A1=000039B4 nib=68973
T $068100  beq     $6810e                               D0=000000BC D1=0000001C D2=00000000 A0=00003D98 A1=000039B4 nib=68973
T $068102  bpl     $68148                               D0=000000BC D1=0000001C D2=00000000 A0=00003D98 A1=000039B4 nib=68973
T $068148  adda.l  D1, A0                               D0=000000BC D1=0000001C D2=00000000 A0=00003D98 A1=000039B4 nib=68973
T $06814A  movea.l A0, A2                               D0=000000BC D1=0000001C D2=00000000 A0=00003DB4 A1=000039B4 nib=68973
T $06814C  moveq   #$0, D2                              D0=000000BC D1=0000001C D2=00000000 A0=00003DB4 A1=000039B4 nib=68973
T $06814E  cmpa.l  A3, A0                               D0=000000BC D1=0000001C D2=00000000 A0=00003DB4 A1=000039B4 nib=68973
T $068150  bcs     $680f8                               D0=000000BC D1=0000001C D2=00000000 A0=00003DB4 A1=000039B4 nib=68973
T $0680F8  move.l  (A0), D1                             D0=000000BC D1=0000001C D2=00000000 A0=00003DB4 A1=000039B4 nib=68973
T $0680FA  and.l   $31a.w, D1                           D0=000000BC D1=4A00001C D2=00000000 A0=00003DB4 A1=000039B4 nib=68973
T $0680FE  tst.b   (A0)                                 D0=000000BC D1=0000001C D2=00000000 A0=00003DB4 A1=000039B4 nib=68973
T $068100  beq     $6810e                               D0=000000BC D1=0000001C D2=00000000 A0=00003DB4 A1=000039B4 nib=68973
T $068102  bpl     $68148                               D0=000000BC D1=0000001C D2=00000000 A0=00003DB4 A1=000039B4 nib=68973
T $068148  adda.l  D1, A0                               D0=000000BC D1=0000001C D2=00000000 A0=00003DB4 A1=000039B4 nib=68973
T $06814A  movea.l A0, A2                               D0=000000BC D1=0000001C D2=00000000 A0=00003DD0 A1=000039B4 nib=68973
T $06814C  moveq   #$0, D2                              D0=000000BC D1=0000001C D2=00000000 A0=00003DD0 A1=000039B4 nib=68973
T $06814E  cmpa.l  A3, A0                               D0=000000BC D1=0000001C D2=00000000 A0=00003DD0 A1=000039B4 nib=68973
T $068150  bcs     $680f8                               D0=000000BC D1=0000001C D2=00000000 A0=00003DD0 A1=000039B4 nib=68973
T $0680F8  move.l  (A0), D1                             D0=000000BC D1=0000001C D2=00000000 A0=00003DD0 A1=000039B4 nib=68973
T $0680FA  and.l   $31a.w, D1                           D0=000000BC D1=4100001C D2=00000000 A0=00003DD0 A1=000039B4 nib=68973
T $0680FE  tst.b   (A0)                                 D0=000000BC D1=0000001C D2=00000000 A0=00003DD0 A1=000039B4 nib=68973
T $068100  beq     $6810e                               D0=000000BC D1=0000001C D2=00000000 A0=00003DD0 A1=000039B4 nib=68973
T $068102  bpl     $68148                               D0=000000BC D1=0000001C D2=00000000 A0=00003DD0 A1=000039B4 nib=68973
T $068148  adda.l  D1, A0                               D0=000000BC D1=0000001C D2=00000000 A0=00003DD0 A1=000039B4 nib=68973
T $06814A  movea.l A0, A2                               D0=000000BC D1=0000001C D2=00000000 A0=00003DEC A1=000039B4 nib=68973
T $06814C  moveq   #$0, D2                              D0=000000BC D1=0000001C D2=00000000 A0=00003DEC A1=000039B4 nib=68973
T $06814E  cmpa.l  A3, A0                               D0=000000BC D1=0000001C D2=00000000 A0=00003DEC A1=000039B4 nib=68973
T $068150  bcs     $680f8                               D0=000000BC D1=0000001C D2=00000000 A0=00003DEC A1=000039B4 nib=68973
T $0680F8  move.l  (A0), D1                             D0=000000BC D1=0000001C D2=00000000 A0=00003DEC A1=000039B4 nib=68973
T $0680FA  and.l   $31a.w, D1                           D0=000000BC D1=40000064 D2=00000000 A0=00003DEC A1=000039B4 nib=68973
T $0680FE  tst.b   (A0)                                 D0=000000BC D1=00000064 D2=00000000 A0=00003DEC A1=000039B4 nib=68973
T $068100  beq     $6810e                               D0=000000BC D1=00000064 D2=00000000 A0=00003DEC A1=000039B4 nib=68973
T $068102  bpl     $68148                               D0=000000BC D1=00000064 D2=00000000 A0=00003DEC A1=000039B4 nib=68973
T $068148  adda.l  D1, A0                               D0=000000BC D1=00000064 D2=00000000 A0=00003DEC A1=000039B4 nib=68973
T $06814A  movea.l A0, A2                               D0=000000BC D1=00000064 D2=00000000 A0=00003E50 A1=000039B4 nib=68973
T $06814C  moveq   #$0, D2                              D0=000000BC D1=00000064 D2=00000000 A0=00003E50 A1=000039B4 nib=68973
T $06814E  cmpa.l  A3, A0                               D0=000000BC D1=00000064 D2=00000000 A0=00003E50 A1=000039B4 nib=68973
T $068150  bcs     $680f8                               D0=000000BC D1=00000064 D2=00000000 A0=00003E50 A1=000039B4 nib=68973
T $0680F8  move.l  (A0), D1                             D0=000000BC D1=00000064 D2=00000000 A0=00003E50 A1=000039B4 nib=68973
T $0680FA  and.l   $31a.w, D1                           D0=000000BC D1=40000054 D2=00000000 A0=00003E50 A1=000039B4 nib=68973
T $0680FE  tst.b   (A0)                                 D0=000000BC D1=00000054 D2=00000000 A0=00003E50 A1=000039B4 nib=68973
T $068100  beq     $6810e                               D0=000000BC D1=00000054 D2=00000000 A0=00003E50 A1=000039B4 nib=68973
T $068102  bpl     $68148                               D0=000000BC D1=00000054 D2=00000000 A0=00003E50 A1=000039B4 nib=68973
T $068148  adda.l  D1, A0                               D0=000000BC D1=00000054 D2=00000000 A0=00003E50 A1=000039B4 nib=68973
T $06814A  movea.l A0, A2                               D0=000000BC D1=00000054 D2=00000000 A0=00003EA4 A1=000039B4 nib=68973
T $06814C  moveq   #$0, D2                              D0=000000BC D1=00000054 D2=00000000 A0=00003EA4 A1=000039B4 nib=68973
T $06814E  cmpa.l  A3, A0                               D0=000000BC D1=00000054 D2=00000000 A0=00003EA4 A1=000039B4 nib=68973
T $068150  bcs     $680f8                               D0=000000BC D1=00000054 D2=00000000 A0=00003EA4 A1=000039B4 nib=68973
T $0680F8  move.l  (A0), D1                             D0=000000BC D1=00000054 D2=00000000 A0=00003EA4 A1=000039B4 nib=68973
T $0680FA  and.l   $31a.w, D1                           D0=000000BC D1=4200002C D2=00000000 A0=00003EA4 A1=000039B4 nib=68973
T $0680FE  tst.b   (A0)                                 D0=000000BC D1=0000002C D2=00000000 A0=00003EA4 A1=000039B4 nib=68973
T $068100  beq     $6810e                               D0=000000BC D1=0000002C D2=00000000 A0=00003EA4 A1=000039B4 nib=68973
T $068102  bpl     $68148                               D0=000000BC D1=0000002C D2=00000000 A0=00003EA4 A1=000039B4 nib=68973
T $068148  adda.l  D1, A0                               D0=000000BC D1=0000002C D2=00000000 A0=00003EA4 A1=000039B4 nib=68973
T $06814A  movea.l A0, A2                               D0=000000BC D1=0000002C D2=00000000 A0=00003ED0 A1=000039B4 nib=68973
T $06814C  moveq   #$0, D2                              D0=000000BC D1=0000002C D2=00000000 A0=00003ED0 A1=000039B4 nib=68973
T $06814E  cmpa.l  A3, A0                               D0=000000BC D1=0000002C D2=00000000 A0=00003ED0 A1=000039B4 nib=68973
T $068150  bcs     $680f8                               D0=000000BC D1=0000002C D2=00000000 A0=00003ED0 A1=000039B4 nib=68973
T $0680F8  move.l  (A0), D1                             D0=000000BC D1=0000002C D2=00000000 A0=00003ED0 A1=000039B4 nib=68973
T $0680FA  and.l   $31a.w, D1                           D0=000000BC D1=42000028 D2=00000000 A0=00003ED0 A1=000039B4 nib=68973
T $0680FE  tst.b   (A0)                                 D0=000000BC D1=00000028 D2=00000000 A0=00003ED0 A1=000039B4 nib=68973
T $068100  beq     $6810e                               D0=000000BC D1=00000028 D2=00000000 A0=00003ED0 A1=000039B4 nib=68973
T $068102  bpl     $68148                               D0=000000BC D1=00000028 D2=00000000 A0=00003ED0 A1=000039B4 nib=68973
T $068148  adda.l  D1, A0                               D0=000000BC D1=00000028 D2=00000000 A0=00003ED0 A1=000039B4 nib=68973
T $06814A  movea.l A0, A2                               D0=000000BC D1=00000028 D2=00000000 A0=00003EF8 A1=000039B4 nib=68973
T $06814C  moveq   #$0, D2                              D0=000000BC D1=00000028 D2=00000000 A0=00003EF8 A1=000039B4 nib=68973
T $06814E  cmpa.l  A3, A0                               D0=000000BC D1=00000028 D2=00000000 A0=00003EF8 A1=000039B4 nib=68973
T $068150  bcs     $680f8                               D0=000000BC D1=00000028 D2=00000000 A0=00003EF8 A1=000039B4 nib=68973
T $0680F8  move.l  (A0), D1                             D0=000000BC D1=00000028 D2=00000000 A0=00003EF8 A1=000039B4 nib=68973
T $0680FA  and.l   $31a.w, D1                           D0=000000BC D1=46000030 D2=00000000 A0=00003EF8 A1=000039B4 nib=68973
T $0680FE  tst.b   (A0)                                 D0=000000BC D1=00000030 D2=00000000 A0=00003EF8 A1=000039B4 nib=68973
T $068100  beq     $6810e                               D0=000000BC D1=00000030 D2=00000000 A0=00003EF8 A1=000039B4 nib=68973
T $068102  bpl     $68148                               D0=000000BC D1=00000030 D2=00000000 A0=00003EF8 A1=000039B4 nib=68973
T $068148  adda.l  D1, A0                               D0=000000BC D1=00000030 D2=00000000 A0=00003EF8 A1=000039B4 nib=68973
T $06814A  movea.l A0, A2                               D0=000000BC D1=00000030 D2=00000000 A0=00003F28 A1=000039B4 nib=68973
T $06814C  moveq   #$0, D2                              D0=000000BC D1=00000030 D2=00000000 A0=00003F28 A1=000039B4 nib=68973
T $06814E  cmpa.l  A3, A0                               D0=000000BC D1=00000030 D2=00000000 A0=00003F28 A1=000039B4 nib=68973
T $068150  bcs     $680f8                               D0=000000BC D1=00000030 D2=00000000 A0=00003F28 A1=000039B4 nib=68973
T $0680F8  move.l  (A0), D1                             D0=000000BC D1=00000030 D2=00000000 A0=00003F28 A1=000039B4 nib=68973
T $0680FA  and.l   $31a.w, D1                           D0=000000BC D1=42000028 D2=00000000 A0=00003F28 A1=000039B4 nib=68973
T $0680FE  tst.b   (A0)                                 D0=000000BC D1=00000028 D2=00000000 A0=00003F28 A1=000039B4 nib=68973
T $068100  beq     $6810e                               D0=000000BC D1=00000028 D2=00000000 A0=00003F28 A1=000039B4 nib=68973
T $068102  bpl     $68148                               D0=000000BC D1=00000028 D2=00000000 A0=00003F28 A1=000039B4 nib=68973
T $068148  adda.l  D1, A0                               D0=000000BC D1=00000028 D2=00000000 A0=00003F28 A1=000039B4 nib=68973
T $06814A  movea.l A0, A2                               D0=000000BC D1=00000028 D2=00000000 A0=00003F50 A1=000039B4 nib=68973
T $06814C  moveq   #$0, D2                              D0=000000BC D1=00000028 D2=00000000 A0=00003F50 A1=000039B4 nib=68973
T $06814E  cmpa.l  A3, A0                               D0=000000BC D1=00000028 D2=00000000 A0=00003F50 A1=000039B4 nib=68973
T $068150  bcs     $680f8                               D0=000000BC D1=00000028 D2=00000000 A0=00003F50 A1=000039B4 nib=68973
T $0680F8  move.l  (A0), D1                             D0=000000BC D1=00000028 D2=00000000 A0=00003F50 A1=000039B4 nib=68973
T $0680FA  and.l   $31a.w, D1                           D0=000000BC D1=8200003C D2=00000000 A0=00003F50 A1=000039B4 nib=68973
T $0680FE  tst.b   (A0)                                 D0=000000BC D1=0000003C D2=00000000 A0=00003F50 A1=000039B4 nib=68973
T $068100  beq     $6810e                               D0=000000BC D1=0000003C D2=00000000 A0=00003F50 A1=000039B4 nib=68973
T $068102  bpl     $68148                               D0=000000BC D1=0000003C D2=00000000 A0=00003F50 A1=000039B4 nib=68973
T $068104  movea.l ($4,A0), A1                          D0=000000BC D1=0000003C D2=00000000 A0=00003F50 A1=000039B4 nib=68973
T $068108  adda.l  A6, A1                               D0=000000BC D1=0000003C D2=00000000 A0=00003F50 A1=000019A4 nib=68973
T $06810A  tst.b   (A1)                                 D0=000000BC D1=0000003C D2=00000000 A0=00003F50 A1=000039A4 nib=68973
T $06810C  bmi     $68148                               D0=000000BC D1=0000003C D2=00000000 A0=00003F50 A1=000039A4 nib=68973
T $068148  adda.l  D1, A0                               D0=000000BC D1=0000003C D2=00000000 A0=00003F50 A1=000039A4 nib=68973
T $06814A  movea.l A0, A2                               D0=000000BC D1=0000003C D2=00000000 A0=00003F8C A1=000039A4 nib=68973
T $06814C  moveq   #$0, D2                              D0=000000BC D1=0000003C D2=00000000 A0=00003F8C A1=000039A4 nib=68973
T $06814E  cmpa.l  A3, A0                               D0=000000BC D1=0000003C D2=00000000 A0=00003F8C A1=000039A4 nib=68973
T $068150  bcs     $680f8                               D0=000000BC D1=0000003C D2=00000000 A0=00003F8C A1=000039A4 nib=68973
T $0680F8  move.l  (A0), D1                             D0=000000BC D1=0000003C D2=00000000 A0=00003F8C A1=000039A4 nib=68973
T $0680FA  and.l   $31a.w, D1                           D0=000000BC D1=40000014 D2=00000000 A0=00003F8C A1=000039A4 nib=68973
T $0680FE  tst.b   (A0)                                 D0=000000BC D1=00000014 D2=00000000 A0=00003F8C A1=000039A4 nib=68973
T $068100  beq     $6810e                               D0=000000BC D1=00000014 D2=00000000 A0=00003F8C A1=000039A4 nib=68973
T $068102  bpl     $68148                               D0=000000BC D1=00000014 D2=00000000 A0=00003F8C A1=000039A4 nib=68973
T $068148  adda.l  D1, A0                               D0=000000BC D1=00000014 D2=00000000 A0=00003F8C A1=000039A4 nib=68973
T $06814A  movea.l A0, A2                               D0=000000BC D1=00000014 D2=00000000 A0=00003FA0 A1=000039A4 nib=68973
T $06814C  moveq   #$0, D2                              D0=000000BC D1=00000014 D2=00000000 A0=00003FA0 A1=000039A4 nib=68973
T $06814E  cmpa.l  A3, A0                               D0=000000BC D1=00000014 D2=00000000 A0=00003FA0 A1=000039A4 nib=68973
T $068150  bcs     $680f8                               D0=000000BC D1=00000014 D2=00000000 A0=00003FA0 A1=000039A4 nib=68973
T $0680F8  move.l  (A0), D1                             D0=000000BC D1=00000014 D2=00000000 A0=00003FA0 A1=000039A4 nib=68973
T $0680FA  and.l   $31a.w, D1                           D0=000000BC D1=4400000C D2=00000000 A0=00003FA0 A1=000039A4 nib=68973
T $0680FE  tst.b   (A0)                                 D0=000000BC D1=0000000C D2=00000000 A0=00003FA0 A1=000039A4 nib=68973
T $068100  beq     $6810e                               D0=000000BC D1=0000000C D2=00000000 A0=00003FA0 A1=000039A4 nib=68973
T $068102  bpl     $68148                               D0=000000BC D1=0000000C D2=00000000 A0=00003FA0 A1=000039A4 nib=68973
T $068148  adda.l  D1, A0                               D0=000000BC D1=0000000C D2=00000000 A0=00003FA0 A1=000039A4 nib=68973
T $06814A  movea.l A0, A2                               D0=000000BC D1=0000000C D2=00000000 A0=00003FAC A1=000039A4 nib=68973
T $06814C  moveq   #$0, D2                              D0=000000BC D1=0000000C D2=00000000 A0=00003FAC A1=000039A4 nib=68973
T $06814E  cmpa.l  A3, A0                               D0=000000BC D1=0000000C D2=00000000 A0=00003FAC A1=000039A4 nib=68973
T $068150  bcs     $680f8                               D0=000000BC D1=0000000C D2=00000000 A0=00003FAC A1=000039A4 nib=68973
T $0680F8  move.l  (A0), D1                             D0=000000BC D1=0000000C D2=00000000 A0=00003FAC A1=000039A4 nib=68973
T $0680FA  and.l   $31a.w, D1                           D0=000000BC D1=48000018 D2=00000000 A0=00003FAC A1=000039A4 nib=68973
T $0680FE  tst.b   (A0)                                 D0=000000BC D1=00000018 D2=00000000 A0=00003FAC A1=000039A4 nib=68973
T $068100  beq     $6810e                               D0=000000BC D1=00000018 D2=00000000 A0=00003FAC A1=000039A4 nib=68973
T $068102  bpl     $68148                               D0=000000BC D1=00000018 D2=00000000 A0=00003FAC A1=000039A4 nib=68973
T $068148  adda.l  D1, A0                               D0=000000BC D1=00000018 D2=00000000 A0=00003FAC A1=000039A4 nib=68973
T $06814A  movea.l A0, A2                               D0=000000BC D1=00000018 D2=00000000 A0=00003FC4 A1=000039A4 nib=68973
T $06814C  moveq   #$0, D2                              D0=000000BC D1=00000018 D2=00000000 A0=00003FC4 A1=000039A4 nib=68973
T $06814E  cmpa.l  A3, A0                               D0=000000BC D1=00000018 D2=00000000 A0=00003FC4 A1=000039A4 nib=68973
T $068150  bcs     $680f8                               D0=000000BC D1=00000018 D2=00000000 A0=00003FC4 A1=000039A4 nib=68973
T $0680F8  move.l  (A0), D1                             D0=000000BC D1=00000018 D2=00000000 A0=00003FC4 A1=000039A4 nib=68973
T $0680FA  and.l   $31a.w, D1                           D0=000000BC D1=42000014 D2=00000000 A0=00003FC4 A1=000039A4 nib=68973
T $0680FE  tst.b   (A0)                                 D0=000000BC D1=00000014 D2=00000000 A0=00003FC4 A1=000039A4 nib=68973
T $068100  beq     $6810e                               D0=000000BC D1=00000014 D2=00000000 A0=00003FC4 A1=000039A4 nib=68973
T $068102  bpl     $68148                               D0=000000BC D1=00000014 D2=00000000 A0=00003FC4 A1=000039A4 nib=68973
T $068148  adda.l  D1, A0                               D0=000000BC D1=00000014 D2=00000000 A0=00003FC4 A1=000039A4 nib=68973
T $06814A  movea.l A0, A2                               D0=000000BC D1=00000014 D2=00000000 A0=00003FD8 A1=000039A4 nib=68973
T $06814C  moveq   #$0, D2                              D0=000000BC D1=00000014 D2=00000000 A0=00003FD8 A1=000039A4 nib=68973
T $06814E  cmpa.l  A3, A0                               D0=000000BC D1=00000014 D2=00000000 A0=00003FD8 A1=000039A4 nib=68973
T $068150  bcs     $680f8                               D0=000000BC D1=00000014 D2=00000000 A0=00003FD8 A1=000039A4 nib=68973
T $0680F8  move.l  (A0), D1                             D0=000000BC D1=00000014 D2=00000000 A0=00003FD8 A1=000039A4 nib=68973
T $0680FA  and.l   $31a.w, D1                           D0=000000BC D1=42000014 D2=00000000 A0=00003FD8 A1=000039A4 nib=68973
T $0680FE  tst.b   (A0)                                 D0=000000BC D1=00000014 D2=00000000 A0=00003FD8 A1=000039A4 nib=68973
T $068100  beq     $6810e                               D0=000000BC D1=00000014 D2=00000000 A0=00003FD8 A1=000039A4 nib=68973
T $068102  bpl     $68148                               D0=000000BC D1=00000014 D2=00000000 A0=00003FD8 A1=000039A4 nib=68973
T $068148  adda.l  D1, A0                               D0=000000BC D1=00000014 D2=00000000 A0=00003FD8 A1=000039A4 nib=68973
T $06814A  movea.l A0, A2                               D0=000000BC D1=00000014 D2=00000000 A0=00003FEC A1=000039A4 nib=68973
T $06814C  moveq   #$0, D2                              D0=000000BC D1=00000014 D2=00000000 A0=00003FEC A1=000039A4 nib=68973
T $06814E  cmpa.l  A3, A0                               D0=000000BC D1=00000014 D2=00000000 A0=00003FEC A1=000039A4 nib=68973
T $068150  bcs     $680f8                               D0=000000BC D1=00000014 D2=00000000 A0=00003FEC A1=000039A4 nib=68973
T $0680F8  move.l  (A0), D1                             D0=000000BC D1=00000014 D2=00000000 A0=00003FEC A1=000039A4 nib=68973
T $0680FA  and.l   $31a.w, D1                           D0=000000BC D1=42000014 D2=00000000 A0=00003FEC A1=000039A4 nib=68973
T $0680FE  tst.b   (A0)                                 D0=000000BC D1=00000014 D2=00000000 A0=00003FEC A1=000039A4 nib=68973
T $068100  beq     $6810e                               D0=000000BC D1=00000014 D2=00000000 A0=00003FEC A1=000039A4 nib=68973
T $068102  bpl     $68148                               D0=000000BC D1=00000014 D2=00000000 A0=00003FEC A1=000039A4 nib=68973
T $068148  adda.l  D1, A0                               D0=000000BC D1=00000014 D2=00000000 A0=00003FEC A1=000039A4 nib=68973
T $06814A  movea.l A0, A2                               D0=000000BC D1=00000014 D2=00000000 A0=00004000 A1=000039A4 nib=68973
T $06814C  moveq   #$0, D2                              D0=000000BC D1=00000014 D2=00000000 A0=00004000 A1=000039A4 nib=68973
T $06814E  cmpa.l  A3, A0                               D0=000000BC D1=00000014 D2=00000000 A0=00004000 A1=000039A4 nib=68973
T $068150  bcs     $680f8                               D0=000000BC D1=00000014 D2=00000000 A0=00004000 A1=000039A4 nib=68973
T $0680F8  move.l  (A0), D1                             D0=000000BC D1=00000014 D2=00000000 A0=00004000 A1=000039A4 nib=68973
T $0680FA  and.l   $31a.w, D1                           D0=000000BC D1=40000178 D2=00000000 A0=00004000 A1=000039A4 nib=68973
T $0680FE  tst.b   (A0)                                 D0=000000BC D1=00000178 D2=00000000 A0=00004000 A1=000039A4 nib=68973
T $068100  beq     $6810e                               D0=000000BC D1=00000178 D2=00000000 A0=00004000 A1=000039A4 nib=68973
T $068102  bpl     $68148                               D0=000000BC D1=00000178 D2=00000000 A0=00004000 A1=000039A4 nib=68973
T $068148  adda.l  D1, A0                               D0=000000BC D1=00000178 D2=00000000 A0=00004000 A1=000039A4 nib=68973
T $06814A  movea.l A0, A2                               D0=000000BC D1=00000178 D2=00000000 A0=00004178 A1=000039A4 nib=68973
T $06814C  moveq   #$0, D2                              D0=000000BC D1=00000178 D2=00000000 A0=00004178 A1=000039A4 nib=68973
T $06814E  cmpa.l  A3, A0                               D0=000000BC D1=00000178 D2=00000000 A0=00004178 A1=000039A4 nib=68973
T $068150  bcs     $680f8                               D0=000000BC D1=00000178 D2=00000000 A0=00004178 A1=000039A4 nib=68973
T $0680F8  move.l  (A0), D1                             D0=000000BC D1=00000178 D2=00000000 A0=00004178 A1=000039A4 nib=68973
T $0680FA  and.l   $31a.w, D1                           D0=000000BC D1=48000104 D2=00000000 A0=00004178 A1=000039A4 nib=68973
T $0680FE  tst.b   (A0)                                 D0=000000BC D1=00000104 D2=00000000 A0=00004178 A1=000039A4 nib=68973
T $068100  beq     $6810e                               D0=000000BC D1=00000104 D2=00000000 A0=00004178 A1=000039A4 nib=68973
T $068102  bpl     $68148                               D0=000000BC D1=00000104 D2=00000000 A0=00004178 A1=000039A4 nib=68973
T $068148  adda.l  D1, A0                               D0=000000BC D1=00000104 D2=00000000 A0=00004178 A1=000039A4 nib=68973
T $06814A  movea.l A0, A2                               D0=000000BC D1=00000104 D2=00000000 A0=0000427C A1=000039A4 nib=68973
T $06814C  moveq   #$0, D2                              D0=000000BC D1=00000104 D2=00000000 A0=0000427C A1=000039A4 nib=68973
T $06814E  cmpa.l  A3, A0                               D0=000000BC D1=00000104 D2=00000000 A0=0000427C A1=000039A4 nib=68973
T $068150  bcs     $680f8                               D0=000000BC D1=00000104 D2=00000000 A0=0000427C A1=000039A4 nib=68973
T $0680F8  move.l  (A0), D1                             D0=000000BC D1=00000104 D2=00000000 A0=0000427C A1=000039A4 nib=68973
T $0680FA  and.l   $31a.w, D1                           D0=000000BC D1=400000B8 D2=00000000 A0=0000427C A1=000039A4 nib=68973
T $0680FE  tst.b   (A0)                                 D0=000000BC D1=000000B8 D2=00000000 A0=0000427C A1=000039A4 nib=68973
T $068100  beq     $6810e                               D0=000000BC D1=000000B8 D2=00000000 A0=0000427C A1=000039A4 nib=68973
T $068102  bpl     $68148                               D0=000000BC D1=000000B8 D2=00000000 A0=0000427C A1=000039A4 nib=68973
T $068148  adda.l  D1, A0                               D0=000000BC D1=000000B8 D2=00000000 A0=0000427C A1=000039A4 nib=68973
T $06814A  movea.l A0, A2                               D0=000000BC D1=000000B8 D2=00000000 A0=00004334 A1=000039A4 nib=68973
T $06814C  moveq   #$0, D2                              D0=000000BC D1=000000B8 D2=00000000 A0=00004334 A1=000039A4 nib=68973
T $06814E  cmpa.l  A3, A0                               D0=000000BC D1=000000B8 D2=00000000 A0=00004334 A1=000039A4 nib=68973
T $068150  bcs     $680f8                               D0=000000BC D1=000000B8 D2=00000000 A0=00004334 A1=000039A4 nib=68973
T $0680F8  move.l  (A0), D1                             D0=000000BC D1=000000B8 D2=00000000 A0=00004334 A1=000039A4 nib=68973
T $0680FA  and.l   $31a.w, D1                           D0=000000BC D1=4A0000D8 D2=00000000 A0=00004334 A1=000039A4 nib=68973
T $0680FE  tst.b   (A0)                                 D0=000000BC D1=000000D8 D2=00000000 A0=00004334 A1=000039A4 nib=68973
T $068100  beq     $6810e                               D0=000000BC D1=000000D8 D2=00000000 A0=00004334 A1=000039A4 nib=68973
T $068102  bpl     $68148                               D0=000000BC D1=000000D8 D2=00000000 A0=00004334 A1=000039A4 nib=68973
T $068148  adda.l  D1, A0                               D0=000000BC D1=000000D8 D2=00000000 A0=00004334 A1=000039A4 nib=68973
T $06814A  movea.l A0, A2                               D0=000000BC D1=000000D8 D2=00000000 A0=0000440C A1=000039A4 nib=68973
T $06814C  moveq   #$0, D2                              D0=000000BC D1=000000D8 D2=00000000 A0=0000440C A1=000039A4 nib=68973
T $06814E  cmpa.l  A3, A0                               D0=000000BC D1=000000D8 D2=00000000 A0=0000440C A1=000039A4 nib=68973
T $068150  bcs     $680f8                               D0=000000BC D1=000000D8 D2=00000000 A0=0000440C A1=000039A4 nib=68973
T $0680F8  move.l  (A0), D1                             D0=000000BC D1=000000D8 D2=00000000 A0=0000440C A1=000039A4 nib=68973
T $0680FA  and.l   $31a.w, D1                           D0=000000BC D1=44000410 D2=00000000 A0=0000440C A1=000039A4 nib=68973
T $0680FE  tst.b   (A0)                                 D0=000000BC D1=00000410 D2=00000000 A0=0000440C A1=000039A4 nib=68973
T $068100  beq     $6810e                               D0=000000BC D1=00000410 D2=00000000 A0=0000440C A1=000039A4 nib=68973
T $068102  bpl     $68148                               D0=000000BC D1=00000410 D2=00000000 A0=0000440C A1=000039A4 nib=68973
T $068148  adda.l  D1, A0                               D0=000000BC D1=00000410 D2=00000000 A0=0000440C A1=000039A4 nib=68973
T $06814A  movea.l A0, A2                               D0=000000BC D1=00000410 D2=00000000 A0=0000481C A1=000039A4 nib=68973
T $06814C  moveq   #$0, D2                              D0=000000BC D1=00000410 D2=00000000 A0=0000481C A1=000039A4 nib=68973
T $06814E  cmpa.l  A3, A0                               D0=000000BC D1=00000410 D2=00000000 A0=0000481C A1=000039A4 nib=68973
T $068150  bcs     $680f8                               D0=000000BC D1=00000410 D2=00000000 A0=0000481C A1=000039A4 nib=68973
T $0680F8  move.l  (A0), D1                             D0=000000BC D1=00000410 D2=00000000 A0=0000481C A1=000039A4 nib=68973
T $0680FA  and.l   $31a.w, D1                           D0=000000BC D1=42000014 D2=00000000 A0=0000481C A1=000039A4 nib=68973
T $0680FE  tst.b   (A0)                                 D0=000000BC D1=00000014 D2=00000000 A0=0000481C A1=000039A4 nib=68973
T $068100  beq     $6810e                               D0=000000BC D1=00000014 D2=00000000 A0=0000481C A1=000039A4 nib=68973
T $068102  bpl     $68148                               D0=000000BC D1=00000014 D2=00000000 A0=0000481C A1=000039A4 nib=68973
T $068148  adda.l  D1, A0                               D0=000000BC D1=00000014 D2=00000000 A0=0000481C A1=000039A4 nib=68973
T $06814A  movea.l A0, A2                               D0=000000BC D1=00000014 D2=00000000 A0=00004830 A1=000039A4 nib=68973
T $06814C  moveq   #$0, D2                              D0=000000BC D1=00000014 D2=00000000 A0=00004830 A1=000039A4 nib=68973
T $06814E  cmpa.l  A3, A0                               D0=000000BC D1=00000014 D2=00000000 A0=00004830 A1=000039A4 nib=68973
T $068150  bcs     $680f8                               D0=000000BC D1=00000014 D2=00000000 A0=00004830 A1=000039A4 nib=68973
T $0680F8  move.l  (A0), D1                             D0=000000BC D1=00000014 D2=00000000 A0=00004830 A1=000039A4 nib=68973
T $0680FA  and.l   $31a.w, D1                           D0=000000BC D1=42000014 D2=00000000 A0=00004830 A1=000039A4 nib=68973
T $0680FE  tst.b   (A0)                                 D0=000000BC D1=00000014 D2=00000000 A0=00004830 A1=000039A4 nib=68973
T $068100  beq     $6810e                               D0=000000BC D1=00000014 D2=00000000 A0=00004830 A1=000039A4 nib=68973
T $068102  bpl     $68148                               D0=000000BC D1=00000014 D2=00000000 A0=00004830 A1=000039A4 nib=68973
T $068148  adda.l  D1, A0                               D0=000000BC D1=00000014 D2=00000000 A0=00004830 A1=000039A4 nib=68973
T $06814A  movea.l A0, A2                               D0=000000BC D1=00000014 D2=00000000 A0=00004844 A1=000039A4 nib=68973
T $06814C  moveq   #$0, D2                              D0=000000BC D1=00000014 D2=00000000 A0=00004844 A1=000039A4 nib=68973
T $06814E  cmpa.l  A3, A0                               D0=000000BC D1=00000014 D2=00000000 A0=00004844 A1=000039A4 nib=68973
T $068150  bcs     $680f8                               D0=000000BC D1=00000014 D2=00000000 A0=00004844 A1=000039A4 nib=68973
T $0680F8  move.l  (A0), D1                             D0=000000BC D1=00000014 D2=00000000 A0=00004844 A1=000039A4 nib=68973
T $0680FA  and.l   $31a.w, D1                           D0=000000BC D1=82000044 D2=00000000 A0=00004844 A1=000039A4 nib=68973
T $0680FE  tst.b   (A0)                                 D0=000000BC D1=00000044 D2=00000000 A0=00004844 A1=000039A4 nib=68973
T $068100  beq     $6810e                               D0=000000BC D1=00000044 D2=00000000 A0=00004844 A1=000039A4 nib=68973
T $068102  bpl     $68148                               D0=000000BC D1=00000044 D2=00000000 A0=00004844 A1=000039A4 nib=68973
T $068104  movea.l ($4,A0), A1                          D0=000000BC D1=00000044 D2=00000000 A0=00004844 A1=000039A4 nib=68973
T $068108  adda.l  A6, A1                               D0=000000BC D1=00000044 D2=00000000 A0=00004844 A1=00009278 nib=68973
T $06810A  tst.b   (A1)                                 D0=000000BC D1=00000044 D2=00000000 A0=00004844 A1=0000B278 nib=68973
T $06810C  bmi     $68148                               D0=000000BC D1=00000044 D2=00000000 A0=00004844 A1=0000B278 nib=68973
T $068148  adda.l  D1, A0                               D0=000000BC D1=00000044 D2=00000000 A0=00004844 A1=0000B278 nib=68973
T $06814A  movea.l A0, A2                               D0=000000BC D1=00000044 D2=00000000 A0=00004888 A1=0000B278 nib=68973
T $06814C  moveq   #$0, D2                              D0=000000BC D1=00000044 D2=00000000 A0=00004888 A1=0000B278 nib=68973
T $06814E  cmpa.l  A3, A0                               D0=000000BC D1=00000044 D2=00000000 A0=00004888 A1=0000B278 nib=68973
T $068150  bcs     $680f8                               D0=000000BC D1=00000044 D2=00000000 A0=00004888 A1=0000B278 nib=68973
T $0680F8  move.l  (A0), D1                             D0=000000BC D1=00000044 D2=00000000 A0=00004888 A1=0000B278 nib=68973
T $0680FA  and.l   $31a.w, D1                           D0=000000BC D1=40000010 D2=00000000 A0=00004888 A1=0000B278 nib=68973
T $0680FE  tst.b   (A0)                                 D0=000000BC D1=00000010 D2=00000000 A0=00004888 A1=0000B278 nib=68973
T $068100  beq     $6810e                               D0=000000BC D1=00000010 D2=00000000 A0=00004888 A1=0000B278 nib=68973
T $068102  bpl     $68148                               D0=000000BC D1=00000010 D2=00000000 A0=00004888 A1=0000B278 nib=68973
T $068148  adda.l  D1, A0                               D0=000000BC D1=00000010 D2=00000000 A0=00004888 A1=0000B278 nib=68973
T $06814A  movea.l A0, A2                               D0=000000BC D1=00000010 D2=00000000 A0=00004898 A1=0000B278 nib=68973
T $06814C  moveq   #$0, D2                              D0=000000BC D1=00000010 D2=00000000 A0=00004898 A1=0000B278 nib=68973
T $06814E  cmpa.l  A3, A0                               D0=000000BC D1=00000010 D2=00000000 A0=00004898 A1=0000B278 nib=68973
T $068150  bcs     $680f8                               D0=000000BC D1=00000010 D2=00000000 A0=00004898 A1=0000B278 nib=68973
T $0680F8  move.l  (A0), D1                             D0=000000BC D1=00000010 D2=00000000 A0=00004898 A1=0000B278 nib=68973
T $0680FA  and.l   $31a.w, D1                           D0=000000BC D1=40000108 D2=00000000 A0=00004898 A1=0000B278 nib=68973
T $0680FE  tst.b   (A0)                                 D0=000000BC D1=00000108 D2=00000000 A0=00004898 A1=0000B278 nib=68973
T $068100  beq     $6810e                               D0=000000BC D1=00000108 D2=00000000 A0=00004898 A1=0000B278 nib=68973
T $068102  bpl     $68148                               D0=000000BC D1=00000108 D2=00000000 A0=00004898 A1=0000B278 nib=68973
T $068148  adda.l  D1, A0                               D0=000000BC D1=00000108 D2=00000000 A0=00004898 A1=0000B278 nib=68973
T $06814A  movea.l A0, A2                               D0=000000BC D1=00000108 D2=00000000 A0=000049A0 A1=0000B278 nib=68973
T $06814C  moveq   #$0, D2                              D0=000000BC D1=00000108 D2=00000000 A0=000049A0 A1=0000B278 nib=68973
T $06814E  cmpa.l  A3, A0                               D0=000000BC D1=00000108 D2=00000000 A0=000049A0 A1=0000B278 nib=68973
T $068150  bcs     $680f8                               D0=000000BC D1=00000108 D2=00000000 A0=000049A0 A1=0000B278 nib=68973
T $0680F8  move.l  (A0), D1                             D0=000000BC D1=00000108 D2=00000000 A0=000049A0 A1=0000B278 nib=68973
T $0680FA  and.l   $31a.w, D1                           D0=000000BC D1=4200002C D2=00000000 A0=000049A0 A1=0000B278 nib=68973
T $0680FE  tst.b   (A0)                                 D0=000000BC D1=0000002C D2=00000000 A0=000049A0 A1=0000B278 nib=68973
T $068100  beq     $6810e                               D0=000000BC D1=0000002C D2=00000000 A0=000049A0 A1=0000B278 nib=68973
T $068102  bpl     $68148                               D0=000000BC D1=0000002C D2=00000000 A0=000049A0 A1=0000B278 nib=68973
T $068148  adda.l  D1, A0                               D0=000000BC D1=0000002C D2=00000000 A0=000049A0 A1=0000B278 nib=68973
T $06814A  movea.l A0, A2                               D0=000000BC D1=0000002C D2=00000000 A0=000049CC A1=0000B278 nib=68973
T $06814C  moveq   #$0, D2                              D0=000000BC D1=0000002C D2=00000000 A0=000049CC A1=0000B278 nib=68973
T $06814E  cmpa.l  A3, A0                               D0=000000BC D1=0000002C D2=00000000 A0=000049CC A1=0000B278 nib=68973
T $068150  bcs     $680f8                               D0=000000BC D1=0000002C D2=00000000 A0=000049CC A1=0000B278 nib=68973
T $0680F8  move.l  (A0), D1                             D0=000000BC D1=0000002C D2=00000000 A0=000049CC A1=0000B278 nib=68973
T $0680FA  and.l   $31a.w, D1                           D0=000000BC D1=42000014 D2=00000000 A0=000049CC A1=0000B278 nib=68973
T $0680FE  tst.b   (A0)                                 D0=000000BC D1=00000014 D2=00000000 A0=000049CC A1=0000B278 nib=68973
T $068100  beq     $6810e                               D0=000000BC D1=00000014 D2=00000000 A0=000049CC A1=0000B278 nib=68973
T $068102  bpl     $68148                               D0=000000BC D1=00000014 D2=00000000 A0=000049CC A1=0000B278 nib=68973
T $068148  adda.l  D1, A0                               D0=000000BC D1=00000014 D2=00000000 A0=000049CC A1=0000B278 nib=68973
T $06814A  movea.l A0, A2                               D0=000000BC D1=00000014 D2=00000000 A0=000049E0 A1=0000B278 nib=68973
T $06814C  moveq   #$0, D2                              D0=000000BC D1=00000014 D2=00000000 A0=000049E0 A1=0000B278 nib=68973
T $06814E  cmpa.l  A3, A0                               D0=000000BC D1=00000014 D2=00000000 A0=000049E0 A1=0000B278 nib=68973
T $068150  bcs     $680f8                               D0=000000BC D1=00000014 D2=00000000 A0=000049E0 A1=0000B278 nib=68973
T $0680F8  move.l  (A0), D1                             D0=000000BC D1=00000014 D2=00000000 A0=000049E0 A1=0000B278 nib=68973
T $0680FA  and.l   $31a.w, D1                           D0=000000BC D1=4200002C D2=00000000 A0=000049E0 A1=0000B278 nib=68973
T $0680FE  tst.b   (A0)                                 D0=000000BC D1=0000002C D2=00000000 A0=000049E0 A1=0000B278 nib=68973
T $068100  beq     $6810e                               D0=000000BC D1=0000002C D2=00000000 A0=000049E0 A1=0000B278 nib=68973
T $068102  bpl     $68148                               D0=000000BC D1=0000002C D2=00000000 A0=000049E0 A1=0000B278 nib=68973
T $068148  adda.l  D1, A0                               D0=000000BC D1=0000002C D2=00000000 A0=000049E0 A1=0000B278 nib=68973
T $06814A  movea.l A0, A2                               D0=000000BC D1=0000002C D2=00000000 A0=00004A0C A1=0000B278 nib=68973
T $06814C  moveq   #$0, D2                              D0=000000BC D1=0000002C D2=00000000 A0=00004A0C A1=0000B278 nib=68973
T $06814E  cmpa.l  A3, A0                               D0=000000BC D1=0000002C D2=00000000 A0=00004A0C A1=0000B278 nib=68973
T $068150  bcs     $680f8                               D0=000000BC D1=0000002C D2=00000000 A0=00004A0C A1=0000B278 nib=68973
T $0680F8  move.l  (A0), D1                             D0=000000BC D1=0000002C D2=00000000 A0=00004A0C A1=0000B278 nib=68973
T $0680FA  and.l   $31a.w, D1                           D0=000000BC D1=46000018 D2=00000000 A0=00004A0C A1=0000B278 nib=68973
T $0680FE  tst.b   (A0)                                 D0=000000BC D1=00000018 D2=00000000 A0=00004A0C A1=0000B278 nib=68973
T $068100  beq     $6810e                               D0=000000BC D1=00000018 D2=00000000 A0=00004A0C A1=0000B278 nib=68973
T $068102  bpl     $68148                               D0=000000BC D1=00000018 D2=00000000 A0=00004A0C A1=0000B278 nib=68973
T $068148  adda.l  D1, A0                               D0=000000BC D1=00000018 D2=00000000 A0=00004A0C A1=0000B278 nib=68973
T $06814A  movea.l A0, A2                               D0=000000BC D1=00000018 D2=00000000 A0=00004A24 A1=0000B278 nib=68973
T $06814C  moveq   #$0, D2                              D0=000000BC D1=00000018 D2=00000000 A0=00004A24 A1=0000B278 nib=68973
T $06814E  cmpa.l  A3, A0                               D0=000000BC D1=00000018 D2=00000000 A0=00004A24 A1=0000B278 nib=68973
T $068150  bcs     $680f8                               D0=000000BC D1=00000018 D2=00000000 A0=00004A24 A1=0000B278 nib=68973
T $0680F8  move.l  (A0), D1                             D0=000000BC D1=00000018 D2=00000000 A0=00004A24 A1=0000B278 nib=68973
T $0680FA  and.l   $31a.w, D1                           D0=000000BC D1=8000003C D2=00000000 A0=00004A24 A1=0000B278 nib=68973
T $0680FE  tst.b   (A0)                                 D0=000000BC D1=0000003C D2=00000000 A0=00004A24 A1=0000B278 nib=68973
T $068100  beq     $6810e                               D0=000000BC D1=0000003C D2=00000000 A0=00004A24 A1=0000B278 nib=68973
T $068102  bpl     $68148                               D0=000000BC D1=0000003C D2=00000000 A0=00004A24 A1=0000B278 nib=68973
T $068104  movea.l ($4,A0), A1                          D0=000000BC D1=0000003C D2=00000000 A0=00004A24 A1=0000B278 nib=68973
T $068108  adda.l  A6, A1                               D0=000000BC D1=0000003C D2=00000000 A0=00004A24 A1=00000134 nib=68973
T $06810A  tst.b   (A1)                                 D0=000000BC D1=0000003C D2=00000000 A0=00004A24 A1=00002134 nib=68973
T $06810C  bmi     $68148                               D0=000000BC D1=0000003C D2=00000000 A0=00004A24 A1=00002134 nib=68973
T $068148  adda.l  D1, A0                               D0=000000BC D1=0000003C D2=00000000 A0=00004A24 A1=00002134 nib=68973
T $06814A  movea.l A0, A2                               D0=000000BC D1=0000003C D2=00000000 A0=00004A60 A1=00002134 nib=68973
T $06814C  moveq   #$0, D2                              D0=000000BC D1=0000003C D2=00000000 A0=00004A60 A1=00002134 nib=68973
T $06814E  cmpa.l  A3, A0                               D0=000000BC D1=0000003C D2=00000000 A0=00004A60 A1=00002134 nib=68973
T $068150  bcs     $680f8                               D0=000000BC D1=0000003C D2=00000000 A0=00004A60 A1=00002134 nib=68973
T $0680F8  move.l  (A0), D1                             D0=000000BC D1=0000003C D2=00000000 A0=00004A60 A1=00002134 nib=68973
T $0680FA  and.l   $31a.w, D1                           D0=000000BC D1=44000334 D2=00000000 A0=00004A60 A1=00002134 nib=68973
T $0680FE  tst.b   (A0)                                 D0=000000BC D1=00000334 D2=00000000 A0=00004A60 A1=00002134 nib=68973
T $068100  beq     $6810e                               D0=000000BC D1=00000334 D2=00000000 A0=00004A60 A1=00002134 nib=68973
T $068102  bpl     $68148                               D0=000000BC D1=00000334 D2=00000000 A0=00004A60 A1=00002134 nib=68973
T $068148  adda.l  D1, A0                               D0=000000BC D1=00000334 D2=00000000 A0=00004A60 A1=00002134 nib=68973
T $06814A  movea.l A0, A2                               D0=000000BC D1=00000334 D2=00000000 A0=00004D94 A1=00002134 nib=68973
T $06814C  moveq   #$0, D2                              D0=000000BC D1=00000334 D2=00000000 A0=00004D94 A1=00002134 nib=68973
T $06814E  cmpa.l  A3, A0                               D0=000000BC D1=00000334 D2=00000000 A0=00004D94 A1=00002134 nib=68973
T $068150  bcs     $680f8                               D0=000000BC D1=00000334 D2=00000000 A0=00004D94 A1=00002134 nib=68973
T $0680F8  move.l  (A0), D1                             D0=000000BC D1=00000334 D2=00000000 A0=00004D94 A1=00002134 nib=68973
T $0680FA  and.l   $31a.w, D1                           D0=000000BC D1=80000098 D2=00000000 A0=00004D94 A1=00002134 nib=68973
T $0680FE  tst.b   (A0)                                 D0=000000BC D1=00000098 D2=00000000 A0=00004D94 A1=00002134 nib=68973
T $068100  beq     $6810e                               D0=000000BC D1=00000098 D2=00000000 A0=00004D94 A1=00002134 nib=68973
T $068102  bpl     $68148                               D0=000000BC D1=00000098 D2=00000000 A0=00004D94 A1=00002134 nib=68973
T $068104  movea.l ($4,A0), A1                          D0=000000BC D1=00000098 D2=00000000 A0=00004D94 A1=00002134 nib=68973
T $068108  adda.l  A6, A1                               D0=000000BC D1=00000098 D2=00000000 A0=00004D94 A1=0000299C nib=68973
T $06810A  tst.b   (A1)                                 D0=000000BC D1=00000098 D2=00000000 A0=00004D94 A1=0000499C nib=68973
T $06810C  bmi     $68148                               D0=000000BC D1=00000098 D2=00000000 A0=00004D94 A1=0000499C nib=68973
T $068148  adda.l  D1, A0                               D0=000000BC D1=00000098 D2=00000000 A0=00004D94 A1=0000499C nib=68973
T $06814A  movea.l A0, A2                               D0=000000BC D1=00000098 D2=00000000 A0=00004E2C A1=0000499C nib=68973
T $06814C  moveq   #$0, D2                              D0=000000BC D1=00000098 D2=00000000 A0=00004E2C A1=0000499C nib=68973
T $06814E  cmpa.l  A3, A0                               D0=000000BC D1=00000098 D2=00000000 A0=00004E2C A1=0000499C nib=68973
T $068150  bcs     $680f8                               D0=000000BC D1=00000098 D2=00000000 A0=00004E2C A1=0000499C nib=68973
T $0680F8  move.l  (A0), D1                             D0=000000BC D1=00000098 D2=00000000 A0=00004E2C A1=0000499C nib=68973
T $0680FA  and.l   $31a.w, D1                           D0=000000BC D1=4200002C D2=00000000 A0=00004E2C A1=0000499C nib=68973
T $0680FE  tst.b   (A0)                                 D0=000000BC D1=0000002C D2=00000000 A0=00004E2C A1=0000499C nib=68973
T $068100  beq     $6810e                               D0=000000BC D1=0000002C D2=00000000 A0=00004E2C A1=0000499C nib=68973
T $068102  bpl     $68148                               D0=000000BC D1=0000002C D2=00000000 A0=00004E2C A1=0000499C nib=68973
T $068148  adda.l  D1, A0                               D0=000000BC D1=0000002C D2=00000000 A0=00004E2C A1=0000499C nib=68973
T $06814A  movea.l A0, A2                               D0=000000BC D1=0000002C D2=00000000 A0=00004E58 A1=0000499C nib=68973
T $06814C  moveq   #$0, D2                              D0=000000BC D1=0000002C D2=00000000 A0=00004E58 A1=0000499C nib=68973
T $06814E  cmpa.l  A3, A0                               D0=000000BC D1=0000002C D2=00000000 A0=00004E58 A1=0000499C nib=68973
T $068150  bcs     $680f8                               D0=000000BC D1=0000002C D2=00000000 A0=00004E58 A1=0000499C nib=68973
T $0680F8  move.l  (A0), D1                             D0=000000BC D1=0000002C D2=00000000 A0=00004E58 A1=0000499C nib=68973
T $0680FA  and.l   $31a.w, D1                           D0=000000BC D1=46000018 D2=00000000 A0=00004E58 A1=0000499C nib=68973
T $0680FE  tst.b   (A0)                                 D0=000000BC D1=00000018 D2=00000000 A0=00004E58 A1=0000499C nib=68973
T $068100  beq     $6810e                               D0=000000BC D1=00000018 D2=00000000 A0=00004E58 A1=0000499C nib=68973
T $068102  bpl     $68148                               D0=000000BC D1=00000018 D2=00000000 A0=00004E58 A1=0000499C nib=68973
T $068148  adda.l  D1, A0                               D0=000000BC D1=00000018 D2=00000000 A0=00004E58 A1=0000499C nib=68973
T $06814A  movea.l A0, A2                               D0=000000BC D1=00000018 D2=00000000 A0=00004E70 A1=0000499C nib=68973
T $06814C  moveq   #$0, D2                              D0=000000BC D1=00000018 D2=00000000 A0=00004E70 A1=0000499C nib=68973
T $06814E  cmpa.l  A3, A0                               D0=000000BC D1=00000018 D2=00000000 A0=00004E70 A1=0000499C nib=68973
T $068150  bcs     $680f8                               D0=000000BC D1=00000018 D2=00000000 A0=00004E70 A1=0000499C nib=68973
T $0680F8  move.l  (A0), D1                             D0=000000BC D1=00000018 D2=00000000 A0=00004E70 A1=0000499C nib=68973
T $0680FA  and.l   $31a.w, D1                           D0=000000BC D1=81000010 D2=00000000 A0=00004E70 A1=0000499C nib=68973
T $0680FE  tst.b   (A0)                                 D0=000000BC D1=00000010 D2=00000000 A0=00004E70 A1=0000499C nib=68973
T $068100  beq     $6810e                               D0=000000BC D1=00000010 D2=00000000 A0=00004E70 A1=0000499C nib=68973
T $068102  bpl     $68148                               D0=000000BC D1=00000010 D2=00000000 A0=00004E70 A1=0000499C nib=68973
T $068104  movea.l ($4,A0), A1                          D0=000000BC D1=00000010 D2=00000000 A0=00004E70 A1=0000499C nib=68973
T $068108  adda.l  A6, A1                               D0=000000BC D1=00000010 D2=00000000 A0=00004E70 A1=000775B0 nib=68973
T $06810A  tst.b   (A1)                                 D0=000000BC D1=00000010 D2=00000000 A0=00004E70 A1=000795B0 nib=68973
T $06810C  bmi     $68148                               D0=000000BC D1=00000010 D2=00000000 A0=00004E70 A1=000795B0 nib=68973
T $068148  adda.l  D1, A0                               D0=000000BC D1=00000010 D2=00000000 A0=00004E70 A1=000795B0 nib=68973
T $06814A  movea.l A0, A2                               D0=000000BC D1=00000010 D2=00000000 A0=00004E80 A1=000795B0 nib=68973
T $06814C  moveq   #$0, D2                              D0=000000BC D1=00000010 D2=00000000 A0=00004E80 A1=000795B0 nib=68973
T $06814E  cmpa.l  A3, A0                               D0=000000BC D1=00000010 D2=00000000 A0=00004E80 A1=000795B0 nib=68973
T $068150  bcs     $680f8                               D0=000000BC D1=00000010 D2=00000000 A0=00004E80 A1=000795B0 nib=68973
T $0680F8  move.l  (A0), D1                             D0=000000BC D1=00000010 D2=00000000 A0=00004E80 A1=000795B0 nib=68973
T $0680FA  and.l   $31a.w, D1                           D0=000000BC D1=44000038 D2=00000000 A0=00004E80 A1=000795B0 nib=68973
T $0680FE  tst.b   (A0)                                 D0=000000BC D1=00000038 D2=00000000 A0=00004E80 A1=000795B0 nib=68973
T $068100  beq     $6810e                               D0=000000BC D1=00000038 D2=00000000 A0=00004E80 A1=000795B0 nib=68973
T $068102  bpl     $68148                               D0=000000BC D1=00000038 D2=00000000 A0=00004E80 A1=000795B0 nib=68973
T $068148  adda.l  D1, A0                               D0=000000BC D1=00000038 D2=00000000 A0=00004E80 A1=000795B0 nib=68973
T $06814A  movea.l A0, A2                               D0=000000BC D1=00000038 D2=00000000 A0=00004EB8 A1=000795B0 nib=68973
T $06814C  moveq   #$0, D2                              D0=000000BC D1=00000038 D2=00000000 A0=00004EB8 A1=000795B0 nib=68973
T $06814E  cmpa.l  A3, A0                               D0=000000BC D1=00000038 D2=00000000 A0=00004EB8 A1=000795B0 nib=68973
T $068150  bcs     $680f8                               D0=000000BC D1=00000038 D2=00000000 A0=00004EB8 A1=000795B0 nib=68973
T $0680F8  move.l  (A0), D1                             D0=000000BC D1=00000038 D2=00000000 A0=00004EB8 A1=000795B0 nib=68973
T $0680FA  and.l   $31a.w, D1                           D0=000000BC D1=8000003C D2=00000000 A0=00004EB8 A1=000795B0 nib=68973
T $0680FE  tst.b   (A0)                                 D0=000000BC D1=0000003C D2=00000000 A0=00004EB8 A1=000795B0 nib=68973
T $068100  beq     $6810e                               D0=000000BC D1=0000003C D2=00000000 A0=00004EB8 A1=000795B0 nib=68973
T $068102  bpl     $68148                               D0=000000BC D1=0000003C D2=00000000 A0=00004EB8 A1=000795B0 nib=68973
T $068104  movea.l ($4,A0), A1                          D0=000000BC D1=0000003C D2=00000000 A0=00004EB8 A1=000795B0 nib=68973
T $068108  adda.l  A6, A1                               D0=000000BC D1=0000003C D2=00000000 A0=00004EB8 A1=0000012C nib=68973
T $06810A  tst.b   (A1)                                 D0=000000BC D1=0000003C D2=00000000 A0=00004EB8 A1=0000212C nib=68973
T $06810C  bmi     $68148                               D0=000000BC D1=0000003C D2=00000000 A0=00004EB8 A1=0000212C nib=68973
T $068148  adda.l  D1, A0                               D0=000000BC D1=0000003C D2=00000000 A0=00004EB8 A1=0000212C nib=68973
T $06814A  movea.l A0, A2                               D0=000000BC D1=0000003C D2=00000000 A0=00004EF4 A1=0000212C nib=68973
T $06814C  moveq   #$0, D2                              D0=000000BC D1=0000003C D2=00000000 A0=00004EF4 A1=0000212C nib=68973
T $06814E  cmpa.l  A3, A0                               D0=000000BC D1=0000003C D2=00000000 A0=00004EF4 A1=0000212C nib=68973
T $068150  bcs     $680f8                               D0=000000BC D1=0000003C D2=00000000 A0=00004EF4 A1=0000212C nib=68973
T $0680F8  move.l  (A0), D1                             D0=000000BC D1=0000003C D2=00000000 A0=00004EF4 A1=0000212C nib=68973
T $0680FA  and.l   $31a.w, D1                           D0=000000BC D1=40000014 D2=00000000 A0=00004EF4 A1=0000212C nib=68973
T $0680FE  tst.b   (A0)                                 D0=000000BC D1=00000014 D2=00000000 A0=00004EF4 A1=0000212C nib=68973
T $068100  beq     $6810e                               D0=000000BC D1=00000014 D2=00000000 A0=00004EF4 A1=0000212C nib=68973
T $068102  bpl     $68148                               D0=000000BC D1=00000014 D2=00000000 A0=00004EF4 A1=0000212C nib=68973
T $068148  adda.l  D1, A0                               D0=000000BC D1=00000014 D2=00000000 A0=00004EF4 A1=0000212C nib=68973
T $06814A  movea.l A0, A2                               D0=000000BC D1=00000014 D2=00000000 A0=00004F08 A1=0000212C nib=68973
T $06814C  moveq   #$0, D2                              D0=000000BC D1=00000014 D2=00000000 A0=00004F08 A1=0000212C nib=68973
T $06814E  cmpa.l  A3, A0                               D0=000000BC D1=00000014 D2=00000000 A0=00004F08 A1=0000212C nib=68973
T $068150  bcs     $680f8                               D0=000000BC D1=00000014 D2=00000000 A0=00004F08 A1=0000212C nib=68973
T $0680F8  move.l  (A0), D1                             D0=000000BC D1=00000014 D2=00000000 A0=00004F08 A1=0000212C nib=68973
T $0680FA  and.l   $31a.w, D1                           D0=000000BC D1=8000003C D2=00000000 A0=00004F08 A1=0000212C nib=68973
T $0680FE  tst.b   (A0)                                 D0=000000BC D1=0000003C D2=00000000 A0=00004F08 A1=0000212C nib=68973
T $068100  beq     $6810e                               D0=000000BC D1=0000003C D2=00000000 A0=00004F08 A1=0000212C nib=68973
T $068102  bpl     $68148                               D0=000000BC D1=0000003C D2=00000000 A0=00004F08 A1=0000212C nib=68973
T $068104  movea.l ($4,A0), A1                          D0=000000BC D1=0000003C D2=00000000 A0=00004F08 A1=0000212C nib=68973
T $068108  adda.l  A6, A1                               D0=000000BC D1=0000003C D2=00000000 A0=00004F08 A1=00000124 nib=68973
T $06810A  tst.b   (A1)                                 D0=000000BC D1=0000003C D2=00000000 A0=00004F08 A1=00002124 nib=68973
T $06810C  bmi     $68148                               D0=000000BC D1=0000003C D2=00000000 A0=00004F08 A1=00002124 nib=68973
T $068148  adda.l  D1, A0                               D0=000000BC D1=0000003C D2=00000000 A0=00004F08 A1=00002124 nib=68973
T $06814A  movea.l A0, A2                               D0=000000BC D1=0000003C D2=00000000 A0=00004F44 A1=00002124 nib=68973
T $06814C  moveq   #$0, D2                              D0=000000BC D1=0000003C D2=00000000 A0=00004F44 A1=00002124 nib=68973
T $06814E  cmpa.l  A3, A0                               D0=000000BC D1=0000003C D2=00000000 A0=00004F44 A1=00002124 nib=68973
T $068150  bcs     $680f8                               D0=000000BC D1=0000003C D2=00000000 A0=00004F44 A1=00002124 nib=68973
T $0680F8  move.l  (A0), D1                             D0=000000BC D1=0000003C D2=00000000 A0=00004F44 A1=00002124 nib=68973
T $0680FA  and.l   $31a.w, D1                           D0=000000BC D1=80000024 D2=00000000 A0=00004F44 A1=00002124 nib=68973
T $0680FE  tst.b   (A0)                                 D0=000000BC D1=00000024 D2=00000000 A0=00004F44 A1=00002124 nib=68973
T $068100  beq     $6810e                               D0=000000BC D1=00000024 D2=00000000 A0=00004F44 A1=00002124 nib=68973
T $068102  bpl     $68148                               D0=000000BC D1=00000024 D2=00000000 A0=00004F44 A1=00002124 nib=68973
T $068104  movea.l ($4,A0), A1                          D0=000000BC D1=00000024 D2=00000000 A0=00004F44 A1=00002124 nib=68973
T $068108  adda.l  A6, A1                               D0=000000BC D1=00000024 D2=00000000 A0=00004F44 A1=00000128 nib=68973
T $06810A  tst.b   (A1)                                 D0=000000BC D1=00000024 D2=00000000 A0=00004F44 A1=00002128 nib=68973
T $06810C  bmi     $68148                               D0=000000BC D1=00000024 D2=00000000 A0=00004F44 A1=00002128 nib=68973
T $068148  adda.l  D1, A0                               D0=000000BC D1=00000024 D2=00000000 A0=00004F44 A1=00002128 nib=68973
T $06814A  movea.l A0, A2                               D0=000000BC D1=00000024 D2=00000000 A0=00004F68 A1=00002128 nib=68973
T $06814C  moveq   #$0, D2                              D0=000000BC D1=00000024 D2=00000000 A0=00004F68 A1=00002128 nib=68973
T $06814E  cmpa.l  A3, A0                               D0=000000BC D1=00000024 D2=00000000 A0=00004F68 A1=00002128 nib=68973
T $068150  bcs     $680f8                               D0=000000BC D1=00000024 D2=00000000 A0=00004F68 A1=00002128 nib=68973
T $0680F8  move.l  (A0), D1                             D0=000000BC D1=00000024 D2=00000000 A0=00004F68 A1=00002128 nib=68973
T $0680FA  and.l   $31a.w, D1                           D0=000000BC D1=40000018 D2=00000000 A0=00004F68 A1=00002128 nib=68973
T $0680FE  tst.b   (A0)                                 D0=000000BC D1=00000018 D2=00000000 A0=00004F68 A1=00002128 nib=68973
T $068100  beq     $6810e                               D0=000000BC D1=00000018 D2=00000000 A0=00004F68 A1=00002128 nib=68973
T $068102  bpl     $68148                               D0=000000BC D1=00000018 D2=00000000 A0=00004F68 A1=00002128 nib=68973
T $068148  adda.l  D1, A0                               D0=000000BC D1=00000018 D2=00000000 A0=00004F68 A1=00002128 nib=68973
T $06814A  movea.l A0, A2                               D0=000000BC D1=00000018 D2=00000000 A0=00004F80 A1=00002128 nib=68973
T $06814C  moveq   #$0, D2                              D0=000000BC D1=00000018 D2=00000000 A0=00004F80 A1=00002128 nib=68973
T $06814E  cmpa.l  A3, A0                               D0=000000BC D1=00000018 D2=00000000 A0=00004F80 A1=00002128 nib=68973
T $068150  bcs     $680f8                               D0=000000BC D1=00000018 D2=00000000 A0=00004F80 A1=00002128 nib=68973
T $0680F8  move.l  (A0), D1                             D0=000000BC D1=00000018 D2=00000000 A0=00004F80 A1=00002128 nib=68973
T $0680FA  and.l   $31a.w, D1                           D0=000000BC D1=40000128 D2=00000000 A0=00004F80 A1=00002128 nib=68973
T $0680FE  tst.b   (A0)                                 D0=000000BC D1=00000128 D2=00000000 A0=00004F80 A1=00002128 nib=68973
T $068100  beq     $6810e                               D0=000000BC D1=00000128 D2=00000000 A0=00004F80 A1=00002128 nib=68973
T $068102  bpl     $68148                               D0=000000BC D1=00000128 D2=00000000 A0=00004F80 A1=00002128 nib=68973
T $068148  adda.l  D1, A0                               D0=000000BC D1=00000128 D2=00000000 A0=00004F80 A1=00002128 nib=68973
T $06814A  movea.l A0, A2                               D0=000000BC D1=00000128 D2=00000000 A0=000050A8 A1=00002128 nib=68973
T $06814C  moveq   #$0, D2                              D0=000000BC D1=00000128 D2=00000000 A0=000050A8 A1=00002128 nib=68973
T $06814E  cmpa.l  A3, A0                               D0=000000BC D1=00000128 D2=00000000 A0=000050A8 A1=00002128 nib=68973
T $068150  bcs     $680f8                               D0=000000BC D1=00000128 D2=00000000 A0=000050A8 A1=00002128 nib=68973
T $0680F8  move.l  (A0), D1                             D0=000000BC D1=00000128 D2=00000000 A0=000050A8 A1=00002128 nib=68973
T $0680FA  and.l   $31a.w, D1                           D0=000000BC D1=82000048 D2=00000000 A0=000050A8 A1=00002128 nib=68973
T $0680FE  tst.b   (A0)                                 D0=000000BC D1=00000048 D2=00000000 A0=000050A8 A1=00002128 nib=68973
T $068100  beq     $6810e                               D0=000000BC D1=00000048 D2=00000000 A0=000050A8 A1=00002128 nib=68973
T $068102  bpl     $68148                               D0=000000BC D1=00000048 D2=00000000 A0=000050A8 A1=00002128 nib=68973
T $068104  movea.l ($4,A0), A1                          D0=000000BC D1=00000048 D2=00000000 A0=000050A8 A1=00002128 nib=68973
T $068108  adda.l  A6, A1                               D0=000000BC D1=00000048 D2=00000000 A0=000050A8 A1=00000120 nib=68973
T $06810A  tst.b   (A1)                                 D0=000000BC D1=00000048 D2=00000000 A0=000050A8 A1=00002120 nib=68973
T $06810C  bmi     $68148                               D0=000000BC D1=00000048 D2=00000000 A0=000050A8 A1=00002120 nib=68973
T $068148  adda.l  D1, A0                               D0=000000BC D1=00000048 D2=00000000 A0=000050A8 A1=00002120 nib=68973
T $06814A  movea.l A0, A2                               D0=000000BC D1=00000048 D2=00000000 A0=000050F0 A1=00002120 nib=68973
T $06814C  moveq   #$0, D2                              D0=000000BC D1=00000048 D2=00000000 A0=000050F0 A1=00002120 nib=68973
T $06814E  cmpa.l  A3, A0                               D0=000000BC D1=00000048 D2=00000000 A0=000050F0 A1=00002120 nib=68973
T $068150  bcs     $680f8                               D0=000000BC D1=00000048 D2=00000000 A0=000050F0 A1=00002120 nib=68973
T $0680F8  move.l  (A0), D1                             D0=000000BC D1=00000048 D2=00000000 A0=000050F0 A1=00002120 nib=68973
T $0680FA  and.l   $31a.w, D1                           D0=000000BC D1=8200003C D2=00000000 A0=000050F0 A1=00002120 nib=68973
T $0680FE  tst.b   (A0)                                 D0=000000BC D1=0000003C D2=00000000 A0=000050F0 A1=00002120 nib=68973
T $068100  beq     $6810e                               D0=000000BC D1=0000003C D2=00000000 A0=000050F0 A1=00002120 nib=68973
T $068102  bpl     $68148                               D0=000000BC D1=0000003C D2=00000000 A0=000050F0 A1=00002120 nib=68973
T $068104  movea.l ($4,A0), A1                          D0=000000BC D1=0000003C D2=00000000 A0=000050F0 A1=00002120 nib=68973
T $068108  adda.l  A6, A1                               D0=000000BC D1=0000003C D2=00000000 A0=000050F0 A1=00000110 nib=68973
T $06810A  tst.b   (A1)                                 D0=000000BC D1=0000003C D2=00000000 A0=000050F0 A1=00002110 nib=68973
T $06810C  bmi     $68148                               D0=000000BC D1=0000003C D2=00000000 A0=000050F0 A1=00002110 nib=68973
T $068148  adda.l  D1, A0                               D0=000000BC D1=0000003C D2=00000000 A0=000050F0 A1=00002110 nib=68973
T $06814A  movea.l A0, A2                               D0=000000BC D1=0000003C D2=00000000 A0=0000512C A1=00002110 nib=68973
T $06814C  moveq   #$0, D2                              D0=000000BC D1=0000003C D2=00000000 A0=0000512C A1=00002110 nib=68973
T $06814E  cmpa.l  A3, A0                               D0=000000BC D1=0000003C D2=00000000 A0=0000512C A1=00002110 nib=68973
T $068150  bcs     $680f8                               D0=000000BC D1=0000003C D2=00000000 A0=0000512C A1=00002110 nib=68973
T $0680F8  move.l  (A0), D1                             D0=000000BC D1=0000003C D2=00000000 A0=0000512C A1=00002110 nib=68973
T $0680FA  and.l   $31a.w, D1                           D0=000000BC D1=84000040 D2=00000000 A0=0000512C A1=00002110 nib=68973
T $0680FE  tst.b   (A0)                                 D0=000000BC D1=00000040 D2=00000000 A0=0000512C A1=00002110 nib=68973
T $068100  beq     $6810e                               D0=000000BC D1=00000040 D2=00000000 A0=0000512C A1=00002110 nib=68973
T $068102  bpl     $68148                               D0=000000BC D1=00000040 D2=00000000 A0=0000512C A1=00002110 nib=68973
T $068104  movea.l ($4,A0), A1                          D0=000000BC D1=00000040 D2=00000000 A0=0000512C A1=00002110 nib=68973
T $068108  adda.l  A6, A1                               D0=000000BC D1=00000040 D2=00000000 A0=0000512C A1=00000108 nib=68973
T $06810A  tst.b   (A1)                                 D0=000000BC D1=00000040 D2=00000000 A0=0000512C A1=00002108 nib=68973
T $06810C  bmi     $68148                               D0=000000BC D1=00000040 D2=00000000 A0=0000512C A1=00002108 nib=68973
T $068148  adda.l  D1, A0                               D0=000000BC D1=00000040 D2=00000000 A0=0000512C A1=00002108 nib=68973
T $06814A  movea.l A0, A2                               D0=000000BC D1=00000040 D2=00000000 A0=0000516C A1=00002108 nib=68973
T $06814C  moveq   #$0, D2                              D0=000000BC D1=00000040 D2=00000000 A0=0000516C A1=00002108 nib=68973
T $06814E  cmpa.l  A3, A0                               D0=000000BC D1=00000040 D2=00000000 A0=0000516C A1=00002108 nib=68973
T $068150  bcs     $680f8                               D0=000000BC D1=00000040 D2=00000000 A0=0000516C A1=00002108 nib=68973
T $0680F8  move.l  (A0), D1                             D0=000000BC D1=00000040 D2=00000000 A0=0000516C A1=00002108 nib=68973
T $0680FA  and.l   $31a.w, D1                           D0=000000BC D1=8000003C D2=00000000 A0=0000516C A1=00002108 nib=68973
T $0680FE  tst.b   (A0)                                 D0=000000BC D1=0000003C D2=00000000 A0=0000516C A1=00002108 nib=68973
T $068100  beq     $6810e                               D0=000000BC D1=0000003C D2=00000000 A0=0000516C A1=00002108 nib=68973
T $068102  bpl     $68148                               D0=000000BC D1=0000003C D2=00000000 A0=0000516C A1=00002108 nib=68973
T $068104  movea.l ($4,A0), A1                          D0=000000BC D1=0000003C D2=00000000 A0=0000516C A1=00002108 nib=68973
T $068108  adda.l  A6, A1                               D0=000000BC D1=0000003C D2=00000000 A0=0000516C A1=00000104 nib=68973
T $06810A  tst.b   (A1)                                 D0=000000BC D1=0000003C D2=00000000 A0=0000516C A1=00002104 nib=68973
T $06810C  bmi     $68148                               D0=000000BC D1=0000003C D2=00000000 A0=0000516C A1=00002104 nib=68973
T $068148  adda.l  D1, A0                               D0=000000BC D1=0000003C D2=00000000 A0=0000516C A1=00002104 nib=68973
T $06814A  movea.l A0, A2                               D0=000000BC D1=0000003C D2=00000000 A0=000051A8 A1=00002104 nib=68973
T $06814C  moveq   #$0, D2                              D0=000000BC D1=0000003C D2=00000000 A0=000051A8 A1=00002104 nib=68973
T $06814E  cmpa.l  A3, A0                               D0=000000BC D1=0000003C D2=00000000 A0=000051A8 A1=00002104 nib=68973
T $068150  bcs     $680f8                               D0=000000BC D1=0000003C D2=00000000 A0=000051A8 A1=00002104 nib=68973
T $0680F8  move.l  (A0), D1                             D0=000000BC D1=0000003C D2=00000000 A0=000051A8 A1=00002104 nib=68973
T $0680FA  and.l   $31a.w, D1                           D0=000000BC D1=8000003C D2=00000000 A0=000051A8 A1=00002104 nib=68973
T $0680FE  tst.b   (A0)                                 D0=000000BC D1=0000003C D2=00000000 A0=000051A8 A1=00002104 nib=68973
T $068100  beq     $6810e                               D0=000000BC D1=0000003C D2=00000000 A0=000051A8 A1=00002104 nib=68973
T $068102  bpl     $68148                               D0=000000BC D1=0000003C D2=00000000 A0=000051A8 A1=00002104 nib=68973
T $068104  movea.l ($4,A0), A1                          D0=000000BC D1=0000003C D2=00000000 A0=000051A8 A1=00002104 nib=68973
T $068108  adda.l  A6, A1                               D0=000000BC D1=0000003C D2=00000000 A0=000051A8 A1=00000100 nib=68973
T $06810A  tst.b   (A1)                                 D0=000000BC D1=0000003C D2=00000000 A0=000051A8 A1=00002100 nib=68973
T $06810C  bmi     $68148                               D0=000000BC D1=0000003C D2=00000000 A0=000051A8 A1=00002100 nib=68973
T $068148  adda.l  D1, A0                               D0=000000BC D1=0000003C D2=00000000 A0=000051A8 A1=00002100 nib=68973
T $06814A  movea.l A0, A2                               D0=000000BC D1=0000003C D2=00000000 A0=000051E4 A1=00002100 nib=68973
T $06814C  moveq   #$0, D2                              D0=000000BC D1=0000003C D2=00000000 A0=000051E4 A1=00002100 nib=68973
T $06814E  cmpa.l  A3, A0                               D0=000000BC D1=0000003C D2=00000000 A0=000051E4 A1=00002100 nib=68973
T $068150  bcs     $680f8                               D0=000000BC D1=0000003C D2=00000000 A0=000051E4 A1=00002100 nib=68973
T $0680F8  move.l  (A0), D1                             D0=000000BC D1=0000003C D2=00000000 A0=000051E4 A1=00002100 nib=68973
T $0680FA  and.l   $31a.w, D1                           D0=000000BC D1=8000003C D2=00000000 A0=000051E4 A1=00002100 nib=68973
T $0680FE  tst.b   (A0)                                 D0=000000BC D1=0000003C D2=00000000 A0=000051E4 A1=00002100 nib=68973
T $068100  beq     $6810e                               D0=000000BC D1=0000003C D2=00000000 A0=000051E4 A1=00002100 nib=68973
T $068102  bpl     $68148                               D0=000000BC D1=0000003C D2=00000000 A0=000051E4 A1=00002100 nib=68973
T $068104  movea.l ($4,A0), A1                          D0=000000BC D1=0000003C D2=00000000 A0=000051E4 A1=00002100 nib=68973
T $068108  adda.l  A6, A1                               D0=000000BC D1=0000003C D2=00000000 A0=000051E4 A1=000000FC nib=68973
T $06810A  tst.b   (A1)                                 D0=000000BC D1=0000003C D2=00000000 A0=000051E4 A1=000020FC nib=68973
T $06810C  bmi     $68148                               D0=000000BC D1=0000003C D2=00000000 A0=000051E4 A1=000020FC nib=68973
T $068148  adda.l  D1, A0                               D0=000000BC D1=0000003C D2=00000000 A0=000051E4 A1=000020FC nib=68973
T $06814A  movea.l A0, A2                               D0=000000BC D1=0000003C D2=00000000 A0=00005220 A1=000020FC nib=68973
T $06814C  moveq   #$0, D2                              D0=000000BC D1=0000003C D2=00000000 A0=00005220 A1=000020FC nib=68973
T $06814E  cmpa.l  A3, A0                               D0=000000BC D1=0000003C D2=00000000 A0=00005220 A1=000020FC nib=68973
T $068150  bcs     $680f8                               D0=000000BC D1=0000003C D2=00000000 A0=00005220 A1=000020FC nib=68973
T $0680F8  move.l  (A0), D1                             D0=000000BC D1=0000003C D2=00000000 A0=00005220 A1=000020FC nib=68973
T $0680FA  and.l   $31a.w, D1                           D0=000000BC D1=400001C0 D2=00000000 A0=00005220 A1=000020FC nib=68973
T $0680FE  tst.b   (A0)                                 D0=000000BC D1=000001C0 D2=00000000 A0=00005220 A1=000020FC nib=68973
T $068100  beq     $6810e                               D0=000000BC D1=000001C0 D2=00000000 A0=00005220 A1=000020FC nib=68973
T $068102  bpl     $68148                               D0=000000BC D1=000001C0 D2=00000000 A0=00005220 A1=000020FC nib=68973
T $068148  adda.l  D1, A0                               D0=000000BC D1=000001C0 D2=00000000 A0=00005220 A1=000020FC nib=68973
T $06814A  movea.l A0, A2                               D0=000000BC D1=000001C0 D2=00000000 A0=000053E0 A1=000020FC nib=68973
T $06814C  moveq   #$0, D2                              D0=000000BC D1=000001C0 D2=00000000 A0=000053E0 A1=000020FC nib=68973
T $06814E  cmpa.l  A3, A0                               D0=000000BC D1=000001C0 D2=00000000 A0=000053E0 A1=000020FC nib=68973
T $068150  bcs     $680f8                               D0=000000BC D1=000001C0 D2=00000000 A0=000053E0 A1=000020FC nib=68973
T $0680F8  move.l  (A0), D1                             D0=000000BC D1=000001C0 D2=00000000 A0=000053E0 A1=000020FC nib=68973
T $0680FA  and.l   $31a.w, D1                           D0=000000BC D1=8000003C D2=00000000 A0=000053E0 A1=000020FC nib=68973
T $0680FE  tst.b   (A0)                                 D0=000000BC D1=0000003C D2=00000000 A0=000053E0 A1=000020FC nib=68973
T $068100  beq     $6810e                               D0=000000BC D1=0000003C D2=00000000 A0=000053E0 A1=000020FC nib=68973
T $068102  bpl     $68148                               D0=000000BC D1=0000003C D2=00000000 A0=000053E0 A1=000020FC nib=68973
T $068104  movea.l ($4,A0), A1                          D0=000000BC D1=0000003C D2=00000000 A0=000053E0 A1=000020FC nib=68973
T $068108  adda.l  A6, A1                               D0=000000BC D1=0000003C D2=00000000 A0=000053E0 A1=000040A8 nib=68973
T $06810A  tst.b   (A1)                                 D0=000000BC D1=0000003C D2=00000000 A0=000053E0 A1=000060A8 nib=68973
T $06810C  bmi     $68148                               D0=000000BC D1=0000003C D2=00000000 A0=000053E0 A1=000060A8 nib=68973
T $068148  adda.l  D1, A0                               D0=000000BC D1=0000003C D2=00000000 A0=000053E0 A1=000060A8 nib=68973
T $06814A  movea.l A0, A2                               D0=000000BC D1=0000003C D2=00000000 A0=0000541C A1=000060A8 nib=68973
T $06814C  moveq   #$0, D2                              D0=000000BC D1=0000003C D2=00000000 A0=0000541C A1=000060A8 nib=68973
T $06814E  cmpa.l  A3, A0                               D0=000000BC D1=0000003C D2=00000000 A0=0000541C A1=000060A8 nib=68973
T $068150  bcs     $680f8                               D0=000000BC D1=0000003C D2=00000000 A0=0000541C A1=000060A8 nib=68973
T $0680F8  move.l  (A0), D1                             D0=000000BC D1=0000003C D2=00000000 A0=0000541C A1=000060A8 nib=68973
T $0680FA  and.l   $31a.w, D1                           D0=000000BC D1=40000024 D2=00000000 A0=0000541C A1=000060A8 nib=68973
T $0680FE  tst.b   (A0)                                 D0=000000BC D1=00000024 D2=00000000 A0=0000541C A1=000060A8 nib=68973
T $068100  beq     $6810e                               D0=000000BC D1=00000024 D2=00000000 A0=0000541C A1=000060A8 nib=68973
T $068102  bpl     $68148                               D0=000000BC D1=00000024 D2=00000000 A0=0000541C A1=000060A8 nib=68973
T $068148  adda.l  D1, A0                               D0=000000BC D1=00000024 D2=00000000 A0=0000541C A1=000060A8 nib=68973
T $06814A  movea.l A0, A2                               D0=000000BC D1=00000024 D2=00000000 A0=00005440 A1=000060A8 nib=68973
T $06814C  moveq   #$0, D2                              D0=000000BC D1=00000024 D2=00000000 A0=00005440 A1=000060A8 nib=68973
T $06814E  cmpa.l  A3, A0                               D0=000000BC D1=00000024 D2=00000000 A0=00005440 A1=000060A8 nib=68973
T $068150  bcs     $680f8                               D0=000000BC D1=00000024 D2=00000000 A0=00005440 A1=000060A8 nib=68973
T $0680F8  move.l  (A0), D1                             D0=000000BC D1=00000024 D2=00000000 A0=00005440 A1=000060A8 nib=68973
T $0680FA  and.l   $31a.w, D1                           D0=000000BC D1=42000064 D2=00000000 A0=00005440 A1=000060A8 nib=68973
T $0680FE  tst.b   (A0)                                 D0=000000BC D1=00000064 D2=00000000 A0=00005440 A1=000060A8 nib=68973
T $068100  beq     $6810e                               D0=000000BC D1=00000064 D2=00000000 A0=00005440 A1=000060A8 nib=68973
T $068102  bpl     $68148                               D0=000000BC D1=00000064 D2=00000000 A0=00005440 A1=000060A8 nib=68973
T $068148  adda.l  D1, A0                               D0=000000BC D1=00000064 D2=00000000 A0=00005440 A1=000060A8 nib=68973
T $06814A  movea.l A0, A2                               D0=000000BC D1=00000064 D2=00000000 A0=000054A4 A1=000060A8 nib=68973
T $06814C  moveq   #$0, D2                              D0=000000BC D1=00000064 D2=00000000 A0=000054A4 A1=000060A8 nib=68973
T $06814E  cmpa.l  A3, A0                               D0=000000BC D1=00000064 D2=00000000 A0=000054A4 A1=000060A8 nib=68973
T $068150  bcs     $680f8                               D0=000000BC D1=00000064 D2=00000000 A0=000054A4 A1=000060A8 nib=68973
T $0680F8  move.l  (A0), D1                             D0=000000BC D1=00000064 D2=00000000 A0=000054A4 A1=000060A8 nib=68973
T $0680FA  and.l   $31a.w, D1                           D0=000000BC D1=44000094 D2=00000000 A0=000054A4 A1=000060A8 nib=68973
T $0680FE  tst.b   (A0)                                 D0=000000BC D1=00000094 D2=00000000 A0=000054A4 A1=000060A8 nib=68973
T $068100  beq     $6810e                               D0=000000BC D1=00000094 D2=00000000 A0=000054A4 A1=000060A8 nib=68973
T $068102  bpl     $68148                               D0=000000BC D1=00000094 D2=00000000 A0=000054A4 A1=000060A8 nib=68973
T $068148  adda.l  D1, A0                               D0=000000BC D1=00000094 D2=00000000 A0=000054A4 A1=000060A8 nib=68973
T $06814A  movea.l A0, A2                               D0=000000BC D1=00000094 D2=00000000 A0=00005538 A1=000060A8 nib=68973
T $06814C  moveq   #$0, D2                              D0=000000BC D1=00000094 D2=00000000 A0=00005538 A1=000060A8 nib=68973
T $06814E  cmpa.l  A3, A0                               D0=000000BC D1=00000094 D2=00000000 A0=00005538 A1=000060A8 nib=68973
T $068150  bcs     $680f8                               D0=000000BC D1=00000094 D2=00000000 A0=00005538 A1=000060A8 nib=68973
T $0680F8  move.l  (A0), D1                             D0=000000BC D1=00000094 D2=00000000 A0=00005538 A1=000060A8 nib=68973
T $0680FA  and.l   $31a.w, D1                           D0=000000BC D1=40000014 D2=00000000 A0=00005538 A1=000060A8 nib=68973
T $0680FE  tst.b   (A0)                                 D0=000000BC D1=00000014 D2=00000000 A0=00005538 A1=000060A8 nib=68973
T $068100  beq     $6810e                               D0=000000BC D1=00000014 D2=00000000 A0=00005538 A1=000060A8 nib=68973
T $068102  bpl     $68148                               D0=000000BC D1=00000014 D2=00000000 A0=00005538 A1=000060A8 nib=68973
T $068148  adda.l  D1, A0                               D0=000000BC D1=00000014 D2=00000000 A0=00005538 A1=000060A8 nib=68973
T $06814A  movea.l A0, A2                               D0=000000BC D1=00000014 D2=00000000 A0=0000554C A1=000060A8 nib=68973
T $06814C  moveq   #$0, D2                              D0=000000BC D1=00000014 D2=00000000 A0=0000554C A1=000060A8 nib=68973
T $06814E  cmpa.l  A3, A0                               D0=000000BC D1=00000014 D2=00000000 A0=0000554C A1=000060A8 nib=68973
T $068150  bcs     $680f8                               D0=000000BC D1=00000014 D2=00000000 A0=0000554C A1=000060A8 nib=68973
T $0680F8  move.l  (A0), D1                             D0=000000BC D1=00000014 D2=00000000 A0=0000554C A1=000060A8 nib=68973
T $0680FA  and.l   $31a.w, D1                           D0=000000BC D1=40000014 D2=00000000 A0=0000554C A1=000060A8 nib=68973
T $0680FE  tst.b   (A0)                                 D0=000000BC D1=00000014 D2=00000000 A0=0000554C A1=000060A8 nib=68973
T $068100  beq     $6810e                               D0=000000BC D1=00000014 D2=00000000 A0=0000554C A1=000060A8 nib=68973
T $068102  bpl     $68148                               D0=000000BC D1=00000014 D2=00000000 A0=0000554C A1=000060A8 nib=68973
T $068148  adda.l  D1, A0                               D0=000000BC D1=00000014 D2=00000000 A0=0000554C A1=000060A8 nib=68973
T $06814A  movea.l A0, A2                               D0=000000BC D1=00000014 D2=00000000 A0=00005560 A1=000060A8 nib=68973
T $06814C  moveq   #$0, D2                              D0=000000BC D1=00000014 D2=00000000 A0=00005560 A1=000060A8 nib=68973
T $06814E  cmpa.l  A3, A0                               D0=000000BC D1=00000014 D2=00000000 A0=00005560 A1=000060A8 nib=68973
T $068150  bcs     $680f8                               D0=000000BC D1=00000014 D2=00000000 A0=00005560 A1=000060A8 nib=68973
T $0680F8  move.l  (A0), D1                             D0=000000BC D1=00000014 D2=00000000 A0=00005560 A1=000060A8 nib=68973
T $0680FA  and.l   $31a.w, D1                           D0=000000BC D1=4800001C D2=00000000 A0=00005560 A1=000060A8 nib=68973
T $0680FE  tst.b   (A0)                                 D0=000000BC D1=0000001C D2=00000000 A0=00005560 A1=000060A8 nib=68973
T $068100  beq     $6810e                               D0=000000BC D1=0000001C D2=00000000 A0=00005560 A1=000060A8 nib=68973
T $068102  bpl     $68148                               D0=000000BC D1=0000001C D2=00000000 A0=00005560 A1=000060A8 nib=68973
T $068148  adda.l  D1, A0                               D0=000000BC D1=0000001C D2=00000000 A0=00005560 A1=000060A8 nib=68973
T $06814A  movea.l A0, A2                               D0=000000BC D1=0000001C D2=00000000 A0=0000557C A1=000060A8 nib=68973
T $06814C  moveq   #$0, D2                              D0=000000BC D1=0000001C D2=00000000 A0=0000557C A1=000060A8 nib=68973
T $06814E  cmpa.l  A3, A0                               D0=000000BC D1=0000001C D2=00000000 A0=0000557C A1=000060A8 nib=68973
T $068150  bcs     $680f8                               D0=000000BC D1=0000001C D2=00000000 A0=0000557C A1=000060A8 nib=68973
T $0680F8  move.l  (A0), D1                             D0=000000BC D1=0000001C D2=00000000 A0=0000557C A1=000060A8 nib=68973
T $0680FA  and.l   $31a.w, D1                           D0=000000BC D1=40000020 D2=00000000 A0=0000557C A1=000060A8 nib=68973
T $0680FE  tst.b   (A0)                                 D0=000000BC D1=00000020 D2=00000000 A0=0000557C A1=000060A8 nib=68973
T $068100  beq     $6810e                               D0=000000BC D1=00000020 D2=00000000 A0=0000557C A1=000060A8 nib=68973
T $068102  bpl     $68148                               D0=000000BC D1=00000020 D2=00000000 A0=0000557C A1=000060A8 nib=68973
T $068148  adda.l  D1, A0                               D0=000000BC D1=00000020 D2=00000000 A0=0000557C A1=000060A8 nib=68973
T $06814A  movea.l A0, A2                               D0=000000BC D1=00000020 D2=00000000 A0=0000559C A1=000060A8 nib=68973
T $06814C  moveq   #$0, D2                              D0=000000BC D1=00000020 D2=00000000 A0=0000559C A1=000060A8 nib=68973
T $06814E  cmpa.l  A3, A0                               D0=000000BC D1=00000020 D2=00000000 A0=0000559C A1=000060A8 nib=68973
T $068150  bcs     $680f8                               D0=000000BC D1=00000020 D2=00000000 A0=0000559C A1=000060A8 nib=68973
T $0680F8  move.l  (A0), D1                             D0=000000BC D1=00000020 D2=00000000 A0=0000559C A1=000060A8 nib=68973
T $0680FA  and.l   $31a.w, D1                           D0=000000BC D1=40000048 D2=00000000 A0=0000559C A1=000060A8 nib=68973
T $0680FE  tst.b   (A0)                                 D0=000000BC D1=00000048 D2=00000000 A0=0000559C A1=000060A8 nib=68973
T $068100  beq     $6810e                               D0=000000BC D1=00000048 D2=00000000 A0=0000559C A1=000060A8 nib=68973
T $068102  bpl     $68148                               D0=000000BC D1=00000048 D2=00000000 A0=0000559C A1=000060A8 nib=68973
T $068148  adda.l  D1, A0                               D0=000000BC D1=00000048 D2=00000000 A0=0000559C A1=000060A8 nib=68973
T $06814A  movea.l A0, A2                               D0=000000BC D1=00000048 D2=00000000 A0=000055E4 A1=000060A8 nib=68973
T $06814C  moveq   #$0, D2                              D0=000000BC D1=00000048 D2=00000000 A0=000055E4 A1=000060A8 nib=68973
T $06814E  cmpa.l  A3, A0                               D0=000000BC D1=00000048 D2=00000000 A0=000055E4 A1=000060A8 nib=68973
T $068150  bcs     $680f8                               D0=000000BC D1=00000048 D2=00000000 A0=000055E4 A1=000060A8 nib=68973
T $0680F8  move.l  (A0), D1                             D0=000000BC D1=00000048 D2=00000000 A0=000055E4 A1=000060A8 nib=68973
T $0680FA  and.l   $31a.w, D1                           D0=000000BC D1=88000060 D2=00000000 A0=000055E4 A1=000060A8 nib=68973
T $0680FE  tst.b   (A0)                                 D0=000000BC D1=00000060 D2=00000000 A0=000055E4 A1=000060A8 nib=68973
T $068100  beq     $6810e                               D0=000000BC D1=00000060 D2=00000000 A0=000055E4 A1=000060A8 nib=68973
T $068102  bpl     $68148                               D0=000000BC D1=00000060 D2=00000000 A0=000055E4 A1=000060A8 nib=68973
T $068104  movea.l ($4,A0), A1                          D0=000000BC D1=00000060 D2=00000000 A0=000055E4 A1=000060A8 nib=68973
T $068108  adda.l  A6, A1                               D0=000000BC D1=00000060 D2=00000000 A0=000055E4 A1=000000F0 nib=68973
T $06810A  tst.b   (A1)                                 D0=000000BC D1=00000060 D2=00000000 A0=000055E4 A1=000020F0 nib=68973
T $06810C  bmi     $68148                               D0=000000BC D1=00000060 D2=00000000 A0=000055E4 A1=000020F0 nib=68973
T $068148  adda.l  D1, A0                               D0=000000BC D1=00000060 D2=00000000 A0=000055E4 A1=000020F0 nib=68973
T $06814A  movea.l A0, A2                               D0=000000BC D1=00000060 D2=00000000 A0=00005644 A1=000020F0 nib=68973
T $06814C  moveq   #$0, D2                              D0=000000BC D1=00000060 D2=00000000 A0=00005644 A1=000020F0 nib=68973
T $06814E  cmpa.l  A3, A0                               D0=000000BC D1=00000060 D2=00000000 A0=00005644 A1=000020F0 nib=68973
T $068150  bcs     $680f8                               D0=000000BC D1=00000060 D2=00000000 A0=00005644 A1=000020F0 nib=68973
T $0680F8  move.l  (A0), D1                             D0=000000BC D1=00000060 D2=00000000 A0=00005644 A1=000020F0 nib=68973
T $0680FA  and.l   $31a.w, D1                           D0=000000BC D1=8200003C D2=00000000 A0=00005644 A1=000020F0 nib=68973
T $0680FE  tst.b   (A0)                                 D0=000000BC D1=0000003C D2=00000000 A0=00005644 A1=000020F0 nib=68973
T $068100  beq     $6810e                               D0=000000BC D1=0000003C D2=00000000 A0=00005644 A1=000020F0 nib=68973
T $068102  bpl     $68148                               D0=000000BC D1=0000003C D2=00000000 A0=00005644 A1=000020F0 nib=68973
T $068104  movea.l ($4,A0), A1                          D0=000000BC D1=0000003C D2=00000000 A0=00005644 A1=000020F0 nib=68973
T $068108  adda.l  A6, A1                               D0=000000BC D1=0000003C D2=00000000 A0=00005644 A1=000000EC nib=68973
T $06810A  tst.b   (A1)                                 D0=000000BC D1=0000003C D2=00000000 A0=00005644 A1=000020EC nib=68973
T $06810C  bmi     $68148                               D0=000000BC D1=0000003C D2=00000000 A0=00005644 A1=000020EC nib=68973
T $068148  adda.l  D1, A0                               D0=000000BC D1=0000003C D2=00000000 A0=00005644 A1=000020EC nib=68973
T $06814A  movea.l A0, A2                               D0=000000BC D1=0000003C D2=00000000 A0=00005680 A1=000020EC nib=68973
T $06814C  moveq   #$0, D2                              D0=000000BC D1=0000003C D2=00000000 A0=00005680 A1=000020EC nib=68973
T $06814E  cmpa.l  A3, A0                               D0=000000BC D1=0000003C D2=00000000 A0=00005680 A1=000020EC nib=68973
T $068150  bcs     $680f8                               D0=000000BC D1=0000003C D2=00000000 A0=00005680 A1=000020EC nib=68973
T $0680F8  move.l  (A0), D1                             D0=000000BC D1=0000003C D2=00000000 A0=00005680 A1=000020EC nib=68973
T $0680FA  and.l   $31a.w, D1                           D0=000000BC D1=8400040C D2=00000000 A0=00005680 A1=000020EC nib=68973
T $0680FE  tst.b   (A0)                                 D0=000000BC D1=0000040C D2=00000000 A0=00005680 A1=000020EC nib=68973
T $068100  beq     $6810e                               D0=000000BC D1=0000040C D2=00000000 A0=00005680 A1=000020EC nib=68973
T $068102  bpl     $68148                               D0=000000BC D1=0000040C D2=00000000 A0=00005680 A1=000020EC nib=68973
T $068104  movea.l ($4,A0), A1                          D0=000000BC D1=0000040C D2=00000000 A0=00005680 A1=000020EC nib=68973
T $068108  adda.l  A6, A1                               D0=000000BC D1=0000040C D2=00000000 A0=00005680 A1=000000E0 nib=68973
T $06810A  tst.b   (A1)                                 D0=000000BC D1=0000040C D2=00000000 A0=00005680 A1=000020E0 nib=68973
T $06810C  bmi     $68148                               D0=000000BC D1=0000040C D2=00000000 A0=00005680 A1=000020E0 nib=68973
T $068148  adda.l  D1, A0                               D0=000000BC D1=0000040C D2=00000000 A0=00005680 A1=000020E0 nib=68973
T $06814A  movea.l A0, A2                               D0=000000BC D1=0000040C D2=00000000 A0=00005A8C A1=000020E0 nib=68973
T $06814C  moveq   #$0, D2                              D0=000000BC D1=0000040C D2=00000000 A0=00005A8C A1=000020E0 nib=68973
T $06814E  cmpa.l  A3, A0                               D0=000000BC D1=0000040C D2=00000000 A0=00005A8C A1=000020E0 nib=68973
T $068150  bcs     $680f8                               D0=000000BC D1=0000040C D2=00000000 A0=00005A8C A1=000020E0 nib=68973
T $0680F8  move.l  (A0), D1                             D0=000000BC D1=0000040C D2=00000000 A0=00005A8C A1=000020E0 nib=68973
T $0680FA  and.l   $31a.w, D1                           D0=000000BC D1=420002F0 D2=00000000 A0=00005A8C A1=000020E0 nib=68973
T $0680FE  tst.b   (A0)                                 D0=000000BC D1=000002F0 D2=00000000 A0=00005A8C A1=000020E0 nib=68973
T $068100  beq     $6810e                               D0=000000BC D1=000002F0 D2=00000000 A0=00005A8C A1=000020E0 nib=68973
T $068102  bpl     $68148                               D0=000000BC D1=000002F0 D2=00000000 A0=00005A8C A1=000020E0 nib=68973
T $068148  adda.l  D1, A0                               D0=000000BC D1=000002F0 D2=00000000 A0=00005A8C A1=000020E0 nib=68973
T $06814A  movea.l A0, A2                               D0=000000BC D1=000002F0 D2=00000000 A0=00005D7C A1=000020E0 nib=68973
T $06814C  moveq   #$0, D2                              D0=000000BC D1=000002F0 D2=00000000 A0=00005D7C A1=000020E0 nib=68973
T $06814E  cmpa.l  A3, A0                               D0=000000BC D1=000002F0 D2=00000000 A0=00005D7C A1=000020E0 nib=68973
T $068150  bcs     $680f8                               D0=000000BC D1=000002F0 D2=00000000 A0=00005D7C A1=000020E0 nib=68973
T $0680F8  move.l  (A0), D1                             D0=000000BC D1=000002F0 D2=00000000 A0=00005D7C A1=000020E0 nib=68973
T $0680FA  and.l   $31a.w, D1                           D0=000000BC D1=400000D8 D2=00000000 A0=00005D7C A1=000020E0 nib=68973
T $0680FE  tst.b   (A0)                                 D0=000000BC D1=000000D8 D2=00000000 A0=00005D7C A1=000020E0 nib=68973
T $068100  beq     $6810e                               D0=000000BC D1=000000D8 D2=00000000 A0=00005D7C A1=000020E0 nib=68973
T $068102  bpl     $68148                               D0=000000BC D1=000000D8 D2=00000000 A0=00005D7C A1=000020E0 nib=68973
T $068148  adda.l  D1, A0                               D0=000000BC D1=000000D8 D2=00000000 A0=00005D7C A1=000020E0 nib=68973
T $06814A  movea.l A0, A2                               D0=000000BC D1=000000D8 D2=00000000 A0=00005E54 A1=000020E0 nib=68973
T $06814C  moveq   #$0, D2                              D0=000000BC D1=000000D8 D2=00000000 A0=00005E54 A1=000020E0 nib=68973
T $06814E  cmpa.l  A3, A0                               D0=000000BC D1=000000D8 D2=00000000 A0=00005E54 A1=000020E0 nib=68973
T $068150  bcs     $680f8                               D0=000000BC D1=000000D8 D2=00000000 A0=00005E54 A1=000020E0 nib=68973
T $0680F8  move.l  (A0), D1                             D0=000000BC D1=000000D8 D2=00000000 A0=00005E54 A1=000020E0 nib=68973
T $0680FA  and.l   $31a.w, D1                           D0=000000BC D1=420000D8 D2=00000000 A0=00005E54 A1=000020E0 nib=68973
T $0680FE  tst.b   (A0)                                 D0=000000BC D1=000000D8 D2=00000000 A0=00005E54 A1=000020E0 nib=68973
T $068100  beq     $6810e                               D0=000000BC D1=000000D8 D2=00000000 A0=00005E54 A1=000020E0 nib=68973
T $068102  bpl     $68148                               D0=000000BC D1=000000D8 D2=00000000 A0=00005E54 A1=000020E0 nib=68973
T $068148  adda.l  D1, A0                               D0=000000BC D1=000000D8 D2=00000000 A0=00005E54 A1=000020E0 nib=68973
T $06814A  movea.l A0, A2                               D0=000000BC D1=000000D8 D2=00000000 A0=00005F2C A1=000020E0 nib=68973
T $06814C  moveq   #$0, D2                              D0=000000BC D1=000000D8 D2=00000000 A0=00005F2C A1=000020E0 nib=68973
T $06814E  cmpa.l  A3, A0                               D0=000000BC D1=000000D8 D2=00000000 A0=00005F2C A1=000020E0 nib=68973
T $068150  bcs     $680f8                               D0=000000BC D1=000000D8 D2=00000000 A0=00005F2C A1=000020E0 nib=68973
T $0680F8  move.l  (A0), D1                             D0=000000BC D1=000000D8 D2=00000000 A0=00005F2C A1=000020E0 nib=68973
T $0680FA  and.l   $31a.w, D1                           D0=000000BC D1=40000088 D2=00000000 A0=00005F2C A1=000020E0 nib=68973
T $0680FE  tst.b   (A0)                                 D0=000000BC D1=00000088 D2=00000000 A0=00005F2C A1=000020E0 nib=68973
T $068100  beq     $6810e                               D0=000000BC D1=00000088 D2=00000000 A0=00005F2C A1=000020E0 nib=68973
T $068102  bpl     $68148                               D0=000000BC D1=00000088 D2=00000000 A0=00005F2C A1=000020E0 nib=68973
T $068148  adda.l  D1, A0                               D0=000000BC D1=00000088 D2=00000000 A0=00005F2C A1=000020E0 nib=68973
T $06814A  movea.l A0, A2                               D0=000000BC D1=00000088 D2=00000000 A0=00005FB4 A1=000020E0 nib=68973
T $06814C  moveq   #$0, D2                              D0=000000BC D1=00000088 D2=00000000 A0=00005FB4 A1=000020E0 nib=68973
T $06814E  cmpa.l  A3, A0                               D0=000000BC D1=00000088 D2=00000000 A0=00005FB4 A1=000020E0 nib=68973
T $068150  bcs     $680f8                               D0=000000BC D1=00000088 D2=00000000 A0=00005FB4 A1=000020E0 nib=68973
T $0680F8  move.l  (A0), D1                             D0=000000BC D1=00000088 D2=00000000 A0=00005FB4 A1=000020E0 nib=68973
T $0680FA  and.l   $31a.w, D1                           D0=000000BC D1=40000108 D2=00000000 A0=00005FB4 A1=000020E0 nib=68973
T $0680FE  tst.b   (A0)                                 D0=000000BC D1=00000108 D2=00000000 A0=00005FB4 A1=000020E0 nib=68973
T $068100  beq     $6810e                               D0=000000BC D1=00000108 D2=00000000 A0=00005FB4 A1=000020E0 nib=68973
T $068102  bpl     $68148                               D0=000000BC D1=00000108 D2=00000000 A0=00005FB4 A1=000020E0 nib=68973
T $068148  adda.l  D1, A0                               D0=000000BC D1=00000108 D2=00000000 A0=00005FB4 A1=000020E0 nib=68973
T $06814A  movea.l A0, A2                               D0=000000BC D1=00000108 D2=00000000 A0=000060BC A1=000020E0 nib=68973
T $06814C  moveq   #$0, D2                              D0=000000BC D1=00000108 D2=00000000 A0=000060BC A1=000020E0 nib=68973
T $06814E  cmpa.l  A3, A0                               D0=000000BC D1=00000108 D2=00000000 A0=000060BC A1=000020E0 nib=68973
T $068150  bcs     $680f8                               D0=000000BC D1=00000108 D2=00000000 A0=000060BC A1=000020E0 nib=68973
T $0680F8  move.l  (A0), D1                             D0=000000BC D1=00000108 D2=00000000 A0=000060BC A1=000020E0 nib=68973
T $0680FA  and.l   $31a.w, D1                           D0=000000BC D1=42000070 D2=00000000 A0=000060BC A1=000020E0 nib=68973
T $0680FE  tst.b   (A0)                                 D0=000000BC D1=00000070 D2=00000000 A0=000060BC A1=000020E0 nib=68973
T $068100  beq     $6810e                               D0=000000BC D1=00000070 D2=00000000 A0=000060BC A1=000020E0 nib=68973
T $068102  bpl     $68148                               D0=000000BC D1=00000070 D2=00000000 A0=000060BC A1=000020E0 nib=68973
T $068148  adda.l  D1, A0                               D0=000000BC D1=00000070 D2=00000000 A0=000060BC A1=000020E0 nib=68973
T $06814A  movea.l A0, A2                               D0=000000BC D1=00000070 D2=00000000 A0=0000612C A1=000020E0 nib=68973
T $06814C  moveq   #$0, D2                              D0=000000BC D1=00000070 D2=00000000 A0=0000612C A1=000020E0 nib=68973
T $06814E  cmpa.l  A3, A0                               D0=000000BC D1=00000070 D2=00000000 A0=0000612C A1=000020E0 nib=68973
T $068150  bcs     $680f8                               D0=000000BC D1=00000070 D2=00000000 A0=0000612C A1=000020E0 nib=68973
T $0680F8  move.l  (A0), D1                             D0=000000BC D1=00000070 D2=00000000 A0=0000612C A1=000020E0 nib=68973
T $0680FA  and.l   $31a.w, D1                           D0=000000BC D1=40000040 D2=00000000 A0=0000612C A1=000020E0 nib=68973
T $0680FE  tst.b   (A0)                                 D0=000000BC D1=00000040 D2=00000000 A0=0000612C A1=000020E0 nib=68973
T $068100  beq     $6810e                               D0=000000BC D1=00000040 D2=00000000 A0=0000612C A1=000020E0 nib=68973
T $068102  bpl     $68148                               D0=000000BC D1=00000040 D2=00000000 A0=0000612C A1=000020E0 nib=68973
T $068148  adda.l  D1, A0                               D0=000000BC D1=00000040 D2=00000000 A0=0000612C A1=000020E0 nib=68973
T $06814A  movea.l A0, A2                               D0=000000BC D1=00000040 D2=00000000 A0=0000616C A1=000020E0 nib=68973
T $06814C  moveq   #$0, D2                              D0=000000BC D1=00000040 D2=00000000 A0=0000616C A1=000020E0 nib=68973
T $06814E  cmpa.l  A3, A0                               D0=000000BC D1=00000040 D2=00000000 A0=0000616C A1=000020E0 nib=68973
T $068150  bcs     $680f8                               D0=000000BC D1=00000040 D2=00000000 A0=0000616C A1=000020E0 nib=68973
T $0680F8  move.l  (A0), D1                             D0=000000BC D1=00000040 D2=00000000 A0=0000616C A1=000020E0 nib=68973
T $0680FA  and.l   $31a.w, D1                           D0=000000BC D1=40000044 D2=00000000 A0=0000616C A1=000020E0 nib=68973
T $0680FE  tst.b   (A0)                                 D0=000000BC D1=00000044 D2=00000000 A0=0000616C A1=000020E0 nib=68973
T $068100  beq     $6810e                               D0=000000BC D1=00000044 D2=00000000 A0=0000616C A1=000020E0 nib=68973
T $068102  bpl     $68148                               D0=000000BC D1=00000044 D2=00000000 A0=0000616C A1=000020E0 nib=68973
T $068148  adda.l  D1, A0                               D0=000000BC D1=00000044 D2=00000000 A0=0000616C A1=000020E0 nib=68973
T $06814A  movea.l A0, A2                               D0=000000BC D1=00000044 D2=00000000 A0=000061B0 A1=000020E0 nib=68973
T $06814C  moveq   #$0, D2                              D0=000000BC D1=00000044 D2=00000000 A0=000061B0 A1=000020E0 nib=68973
T $06814E  cmpa.l  A3, A0                               D0=000000BC D1=00000044 D2=00000000 A0=000061B0 A1=000020E0 nib=68973
T $068150  bcs     $680f8                               D0=000000BC D1=00000044 D2=00000000 A0=000061B0 A1=000020E0 nib=68973
T $0680F8  move.l  (A0), D1                             D0=000000BC D1=00000044 D2=00000000 A0=000061B0 A1=000020E0 nib=68973
T $0680FA  and.l   $31a.w, D1                           D0=000000BC D1=420000C4 D2=00000000 A0=000061B0 A1=000020E0 nib=68973
T $0680FE  tst.b   (A0)                                 D0=000000BC D1=000000C4 D2=00000000 A0=000061B0 A1=000020E0 nib=68973
T $068100  beq     $6810e                               D0=000000BC D1=000000C4 D2=00000000 A0=000061B0 A1=000020E0 nib=68973
T $068102  bpl     $68148                               D0=000000BC D1=000000C4 D2=00000000 A0=000061B0 A1=000020E0 nib=68973
T $068148  adda.l  D1, A0                               D0=000000BC D1=000000C4 D2=00000000 A0=000061B0 A1=000020E0 nib=68973
T $06814A  movea.l A0, A2                               D0=000000BC D1=000000C4 D2=00000000 A0=00006274 A1=000020E0 nib=68973
T $06814C  moveq   #$0, D2                              D0=000000BC D1=000000C4 D2=00000000 A0=00006274 A1=000020E0 nib=68973
T $06814E  cmpa.l  A3, A0                               D0=000000BC D1=000000C4 D2=00000000 A0=00006274 A1=000020E0 nib=68973
T $068150  bcs     $680f8                               D0=000000BC D1=000000C4 D2=00000000 A0=00006274 A1=000020E0 nib=68973
T $0680F8  move.l  (A0), D1                             D0=000000BC D1=000000C4 D2=00000000 A0=00006274 A1=000020E0 nib=68973
T $0680FA  and.l   $31a.w, D1                           D0=000000BC D1=4200002C D2=00000000 A0=00006274 A1=000020E0 nib=68973
T $0680FE  tst.b   (A0)                                 D0=000000BC D1=0000002C D2=00000000 A0=00006274 A1=000020E0 nib=68973
T $068100  beq     $6810e                               D0=000000BC D1=0000002C D2=00000000 A0=00006274 A1=000020E0 nib=68973
T $068102  bpl     $68148                               D0=000000BC D1=0000002C D2=00000000 A0=00006274 A1=000020E0 nib=68973
T $068148  adda.l  D1, A0                               D0=000000BC D1=0000002C D2=00000000 A0=00006274 A1=000020E0 nib=68973
T $06814A  movea.l A0, A2                               D0=000000BC D1=0000002C D2=00000000 A0=000062A0 A1=000020E0 nib=68973
T $06814C  moveq   #$0, D2                              D0=000000BC D1=0000002C D2=00000000 A0=000062A0 A1=000020E0 nib=68973
T $06814E  cmpa.l  A3, A0                               D0=000000BC D1=0000002C D2=00000000 A0=000062A0 A1=000020E0 nib=68973
T $068150  bcs     $680f8                               D0=000000BC D1=0000002C D2=00000000 A0=000062A0 A1=000020E0 nib=68973
T $0680F8  move.l  (A0), D1                             D0=000000BC D1=0000002C D2=00000000 A0=000062A0 A1=000020E0 nib=68973
T $0680FA  and.l   $31a.w, D1                           D0=000000BC D1=460000A0 D2=00000000 A0=000062A0 A1=000020E0 nib=68973
T $0680FE  tst.b   (A0)                                 D0=000000BC D1=000000A0 D2=00000000 A0=000062A0 A1=000020E0 nib=68973
T $068100  beq     $6810e                               D0=000000BC D1=000000A0 D2=00000000 A0=000062A0 A1=000020E0 nib=68973
T $068102  bpl     $68148                               D0=000000BC D1=000000A0 D2=00000000 A0=000062A0 A1=000020E0 nib=68973
T $068148  adda.l  D1, A0                               D0=000000BC D1=000000A0 D2=00000000 A0=000062A0 A1=000020E0 nib=68973
T $06814A  movea.l A0, A2                               D0=000000BC D1=000000A0 D2=00000000 A0=00006340 A1=000020E0 nib=68973
T $06814C  moveq   #$0, D2                              D0=000000BC D1=000000A0 D2=00000000 A0=00006340 A1=000020E0 nib=68973
T $06814E  cmpa.l  A3, A0                               D0=000000BC D1=000000A0 D2=00000000 A0=00006340 A1=000020E0 nib=68973
T $068150  bcs     $680f8                               D0=000000BC D1=000000A0 D2=00000000 A0=00006340 A1=000020E0 nib=68973
T $0680F8  move.l  (A0), D1                             D0=000000BC D1=000000A0 D2=00000000 A0=00006340 A1=000020E0 nib=68973
T $0680FA  and.l   $31a.w, D1                           D0=000000BC D1=44000018 D2=00000000 A0=00006340 A1=000020E0 nib=68973
T $0680FE  tst.b   (A0)                                 D0=000000BC D1=00000018 D2=00000000 A0=00006340 A1=000020E0 nib=68973
T $068100  beq     $6810e                               D0=000000BC D1=00000018 D2=00000000 A0=00006340 A1=000020E0 nib=68973
T $068102  bpl     $68148                               D0=000000BC D1=00000018 D2=00000000 A0=00006340 A1=000020E0 nib=68973
T $068148  adda.l  D1, A0                               D0=000000BC D1=00000018 D2=00000000 A0=00006340 A1=000020E0 nib=68973
T $06814A  movea.l A0, A2                               D0=000000BC D1=00000018 D2=00000000 A0=00006358 A1=000020E0 nib=68973
T $06814C  moveq   #$0, D2                              D0=000000BC D1=00000018 D2=00000000 A0=00006358 A1=000020E0 nib=68973
T $06814E  cmpa.l  A3, A0                               D0=000000BC D1=00000018 D2=00000000 A0=00006358 A1=000020E0 nib=68973
T $068150  bcs     $680f8                               D0=000000BC D1=00000018 D2=00000000 A0=00006358 A1=000020E0 nib=68973
T $0680F8  move.l  (A0), D1                             D0=000000BC D1=00000018 D2=00000000 A0=00006358 A1=000020E0 nib=68973
T $0680FA  and.l   $31a.w, D1                           D0=000000BC D1=42000168 D2=00000000 A0=00006358 A1=000020E0 nib=68973
T $0680FE  tst.b   (A0)                                 D0=000000BC D1=00000168 D2=00000000 A0=00006358 A1=000020E0 nib=68973
T $068100  beq     $6810e                               D0=000000BC D1=00000168 D2=00000000 A0=00006358 A1=000020E0 nib=68973
T $068102  bpl     $68148                               D0=000000BC D1=00000168 D2=00000000 A0=00006358 A1=000020E0 nib=68973
T $068148  adda.l  D1, A0                               D0=000000BC D1=00000168 D2=00000000 A0=00006358 A1=000020E0 nib=68973
T $06814A  movea.l A0, A2                               D0=000000BC D1=00000168 D2=00000000 A0=000064C0 A1=000020E0 nib=68973
T $06814C  moveq   #$0, D2                              D0=000000BC D1=00000168 D2=00000000 A0=000064C0 A1=000020E0 nib=68973
T $06814E  cmpa.l  A3, A0                               D0=000000BC D1=00000168 D2=00000000 A0=000064C0 A1=000020E0 nib=68973
T $068150  bcs     $680f8                               D0=000000BC D1=00000168 D2=00000000 A0=000064C0 A1=000020E0 nib=68973
T $0680F8  move.l  (A0), D1                             D0=000000BC D1=00000168 D2=00000000 A0=000064C0 A1=000020E0 nib=68973
T $0680FA  and.l   $31a.w, D1                           D0=000000BC D1=48000030 D2=00000000 A0=000064C0 A1=000020E0 nib=68973
T $0680FE  tst.b   (A0)                                 D0=000000BC D1=00000030 D2=00000000 A0=000064C0 A1=000020E0 nib=68973
T $068100  beq     $6810e                               D0=000000BC D1=00000030 D2=00000000 A0=000064C0 A1=000020E0 nib=68973
T $068102  bpl     $68148                               D0=000000BC D1=00000030 D2=00000000 A0=000064C0 A1=000020E0 nib=68973
T $068148  adda.l  D1, A0                               D0=000000BC D1=00000030 D2=00000000 A0=000064C0 A1=000020E0 nib=68973
T $06814A  movea.l A0, A2                               D0=000000BC D1=00000030 D2=00000000 A0=000064F0 A1=000020E0 nib=68973
T $06814C  moveq   #$0, D2                              D0=000000BC D1=00000030 D2=00000000 A0=000064F0 A1=000020E0 nib=68973
T $06814E  cmpa.l  A3, A0                               D0=000000BC D1=00000030 D2=00000000 A0=000064F0 A1=000020E0 nib=68973
T $068150  bcs     $680f8                               D0=000000BC D1=00000030 D2=00000000 A0=000064F0 A1=000020E0 nib=68973
T $0680F8  move.l  (A0), D1                             D0=000000BC D1=00000030 D2=00000000 A0=000064F0 A1=000020E0 nib=68973
T $0680FA  and.l   $31a.w, D1                           D0=000000BC D1=4000018C D2=00000000 A0=000064F0 A1=000020E0 nib=68973
T $0680FE  tst.b   (A0)                                 D0=000000BC D1=0000018C D2=00000000 A0=000064F0 A1=000020E0 nib=68973
T $068100  beq     $6810e                               D0=000000BC D1=0000018C D2=00000000 A0=000064F0 A1=000020E0 nib=68973
T $068102  bpl     $68148                               D0=000000BC D1=0000018C D2=00000000 A0=000064F0 A1=000020E0 nib=68973
T $068148  adda.l  D1, A0                               D0=000000BC D1=0000018C D2=00000000 A0=000064F0 A1=000020E0 nib=68973
T $06814A  movea.l A0, A2                               D0=000000BC D1=0000018C D2=00000000 A0=0000667C A1=000020E0 nib=68973
T $06814C  moveq   #$0, D2                              D0=000000BC D1=0000018C D2=00000000 A0=0000667C A1=000020E0 nib=68973
T $06814E  cmpa.l  A3, A0                               D0=000000BC D1=0000018C D2=00000000 A0=0000667C A1=000020E0 nib=68973
T $068150  bcs     $680f8                               D0=000000BC D1=0000018C D2=00000000 A0=0000667C A1=000020E0 nib=68973
T $0680F8  move.l  (A0), D1                             D0=000000BC D1=0000018C D2=00000000 A0=0000667C A1=000020E0 nib=68973
T $0680FA  and.l   $31a.w, D1                           D0=000000BC D1=4A00003C D2=00000000 A0=0000667C A1=000020E0 nib=68973
T $0680FE  tst.b   (A0)                                 D0=000000BC D1=0000003C D2=00000000 A0=0000667C A1=000020E0 nib=68973
T $068100  beq     $6810e                               D0=000000BC D1=0000003C D2=00000000 A0=0000667C A1=000020E0 nib=68973
T $068102  bpl     $68148                               D0=000000BC D1=0000003C D2=00000000 A0=0000667C A1=000020E0 nib=68973
T $068148  adda.l  D1, A0                               D0=000000BC D1=0000003C D2=00000000 A0=0000667C A1=000020E0 nib=68973
T $06814A  movea.l A0, A2                               D0=000000BC D1=0000003C D2=00000000 A0=000066B8 A1=000020E0 nib=68973
T $06814C  moveq   #$0, D2                              D0=000000BC D1=0000003C D2=00000000 A0=000066B8 A1=000020E0 nib=68973
T $06814E  cmpa.l  A3, A0                               D0=000000BC D1=0000003C D2=00000000 A0=000066B8 A1=000020E0 nib=68973
T $068150  bcs     $680f8                               D0=000000BC D1=0000003C D2=00000000 A0=000066B8 A1=000020E0 nib=68973
T $0680F8  move.l  (A0), D1                             D0=000000BC D1=0000003C D2=00000000 A0=000066B8 A1=000020E0 nib=68973
T $0680FA  and.l   $31a.w, D1                           D0=000000BC D1=46000038 D2=00000000 A0=000066B8 A1=000020E0 nib=68973
T $0680FE  tst.b   (A0)                                 D0=000000BC D1=00000038 D2=00000000 A0=000066B8 A1=000020E0 nib=68973
T $068100  beq     $6810e                               D0=000000BC D1=00000038 D2=00000000 A0=000066B8 A1=000020E0 nib=68973
T $068102  bpl     $68148                               D0=000000BC D1=00000038 D2=00000000 A0=000066B8 A1=000020E0 nib=68973
T $068148  adda.l  D1, A0                               D0=000000BC D1=00000038 D2=00000000 A0=000066B8 A1=000020E0 nib=68973
T $06814A  movea.l A0, A2                               D0=000000BC D1=00000038 D2=00000000 A0=000066F0 A1=000020E0 nib=68973
T $06814C  moveq   #$0, D2                              D0=000000BC D1=00000038 D2=00000000 A0=000066F0 A1=000020E0 nib=68973
T $06814E  cmpa.l  A3, A0                               D0=000000BC D1=00000038 D2=00000000 A0=000066F0 A1=000020E0 nib=68973
T $068150  bcs     $680f8                               D0=000000BC D1=00000038 D2=00000000 A0=000066F0 A1=000020E0 nib=68973
T $0680F8  move.l  (A0), D1                             D0=000000BC D1=00000038 D2=00000000 A0=000066F0 A1=000020E0 nib=68973
T $0680FA  and.l   $31a.w, D1                           D0=000000BC D1=48000020 D2=00000000 A0=000066F0 A1=000020E0 nib=68973
T $0680FE  tst.b   (A0)                                 D0=000000BC D1=00000020 D2=00000000 A0=000066F0 A1=000020E0 nib=68973
T $068100  beq     $6810e                               D0=000000BC D1=00000020 D2=00000000 A0=000066F0 A1=000020E0 nib=68973
T $068102  bpl     $68148                               D0=000000BC D1=00000020 D2=00000000 A0=000066F0 A1=000020E0 nib=68973
T $068148  adda.l  D1, A0                               D0=000000BC D1=00000020 D2=00000000 A0=000066F0 A1=000020E0 nib=68973
T $06814A  movea.l A0, A2                               D0=000000BC D1=00000020 D2=00000000 A0=00006710 A1=000020E0 nib=68973
T $06814C  moveq   #$0, D2                              D0=000000BC D1=00000020 D2=00000000 A0=00006710 A1=000020E0 nib=68973
T $06814E  cmpa.l  A3, A0                               D0=000000BC D1=00000020 D2=00000000 A0=00006710 A1=000020E0 nib=68973
T $068150  bcs     $680f8                               D0=000000BC D1=00000020 D2=00000000 A0=00006710 A1=000020E0 nib=68973
T $0680F8  move.l  (A0), D1                             D0=000000BC D1=00000020 D2=00000000 A0=00006710 A1=000020E0 nib=68973
T $0680FA  and.l   $31a.w, D1                           D0=000000BC D1=4000003C D2=00000000 A0=00006710 A1=000020E0 nib=68973
T $0680FE  tst.b   (A0)                                 D0=000000BC D1=0000003C D2=00000000 A0=00006710 A1=000020E0 nib=68973
T $068100  beq     $6810e                               D0=000000BC D1=0000003C D2=00000000 A0=00006710 A1=000020E0 nib=68973
T $068102  bpl     $68148                               D0=000000BC D1=0000003C D2=00000000 A0=00006710 A1=000020E0 nib=68973
T $068148  adda.l  D1, A0                               D0=000000BC D1=0000003C D2=00000000 A0=00006710 A1=000020E0 nib=68973
T $06814A  movea.l A0, A2                               D0=000000BC D1=0000003C D2=00000000 A0=0000674C A1=000020E0 nib=68973
T $06814C  moveq   #$0, D2                              D0=000000BC D1=0000003C D2=00000000 A0=0000674C A1=000020E0 nib=68973
T $06814E  cmpa.l  A3, A0                               D0=000000BC D1=0000003C D2=00000000 A0=0000674C A1=000020E0 nib=68973
T $068150  bcs     $680f8                               D0=000000BC D1=0000003C D2=00000000 A0=0000674C A1=000020E0 nib=68973
T $0680F8  move.l  (A0), D1                             D0=000000BC D1=0000003C D2=00000000 A0=0000674C A1=000020E0 nib=68973
T $0680FA  and.l   $31a.w, D1                           D0=000000BC D1=400024B8 D2=00000000 A0=0000674C A1=000020E0 nib=68973
T $0680FE  tst.b   (A0)                                 D0=000000BC D1=000024B8 D2=00000000 A0=0000674C A1=000020E0 nib=68973
T $068100  beq     $6810e                               D0=000000BC D1=000024B8 D2=00000000 A0=0000674C A1=000020E0 nib=68973
T $068102  bpl     $68148                               D0=000000BC D1=000024B8 D2=00000000 A0=0000674C A1=000020E0 nib=68973
T $068148  adda.l  D1, A0                               D0=000000BC D1=000024B8 D2=00000000 A0=0000674C A1=000020E0 nib=68973
T $06814A  movea.l A0, A2                               D0=000000BC D1=000024B8 D2=00000000 A0=00008C04 A1=000020E0 nib=68973
T $06814C  moveq   #$0, D2                              D0=000000BC D1=000024B8 D2=00000000 A0=00008C04 A1=000020E0 nib=68973
T $06814E  cmpa.l  A3, A0                               D0=000000BC D1=000024B8 D2=00000000 A0=00008C04 A1=000020E0 nib=68973
T $068150  bcs     $680f8                               D0=000000BC D1=000024B8 D2=00000000 A0=00008C04 A1=000020E0 nib=68973
T $0680F8  move.l  (A0), D1                             D0=000000BC D1=000024B8 D2=00000000 A0=00008C04 A1=000020E0 nib=68973
T $0680FA  and.l   $31a.w, D1                           D0=000000BC D1=40000040 D2=00000000 A0=00008C04 A1=000020E0 nib=68973
T $0680FE  tst.b   (A0)                                 D0=000000BC D1=00000040 D2=00000000 A0=00008C04 A1=000020E0 nib=68973
T $068100  beq     $6810e                               D0=000000BC D1=00000040 D2=00000000 A0=00008C04 A1=000020E0 nib=68973
T $068102  bpl     $68148                               D0=000000BC D1=00000040 D2=00000000 A0=00008C04 A1=000020E0 nib=68973
T $068148  adda.l  D1, A0                               D0=000000BC D1=00000040 D2=00000000 A0=00008C04 A1=000020E0 nib=68973
T $06814A  movea.l A0, A2                               D0=000000BC D1=00000040 D2=00000000 A0=00008C44 A1=000020E0 nib=68973
T $06814C  moveq   #$0, D2                              D0=000000BC D1=00000040 D2=00000000 A0=00008C44 A1=000020E0 nib=68973
T $06814E  cmpa.l  A3, A0                               D0=000000BC D1=00000040 D2=00000000 A0=00008C44 A1=000020E0 nib=68973
T $068150  bcs     $680f8                               D0=000000BC D1=00000040 D2=00000000 A0=00008C44 A1=000020E0 nib=68973
T $0680F8  move.l  (A0), D1                             D0=000000BC D1=00000040 D2=00000000 A0=00008C44 A1=000020E0 nib=68973
T $0680FA  and.l   $31a.w, D1                           D0=000000BC D1=420000BC D2=00000000 A0=00008C44 A1=000020E0 nib=68973
T $0680FE  tst.b   (A0)                                 D0=000000BC D1=000000BC D2=00000000 A0=00008C44 A1=000020E0 nib=68973
T $068100  beq     $6810e                               D0=000000BC D1=000000BC D2=00000000 A0=00008C44 A1=000020E0 nib=68973
T $068102  bpl     $68148                               D0=000000BC D1=000000BC D2=00000000 A0=00008C44 A1=000020E0 nib=68973
T $068148  adda.l  D1, A0                               D0=000000BC D1=000000BC D2=00000000 A0=00008C44 A1=000020E0 nib=68973
T $06814A  movea.l A0, A2                               D0=000000BC D1=000000BC D2=00000000 A0=00008D00 A1=000020E0 nib=68973
T $06814C  moveq   #$0, D2                              D0=000000BC D1=000000BC D2=00000000 A0=00008D00 A1=000020E0 nib=68973
T $06814E  cmpa.l  A3, A0                               D0=000000BC D1=000000BC D2=00000000 A0=00008D00 A1=000020E0 nib=68973
T $068150  bcs     $680f8                               D0=000000BC D1=000000BC D2=00000000 A0=00008D00 A1=000020E0 nib=68973
T $0680F8  move.l  (A0), D1                             D0=000000BC D1=000000BC D2=00000000 A0=00008D00 A1=000020E0 nib=68973
T $0680FA  and.l   $31a.w, D1                           D0=000000BC D1=4200002C D2=00000000 A0=00008D00 A1=000020E0 nib=68973
T $0680FE  tst.b   (A0)                                 D0=000000BC D1=0000002C D2=00000000 A0=00008D00 A1=000020E0 nib=68973
T $068100  beq     $6810e                               D0=000000BC D1=0000002C D2=00000000 A0=00008D00 A1=000020E0 nib=68973
T $068102  bpl     $68148                               D0=000000BC D1=0000002C D2=00000000 A0=00008D00 A1=000020E0 nib=68973
T $068148  adda.l  D1, A0                               D0=000000BC D1=0000002C D2=00000000 A0=00008D00 A1=000020E0 nib=68973
T $06814A  movea.l A0, A2                               D0=000000BC D1=0000002C D2=00000000 A0=00008D2C A1=000020E0 nib=68973
T $06814C  moveq   #$0, D2                              D0=000000BC D1=0000002C D2=00000000 A0=00008D2C A1=000020E0 nib=68973
T $06814E  cmpa.l  A3, A0                               D0=000000BC D1=0000002C D2=00000000 A0=00008D2C A1=000020E0 nib=68973
T $068150  bcs     $680f8                               D0=000000BC D1=0000002C D2=00000000 A0=00008D2C A1=000020E0 nib=68973
T $0680F8  move.l  (A0), D1                             D0=000000BC D1=0000002C D2=00000000 A0=00008D2C A1=000020E0 nib=68973
T $0680FA  and.l   $31a.w, D1                           D0=000000BC D1=42000014 D2=00000000 A0=00008D2C A1=000020E0 nib=68973
T $0680FE  tst.b   (A0)                                 D0=000000BC D1=00000014 D2=00000000 A0=00008D2C A1=000020E0 nib=68973
T $068100  beq     $6810e                               D0=000000BC D1=00000014 D2=00000000 A0=00008D2C A1=000020E0 nib=68973
T $068102  bpl     $68148                               D0=000000BC D1=00000014 D2=00000000 A0=00008D2C A1=000020E0 nib=68973
T $068148  adda.l  D1, A0                               D0=000000BC D1=00000014 D2=00000000 A0=00008D2C A1=000020E0 nib=68973
T $06814A  movea.l A0, A2                               D0=000000BC D1=00000014 D2=00000000 A0=00008D40 A1=000020E0 nib=68973
T $06814C  moveq   #$0, D2                              D0=000000BC D1=00000014 D2=00000000 A0=00008D40 A1=000020E0 nib=68973
T $06814E  cmpa.l  A3, A0                               D0=000000BC D1=00000014 D2=00000000 A0=00008D40 A1=000020E0 nib=68973
T $068150  bcs     $680f8                               D0=000000BC D1=00000014 D2=00000000 A0=00008D40 A1=000020E0 nib=68973
T $0680F8  move.l  (A0), D1                             D0=000000BC D1=00000014 D2=00000000 A0=00008D40 A1=000020E0 nib=68973
T $0680FA  and.l   $31a.w, D1                           D0=000000BC D1=40000014 D2=00000000 A0=00008D40 A1=000020E0 nib=68973
T $0680FE  tst.b   (A0)                                 D0=000000BC D1=00000014 D2=00000000 A0=00008D40 A1=000020E0 nib=68973
T $068100  beq     $6810e                               D0=000000BC D1=00000014 D2=00000000 A0=00008D40 A1=000020E0 nib=68973
T $068102  bpl     $68148                               D0=000000BC D1=00000014 D2=00000000 A0=00008D40 A1=000020E0 nib=68973
T $068148  adda.l  D1, A0                               D0=000000BC D1=00000014 D2=00000000 A0=00008D40 A1=000020E0 nib=68973
T $06814A  movea.l A0, A2                               D0=000000BC D1=00000014 D2=00000000 A0=00008D54 A1=000020E0 nib=68973
T $06814C  moveq   #$0, D2                              D0=000000BC D1=00000014 D2=00000000 A0=00008D54 A1=000020E0 nib=68973
T $06814E  cmpa.l  A3, A0                               D0=000000BC D1=00000014 D2=00000000 A0=00008D54 A1=000020E0 nib=68973
T $068150  bcs     $680f8                               D0=000000BC D1=00000014 D2=00000000 A0=00008D54 A1=000020E0 nib=68973
T $0680F8  move.l  (A0), D1                             D0=000000BC D1=00000014 D2=00000000 A0=00008D54 A1=000020E0 nib=68973
T $0680FA  and.l   $31a.w, D1                           D0=000000BC D1=400000A4 D2=00000000 A0=00008D54 A1=000020E0 nib=68973
T $0680FE  tst.b   (A0)                                 D0=000000BC D1=000000A4 D2=00000000 A0=00008D54 A1=000020E0 nib=68973
T $068100  beq     $6810e                               D0=000000BC D1=000000A4 D2=00000000 A0=00008D54 A1=000020E0 nib=68973
T $068102  bpl     $68148                               D0=000000BC D1=000000A4 D2=00000000 A0=00008D54 A1=000020E0 nib=68973
T $068148  adda.l  D1, A0                               D0=000000BC D1=000000A4 D2=00000000 A0=00008D54 A1=000020E0 nib=68973
T $06814A  movea.l A0, A2                               D0=000000BC D1=000000A4 D2=00000000 A0=00008DF8 A1=000020E0 nib=68973
T $06814C  moveq   #$0, D2                              D0=000000BC D1=000000A4 D2=00000000 A0=00008DF8 A1=000020E0 nib=68973
T $06814E  cmpa.l  A3, A0                               D0=000000BC D1=000000A4 D2=00000000 A0=00008DF8 A1=000020E0 nib=68973
T $068150  bcs     $680f8                               D0=000000BC D1=000000A4 D2=00000000 A0=00008DF8 A1=000020E0 nib=68973
T $0680F8  move.l  (A0), D1                             D0=000000BC D1=000000A4 D2=00000000 A0=00008DF8 A1=000020E0 nib=68973
T $0680FA  and.l   $31a.w, D1                           D0=000000BC D1=400001C0 D2=00000000 A0=00008DF8 A1=000020E0 nib=68973
T $0680FE  tst.b   (A0)                                 D0=000000BC D1=000001C0 D2=00000000 A0=00008DF8 A1=000020E0 nib=68973
T $068100  beq     $6810e                               D0=000000BC D1=000001C0 D2=00000000 A0=00008DF8 A1=000020E0 nib=68973
T $068102  bpl     $68148                               D0=000000BC D1=000001C0 D2=00000000 A0=00008DF8 A1=000020E0 nib=68973
T $068148  adda.l  D1, A0                               D0=000000BC D1=000001C0 D2=00000000 A0=00008DF8 A1=000020E0 nib=68973
T $06814A  movea.l A0, A2                               D0=000000BC D1=000001C0 D2=00000000 A0=00008FB8 A1=000020E0 nib=68973
T $06814C  moveq   #$0, D2                              D0=000000BC D1=000001C0 D2=00000000 A0=00008FB8 A1=000020E0 nib=68973
T $06814E  cmpa.l  A3, A0                               D0=000000BC D1=000001C0 D2=00000000 A0=00008FB8 A1=000020E0 nib=68973
T $068150  bcs     $680f8                               D0=000000BC D1=000001C0 D2=00000000 A0=00008FB8 A1=000020E0 nib=68973
T $0680F8  move.l  (A0), D1                             D0=000000BC D1=000001C0 D2=00000000 A0=00008FB8 A1=000020E0 nib=68973
T $0680FA  and.l   $31a.w, D1                           D0=000000BC D1=4200028C D2=00000000 A0=00008FB8 A1=000020E0 nib=68973
T $0680FE  tst.b   (A0)                                 D0=000000BC D1=0000028C D2=00000000 A0=00008FB8 A1=000020E0 nib=68973
T $068100  beq     $6810e                               D0=000000BC D1=0000028C D2=00000000 A0=00008FB8 A1=000020E0 nib=68973
T $068102  bpl     $68148                               D0=000000BC D1=0000028C D2=00000000 A0=00008FB8 A1=000020E0 nib=68973
T $068148  adda.l  D1, A0                               D0=000000BC D1=0000028C D2=00000000 A0=00008FB8 A1=000020E0 nib=68973
T $06814A  movea.l A0, A2                               D0=000000BC D1=0000028C D2=00000000 A0=00009244 A1=000020E0 nib=68973
T $06814C  moveq   #$0, D2                              D0=000000BC D1=0000028C D2=00000000 A0=00009244 A1=000020E0 nib=68973
T $06814E  cmpa.l  A3, A0                               D0=000000BC D1=0000028C D2=00000000 A0=00009244 A1=000020E0 nib=68973
T $068150  bcs     $680f8                               D0=000000BC D1=0000028C D2=00000000 A0=00009244 A1=000020E0 nib=68973
T $0680F8  move.l  (A0), D1                             D0=000000BC D1=0000028C D2=00000000 A0=00009244 A1=000020E0 nib=68973
T $0680FA  and.l   $31a.w, D1                           D0=000000BC D1=84000030 D2=00000000 A0=00009244 A1=000020E0 nib=68973
T $0680FE  tst.b   (A0)                                 D0=000000BC D1=00000030 D2=00000000 A0=00009244 A1=000020E0 nib=68973
T $068100  beq     $6810e                               D0=000000BC D1=00000030 D2=00000000 A0=00009244 A1=000020E0 nib=68973
T $068102  bpl     $68148                               D0=000000BC D1=00000030 D2=00000000 A0=00009244 A1=000020E0 nib=68973
T $068104  movea.l ($4,A0), A1                          D0=000000BC D1=00000030 D2=00000000 A0=00009244 A1=000020E0 nib=68973
T $068108  adda.l  A6, A1                               D0=000000BC D1=00000030 D2=00000000 A0=00009244 A1=0000004C nib=68973
T $06810A  tst.b   (A1)                                 D0=000000BC D1=00000030 D2=00000000 A0=00009244 A1=0000204C nib=68973
T $06810C  bmi     $68148                               D0=000000BC D1=00000030 D2=00000000 A0=00009244 A1=0000204C nib=68973
T $068148  adda.l  D1, A0                               D0=000000BC D1=00000030 D2=00000000 A0=00009244 A1=0000204C nib=68973
T $06814A  movea.l A0, A2                               D0=000000BC D1=00000030 D2=00000000 A0=00009274 A1=0000204C nib=68973
T $06814C  moveq   #$0, D2                              D0=000000BC D1=00000030 D2=00000000 A0=00009274 A1=0000204C nib=68973
T $06814E  cmpa.l  A3, A0                               D0=000000BC D1=00000030 D2=00000000 A0=00009274 A1=0000204C nib=68973
T $068150  bcs     $680f8                               D0=000000BC D1=00000030 D2=00000000 A0=00009274 A1=0000204C nib=68973
T $0680F8  move.l  (A0), D1                             D0=000000BC D1=00000030 D2=00000000 A0=00009274 A1=0000204C nib=68973
T $0680FA  and.l   $31a.w, D1                           D0=000000BC D1=8000003C D2=00000000 A0=00009274 A1=0000204C nib=68973
T $0680FE  tst.b   (A0)                                 D0=000000BC D1=0000003C D2=00000000 A0=00009274 A1=0000204C nib=68973
T $068100  beq     $6810e                               D0=000000BC D1=0000003C D2=00000000 A0=00009274 A1=0000204C nib=68973
T $068102  bpl     $68148                               D0=000000BC D1=0000003C D2=00000000 A0=00009274 A1=0000204C nib=68973
T $068104  movea.l ($4,A0), A1                          D0=000000BC D1=0000003C D2=00000000 A0=00009274 A1=0000204C nib=68973
T $068108  adda.l  A6, A1                               D0=000000BC D1=0000003C D2=00000000 A0=00009274 A1=00000070 nib=68973
T $06810A  tst.b   (A1)                                 D0=000000BC D1=0000003C D2=00000000 A0=00009274 A1=00002070 nib=68973
T $06810C  bmi     $68148                               D0=000000BC D1=0000003C D2=00000000 A0=00009274 A1=00002070 nib=68973
T $068148  adda.l  D1, A0                               D0=000000BC D1=0000003C D2=00000000 A0=00009274 A1=00002070 nib=68973
T $06814A  movea.l A0, A2                               D0=000000BC D1=0000003C D2=00000000 A0=000092B0 A1=00002070 nib=68973
T $06814C  moveq   #$0, D2                              D0=000000BC D1=0000003C D2=00000000 A0=000092B0 A1=00002070 nib=68973
T $06814E  cmpa.l  A3, A0                               D0=000000BC D1=0000003C D2=00000000 A0=000092B0 A1=00002070 nib=68973
T $068150  bcs     $680f8                               D0=000000BC D1=0000003C D2=00000000 A0=000092B0 A1=00002070 nib=68973
T $0680F8  move.l  (A0), D1                             D0=000000BC D1=0000003C D2=00000000 A0=000092B0 A1=00002070 nib=68973
T $0680FA  and.l   $31a.w, D1                           D0=000000BC D1=42000A50 D2=00000000 A0=000092B0 A1=00002070 nib=68973
T $0680FE  tst.b   (A0)                                 D0=000000BC D1=00000A50 D2=00000000 A0=000092B0 A1=00002070 nib=68973
T $068100  beq     $6810e                               D0=000000BC D1=00000A50 D2=00000000 A0=000092B0 A1=00002070 nib=68973
T $068102  bpl     $68148                               D0=000000BC D1=00000A50 D2=00000000 A0=000092B0 A1=00002070 nib=68973
T $068148  adda.l  D1, A0                               D0=000000BC D1=00000A50 D2=00000000 A0=000092B0 A1=00002070 nib=68973
T $06814A  movea.l A0, A2                               D0=000000BC D1=00000A50 D2=00000000 A0=00009D00 A1=00002070 nib=68973
T $06814C  moveq   #$0, D2                              D0=000000BC D1=00000A50 D2=00000000 A0=00009D00 A1=00002070 nib=68973
T $06814E  cmpa.l  A3, A0                               D0=000000BC D1=00000A50 D2=00000000 A0=00009D00 A1=00002070 nib=68973
T $068150  bcs     $680f8                               D0=000000BC D1=00000A50 D2=00000000 A0=00009D00 A1=00002070 nib=68973
T $0680F8  move.l  (A0), D1                             D0=000000BC D1=00000A50 D2=00000000 A0=00009D00 A1=00002070 nib=68973
T $0680FA  and.l   $31a.w, D1                           D0=000000BC D1=40000BF4 D2=00000000 A0=00009D00 A1=00002070 nib=68973
T $0680FE  tst.b   (A0)                                 D0=000000BC D1=00000BF4 D2=00000000 A0=00009D00 A1=00002070 nib=68973
T $068100  beq     $6810e                               D0=000000BC D1=00000BF4 D2=00000000 A0=00009D00 A1=00002070 nib=68973
T $068102  bpl     $68148                               D0=000000BC D1=00000BF4 D2=00000000 A0=00009D00 A1=00002070 nib=68973
T $068148  adda.l  D1, A0                               D0=000000BC D1=00000BF4 D2=00000000 A0=00009D00 A1=00002070 nib=68973
T $06814A  movea.l A0, A2                               D0=000000BC D1=00000BF4 D2=00000000 A0=0000A8F4 A1=00002070 nib=68973
T $06814C  moveq   #$0, D2                              D0=000000BC D1=00000BF4 D2=00000000 A0=0000A8F4 A1=00002070 nib=68973
T $06814E  cmpa.l  A3, A0                               D0=000000BC D1=00000BF4 D2=00000000 A0=0000A8F4 A1=00002070 nib=68973
T $068150  bcs     $680f8                               D0=000000BC D1=00000BF4 D2=00000000 A0=0000A8F4 A1=00002070 nib=68973
T $0680F8  move.l  (A0), D1                             D0=000000BC D1=00000BF4 D2=00000000 A0=0000A8F4 A1=00002070 nib=68973
T $0680FA  and.l   $31a.w, D1                           D0=000000BC D1=40000060 D2=00000000 A0=0000A8F4 A1=00002070 nib=68973
T $0680FE  tst.b   (A0)                                 D0=000000BC D1=00000060 D2=00000000 A0=0000A8F4 A1=00002070 nib=68973
T $068100  beq     $6810e                               D0=000000BC D1=00000060 D2=00000000 A0=0000A8F4 A1=00002070 nib=68973
T $068102  bpl     $68148                               D0=000000BC D1=00000060 D2=00000000 A0=0000A8F4 A1=00002070 nib=68973
T $068148  adda.l  D1, A0                               D0=000000BC D1=00000060 D2=00000000 A0=0000A8F4 A1=00002070 nib=68973
T $06814A  movea.l A0, A2                               D0=000000BC D1=00000060 D2=00000000 A0=0000A954 A1=00002070 nib=68973
T $06814C  moveq   #$0, D2                              D0=000000BC D1=00000060 D2=00000000 A0=0000A954 A1=00002070 nib=68973
T $06814E  cmpa.l  A3, A0                               D0=000000BC D1=00000060 D2=00000000 A0=0000A954 A1=00002070 nib=68973
T $068150  bcs     $680f8                               D0=000000BC D1=00000060 D2=00000000 A0=0000A954 A1=00002070 nib=68973
T $0680F8  move.l  (A0), D1                             D0=000000BC D1=00000060 D2=00000000 A0=0000A954 A1=00002070 nib=68973
T $0680FA  and.l   $31a.w, D1                           D0=000000BC D1=42000034 D2=00000000 A0=0000A954 A1=00002070 nib=68973
T $0680FE  tst.b   (A0)                                 D0=000000BC D1=00000034 D2=00000000 A0=0000A954 A1=00002070 nib=68973
T $068100  beq     $6810e                               D0=000000BC D1=00000034 D2=00000000 A0=0000A954 A1=00002070 nib=68973
T $068102  bpl     $68148                               D0=000000BC D1=00000034 D2=00000000 A0=0000A954 A1=00002070 nib=68973
T $068148  adda.l  D1, A0                               D0=000000BC D1=00000034 D2=00000000 A0=0000A954 A1=00002070 nib=68973
T $06814A  movea.l A0, A2                               D0=000000BC D1=00000034 D2=00000000 A0=0000A988 A1=00002070 nib=68973
T $06814C  moveq   #$0, D2                              D0=000000BC D1=00000034 D2=00000000 A0=0000A988 A1=00002070 nib=68973
T $06814E  cmpa.l  A3, A0                               D0=000000BC D1=00000034 D2=00000000 A0=0000A988 A1=00002070 nib=68973
T $068150  bcs     $680f8                               D0=000000BC D1=00000034 D2=00000000 A0=0000A988 A1=00002070 nib=68973
T $0680F8  move.l  (A0), D1                             D0=000000BC D1=00000034 D2=00000000 A0=0000A988 A1=00002070 nib=68973
T $0680FA  and.l   $31a.w, D1                           D0=000000BC D1=400000CC D2=00000000 A0=0000A988 A1=00002070 nib=68973
T $0680FE  tst.b   (A0)                                 D0=000000BC D1=000000CC D2=00000000 A0=0000A988 A1=00002070 nib=68973
T $068100  beq     $6810e                               D0=000000BC D1=000000CC D2=00000000 A0=0000A988 A1=00002070 nib=68973
T $068102  bpl     $68148                               D0=000000BC D1=000000CC D2=00000000 A0=0000A988 A1=00002070 nib=68973
T $068148  adda.l  D1, A0                               D0=000000BC D1=000000CC D2=00000000 A0=0000A988 A1=00002070 nib=68973
T $06814A  movea.l A0, A2                               D0=000000BC D1=000000CC D2=00000000 A0=0000AA54 A1=00002070 nib=68973
T $06814C  moveq   #$0, D2                              D0=000000BC D1=000000CC D2=00000000 A0=0000AA54 A1=00002070 nib=68973
T $06814E  cmpa.l  A3, A0                               D0=000000BC D1=000000CC D2=00000000 A0=0000AA54 A1=00002070 nib=68973
T $068150  bcs     $680f8                               D0=000000BC D1=000000CC D2=00000000 A0=0000AA54 A1=00002070 nib=68973
T $0680F8  move.l  (A0), D1                             D0=000000BC D1=000000CC D2=00000000 A0=0000AA54 A1=00002070 nib=68973
T $0680FA  and.l   $31a.w, D1                           D0=000000BC D1=400000A4 D2=00000000 A0=0000AA54 A1=00002070 nib=68973
T $0680FE  tst.b   (A0)                                 D0=000000BC D1=000000A4 D2=00000000 A0=0000AA54 A1=00002070 nib=68973
T $068100  beq     $6810e                               D0=000000BC D1=000000A4 D2=00000000 A0=0000AA54 A1=00002070 nib=68973
T $068102  bpl     $68148                               D0=000000BC D1=000000A4 D2=00000000 A0=0000AA54 A1=00002070 nib=68973
T $068148  adda.l  D1, A0                               D0=000000BC D1=000000A4 D2=00000000 A0=0000AA54 A1=00002070 nib=68973
T $06814A  movea.l A0, A2                               D0=000000BC D1=000000A4 D2=00000000 A0=0000AAF8 A1=00002070 nib=68973
T $06814C  moveq   #$0, D2                              D0=000000BC D1=000000A4 D2=00000000 A0=0000AAF8 A1=00002070 nib=68973
T $06814E  cmpa.l  A3, A0                               D0=000000BC D1=000000A4 D2=00000000 A0=0000AAF8 A1=00002070 nib=68973
T $068150  bcs     $680f8                               D0=000000BC D1=000000A4 D2=00000000 A0=0000AAF8 A1=00002070 nib=68973
T $0680F8  move.l  (A0), D1                             D0=000000BC D1=000000A4 D2=00000000 A0=0000AAF8 A1=00002070 nib=68973
T $0680FA  and.l   $31a.w, D1                           D0=000000BC D1=40000074 D2=00000000 A0=0000AAF8 A1=00002070 nib=68973
T $0680FE  tst.b   (A0)                                 D0=000000BC D1=00000074 D2=00000000 A0=0000AAF8 A1=00002070 nib=68973
T $068100  beq     $6810e                               D0=000000BC D1=00000074 D2=00000000 A0=0000AAF8 A1=00002070 nib=68973
T $068102  bpl     $68148                               D0=000000BC D1=00000074 D2=00000000 A0=0000AAF8 A1=00002070 nib=68973
T $068148  adda.l  D1, A0                               D0=000000BC D1=00000074 D2=00000000 A0=0000AAF8 A1=00002070 nib=68973
T $06814A  movea.l A0, A2                               D0=000000BC D1=00000074 D2=00000000 A0=0000AB6C A1=00002070 nib=68973
T $06814C  moveq   #$0, D2                              D0=000000BC D1=00000074 D2=00000000 A0=0000AB6C A1=00002070 nib=68973
T $06814E  cmpa.l  A3, A0                               D0=000000BC D1=00000074 D2=00000000 A0=0000AB6C A1=00002070 nib=68973
T $068150  bcs     $680f8                               D0=000000BC D1=00000074 D2=00000000 A0=0000AB6C A1=00002070 nib=68973
T $0680F8  move.l  (A0), D1                             D0=000000BC D1=00000074 D2=00000000 A0=0000AB6C A1=00002070 nib=68973
T $0680FA  and.l   $31a.w, D1                           D0=000000BC D1=44000078 D2=00000000 A0=0000AB6C A1=00002070 nib=68973
T $0680FE  tst.b   (A0)                                 D0=000000BC D1=00000078 D2=00000000 A0=0000AB6C A1=00002070 nib=68973
T $068100  beq     $6810e                               D0=000000BC D1=00000078 D2=00000000 A0=0000AB6C A1=00002070 nib=68973
T $068102  bpl     $68148                               D0=000000BC D1=00000078 D2=00000000 A0=0000AB6C A1=00002070 nib=68973
T $068148  adda.l  D1, A0                               D0=000000BC D1=00000078 D2=00000000 A0=0000AB6C A1=00002070 nib=68973
T $06814A  movea.l A0, A2                               D0=000000BC D1=00000078 D2=00000000 A0=0000ABE4 A1=00002070 nib=68973
T $06814C  moveq   #$0, D2                              D0=000000BC D1=00000078 D2=00000000 A0=0000ABE4 A1=00002070 nib=68973
T $06814E  cmpa.l  A3, A0                               D0=000000BC D1=00000078 D2=00000000 A0=0000ABE4 A1=00002070 nib=68973
T $068150  bcs     $680f8                               D0=000000BC D1=00000078 D2=00000000 A0=0000ABE4 A1=00002070 nib=68973
T $0680F8  move.l  (A0), D1                             D0=000000BC D1=00000078 D2=00000000 A0=0000ABE4 A1=00002070 nib=68973
T $0680FA  and.l   $31a.w, D1                           D0=000000BC D1=400000A4 D2=00000000 A0=0000ABE4 A1=00002070 nib=68973
T $0680FE  tst.b   (A0)                                 D0=000000BC D1=000000A4 D2=00000000 A0=0000ABE4 A1=00002070 nib=68973
T $068100  beq     $6810e                               D0=000000BC D1=000000A4 D2=00000000 A0=0000ABE4 A1=00002070 nib=68973
T $068102  bpl     $68148                               D0=000000BC D1=000000A4 D2=00000000 A0=0000ABE4 A1=00002070 nib=68973
T $068148  adda.l  D1, A0                               D0=000000BC D1=000000A4 D2=00000000 A0=0000ABE4 A1=00002070 nib=68973
T $06814A  movea.l A0, A2                               D0=000000BC D1=000000A4 D2=00000000 A0=0000AC88 A1=00002070 nib=68973
T $06814C  moveq   #$0, D2                              D0=000000BC D1=000000A4 D2=00000000 A0=0000AC88 A1=00002070 nib=68973
T $06814E  cmpa.l  A3, A0                               D0=000000BC D1=000000A4 D2=00000000 A0=0000AC88 A1=00002070 nib=68973
T $068150  bcs     $680f8                               D0=000000BC D1=000000A4 D2=00000000 A0=0000AC88 A1=00002070 nib=68973
T $0680F8  move.l  (A0), D1                             D0=000000BC D1=000000A4 D2=00000000 A0=0000AC88 A1=00002070 nib=68973
T $0680FA  and.l   $31a.w, D1                           D0=000000BC D1=84000034 D2=00000000 A0=0000AC88 A1=00002070 nib=68973
T $0680FE  tst.b   (A0)                                 D0=000000BC D1=00000034 D2=00000000 A0=0000AC88 A1=00002070 nib=68973
T $068100  beq     $6810e                               D0=000000BC D1=00000034 D2=00000000 A0=0000AC88 A1=00002070 nib=68973
T $068102  bpl     $68148                               D0=000000BC D1=00000034 D2=00000000 A0=0000AC88 A1=00002070 nib=68973
T $068104  movea.l ($4,A0), A1                          D0=000000BC D1=00000034 D2=00000000 A0=0000AC88 A1=00002070 nib=68973
T $068108  adda.l  A6, A1                               D0=000000BC D1=00000034 D2=00000000 A0=0000AC88 A1=000090C8 nib=68973
T $06810A  tst.b   (A1)                                 D0=000000BC D1=00000034 D2=00000000 A0=0000AC88 A1=0000B0C8 nib=68973
T $06810C  bmi     $68148                               D0=000000BC D1=00000034 D2=00000000 A0=0000AC88 A1=0000B0C8 nib=68973
T $068148  adda.l  D1, A0                               D0=000000BC D1=00000034 D2=00000000 A0=0000AC88 A1=0000B0C8 nib=68973
T $06814A  movea.l A0, A2                               D0=000000BC D1=00000034 D2=00000000 A0=0000ACBC A1=0000B0C8 nib=68973
T $06814C  moveq   #$0, D2                              D0=000000BC D1=00000034 D2=00000000 A0=0000ACBC A1=0000B0C8 nib=68973
T $06814E  cmpa.l  A3, A0                               D0=000000BC D1=00000034 D2=00000000 A0=0000ACBC A1=0000B0C8 nib=68973
T $068150  bcs     $680f8                               D0=000000BC D1=00000034 D2=00000000 A0=0000ACBC A1=0000B0C8 nib=68973
T $0680F8  move.l  (A0), D1                             D0=000000BC D1=00000034 D2=00000000 A0=0000ACBC A1=0000B0C8 nib=68973
T $0680FA  and.l   $31a.w, D1                           D0=000000BC D1=8300001C D2=00000000 A0=0000ACBC A1=0000B0C8 nib=68973
T $0680FE  tst.b   (A0)                                 D0=000000BC D1=0000001C D2=00000000 A0=0000ACBC A1=0000B0C8 nib=68973
T $068100  beq     $6810e                               D0=000000BC D1=0000001C D2=00000000 A0=0000ACBC A1=0000B0C8 nib=68973
T $068102  bpl     $68148                               D0=000000BC D1=0000001C D2=00000000 A0=0000ACBC A1=0000B0C8 nib=68973
T $068104  movea.l ($4,A0), A1                          D0=000000BC D1=0000001C D2=00000000 A0=0000ACBC A1=0000B0C8 nib=68973
T $068108  adda.l  A6, A1                               D0=000000BC D1=0000001C D2=00000000 A0=0000ACBC A1=00004080 nib=68973
T $06810A  tst.b   (A1)                                 D0=000000BC D1=0000001C D2=00000000 A0=0000ACBC A1=00006080 nib=68973
T $06810C  bmi     $68148                               D0=000000BC D1=0000001C D2=00000000 A0=0000ACBC A1=00006080 nib=68973
T $068148  adda.l  D1, A0                               D0=000000BC D1=0000001C D2=00000000 A0=0000ACBC A1=00006080 nib=68973
T $06814A  movea.l A0, A2                               D0=000000BC D1=0000001C D2=00000000 A0=0000ACD8 A1=00006080 nib=68973
T $06814C  moveq   #$0, D2                              D0=000000BC D1=0000001C D2=00000000 A0=0000ACD8 A1=00006080 nib=68973
T $06814E  cmpa.l  A3, A0                               D0=000000BC D1=0000001C D2=00000000 A0=0000ACD8 A1=00006080 nib=68973
T $068150  bcs     $680f8                               D0=000000BC D1=0000001C D2=00000000 A0=0000ACD8 A1=00006080 nib=68973
T $0680F8  move.l  (A0), D1                             D0=000000BC D1=0000001C D2=00000000 A0=0000ACD8 A1=00006080 nib=68973
T $0680FA  and.l   $31a.w, D1                           D0=000000BC D1=4100000C D2=00000000 A0=0000ACD8 A1=00006080 nib=68973
T $0680FE  tst.b   (A0)                                 D0=000000BC D1=0000000C D2=00000000 A0=0000ACD8 A1=00006080 nib=68973
T $068100  beq     $6810e                               D0=000000BC D1=0000000C D2=00000000 A0=0000ACD8 A1=00006080 nib=68973
T $068102  bpl     $68148                               D0=000000BC D1=0000000C D2=00000000 A0=0000ACD8 A1=00006080 nib=68973
T $068148  adda.l  D1, A0                               D0=000000BC D1=0000000C D2=00000000 A0=0000ACD8 A1=00006080 nib=68973
T $06814A  movea.l A0, A2                               D0=000000BC D1=0000000C D2=00000000 A0=0000ACE4 A1=00006080 nib=68973
T $06814C  moveq   #$0, D2                              D0=000000BC D1=0000000C D2=00000000 A0=0000ACE4 A1=00006080 nib=68973
T $06814E  cmpa.l  A3, A0                               D0=000000BC D1=0000000C D2=00000000 A0=0000ACE4 A1=00006080 nib=68973
T $068150  bcs     $680f8                               D0=000000BC D1=0000000C D2=00000000 A0=0000ACE4 A1=00006080 nib=68973
T $0680F8  move.l  (A0), D1                             D0=000000BC D1=0000000C D2=00000000 A0=0000ACE4 A1=00006080 nib=68973
T $0680FA  and.l   $31a.w, D1                           D0=000000BC D1=81000014 D2=00000000 A0=0000ACE4 A1=00006080 nib=68973
T $0680FE  tst.b   (A0)                                 D0=000000BC D1=00000014 D2=00000000 A0=0000ACE4 A1=00006080 nib=68973
T $068100  beq     $6810e                               D0=000000BC D1=00000014 D2=00000000 A0=0000ACE4 A1=00006080 nib=68973
T $068102  bpl     $68148                               D0=000000BC D1=00000014 D2=00000000 A0=0000ACE4 A1=00006080 nib=68973
T $068104  movea.l ($4,A0), A1                          D0=000000BC D1=00000014 D2=00000000 A0=0000ACE4 A1=00006080 nib=68973
T $068108  adda.l  A6, A1                               D0=000000BC D1=00000014 D2=00000000 A0=0000ACE4 A1=000000D8 nib=68973
T $06810A  tst.b   (A1)                                 D0=000000BC D1=00000014 D2=00000000 A0=0000ACE4 A1=000020D8 nib=68973
T $06810C  bmi     $68148                               D0=000000BC D1=00000014 D2=00000000 A0=0000ACE4 A1=000020D8 nib=68973
T $068148  adda.l  D1, A0                               D0=000000BC D1=00000014 D2=00000000 A0=0000ACE4 A1=000020D8 nib=68973
T $06814A  movea.l A0, A2                               D0=000000BC D1=00000014 D2=00000000 A0=0000ACF8 A1=000020D8 nib=68973
T $06814C  moveq   #$0, D2                              D0=000000BC D1=00000014 D2=00000000 A0=0000ACF8 A1=000020D8 nib=68973
T $06814E  cmpa.l  A3, A0                               D0=000000BC D1=00000014 D2=00000000 A0=0000ACF8 A1=000020D8 nib=68973
T $068150  bcs     $680f8                               D0=000000BC D1=00000014 D2=00000000 A0=0000ACF8 A1=000020D8 nib=68973
T $0680F8  move.l  (A0), D1                             D0=000000BC D1=00000014 D2=00000000 A0=0000ACF8 A1=000020D8 nib=68973
T $0680FA  and.l   $31a.w, D1                           D0=000000BC D1=88000010 D2=00000000 A0=0000ACF8 A1=000020D8 nib=68973
T $0680FE  tst.b   (A0)                                 D0=000000BC D1=00000010 D2=00000000 A0=0000ACF8 A1=000020D8 nib=68973
T $068100  beq     $6810e                               D0=000000BC D1=00000010 D2=00000000 A0=0000ACF8 A1=000020D8 nib=68973
T $068102  bpl     $68148                               D0=000000BC D1=00000010 D2=00000000 A0=0000ACF8 A1=000020D8 nib=68973
T $068104  movea.l ($4,A0), A1                          D0=000000BC D1=00000010 D2=00000000 A0=0000ACF8 A1=000020D8 nib=68973
T $068108  adda.l  A6, A1                               D0=000000BC D1=00000010 D2=00000000 A0=0000ACF8 A1=00002950 nib=68973
T $06810A  tst.b   (A1)                                 D0=000000BC D1=00000010 D2=00000000 A0=0000ACF8 A1=00004950 nib=68973
T $06810C  bmi     $68148                               D0=000000BC D1=00000010 D2=00000000 A0=0000ACF8 A1=00004950 nib=68973
T $06810E  add.l   D1, D2                               D0=000000BC D1=00000010 D2=00000000 A0=0000ACF8 A1=00004950 nib=68973
T $068110  adda.l  D1, A0                               D0=000000BC D1=00000010 D2=00000010 A0=0000ACF8 A1=00004950 nib=68973
T $068112  cmp.l   D0, D2                               D0=000000BC D1=00000010 D2=00000010 A0=0000AD08 A1=00004950 nib=68973
T $068114  bcs     $6814e                               D0=000000BC D1=00000010 D2=00000010 A0=0000AD08 A1=00004950 nib=68973
T $06814E  cmpa.l  A3, A0                               D0=000000BC D1=00000010 D2=00000010 A0=0000AD08 A1=00004950 nib=68973
T $068150  bcs     $680f8                               D0=000000BC D1=00000010 D2=00000010 A0=0000AD08 A1=00004950 nib=68973
T $0680F8  move.l  (A0), D1                             D0=000000BC D1=00000010 D2=00000010 A0=0000AD08 A1=00004950 nib=68973
T $0680FA  and.l   $31a.w, D1                           D0=000000BC D1=4000014C D2=00000010 A0=0000AD08 A1=00004950 nib=68973
T $0680FE  tst.b   (A0)                                 D0=000000BC D1=0000014C D2=00000010 A0=0000AD08 A1=00004950 nib=68973
T $068100  beq     $6810e                               D0=000000BC D1=0000014C D2=00000010 A0=0000AD08 A1=00004950 nib=68973
T $068102  bpl     $68148                               D0=000000BC D1=0000014C D2=00000010 A0=0000AD08 A1=00004950 nib=68973
T $068148  adda.l  D1, A0                               D0=000000BC D1=0000014C D2=00000010 A0=0000AD08 A1=00004950 nib=68973
T $06814A  movea.l A0, A2                               D0=000000BC D1=0000014C D2=00000010 A0=0000AE54 A1=00004950 nib=68973
T $06814C  moveq   #$0, D2                              D0=000000BC D1=0000014C D2=00000010 A0=0000AE54 A1=00004950 nib=68973
T $06814E  cmpa.l  A3, A0                               D0=000000BC D1=0000014C D2=00000000 A0=0000AE54 A1=00004950 nib=68973
T $068150  bcs     $680f8                               D0=000000BC D1=0000014C D2=00000000 A0=0000AE54 A1=00004950 nib=68973
T $0680F8  move.l  (A0), D1                             D0=000000BC D1=0000014C D2=00000000 A0=0000AE54 A1=00004950 nib=68973
T $0680FA  and.l   $31a.w, D1                           D0=000000BC D1=43000018 D2=00000000 A0=0000AE54 A1=00004950 nib=68973
T $0680FE  tst.b   (A0)                                 D0=000000BC D1=00000018 D2=00000000 A0=0000AE54 A1=00004950 nib=68973
T $068100  beq     $6810e                               D0=000000BC D1=00000018 D2=00000000 A0=0000AE54 A1=00004950 nib=68973
T $068102  bpl     $68148                               D0=000000BC D1=00000018 D2=00000000 A0=0000AE54 A1=00004950 nib=68973
T $068148  adda.l  D1, A0                               D0=000000BC D1=00000018 D2=00000000 A0=0000AE54 A1=00004950 nib=68973
T $06814A  movea.l A0, A2                               D0=000000BC D1=00000018 D2=00000000 A0=0000AE6C A1=00004950 nib=68973
T $06814C  moveq   #$0, D2                              D0=000000BC D1=00000018 D2=00000000 A0=0000AE6C A1=00004950 nib=68973
T $06814E  cmpa.l  A3, A0                               D0=000000BC D1=00000018 D2=00000000 A0=0000AE6C A1=00004950 nib=68973
T $068150  bcs     $680f8                               D0=000000BC D1=00000018 D2=00000000 A0=0000AE6C A1=00004950 nib=68973
T $0680F8  move.l  (A0), D1                             D0=000000BC D1=00000018 D2=00000000 A0=0000AE6C A1=00004950 nib=68973
T $0680FA  and.l   $31a.w, D1                           D0=000000BC D1=42000054 D2=00000000 A0=0000AE6C A1=00004950 nib=68973
T $0680FE  tst.b   (A0)                                 D0=000000BC D1=00000054 D2=00000000 A0=0000AE6C A1=00004950 nib=68973
T $068100  beq     $6810e                               D0=000000BC D1=00000054 D2=00000000 A0=0000AE6C A1=00004950 nib=68973
T $068102  bpl     $68148                               D0=000000BC D1=00000054 D2=00000000 A0=0000AE6C A1=00004950 nib=68973
T $068148  adda.l  D1, A0                               D0=000000BC D1=00000054 D2=00000000 A0=0000AE6C A1=00004950 nib=68973
T $06814A  movea.l A0, A2                               D0=000000BC D1=00000054 D2=00000000 A0=0000AEC0 A1=00004950 nib=68973
T $06814C  moveq   #$0, D2                              D0=000000BC D1=00000054 D2=00000000 A0=0000AEC0 A1=00004950 nib=68973
T $06814E  cmpa.l  A3, A0                               D0=000000BC D1=00000054 D2=00000000 A0=0000AEC0 A1=00004950 nib=68973
T $068150  bcs     $680f8                               D0=000000BC D1=00000054 D2=00000000 A0=0000AEC0 A1=00004950 nib=68973
T $0680F8  move.l  (A0), D1                             D0=000000BC D1=00000054 D2=00000000 A0=0000AEC0 A1=00004950 nib=68973
T $0680FA  and.l   $31a.w, D1                           D0=000000BC D1=42000054 D2=00000000 A0=0000AEC0 A1=00004950 nib=68973
T $0680FE  tst.b   (A0)                                 D0=000000BC D1=00000054 D2=00000000 A0=0000AEC0 A1=00004950 nib=68973
T $068100  beq     $6810e                               D0=000000BC D1=00000054 D2=00000000 A0=0000AEC0 A1=00004950 nib=68973
T $068102  bpl     $68148                               D0=000000BC D1=00000054 D2=00000000 A0=0000AEC0 A1=00004950 nib=68973
T $068148  adda.l  D1, A0                               D0=000000BC D1=00000054 D2=00000000 A0=0000AEC0 A1=00004950 nib=68973
T $06814A  movea.l A0, A2                               D0=000000BC D1=00000054 D2=00000000 A0=0000AF14 A1=00004950 nib=68973
T $06814C  moveq   #$0, D2                              D0=000000BC D1=00000054 D2=00000000 A0=0000AF14 A1=00004950 nib=68973
T $06814E  cmpa.l  A3, A0                               D0=000000BC D1=00000054 D2=00000000 A0=0000AF14 A1=00004950 nib=68973
T $068150  bcs     $680f8                               D0=000000BC D1=00000054 D2=00000000 A0=0000AF14 A1=00004950 nib=68973
T $0680F8  move.l  (A0), D1                             D0=000000BC D1=00000054 D2=00000000 A0=0000AF14 A1=00004950 nib=68973
T $0680FA  and.l   $31a.w, D1                           D0=000000BC D1=40000070 D2=00000000 A0=0000AF14 A1=00004950 nib=68973
T $0680FE  tst.b   (A0)                                 D0=000000BC D1=00000070 D2=00000000 A0=0000AF14 A1=00004950 nib=68973
T $068100  beq     $6810e                               D0=000000BC D1=00000070 D2=00000000 A0=0000AF14 A1=00004950 nib=68973
T $068102  bpl     $68148                               D0=000000BC D1=00000070 D2=00000000 A0=0000AF14 A1=00004950 nib=68973
T $068148  adda.l  D1, A0                               D0=000000BC D1=00000070 D2=00000000 A0=0000AF14 A1=00004950 nib=68973
T $06814A  movea.l A0, A2                               D0=000000BC D1=00000070 D2=00000000 A0=0000AF84 A1=00004950 nib=68973
T $06814C  moveq   #$0, D2                              D0=000000BC D1=00000070 D2=00000000 A0=0000AF84 A1=00004950 nib=68973
T $06814E  cmpa.l  A3, A0                               D0=000000BC D1=00000070 D2=00000000 A0=0000AF84 A1=00004950 nib=68973
T $068150  bcs     $680f8                               D0=000000BC D1=00000070 D2=00000000 A0=0000AF84 A1=00004950 nib=68973
T $0680F8  move.l  (A0), D1                             D0=000000BC D1=00000070 D2=00000000 A0=0000AF84 A1=00004950 nib=68973
T $0680FA  and.l   $31a.w, D1                           D0=000000BC D1=420000C8 D2=00000000 A0=0000AF84 A1=00004950 nib=68973
T $0680FE  tst.b   (A0)                                 D0=000000BC D1=000000C8 D2=00000000 A0=0000AF84 A1=00004950 nib=68973
T $068100  beq     $6810e                               D0=000000BC D1=000000C8 D2=00000000 A0=0000AF84 A1=00004950 nib=68973
T $068102  bpl     $68148                               D0=000000BC D1=000000C8 D2=00000000 A0=0000AF84 A1=00004950 nib=68973
T $068148  adda.l  D1, A0                               D0=000000BC D1=000000C8 D2=00000000 A0=0000AF84 A1=00004950 nib=68973
T $06814A  movea.l A0, A2                               D0=000000BC D1=000000C8 D2=00000000 A0=0000B04C A1=00004950 nib=68973
T $06814C  moveq   #$0, D2                              D0=000000BC D1=000000C8 D2=00000000 A0=0000B04C A1=00004950 nib=68973
T $06814E  cmpa.l  A3, A0                               D0=000000BC D1=000000C8 D2=00000000 A0=0000B04C A1=00004950 nib=68973
T $068150  bcs     $680f8                               D0=000000BC D1=000000C8 D2=00000000 A0=0000B04C A1=00004950 nib=68973
T $0680F8  move.l  (A0), D1                             D0=000000BC D1=000000C8 D2=00000000 A0=0000B04C A1=00004950 nib=68973
T $0680FA  and.l   $31a.w, D1                           D0=000000BC D1=42000048 D2=00000000 A0=0000B04C A1=00004950 nib=68973
T $0680FE  tst.b   (A0)                                 D0=000000BC D1=00000048 D2=00000000 A0=0000B04C A1=00004950 nib=68973
T $068100  beq     $6810e                               D0=000000BC D1=00000048 D2=00000000 A0=0000B04C A1=00004950 nib=68973
T $068102  bpl     $68148                               D0=000000BC D1=00000048 D2=00000000 A0=0000B04C A1=00004950 nib=68973
T $068148  adda.l  D1, A0                               D0=000000BC D1=00000048 D2=00000000 A0=0000B04C A1=00004950 nib=68973
T $06814A  movea.l A0, A2                               D0=000000BC D1=00000048 D2=00000000 A0=0000B094 A1=00004950 nib=68973
T $06814C  moveq   #$0, D2                              D0=000000BC D1=00000048 D2=00000000 A0=0000B094 A1=00004950 nib=68973
T $06814E  cmpa.l  A3, A0                               D0=000000BC D1=00000048 D2=00000000 A0=0000B094 A1=00004950 nib=68973
T $068150  bcs     $680f8                               D0=000000BC D1=00000048 D2=00000000 A0=0000B094 A1=00004950 nib=68973
T $0680F8  move.l  (A0), D1                             D0=000000BC D1=00000048 D2=00000000 A0=0000B094 A1=00004950 nib=68973
T $0680FA  and.l   $31a.w, D1                           D0=000000BC D1=40000108 D2=00000000 A0=0000B094 A1=00004950 nib=68973
T $0680FE  tst.b   (A0)                                 D0=000000BC D1=00000108 D2=00000000 A0=0000B094 A1=00004950 nib=68973
T $068100  beq     $6810e                               D0=000000BC D1=00000108 D2=00000000 A0=0000B094 A1=00004950 nib=68973
T $068102  bpl     $68148                               D0=000000BC D1=00000108 D2=00000000 A0=0000B094 A1=00004950 nib=68973
T $068148  adda.l  D1, A0                               D0=000000BC D1=00000108 D2=00000000 A0=0000B094 A1=00004950 nib=68973
T $06814A  movea.l A0, A2                               D0=000000BC D1=00000108 D2=00000000 A0=0000B19C A1=00004950 nib=68973
T $06814C  moveq   #$0, D2                              D0=000000BC D1=00000108 D2=00000000 A0=0000B19C A1=00004950 nib=68973
T $06814E  cmpa.l  A3, A0                               D0=000000BC D1=00000108 D2=00000000 A0=0000B19C A1=00004950 nib=68973
T $068150  bcs     $680f8                               D0=000000BC D1=00000108 D2=00000000 A0=0000B19C A1=00004950 nib=68973
T $0680F8  move.l  (A0), D1                             D0=000000BC D1=00000108 D2=00000000 A0=0000B19C A1=00004950 nib=68973
T $0680FA  and.l   $31a.w, D1                           D0=000000BC D1=400000A4 D2=00000000 A0=0000B19C A1=00004950 nib=68973
T $0680FE  tst.b   (A0)                                 D0=000000BC D1=000000A4 D2=00000000 A0=0000B19C A1=00004950 nib=68973
T $068100  beq     $6810e                               D0=000000BC D1=000000A4 D2=00000000 A0=0000B19C A1=00004950 nib=68973
T $068102  bpl     $68148                               D0=000000BC D1=000000A4 D2=00000000 A0=0000B19C A1=00004950 nib=68973
T $068148  adda.l  D1, A0                               D0=000000BC D1=000000A4 D2=00000000 A0=0000B19C A1=00004950 nib=68973
T $06814A  movea.l A0, A2                               D0=000000BC D1=000000A4 D2=00000000 A0=0000B240 A1=00004950 nib=68973
T $06814C  moveq   #$0, D2                              D0=000000BC D1=000000A4 D2=00000000 A0=0000B240 A1=00004950 nib=68973
T $06814E  cmpa.l  A3, A0                               D0=000000BC D1=000000A4 D2=00000000 A0=0000B240 A1=00004950 nib=68973
T $068150  bcs     $680f8                               D0=000000BC D1=000000A4 D2=00000000 A0=0000B240 A1=00004950 nib=68973
T $0680F8  move.l  (A0), D1                             D0=000000BC D1=000000A4 D2=00000000 A0=0000B240 A1=00004950 nib=68973
T $0680FA  and.l   $31a.w, D1                           D0=000000BC D1=40000108 D2=00000000 A0=0000B240 A1=00004950 nib=68973
T $0680FE  tst.b   (A0)                                 D0=000000BC D1=00000108 D2=00000000 A0=0000B240 A1=00004950 nib=68973
T $068100  beq     $6810e                               D0=000000BC D1=00000108 D2=00000000 A0=0000B240 A1=00004950 nib=68973
T $068102  bpl     $68148                               D0=000000BC D1=00000108 D2=00000000 A0=0000B240 A1=00004950 nib=68973
T $068148  adda.l  D1, A0                               D0=000000BC D1=00000108 D2=00000000 A0=0000B240 A1=00004950 nib=68973
T $06814A  movea.l A0, A2                               D0=000000BC D1=00000108 D2=00000000 A0=0000B348 A1=00004950 nib=68973
T $06814C  moveq   #$0, D2                              D0=000000BC D1=00000108 D2=00000000 A0=0000B348 A1=00004950 nib=68973
T $06814E  cmpa.l  A3, A0                               D0=000000BC D1=00000108 D2=00000000 A0=0000B348 A1=00004950 nib=68973
T $068150  bcs     $680f8                               D0=000000BC D1=00000108 D2=00000000 A0=0000B348 A1=00004950 nib=68973
T $0680F8  move.l  (A0), D1                             D0=000000BC D1=00000108 D2=00000000 A0=0000B348 A1=00004950 nib=68973
T $0680FA  and.l   $31a.w, D1                           D0=000000BC D1=40000090 D2=00000000 A0=0000B348 A1=00004950 nib=68973
T $0680FE  tst.b   (A0)                                 D0=000000BC D1=00000090 D2=00000000 A0=0000B348 A1=00004950 nib=68973
T $068100  beq     $6810e                               D0=000000BC D1=00000090 D2=00000000 A0=0000B348 A1=00004950 nib=68973
T $068102  bpl     $68148                               D0=000000BC D1=00000090 D2=00000000 A0=0000B348 A1=00004950 nib=68973
T $068148  adda.l  D1, A0                               D0=000000BC D1=00000090 D2=00000000 A0=0000B348 A1=00004950 nib=68973
T $06814A  movea.l A0, A2                               D0=000000BC D1=00000090 D2=00000000 A0=0000B3D8 A1=00004950 nib=68973
T $06814C  moveq   #$0, D2                              D0=000000BC D1=00000090 D2=00000000 A0=0000B3D8 A1=00004950 nib=68973
T $06814E  cmpa.l  A3, A0                               D0=000000BC D1=00000090 D2=00000000 A0=0000B3D8 A1=00004950 nib=68973
T $068150  bcs     $680f8                               D0=000000BC D1=00000090 D2=00000000 A0=0000B3D8 A1=00004950 nib=68973
T $0680F8  move.l  (A0), D1                             D0=000000BC D1=00000090 D2=00000000 A0=0000B3D8 A1=00004950 nib=68973
T $0680FA  and.l   $31a.w, D1                           D0=000000BC D1=40000094 D2=00000000 A0=0000B3D8 A1=00004950 nib=68973
T $0680FE  tst.b   (A0)                                 D0=000000BC D1=00000094 D2=00000000 A0=0000B3D8 A1=00004950 nib=68973
T $068100  beq     $6810e                               D0=000000BC D1=00000094 D2=00000000 A0=0000B3D8 A1=00004950 nib=68973
T $068102  bpl     $68148                               D0=000000BC D1=00000094 D2=00000000 A0=0000B3D8 A1=00004950 nib=68973
T $068148  adda.l  D1, A0                               D0=000000BC D1=00000094 D2=00000000 A0=0000B3D8 A1=00004950 nib=68973
T $06814A  movea.l A0, A2                               D0=000000BC D1=00000094 D2=00000000 A0=0000B46C A1=00004950 nib=68973
T $06814C  moveq   #$0, D2                              D0=000000BC D1=00000094 D2=00000000 A0=0000B46C A1=00004950 nib=68973
T $06814E  cmpa.l  A3, A0                               D0=000000BC D1=00000094 D2=00000000 A0=0000B46C A1=00004950 nib=68973
T $068150  bcs     $680f8                               D0=000000BC D1=00000094 D2=00000000 A0=0000B46C A1=00004950 nib=68973
T $0680F8  move.l  (A0), D1                             D0=000000BC D1=00000094 D2=00000000 A0=0000B46C A1=00004950 nib=68973
T $0680FA  and.l   $31a.w, D1                           D0=000000BC D1=89000200 D2=00000000 A0=0000B46C A1=00004950 nib=68973
T $0680FE  tst.b   (A0)                                 D0=000000BC D1=00000200 D2=00000000 A0=0000B46C A1=00004950 nib=68973
T $068100  beq     $6810e                               D0=000000BC D1=00000200 D2=00000000 A0=0000B46C A1=00004950 nib=68973
T $068102  bpl     $68148                               D0=000000BC D1=00000200 D2=00000000 A0=0000B46C A1=00004950 nib=68973
T $068104  movea.l ($4,A0), A1                          D0=000000BC D1=00000200 D2=00000000 A0=0000B46C A1=00004950 nib=68973
T $068108  adda.l  A6, A1                               D0=000000BC D1=00000200 D2=00000000 A0=0000B46C A1=000090C4 nib=68973
T $06810A  tst.b   (A1)                                 D0=000000BC D1=00000200 D2=00000000 A0=0000B46C A1=0000B0C4 nib=68973
T $06810C  bmi     $68148                               D0=000000BC D1=00000200 D2=00000000 A0=0000B46C A1=0000B0C4 nib=68973
T $068148  adda.l  D1, A0                               D0=000000BC D1=00000200 D2=00000000 A0=0000B46C A1=0000B0C4 nib=68973
T $06814A  movea.l A0, A2                               D0=000000BC D1=00000200 D2=00000000 A0=0000B66C A1=0000B0C4 nib=68973
T $06814C  moveq   #$0, D2                              D0=000000BC D1=00000200 D2=00000000 A0=0000B66C A1=0000B0C4 nib=68973
T $06814E  cmpa.l  A3, A0                               D0=000000BC D1=00000200 D2=00000000 A0=0000B66C A1=0000B0C4 nib=68973
T $068150  bcs     $680f8                               D0=000000BC D1=00000200 D2=00000000 A0=0000B66C A1=0000B0C4 nib=68973
T $0680F8  move.l  (A0), D1                             D0=000000BC D1=00000200 D2=00000000 A0=0000B66C A1=0000B0C4 nib=68973
T $0680FA  and.l   $31a.w, D1                           D0=000000BC D1=8000034C D2=00000000 A0=0000B66C A1=0000B0C4 nib=68973
T $0680FE  tst.b   (A0)                                 D0=000000BC D1=0000034C D2=00000000 A0=0000B66C A1=0000B0C4 nib=68973
T $068100  beq     $6810e                               D0=000000BC D1=0000034C D2=00000000 A0=0000B66C A1=0000B0C4 nib=68973
T $068102  bpl     $68148                               D0=000000BC D1=0000034C D2=00000000 A0=0000B66C A1=0000B0C4 nib=68973
T $068104  movea.l ($4,A0), A1                          D0=000000BC D1=0000034C D2=00000000 A0=0000B66C A1=0000B0C4 nib=68973
T $068108  adda.l  A6, A1                               D0=000000BC D1=0000034C D2=00000000 A0=0000B66C A1=00009330 nib=68973
T $06810A  tst.b   (A1)                                 D0=000000BC D1=0000034C D2=00000000 A0=0000B66C A1=0000B330 nib=68973
T $06810C  bmi     $68148                               D0=000000BC D1=0000034C D2=00000000 A0=0000B66C A1=0000B330 nib=68973
T $068148  adda.l  D1, A0                               D0=000000BC D1=0000034C D2=00000000 A0=0000B66C A1=0000B330 nib=68973
T $06814A  movea.l A0, A2                               D0=000000BC D1=0000034C D2=00000000 A0=0000B9B8 A1=0000B330 nib=68973
T $06814C  moveq   #$0, D2                              D0=000000BC D1=0000034C D2=00000000 A0=0000B9B8 A1=0000B330 nib=68973
T $06814E  cmpa.l  A3, A0                               D0=000000BC D1=0000034C D2=00000000 A0=0000B9B8 A1=0000B330 nib=68973
T $068150  bcs     $680f8                               D0=000000BC D1=0000034C D2=00000000 A0=0000B9B8 A1=0000B330 nib=68973
T $0680F8  move.l  (A0), D1                             D0=000000BC D1=0000034C D2=00000000 A0=0000B9B8 A1=0000B330 nib=68973
T $0680FA  and.l   $31a.w, D1                           D0=000000BC D1=4000005C D2=00000000 A0=0000B9B8 A1=0000B330 nib=68973
T $0680FE  tst.b   (A0)                                 D0=000000BC D1=0000005C D2=00000000 A0=0000B9B8 A1=0000B330 nib=68973
T $068100  beq     $6810e                               D0=000000BC D1=0000005C D2=00000000 A0=0000B9B8 A1=0000B330 nib=68973
T $068102  bpl     $68148                               D0=000000BC D1=0000005C D2=00000000 A0=0000B9B8 A1=0000B330 nib=68973
T $068148  adda.l  D1, A0                               D0=000000BC D1=0000005C D2=00000000 A0=0000B9B8 A1=0000B330 nib=68973
T $06814A  movea.l A0, A2                               D0=000000BC D1=0000005C D2=00000000 A0=0000BA14 A1=0000B330 nib=68973
T $06814C  moveq   #$0, D2                              D0=000000BC D1=0000005C D2=00000000 A0=0000BA14 A1=0000B330 nib=68973
T $06814E  cmpa.l  A3, A0                               D0=000000BC D1=0000005C D2=00000000 A0=0000BA14 A1=0000B330 nib=68973
T $068150  bcs     $680f8                               D0=000000BC D1=0000005C D2=00000000 A0=0000BA14 A1=0000B330 nib=68973
T $0680F8  move.l  (A0), D1                             D0=000000BC D1=0000005C D2=00000000 A0=0000BA14 A1=0000B330 nib=68973
T $0680FA  and.l   $31a.w, D1                           D0=000000BC D1=4400001C D2=00000000 A0=0000BA14 A1=0000B330 nib=68973
T $0680FE  tst.b   (A0)                                 D0=000000BC D1=0000001C D2=00000000 A0=0000BA14 A1=0000B330 nib=68973
T $068100  beq     $6810e                               D0=000000BC D1=0000001C D2=00000000 A0=0000BA14 A1=0000B330 nib=68973
T $068102  bpl     $68148                               D0=000000BC D1=0000001C D2=00000000 A0=0000BA14 A1=0000B330 nib=68973
T $068148  adda.l  D1, A0                               D0=000000BC D1=0000001C D2=00000000 A0=0000BA14 A1=0000B330 nib=68973
T $06814A  movea.l A0, A2                               D0=000000BC D1=0000001C D2=00000000 A0=0000BA30 A1=0000B330 nib=68973
T $06814C  moveq   #$0, D2                              D0=000000BC D1=0000001C D2=00000000 A0=0000BA30 A1=0000B330 nib=68973
T $06814E  cmpa.l  A3, A0                               D0=000000BC D1=0000001C D2=00000000 A0=0000BA30 A1=0000B330 nib=68973
T $068150  bcs     $680f8                               D0=000000BC D1=0000001C D2=00000000 A0=0000BA30 A1=0000B330 nib=68973
T $0680F8  move.l  (A0), D1                             D0=000000BC D1=0000001C D2=00000000 A0=0000BA30 A1=0000B330 nib=68973
T $0680FA  and.l   $31a.w, D1                           D0=000000BC D1=42000034 D2=00000000 A0=0000BA30 A1=0000B330 nib=68973
T $0680FE  tst.b   (A0)                                 D0=000000BC D1=00000034 D2=00000000 A0=0000BA30 A1=0000B330 nib=68973
T $068100  beq     $6810e                               D0=000000BC D1=00000034 D2=00000000 A0=0000BA30 A1=0000B330 nib=68973
T $068102  bpl     $68148                               D0=000000BC D1=00000034 D2=00000000 A0=0000BA30 A1=0000B330 nib=68973
T $068148  adda.l  D1, A0                               D0=000000BC D1=00000034 D2=00000000 A0=0000BA30 A1=0000B330 nib=68973
T $06814A  movea.l A0, A2                               D0=000000BC D1=00000034 D2=00000000 A0=0000BA64 A1=0000B330 nib=68973
T $06814C  moveq   #$0, D2                              D0=000000BC D1=00000034 D2=00000000 A0=0000BA64 A1=0000B330 nib=68973
T $06814E  cmpa.l  A3, A0                               D0=000000BC D1=00000034 D2=00000000 A0=0000BA64 A1=0000B330 nib=68973
T $068150  bcs     $680f8                               D0=000000BC D1=00000034 D2=00000000 A0=0000BA64 A1=0000B330 nib=68973
T $0680F8  move.l  (A0), D1                             D0=000000BC D1=00000034 D2=00000000 A0=0000BA64 A1=0000B330 nib=68973
T $0680FA  and.l   $31a.w, D1                           D0=000000BC D1=42000014 D2=00000000 A0=0000BA64 A1=0000B330 nib=68973
T $0680FE  tst.b   (A0)                                 D0=000000BC D1=00000014 D2=00000000 A0=0000BA64 A1=0000B330 nib=68973
T $068100  beq     $6810e                               D0=000000BC D1=00000014 D2=00000000 A0=0000BA64 A1=0000B330 nib=68973
T $068102  bpl     $68148                               D0=000000BC D1=00000014 D2=00000000 A0=0000BA64 A1=0000B330 nib=68973
T $068148  adda.l  D1, A0                               D0=000000BC D1=00000014 D2=00000000 A0=0000BA64 A1=0000B330 nib=68973
T $06814A  movea.l A0, A2                               D0=000000BC D1=00000014 D2=00000000 A0=0000BA78 A1=0000B330 nib=68973
T $06814C  moveq   #$0, D2                              D0=000000BC D1=00000014 D2=00000000 A0=0000BA78 A1=0000B330 nib=68973
T $06814E  cmpa.l  A3, A0                               D0=000000BC D1=00000014 D2=00000000 A0=0000BA78 A1=0000B330 nib=68973
T $068150  bcs     $680f8                               D0=000000BC D1=00000014 D2=00000000 A0=0000BA78 A1=0000B330 nib=68973
T $0680F8  move.l  (A0), D1                             D0=000000BC D1=00000014 D2=00000000 A0=0000BA78 A1=0000B330 nib=68973
T $0680FA  and.l   $31a.w, D1                           D0=000000BC D1=42000014 D2=00000000 A0=0000BA78 A1=0000B330 nib=68973
T $0680FE  tst.b   (A0)                                 D0=000000BC D1=00000014 D2=00000000 A0=0000BA78 A1=0000B330 nib=68973
T $068100  beq     $6810e                               D0=000000BC D1=00000014 D2=00000000 A0=0000BA78 A1=0000B330 nib=68973
T $068102  bpl     $68148                               D0=000000BC D1=00000014 D2=00000000 A0=0000BA78 A1=0000B330 nib=68973
T $068148  adda.l  D1, A0                               D0=000000BC D1=00000014 D2=00000000 A0=0000BA78 A1=0000B330 nib=68973
T $06814A  movea.l A0, A2                               D0=000000BC D1=00000014 D2=00000000 A0=0000BA8C A1=0000B330 nib=68973
T $06814C  moveq   #$0, D2                              D0=000000BC D1=00000014 D2=00000000 A0=0000BA8C A1=0000B330 nib=68973
T $06814E  cmpa.l  A3, A0                               D0=000000BC D1=00000014 D2=00000000 A0=0000BA8C A1=0000B330 nib=68973
T $068150  bcs     $680f8                               D0=000000BC D1=00000014 D2=00000000 A0=0000BA8C A1=0000B330 nib=68973
T $0680F8  move.l  (A0), D1                             D0=000000BC D1=00000014 D2=00000000 A0=0000BA8C A1=0000B330 nib=68973
T $0680FA  and.l   $31a.w, D1                           D0=000000BC D1=42000014 D2=00000000 A0=0000BA8C A1=0000B330 nib=68973
T $0680FE  tst.b   (A0)                                 D0=000000BC D1=00000014 D2=00000000 A0=0000BA8C A1=0000B330 nib=68973
T $068100  beq     $6810e                               D0=000000BC D1=00000014 D2=00000000 A0=0000BA8C A1=0000B330 nib=68973
T $068102  bpl     $68148                               D0=000000BC D1=00000014 D2=00000000 A0=0000BA8C A1=0000B330 nib=68973
T $068148  adda.l  D1, A0                               D0=000000BC D1=00000014 D2=00000000 A0=0000BA8C A1=0000B330 nib=68973
T $06814A  movea.l A0, A2                               D0=000000BC D1=00000014 D2=00000000 A0=0000BAA0 A1=0000B330 nib=68973
T $06814C  moveq   #$0, D2                              D0=000000BC D1=00000014 D2=00000000 A0=0000BAA0 A1=0000B330 nib=68973
T $06814E  cmpa.l  A3, A0                               D0=000000BC D1=00000014 D2=00000000 A0=0000BAA0 A1=0000B330 nib=68973
T $068150  bcs     $680f8                               D0=000000BC D1=00000014 D2=00000000 A0=0000BAA0 A1=0000B330 nib=68973
T $0680F8  move.l  (A0), D1                             D0=000000BC D1=00000014 D2=00000000 A0=0000BAA0 A1=0000B330 nib=68973
T $0680FA  and.l   $31a.w, D1                           D0=000000BC D1=400000E4 D2=00000000 A0=0000BAA0 A1=0000B330 nib=68973
T $0680FE  tst.b   (A0)                                 D0=000000BC D1=000000E4 D2=00000000 A0=0000BAA0 A1=0000B330 nib=68973
T $068100  beq     $6810e                               D0=000000BC D1=000000E4 D2=00000000 A0=0000BAA0 A1=0000B330 nib=68973
T $068102  bpl     $68148                               D0=000000BC D1=000000E4 D2=00000000 A0=0000BAA0 A1=0000B330 nib=68973
T $068148  adda.l  D1, A0                               D0=000000BC D1=000000E4 D2=00000000 A0=0000BAA0 A1=0000B330 nib=68973
T $06814A  movea.l A0, A2                               D0=000000BC D1=000000E4 D2=00000000 A0=0000BB84 A1=0000B330 nib=68973
T $06814C  moveq   #$0, D2                              D0=000000BC D1=000000E4 D2=00000000 A0=0000BB84 A1=0000B330 nib=68973
T $06814E  cmpa.l  A3, A0                               D0=000000BC D1=000000E4 D2=00000000 A0=0000BB84 A1=0000B330 nib=68973
T $068150  bcs     $680f8                               D0=000000BC D1=000000E4 D2=00000000 A0=0000BB84 A1=0000B330 nib=68973
T $0680F8  move.l  (A0), D1                             D0=000000BC D1=000000E4 D2=00000000 A0=0000BB84 A1=0000B330 nib=68973
T $0680FA  and.l   $31a.w, D1                           D0=000000BC D1=86000014 D2=00000000 A0=0000BB84 A1=0000B330 nib=68973
T $0680FE  tst.b   (A0)                                 D0=000000BC D1=00000014 D2=00000000 A0=0000BB84 A1=0000B330 nib=68973
T $068100  beq     $6810e                               D0=000000BC D1=00000014 D2=00000000 A0=0000BB84 A1=0000B330 nib=68973
T $068102  bpl     $68148                               D0=000000BC D1=00000014 D2=00000000 A0=0000BB84 A1=0000B330 nib=68973
T $068104  movea.l ($4,A0), A1                          D0=000000BC D1=00000014 D2=00000000 A0=0000BB84 A1=0000B330 nib=68973
T $068108  adda.l  A6, A1                               D0=000000BC D1=00000014 D2=00000000 A0=0000BB84 A1=00001904 nib=68973
T $06810A  tst.b   (A1)                                 D0=000000BC D1=00000014 D2=00000000 A0=0000BB84 A1=00003904 nib=68973
T $06810C  bmi     $68148                               D0=000000BC D1=00000014 D2=00000000 A0=0000BB84 A1=00003904 nib=68973
T $06810E  add.l   D1, D2                               D0=000000BC D1=00000014 D2=00000000 A0=0000BB84 A1=00003904 nib=68973
T $068110  adda.l  D1, A0                               D0=000000BC D1=00000014 D2=00000014 A0=0000BB84 A1=00003904 nib=68973
T $068112  cmp.l   D0, D2                               D0=000000BC D1=00000014 D2=00000014 A0=0000BB98 A1=00003904 nib=68973
T $068114  bcs     $6814e                               D0=000000BC D1=00000014 D2=00000014 A0=0000BB98 A1=00003904 nib=68973
T $06814E  cmpa.l  A3, A0                               D0=000000BC D1=00000014 D2=00000014 A0=0000BB98 A1=00003904 nib=68973
T $068150  bcs     $680f8                               D0=000000BC D1=00000014 D2=00000014 A0=0000BB98 A1=00003904 nib=68973
T $0680F8  move.l  (A0), D1                             D0=000000BC D1=00000014 D2=00000014 A0=0000BB98 A1=00003904 nib=68973
T $0680FA  and.l   $31a.w, D1                           D0=000000BC D1=40000380 D2=00000014 A0=0000BB98 A1=00003904 nib=68973
T $0680FE  tst.b   (A0)                                 D0=000000BC D1=00000380 D2=00000014 A0=0000BB98 A1=00003904 nib=68973
T $068100  beq     $6810e                               D0=000000BC D1=00000380 D2=00000014 A0=0000BB98 A1=00003904 nib=68973
T $068102  bpl     $68148                               D0=000000BC D1=00000380 D2=00000014 A0=0000BB98 A1=00003904 nib=68973
T $068148  adda.l  D1, A0                               D0=000000BC D1=00000380 D2=00000014 A0=0000BB98 A1=00003904 nib=68973
T $06814A  movea.l A0, A2                               D0=000000BC D1=00000380 D2=00000014 A0=0000BF18 A1=00003904 nib=68973
T $06814C  moveq   #$0, D2                              D0=000000BC D1=00000380 D2=00000014 A0=0000BF18 A1=00003904 nib=68973
T $06814E  cmpa.l  A3, A0                               D0=000000BC D1=00000380 D2=00000000 A0=0000BF18 A1=00003904 nib=68973
T $068150  bcs     $680f8                               D0=000000BC D1=00000380 D2=00000000 A0=0000BF18 A1=00003904 nib=68973
T $0680F8  move.l  (A0), D1                             D0=000000BC D1=00000380 D2=00000000 A0=0000BF18 A1=00003904 nib=68973
T $0680FA  and.l   $31a.w, D1                           D0=000000BC D1=400000CC D2=00000000 A0=0000BF18 A1=00003904 nib=68973
T $0680FE  tst.b   (A0)                                 D0=000000BC D1=000000CC D2=00000000 A0=0000BF18 A1=00003904 nib=68973
T $068100  beq     $6810e                               D0=000000BC D1=000000CC D2=00000000 A0=0000BF18 A1=00003904 nib=68973
T $068102  bpl     $68148                               D0=000000BC D1=000000CC D2=00000000 A0=0000BF18 A1=00003904 nib=68973
T $068148  adda.l  D1, A0                               D0=000000BC D1=000000CC D2=00000000 A0=0000BF18 A1=00003904 nib=68973
T $06814A  movea.l A0, A2                               D0=000000BC D1=000000CC D2=00000000 A0=0000BFE4 A1=00003904 nib=68973
T $06814C  moveq   #$0, D2                              D0=000000BC D1=000000CC D2=00000000 A0=0000BFE4 A1=00003904 nib=68973
T $06814E  cmpa.l  A3, A0                               D0=000000BC D1=000000CC D2=00000000 A0=0000BFE4 A1=00003904 nib=68973
T $068150  bcs     $680f8                               D0=000000BC D1=000000CC D2=00000000 A0=0000BFE4 A1=00003904 nib=68973
T $0680F8  move.l  (A0), D1                             D0=000000BC D1=000000CC D2=00000000 A0=0000BFE4 A1=00003904 nib=68973
T $0680FA  and.l   $31a.w, D1                           D0=000000BC D1=40000060 D2=00000000 A0=0000BFE4 A1=00003904 nib=68973
T $0680FE  tst.b   (A0)                                 D0=000000BC D1=00000060 D2=00000000 A0=0000BFE4 A1=00003904 nib=68973
T $068100  beq     $6810e                               D0=000000BC D1=00000060 D2=00000000 A0=0000BFE4 A1=00003904 nib=68973
T $068102  bpl     $68148                               D0=000000BC D1=00000060 D2=00000000 A0=0000BFE4 A1=00003904 nib=68973
T $068148  adda.l  D1, A0                               D0=000000BC D1=00000060 D2=00000000 A0=0000BFE4 A1=00003904 nib=68973
T $06814A  movea.l A0, A2                               D0=000000BC D1=00000060 D2=00000000 A0=0000C044 A1=00003904 nib=68973
T $06814C  moveq   #$0, D2                              D0=000000BC D1=00000060 D2=00000000 A0=0000C044 A1=00003904 nib=68973
T $06814E  cmpa.l  A3, A0                               D0=000000BC D1=00000060 D2=00000000 A0=0000C044 A1=00003904 nib=68973
T $068150  bcs     $680f8                               D0=000000BC D1=00000060 D2=00000000 A0=0000C044 A1=00003904 nib=68973
T $0680F8  move.l  (A0), D1                             D0=000000BC D1=00000060 D2=00000000 A0=0000C044 A1=00003904 nib=68973
T $0680FA  and.l   $31a.w, D1                           D0=000000BC D1=4000005C D2=00000000 A0=0000C044 A1=00003904 nib=68973
T $0680FE  tst.b   (A0)                                 D0=000000BC D1=0000005C D2=00000000 A0=0000C044 A1=00003904 nib=68973
T $068100  beq     $6810e                               D0=000000BC D1=0000005C D2=00000000 A0=0000C044 A1=00003904 nib=68973
T $068102  bpl     $68148                               D0=000000BC D1=0000005C D2=00000000 A0=0000C044 A1=00003904 nib=68973
T $068148  adda.l  D1, A0                               D0=000000BC D1=0000005C D2=00000000 A0=0000C044 A1=00003904 nib=68973
T $06814A  movea.l A0, A2                               D0=000000BC D1=0000005C D2=00000000 A0=0000C0A0 A1=00003904 nib=68973
T $06814C  moveq   #$0, D2                              D0=000000BC D1=0000005C D2=00000000 A0=0000C0A0 A1=00003904 nib=68973
T $06814E  cmpa.l  A3, A0                               D0=000000BC D1=0000005C D2=00000000 A0=0000C0A0 A1=00003904 nib=68973
T $068150  bcs     $680f8                               D0=000000BC D1=0000005C D2=00000000 A0=0000C0A0 A1=00003904 nib=68973
T $0680F8  move.l  (A0), D1                             D0=000000BC D1=0000005C D2=00000000 A0=0000C0A0 A1=00003904 nib=68973
T $0680FA  and.l   $31a.w, D1                           D0=000000BC D1=440000A8 D2=00000000 A0=0000C0A0 A1=00003904 nib=68973
T $0680FE  tst.b   (A0)                                 D0=000000BC D1=000000A8 D2=00000000 A0=0000C0A0 A1=00003904 nib=68973
T $068100  beq     $6810e                               D0=000000BC D1=000000A8 D2=00000000 A0=0000C0A0 A1=00003904 nib=68973
T $068102  bpl     $68148                               D0=000000BC D1=000000A8 D2=00000000 A0=0000C0A0 A1=00003904 nib=68973
T $068148  adda.l  D1, A0                               D0=000000BC D1=000000A8 D2=00000000 A0=0000C0A0 A1=00003904 nib=68973
T $06814A  movea.l A0, A2                               D0=000000BC D1=000000A8 D2=00000000 A0=0000C148 A1=00003904 nib=68973
T $06814C  moveq   #$0, D2                              D0=000000BC D1=000000A8 D2=00000000 A0=0000C148 A1=00003904 nib=68973
T $06814E  cmpa.l  A3, A0                               D0=000000BC D1=000000A8 D2=00000000 A0=0000C148 A1=00003904 nib=68973
T $068150  bcs     $680f8                               D0=000000BC D1=000000A8 D2=00000000 A0=0000C148 A1=00003904 nib=68973
T $0680F8  move.l  (A0), D1                             D0=000000BC D1=000000A8 D2=00000000 A0=0000C148 A1=00003904 nib=68973
T $0680FA  and.l   $31a.w, D1                           D0=000000BC D1=40000074 D2=00000000 A0=0000C148 A1=00003904 nib=68973
T $0680FE  tst.b   (A0)                                 D0=000000BC D1=00000074 D2=00000000 A0=0000C148 A1=00003904 nib=68973
T $068100  beq     $6810e                               D0=000000BC D1=00000074 D2=00000000 A0=0000C148 A1=00003904 nib=68973
T $068102  bpl     $68148                               D0=000000BC D1=00000074 D2=00000000 A0=0000C148 A1=00003904 nib=68973
T $068148  adda.l  D1, A0                               D0=000000BC D1=00000074 D2=00000000 A0=0000C148 A1=00003904 nib=68973
T $06814A  movea.l A0, A2                               D0=000000BC D1=00000074 D2=00000000 A0=0000C1BC A1=00003904 nib=68973
T $06814C  moveq   #$0, D2                              D0=000000BC D1=00000074 D2=00000000 A0=0000C1BC A1=00003904 nib=68973
T $06814E  cmpa.l  A3, A0                               D0=000000BC D1=00000074 D2=00000000 A0=0000C1BC A1=00003904 nib=68973
T $068150  bcs     $680f8                               D0=000000BC D1=00000074 D2=00000000 A0=0000C1BC A1=00003904 nib=68973
T $0680F8  move.l  (A0), D1                             D0=000000BC D1=00000074 D2=00000000 A0=0000C1BC A1=00003904 nib=68973
T $0680FA  and.l   $31a.w, D1                           D0=000000BC D1=40000074 D2=00000000 A0=0000C1BC A1=00003904 nib=68973
T $0680FE  tst.b   (A0)                                 D0=000000BC D1=00000074 D2=00000000 A0=0000C1BC A1=00003904 nib=68973
T $068100  beq     $6810e                               D0=000000BC D1=00000074 D2=00000000 A0=0000C1BC A1=00003904 nib=68973
T $068102  bpl     $68148                               D0=000000BC D1=00000074 D2=00000000 A0=0000C1BC A1=00003904 nib=68973
T $068148  adda.l  D1, A0                               D0=000000BC D1=00000074 D2=00000000 A0=0000C1BC A1=00003904 nib=68973
T $06814A  movea.l A0, A2                               D0=000000BC D1=00000074 D2=00000000 A0=0000C230 A1=00003904 nib=68973
T $06814C  moveq   #$0, D2                              D0=000000BC D1=00000074 D2=00000000 A0=0000C230 A1=00003904 nib=68973
T $06814E  cmpa.l  A3, A0                               D0=000000BC D1=00000074 D2=00000000 A0=0000C230 A1=00003904 nib=68973
T $068150  bcs     $680f8                               D0=000000BC D1=00000074 D2=00000000 A0=0000C230 A1=00003904 nib=68973
T $0680F8  move.l  (A0), D1                             D0=000000BC D1=00000074 D2=00000000 A0=0000C230 A1=00003904 nib=68973
T $0680FA  and.l   $31a.w, D1                           D0=000000BC D1=400000A4 D2=00000000 A0=0000C230 A1=00003904 nib=68973
T $0680FE  tst.b   (A0)                                 D0=000000BC D1=000000A4 D2=00000000 A0=0000C230 A1=00003904 nib=68973
T $068100  beq     $6810e                               D0=000000BC D1=000000A4 D2=00000000 A0=0000C230 A1=00003904 nib=68973
T $068102  bpl     $68148                               D0=000000BC D1=000000A4 D2=00000000 A0=0000C230 A1=00003904 nib=68973
T $068148  adda.l  D1, A0                               D0=000000BC D1=000000A4 D2=00000000 A0=0000C230 A1=00003904 nib=68973
T $06814A  movea.l A0, A2                               D0=000000BC D1=000000A4 D2=00000000 A0=0000C2D4 A1=00003904 nib=68973
T $06814C  moveq   #$0, D2                              D0=000000BC D1=000000A4 D2=00000000 A0=0000C2D4 A1=00003904 nib=68973
T $06814E  cmpa.l  A3, A0                               D0=000000BC D1=000000A4 D2=00000000 A0=0000C2D4 A1=00003904 nib=68973
T $068150  bcs     $680f8                               D0=000000BC D1=000000A4 D2=00000000 A0=0000C2D4 A1=00003904 nib=68973
T $0680F8  move.l  (A0), D1                             D0=000000BC D1=000000A4 D2=00000000 A0=0000C2D4 A1=00003904 nib=68973
T $0680FA  and.l   $31a.w, D1                           D0=000000BC D1=440000A8 D2=00000000 A0=0000C2D4 A1=00003904 nib=68973
T $0680FE  tst.b   (A0)                                 D0=000000BC D1=000000A8 D2=00000000 A0=0000C2D4 A1=00003904 nib=68973
T $068100  beq     $6810e                               D0=000000BC D1=000000A8 D2=00000000 A0=0000C2D4 A1=00003904 nib=68973
T $068102  bpl     $68148                               D0=000000BC D1=000000A8 D2=00000000 A0=0000C2D4 A1=00003904 nib=68973
T $068148  adda.l  D1, A0                               D0=000000BC D1=000000A8 D2=00000000 A0=0000C2D4 A1=00003904 nib=68973
T $06814A  movea.l A0, A2                               D0=000000BC D1=000000A8 D2=00000000 A0=0000C37C A1=00003904 nib=68973
T $06814C  moveq   #$0, D2                              D0=000000BC D1=000000A8 D2=00000000 A0=0000C37C A1=00003904 nib=68973
T $06814E  cmpa.l  A3, A0                               D0=000000BC D1=000000A8 D2=00000000 A0=0000C37C A1=00003904 nib=68973
T $068150  bcs     $680f8                               D0=000000BC D1=000000A8 D2=00000000 A0=0000C37C A1=00003904 nib=68973
T $0680F8  move.l  (A0), D1                             D0=000000BC D1=000000A8 D2=00000000 A0=0000C37C A1=00003904 nib=68973
T $0680FA  and.l   $31a.w, D1                           D0=000000BC D1=82000064 D2=00000000 A0=0000C37C A1=00003904 nib=68973
T $0680FE  tst.b   (A0)                                 D0=000000BC D1=00000064 D2=00000000 A0=0000C37C A1=00003904 nib=68973
T $068100  beq     $6810e                               D0=000000BC D1=00000064 D2=00000000 A0=0000C37C A1=00003904 nib=68973
T $068102  bpl     $68148                               D0=000000BC D1=00000064 D2=00000000 A0=0000C37C A1=00003904 nib=68973
T $068104  movea.l ($4,A0), A1                          D0=000000BC D1=00000064 D2=00000000 A0=0000C37C A1=00003904 nib=68973
T $068108  adda.l  A6, A1                               D0=000000BC D1=00000064 D2=00000000 A0=0000C37C A1=000775AC nib=68973
T $06810A  tst.b   (A1)                                 D0=000000BC D1=00000064 D2=00000000 A0=0000C37C A1=000795AC nib=68973
T $06810C  bmi     $68148                               D0=000000BC D1=00000064 D2=00000000 A0=0000C37C A1=000795AC nib=68973
T $068148  adda.l  D1, A0                               D0=000000BC D1=00000064 D2=00000000 A0=0000C37C A1=000795AC nib=68973
T $06814A  movea.l A0, A2                               D0=000000BC D1=00000064 D2=00000000 A0=0000C3E0 A1=000795AC nib=68973
T $06814C  moveq   #$0, D2                              D0=000000BC D1=00000064 D2=00000000 A0=0000C3E0 A1=000795AC nib=68973
T $06814E  cmpa.l  A3, A0                               D0=000000BC D1=00000064 D2=00000000 A0=0000C3E0 A1=000795AC nib=68973
T $068150  bcs     $680f8                               D0=000000BC D1=00000064 D2=00000000 A0=0000C3E0 A1=000795AC nib=68973
T $0680F8  move.l  (A0), D1                             D0=000000BC D1=00000064 D2=00000000 A0=0000C3E0 A1=000795AC nib=68973
T $0680FA  and.l   $31a.w, D1                           D0=000000BC D1=42000168 D2=00000000 A0=0000C3E0 A1=000795AC nib=68973
T $0680FE  tst.b   (A0)                                 D0=000000BC D1=00000168 D2=00000000 A0=0000C3E0 A1=000795AC nib=68973
T $068100  beq     $6810e                               D0=000000BC D1=00000168 D2=00000000 A0=0000C3E0 A1=000795AC nib=68973
T $068102  bpl     $68148                               D0=000000BC D1=00000168 D2=00000000 A0=0000C3E0 A1=000795AC nib=68973
T $068148  adda.l  D1, A0                               D0=000000BC D1=00000168 D2=00000000 A0=0000C3E0 A1=000795AC nib=68973
T $06814A  movea.l A0, A2                               D0=000000BC D1=00000168 D2=00000000 A0=0000C548 A1=000795AC nib=68973
T $06814C  moveq   #$0, D2                              D0=000000BC D1=00000168 D2=00000000 A0=0000C548 A1=000795AC nib=68973
T $06814E  cmpa.l  A3, A0                               D0=000000BC D1=00000168 D2=00000000 A0=0000C548 A1=000795AC nib=68973
T $068150  bcs     $680f8                               D0=000000BC D1=00000168 D2=00000000 A0=0000C548 A1=000795AC nib=68973
T $0680F8  move.l  (A0), D1                             D0=000000BC D1=00000168 D2=00000000 A0=0000C548 A1=000795AC nib=68973
T $0680FA  and.l   $31a.w, D1                           D0=000000BC D1=46000020 D2=00000000 A0=0000C548 A1=000795AC nib=68973
T $0680FE  tst.b   (A0)                                 D0=000000BC D1=00000020 D2=00000000 A0=0000C548 A1=000795AC nib=68973
T $068100  beq     $6810e                               D0=000000BC D1=00000020 D2=00000000 A0=0000C548 A1=000795AC nib=68973
T $068102  bpl     $68148                               D0=000000BC D1=00000020 D2=00000000 A0=0000C548 A1=000795AC nib=68973
T $068148  adda.l  D1, A0                               D0=000000BC D1=00000020 D2=00000000 A0=0000C548 A1=000795AC nib=68973
T $06814A  movea.l A0, A2                               D0=000000BC D1=00000020 D2=00000000 A0=0000C568 A1=000795AC nib=68973
T $06814C  moveq   #$0, D2                              D0=000000BC D1=00000020 D2=00000000 A0=0000C568 A1=000795AC nib=68973
T $06814E  cmpa.l  A3, A0                               D0=000000BC D1=00000020 D2=00000000 A0=0000C568 A1=000795AC nib=68973
T $068150  bcs     $680f8                               D0=000000BC D1=00000020 D2=00000000 A0=0000C568 A1=000795AC nib=68973
T $0680F8  move.l  (A0), D1                             D0=000000BC D1=00000020 D2=00000000 A0=0000C568 A1=000795AC nib=68973
T $0680FA  and.l   $31a.w, D1                           D0=000000BC D1=80000010 D2=00000000 A0=0000C568 A1=000795AC nib=68973
T $0680FE  tst.b   (A0)                                 D0=000000BC D1=00000010 D2=00000000 A0=0000C568 A1=000795AC nib=68973
T $068100  beq     $6810e                               D0=000000BC D1=00000010 D2=00000000 A0=0000C568 A1=000795AC nib=68973
T $068102  bpl     $68148                               D0=000000BC D1=00000010 D2=00000000 A0=0000C568 A1=000795AC nib=68973
T $068104  movea.l ($4,A0), A1                          D0=000000BC D1=00000010 D2=00000000 A0=0000C568 A1=000795AC nib=68973
T $068108  adda.l  A6, A1                               D0=000000BC D1=00000010 D2=00000000 A0=0000C568 A1=00000094 nib=68973
T $06810A  tst.b   (A1)                                 D0=000000BC D1=00000010 D2=00000000 A0=0000C568 A1=00002094 nib=68973
T $06810C  bmi     $68148                               D0=000000BC D1=00000010 D2=00000000 A0=0000C568 A1=00002094 nib=68973
T $06810E  add.l   D1, D2                               D0=000000BC D1=00000010 D2=00000000 A0=0000C568 A1=00002094 nib=68973
T $068110  adda.l  D1, A0                               D0=000000BC D1=00000010 D2=00000010 A0=0000C568 A1=00002094 nib=68973
T $068112  cmp.l   D0, D2                               D0=000000BC D1=00000010 D2=00000010 A0=0000C578 A1=00002094 nib=68973
T $068114  bcs     $6814e                               D0=000000BC D1=00000010 D2=00000010 A0=0000C578 A1=00002094 nib=68973
T $06814E  cmpa.l  A3, A0                               D0=000000BC D1=00000010 D2=00000010 A0=0000C578 A1=00002094 nib=68973
T $068150  bcs     $680f8                               D0=000000BC D1=00000010 D2=00000010 A0=0000C578 A1=00002094 nib=68973
T $0680F8  move.l  (A0), D1                             D0=000000BC D1=00000010 D2=00000010 A0=0000C578 A1=00002094 nib=68973
T $0680FA  and.l   $31a.w, D1                           D0=000000BC D1=40000024 D2=00000010 A0=0000C578 A1=00002094 nib=68973
T $0680FE  tst.b   (A0)                                 D0=000000BC D1=00000024 D2=00000010 A0=0000C578 A1=00002094 nib=68973
T $068100  beq     $6810e                               D0=000000BC D1=00000024 D2=00000010 A0=0000C578 A1=00002094 nib=68973
T $068102  bpl     $68148                               D0=000000BC D1=00000024 D2=00000010 A0=0000C578 A1=00002094 nib=68973
T $068148  adda.l  D1, A0                               D0=000000BC D1=00000024 D2=00000010 A0=0000C578 A1=00002094 nib=68973
T $06814A  movea.l A0, A2                               D0=000000BC D1=00000024 D2=00000010 A0=0000C59C A1=00002094 nib=68973
T $06814C  moveq   #$0, D2                              D0=000000BC D1=00000024 D2=00000010 A0=0000C59C A1=00002094 nib=68973
T $06814E  cmpa.l  A3, A0                               D0=000000BC D1=00000024 D2=00000000 A0=0000C59C A1=00002094 nib=68973
T $068150  bcs     $680f8                               D0=000000BC D1=00000024 D2=00000000 A0=0000C59C A1=00002094 nib=68973
T $0680F8  move.l  (A0), D1                             D0=000000BC D1=00000024 D2=00000000 A0=0000C59C A1=00002094 nib=68973
T $0680FA  and.l   $31a.w, D1                           D0=000000BC D1=4200001C D2=00000000 A0=0000C59C A1=00002094 nib=68973
T $0680FE  tst.b   (A0)                                 D0=000000BC D1=0000001C D2=00000000 A0=0000C59C A1=00002094 nib=68973
T $068100  beq     $6810e                               D0=000000BC D1=0000001C D2=00000000 A0=0000C59C A1=00002094 nib=68973
T $068102  bpl     $68148                               D0=000000BC D1=0000001C D2=00000000 A0=0000C59C A1=00002094 nib=68973
T $068148  adda.l  D1, A0                               D0=000000BC D1=0000001C D2=00000000 A0=0000C59C A1=00002094 nib=68973
T $06814A  movea.l A0, A2                               D0=000000BC D1=0000001C D2=00000000 A0=0000C5B8 A1=00002094 nib=68973
T $06814C  moveq   #$0, D2                              D0=000000BC D1=0000001C D2=00000000 A0=0000C5B8 A1=00002094 nib=68973
T $06814E  cmpa.l  A3, A0                               D0=000000BC D1=0000001C D2=00000000 A0=0000C5B8 A1=00002094 nib=68973
T $068150  bcs     $680f8                               D0=000000BC D1=0000001C D2=00000000 A0=0000C5B8 A1=00002094 nib=68973
T $0680F8  move.l  (A0), D1                             D0=000000BC D1=0000001C D2=00000000 A0=0000C5B8 A1=00002094 nib=68973
T $0680FA  and.l   $31a.w, D1                           D0=000000BC D1=82000014 D2=00000000 A0=0000C5B8 A1=00002094 nib=68973
T $0680FE  tst.b   (A0)                                 D0=000000BC D1=00000014 D2=00000000 A0=0000C5B8 A1=00002094 nib=68973
T $068100  beq     $6810e                               D0=000000BC D1=00000014 D2=00000000 A0=0000C5B8 A1=00002094 nib=68973
T $068102  bpl     $68148                               D0=000000BC D1=00000014 D2=00000000 A0=0000C5B8 A1=00002094 nib=68973
T $068104  movea.l ($4,A0), A1                          D0=000000BC D1=00000014 D2=00000000 A0=0000C5B8 A1=00002094 nib=68973
T $068108  adda.l  A6, A1                               D0=000000BC D1=00000014 D2=00000000 A0=0000C5B8 A1=00002944 nib=68973
T $06810A  tst.b   (A1)                                 D0=000000BC D1=00000014 D2=00000000 A0=0000C5B8 A1=00004944 nib=68973
T $06810C  bmi     $68148                               D0=000000BC D1=00000014 D2=00000000 A0=0000C5B8 A1=00004944 nib=68973
T $06810E  add.l   D1, D2                               D0=000000BC D1=00000014 D2=00000000 A0=0000C5B8 A1=00004944 nib=68973
T $068110  adda.l  D1, A0                               D0=000000BC D1=00000014 D2=00000014 A0=0000C5B8 A1=00004944 nib=68973
T $068112  cmp.l   D0, D2                               D0=000000BC D1=00000014 D2=00000014 A0=0000C5CC A1=00004944 nib=68973
T $068114  bcs     $6814e                               D0=000000BC D1=00000014 D2=00000014 A0=0000C5CC A1=00004944 nib=68973
T $06814E  cmpa.l  A3, A0                               D0=000000BC D1=00000014 D2=00000014 A0=0000C5CC A1=00004944 nib=68973
T $068150  bcs     $680f8                               D0=000000BC D1=00000014 D2=00000014 A0=0000C5CC A1=00004944 nib=68973
T $0680F8  move.l  (A0), D1                             D0=000000BC D1=00000014 D2=00000014 A0=0000C5CC A1=00004944 nib=68973
T $0680FA  and.l   $31a.w, D1                           D0=000000BC D1=400000D4 D2=00000014 A0=0000C5CC A1=00004944 nib=68973
T $0680FE  tst.b   (A0)                                 D0=000000BC D1=000000D4 D2=00000014 A0=0000C5CC A1=00004944 nib=68973
T $068100  beq     $6810e                               D0=000000BC D1=000000D4 D2=00000014 A0=0000C5CC A1=00004944 nib=68973
T $068102  bpl     $68148                               D0=000000BC D1=000000D4 D2=00000014 A0=0000C5CC A1=00004944 nib=68973
T $068148  adda.l  D1, A0                               D0=000000BC D1=000000D4 D2=00000014 A0=0000C5CC A1=00004944 nib=68973
T $06814A  movea.l A0, A2                               D0=000000BC D1=000000D4 D2=00000014 A0=0000C6A0 A1=00004944 nib=68973
T $06814C  moveq   #$0, D2                              D0=000000BC D1=000000D4 D2=00000014 A0=0000C6A0 A1=00004944 nib=68973
T $06814E  cmpa.l  A3, A0                               D0=000000BC D1=000000D4 D2=00000000 A0=0000C6A0 A1=00004944 nib=68973
T $068150  bcs     $680f8                               D0=000000BC D1=000000D4 D2=00000000 A0=0000C6A0 A1=00004944 nib=68973
T $0680F8  move.l  (A0), D1                             D0=000000BC D1=000000D4 D2=00000000 A0=0000C6A0 A1=00004944 nib=68973
T $0680FA  and.l   $31a.w, D1                           D0=000000BC D1=820006AC D2=00000000 A0=0000C6A0 A1=00004944 nib=68973
T $0680FE  tst.b   (A0)                                 D0=000000BC D1=000006AC D2=00000000 A0=0000C6A0 A1=00004944 nib=68973
T $068100  beq     $6810e                               D0=000000BC D1=000006AC D2=00000000 A0=0000C6A0 A1=00004944 nib=68973
T $068102  bpl     $68148                               D0=000000BC D1=000006AC D2=00000000 A0=0000C6A0 A1=00004944 nib=68973
T $068104  movea.l ($4,A0), A1                          D0=000000BC D1=000006AC D2=00000000 A0=0000C6A0 A1=00004944 nib=68973
T $068108  adda.l  A6, A1                               D0=000000BC D1=000006AC D2=00000000 A0=0000C6A0 A1=0000C8A8 nib=68973
T $06810A  tst.b   (A1)                                 D0=000000BC D1=000006AC D2=00000000 A0=0000C6A0 A1=0000E8A8 nib=68973
T $06810C  bmi     $68148                               D0=000000BC D1=000006AC D2=00000000 A0=0000C6A0 A1=0000E8A8 nib=68973
T $068148  adda.l  D1, A0                               D0=000000BC D1=000006AC D2=00000000 A0=0000C6A0 A1=0000E8A8 nib=68973
T $06814A  movea.l A0, A2                               D0=000000BC D1=000006AC D2=00000000 A0=0000CD4C A1=0000E8A8 nib=68973
T $06814C  moveq   #$0, D2                              D0=000000BC D1=000006AC D2=00000000 A0=0000CD4C A1=0000E8A8 nib=68973
T $06814E  cmpa.l  A3, A0                               D0=000000BC D1=000006AC D2=00000000 A0=0000CD4C A1=0000E8A8 nib=68973
T $068150  bcs     $680f8                               D0=000000BC D1=000006AC D2=00000000 A0=0000CD4C A1=0000E8A8 nib=68973
T $0680F8  move.l  (A0), D1                             D0=000000BC D1=000006AC D2=00000000 A0=0000CD4C A1=0000E8A8 nib=68973
T $0680FA  and.l   $31a.w, D1                           D0=000000BC D1=82000034 D2=00000000 A0=0000CD4C A1=0000E8A8 nib=68973
T $0680FE  tst.b   (A0)                                 D0=000000BC D1=00000034 D2=00000000 A0=0000CD4C A1=0000E8A8 nib=68973
T $068100  beq     $6810e                               D0=000000BC D1=00000034 D2=00000000 A0=0000CD4C A1=0000E8A8 nib=68973
T $068102  bpl     $68148                               D0=000000BC D1=00000034 D2=00000000 A0=0000CD4C A1=0000E8A8 nib=68973
T $068104  movea.l ($4,A0), A1                          D0=000000BC D1=00000034 D2=00000000 A0=0000CD4C A1=0000E8A8 nib=68973
T $068108  adda.l  A6, A1                               D0=000000BC D1=00000034 D2=00000000 A0=0000CD4C A1=00015734 nib=68973
T $06810A  tst.b   (A1)                                 D0=000000BC D1=00000034 D2=00000000 A0=0000CD4C A1=00017734 nib=68973
T $06810C  bmi     $68148                               D0=000000BC D1=00000034 D2=00000000 A0=0000CD4C A1=00017734 nib=68973
T $068148  adda.l  D1, A0                               D0=000000BC D1=00000034 D2=00000000 A0=0000CD4C A1=00017734 nib=68973
T $06814A  movea.l A0, A2                               D0=000000BC D1=00000034 D2=00000000 A0=0000CD80 A1=00017734 nib=68973
T $06814C  moveq   #$0, D2                              D0=000000BC D1=00000034 D2=00000000 A0=0000CD80 A1=00017734 nib=68973
T $06814E  cmpa.l  A3, A0                               D0=000000BC D1=00000034 D2=00000000 A0=0000CD80 A1=00017734 nib=68973
T $068150  bcs     $680f8                               D0=000000BC D1=00000034 D2=00000000 A0=0000CD80 A1=00017734 nib=68973
T $0680F8  move.l  (A0), D1                             D0=000000BC D1=00000034 D2=00000000 A0=0000CD80 A1=00017734 nib=68973
T $0680FA  and.l   $31a.w, D1                           D0=000000BC D1=400000A4 D2=00000000 A0=0000CD80 A1=00017734 nib=68973
T $0680FE  tst.b   (A0)                                 D0=000000BC D1=000000A4 D2=00000000 A0=0000CD80 A1=00017734 nib=68973
T $068100  beq     $6810e                               D0=000000BC D1=000000A4 D2=00000000 A0=0000CD80 A1=00017734 nib=68973
T $068102  bpl     $68148                               D0=000000BC D1=000000A4 D2=00000000 A0=0000CD80 A1=00017734 nib=68973
T $068148  adda.l  D1, A0                               D0=000000BC D1=000000A4 D2=00000000 A0=0000CD80 A1=00017734 nib=68973
T $06814A  movea.l A0, A2                               D0=000000BC D1=000000A4 D2=00000000 A0=0000CE24 A1=00017734 nib=68973
T $06814C  moveq   #$0, D2                              D0=000000BC D1=000000A4 D2=00000000 A0=0000CE24 A1=00017734 nib=68973
T $06814E  cmpa.l  A3, A0                               D0=000000BC D1=000000A4 D2=00000000 A0=0000CE24 A1=00017734 nib=68973
T $068150  bcs     $680f8                               D0=000000BC D1=000000A4 D2=00000000 A0=0000CE24 A1=00017734 nib=68973
T $0680F8  move.l  (A0), D1                             D0=000000BC D1=000000A4 D2=00000000 A0=0000CE24 A1=00017734 nib=68973
T $0680FA  and.l   $31a.w, D1                           D0=000000BC D1=88000094 D2=00000000 A0=0000CE24 A1=00017734 nib=68973
T $0680FE  tst.b   (A0)                                 D0=000000BC D1=00000094 D2=00000000 A0=0000CE24 A1=00017734 nib=68973
T $068100  beq     $6810e                               D0=000000BC D1=00000094 D2=00000000 A0=0000CE24 A1=00017734 nib=68973
T $068102  bpl     $68148                               D0=000000BC D1=00000094 D2=00000000 A0=0000CE24 A1=00017734 nib=68973
T $068104  movea.l ($4,A0), A1                          D0=000000BC D1=00000094 D2=00000000 A0=0000CE24 A1=00017734 nib=68973
T $068108  adda.l  A6, A1                               D0=000000BC D1=00000094 D2=00000000 A0=0000CE24 A1=000156BC nib=68973
T $06810A  tst.b   (A1)                                 D0=000000BC D1=00000094 D2=00000000 A0=0000CE24 A1=000176BC nib=68973
T $06810C  bmi     $68148                               D0=000000BC D1=00000094 D2=00000000 A0=0000CE24 A1=000176BC nib=68973
T $068148  adda.l  D1, A0                               D0=000000BC D1=00000094 D2=00000000 A0=0000CE24 A1=000176BC nib=68973
T $06814A  movea.l A0, A2                               D0=000000BC D1=00000094 D2=00000000 A0=0000CEB8 A1=000176BC nib=68973
T $06814C  moveq   #$0, D2                              D0=000000BC D1=00000094 D2=00000000 A0=0000CEB8 A1=000176BC nib=68973
T $06814E  cmpa.l  A3, A0                               D0=000000BC D1=00000094 D2=00000000 A0=0000CEB8 A1=000176BC nib=68973
T $068150  bcs     $680f8                               D0=000000BC D1=00000094 D2=00000000 A0=0000CEB8 A1=000176BC nib=68973
T $0680F8  move.l  (A0), D1                             D0=000000BC D1=00000094 D2=00000000 A0=0000CEB8 A1=000176BC nib=68973
T $0680FA  and.l   $31a.w, D1                           D0=000000BC D1=40000034 D2=00000000 A0=0000CEB8 A1=000176BC nib=68973
T $0680FE  tst.b   (A0)                                 D0=000000BC D1=00000034 D2=00000000 A0=0000CEB8 A1=000176BC nib=68973
T $068100  beq     $6810e                               D0=000000BC D1=00000034 D2=00000000 A0=0000CEB8 A1=000176BC nib=68973
T $068102  bpl     $68148                               D0=000000BC D1=00000034 D2=00000000 A0=0000CEB8 A1=000176BC nib=68973
T $068148  adda.l  D1, A0                               D0=000000BC D1=00000034 D2=00000000 A0=0000CEB8 A1=000176BC nib=68973
T $06814A  movea.l A0, A2                               D0=000000BC D1=00000034 D2=00000000 A0=0000CEEC A1=000176BC nib=68973
T $06814C  moveq   #$0, D2                              D0=000000BC D1=00000034 D2=00000000 A0=0000CEEC A1=000176BC nib=68973
T $06814E  cmpa.l  A3, A0                               D0=000000BC D1=00000034 D2=00000000 A0=0000CEEC A1=000176BC nib=68973
T $068150  bcs     $680f8                               D0=000000BC D1=00000034 D2=00000000 A0=0000CEEC A1=000176BC nib=68973
T $0680F8  move.l  (A0), D1                             D0=000000BC D1=00000034 D2=00000000 A0=0000CEEC A1=000176BC nib=68973
T $0680FA  and.l   $31a.w, D1                           D0=000000BC D1=42000054 D2=00000000 A0=0000CEEC A1=000176BC nib=68973
T $0680FE  tst.b   (A0)                                 D0=000000BC D1=00000054 D2=00000000 A0=0000CEEC A1=000176BC nib=68973
T $068100  beq     $6810e                               D0=000000BC D1=00000054 D2=00000000 A0=0000CEEC A1=000176BC nib=68973
T $068102  bpl     $68148                               D0=000000BC D1=00000054 D2=00000000 A0=0000CEEC A1=000176BC nib=68973
T $068148  adda.l  D1, A0                               D0=000000BC D1=00000054 D2=00000000 A0=0000CEEC A1=000176BC nib=68973
T $06814A  movea.l A0, A2                               D0=000000BC D1=00000054 D2=00000000 A0=0000CF40 A1=000176BC nib=68973
T $06814C  moveq   #$0, D2                              D0=000000BC D1=00000054 D2=00000000 A0=0000CF40 A1=000176BC nib=68973
T $06814E  cmpa.l  A3, A0                               D0=000000BC D1=00000054 D2=00000000 A0=0000CF40 A1=000176BC nib=68973
T $068150  bcs     $680f8                               D0=000000BC D1=00000054 D2=00000000 A0=0000CF40 A1=000176BC nib=68973
T $0680F8  move.l  (A0), D1                             D0=000000BC D1=00000054 D2=00000000 A0=0000CF40 A1=000176BC nib=68973
T $0680FA  and.l   $31a.w, D1                           D0=000000BC D1=44000074 D2=00000000 A0=0000CF40 A1=000176BC nib=68973
T $0680FE  tst.b   (A0)                                 D0=000000BC D1=00000074 D2=00000000 A0=0000CF40 A1=000176BC nib=68973
T $068100  beq     $6810e                               D0=000000BC D1=00000074 D2=00000000 A0=0000CF40 A1=000176BC nib=68973
T $068102  bpl     $68148                               D0=000000BC D1=00000074 D2=00000000 A0=0000CF40 A1=000176BC nib=68973
T $068148  adda.l  D1, A0                               D0=000000BC D1=00000074 D2=00000000 A0=0000CF40 A1=000176BC nib=68973
T $06814A  movea.l A0, A2                               D0=000000BC D1=00000074 D2=00000000 A0=0000CFB4 A1=000176BC nib=68973
T $06814C  moveq   #$0, D2                              D0=000000BC D1=00000074 D2=00000000 A0=0000CFB4 A1=000176BC nib=68973
T $06814E  cmpa.l  A3, A0                               D0=000000BC D1=00000074 D2=00000000 A0=0000CFB4 A1=000176BC nib=68973
T $068150  bcs     $680f8                               D0=000000BC D1=00000074 D2=00000000 A0=0000CFB4 A1=000176BC nib=68973
T $0680F8  move.l  (A0), D1                             D0=000000BC D1=00000074 D2=00000000 A0=0000CFB4 A1=000176BC nib=68973
T $0680FA  and.l   $31a.w, D1                           D0=000000BC D1=40000108 D2=00000000 A0=0000CFB4 A1=000176BC nib=68973
T $0680FE  tst.b   (A0)                                 D0=000000BC D1=00000108 D2=00000000 A0=0000CFB4 A1=000176BC nib=68973
T $068100  beq     $6810e                               D0=000000BC D1=00000108 D2=00000000 A0=0000CFB4 A1=000176BC nib=68973
T $068102  bpl     $68148                               D0=000000BC D1=00000108 D2=00000000 A0=0000CFB4 A1=000176BC nib=68973
T $068148  adda.l  D1, A0                               D0=000000BC D1=00000108 D2=00000000 A0=0000CFB4 A1=000176BC nib=68973
T $06814A  movea.l A0, A2                               D0=000000BC D1=00000108 D2=00000000 A0=0000D0BC A1=000176BC nib=68973
T $06814C  moveq   #$0, D2                              D0=000000BC D1=00000108 D2=00000000 A0=0000D0BC A1=000176BC nib=68973
T $06814E  cmpa.l  A3, A0                               D0=000000BC D1=00000108 D2=00000000 A0=0000D0BC A1=000176BC nib=68973
T $068150  bcs     $680f8                               D0=000000BC D1=00000108 D2=00000000 A0=0000D0BC A1=000176BC nib=68973
T $0680F8  move.l  (A0), D1                             D0=000000BC D1=00000108 D2=00000000 A0=0000D0BC A1=000176BC nib=68973
T $0680FA  and.l   $31a.w, D1                           D0=000000BC D1=0000021C D2=00000000 A0=0000D0BC A1=000176BC nib=68973
T $0680FE  tst.b   (A0)                                 D0=000000BC D1=0000021C D2=00000000 A0=0000D0BC A1=000176BC nib=68973
T $068100  beq     $6810e                               D0=000000BC D1=0000021C D2=00000000 A0=0000D0BC A1=000176BC nib=68973
T $06810E  add.l   D1, D2                               D0=000000BC D1=0000021C D2=00000000 A0=0000D0BC A1=000176BC nib=68973
T $068110  adda.l  D1, A0                               D0=000000BC D1=0000021C D2=0000021C A0=0000D0BC A1=000176BC nib=68973
T $068112  cmp.l   D0, D2                               D0=000000BC D1=0000021C D2=0000021C A0=0000D2D8 A1=000176BC nib=68973
T $068114  bcs     $6814e                               D0=000000BC D1=0000021C D2=0000021C A0=0000D2D8 A1=000176BC nib=68973
T $068116  bsr     $68166                               D0=000000BC D1=0000021C D2=0000021C A0=0000D2D8 A1=000176BC nib=68973
T $068166  movem.l D0-D3/A0-A1/A3, -(A7)                D0=000000BC D1=0000021C D2=0000021C A0=0000D2D8 A1=000176BC nib=68973
T $06816A  move.l  D0, D1                               D0=000000BC D1=0000021C D2=0000021C A0=0000D2D8 A1=000176BC nib=68973
T $06816C  movea.l A2, A3                               D0=000000BC D1=000000BC D2=0000021C A0=0000D2D8 A1=000176BC nib=68973
T $06816E  moveq   #$0, D3                              D0=000000BC D1=000000BC D2=0000021C A0=0000D2D8 A1=000176BC nib=68973
T $068170  cmp.l   D1, D3                               D0=000000BC D1=000000BC D2=0000021C A0=0000D2D8 A1=000176BC nib=68973
T $068172  bcc     $681bc                               D0=000000BC D1=000000BC D2=0000021C A0=0000D2D8 A1=000176BC nib=68973
T $068174  cmpa.l  (A6), A3                             D0=000000BC D1=000000BC D2=0000021C A0=0000D2D8 A1=000176BC nib=68973
T $068176  bcc     $681bc                               D0=000000BC D1=000000BC D2=0000021C A0=0000D2D8 A1=000176BC nib=68973
T $068178  tst.b   (A3)                                 D0=000000BC D1=000000BC D2=0000021C A0=0000D2D8 A1=000176BC nib=68973
T $06817A  beq     $6819c                               D0=000000BC D1=000000BC D2=0000021C A0=0000D2D8 A1=000176BC nib=68973
T $06819C  movea.l A3, A0                               D0=000000BC D1=000000BC D2=0000021C A0=0000D2D8 A1=000176BC nib=68973
T $06819E  move.l  (A0), D0                             D0=000000BC D1=000000BC D2=0000021C A0=0000D0BC A1=000176BC nib=68973
T $0681A0  andi.l  #$ffffff,($30,A6)                    D0=0000021C D1=000000BC D2=0000021C A0=0000D0BC A1=000176BC nib=68973
T $0681A8  cmpa.l  ($30,A6), A0                         D0=0000021C D1=000000BC D2=0000021C A0=0000D0BC A1=000176BC nib=68973
T $0681AC  bne     $681b6                               D0=0000021C D1=000000BC D2=0000021C A0=0000D0BC A1=000176BC nib=68973
T $0681AE  and.l   $31a.w, D0                           D0=0000021C D1=000000BC D2=0000021C A0=0000D0BC A1=000176BC nib=68973
T $0681B2  add.l   D0, ($30,A6)                         D0=0000021C D1=000000BC D2=0000021C A0=0000D0BC A1=000176BC nib=68973
T $0681B6  add.l   D0, D3                               D0=0000021C D1=000000BC D2=0000021C A0=0000D0BC A1=000176BC nib=68973
T $0681B8  adda.l  D0, A3                               D0=0000021C D1=000000BC D2=0000021C A0=0000D0BC A1=000176BC nib=68973
T $0681BA  bra     $68170                               D0=0000021C D1=000000BC D2=0000021C A0=0000D0BC A1=000176BC nib=68973
T $068170  cmp.l   D1, D3                               D0=0000021C D1=000000BC D2=0000021C A0=0000D0BC A1=000176BC nib=68973
T $068172  bcc     $681bc                               D0=0000021C D1=000000BC D2=0000021C A0=0000D0BC A1=000176BC nib=68973
T $0681BC  and.l   $31a.w, D3                           D0=0000021C D1=000000BC D2=0000021C A0=0000D0BC A1=000176BC nib=68973
T $0681C0  beq     $681c4                               D0=0000021C D1=000000BC D2=0000021C A0=0000D0BC A1=000176BC nib=68973
T $0681C2  move.l  D3, (A2)                             D0=0000021C D1=000000BC D2=0000021C A0=0000D0BC A1=000176BC nib=68973
T $0681C4  cmp.l   D1, D3                               D0=0000021C D1=000000BC D2=0000021C A0=0000D0BC A1=000176BC nib=68973
T $0681C6  bcc     $681ca                               D0=0000021C D1=000000BC D2=0000021C A0=0000D0BC A1=000176BC nib=68973
T $0681CA  move.l  A2, ($30,A6)                         D0=0000021C D1=000000BC D2=0000021C A0=0000D0BC A1=000176BC nib=68973
T $0681CE  movem.l (A7)+, D0-D3/A0-A1/A3                D0=0000021C D1=000000BC D2=0000021C A0=0000D0BC A1=000176BC nib=68973
T $0681D2  rts                                          D0=000000BC D1=0000021C D2=0000021C A0=0000D2D8 A1=000176BC nib=68973
T $068118  move.l  A2, D2                               D0=000000BC D1=0000021C D2=0000021C A0=0000D2D8 A1=000176BC nib=68973
T $06811A  bne     $68142                               D0=000000BC D1=0000021C D2=0000D0BC A0=0000D2D8 A1=000176BC nib=68973
T $068142  move.l  A2, D2                               D0=000000BC D1=0000021C D2=0000D0BC A0=0000D2D8 A1=000176BC nib=68973
T $068144  bne     $68160                               D0=000000BC D1=0000021C D2=0000D0BC A0=0000D2D8 A1=000176BC nib=68973
T $068160  movem.l (A7)+, D0-D4/A0-A1/A3-A4             D0=000000BC D1=0000021C D2=0000D0BC A0=0000D2D8 A1=000176BC nib=68973
T $068164  rts                                          D0=000000B2 D1=0000A71E D2=000000B2 A0=000003A4 A1=00000000 nib=68973
T $0680B2  jmp     $40a0d372.l                          D0=000000B2 D1=0000A71E D2=000000B2 A0=000003A4 A1=00000000 nib=68973
T $A0D372  bsr     $a0e1e6                              D0=000000B2 D1=0000A71E D2=000000B2 A0=000003A4 A1=00000000 nib=68973
T $A0E1E6  movem.l D0-D5, -(A7)                         D0=000000B2 D1=0000A71E D2=000000B2 A0=000003A4 A1=00000000 nib=68973
T $A0E1EA  move.l  D0, D4                               D0=000000B2 D1=0000A71E D2=000000B2 A0=000003A4 A1=00000000 nib=68973
T $A0E1EC  bsr     $a0e58e                              D0=000000B2 D1=0000A71E D2=000000B2 A0=000003A4 A1=00000000 nib=68973
T $A0E58E  addq.l  #$8, D0                              D0=000000B2 D1=0000A71E D2=000000B2 A0=000003A4 A1=00000000 nib=68973
T $A0E590  addq.l  #$3, D0                              D0=000000BA D1=0000A71E D2=000000B2 A0=000003A4 A1=00000000 nib=68973
T $A0E592  andi.w  #-$4, D0                             D0=000000BD D1=0000A71E D2=000000B2 A0=000003A4 A1=00000000 nib=68973
T $A0E596  cmpi.l  #$c, D0                              D0=000000BC D1=0000A71E D2=000000B2 A0=000003A4 A1=00000000 nib=68973
T $A0E59C  bcc     $a0e5a0                              D0=000000BC D1=0000A71E D2=000000B2 A0=000003A4 A1=00000000 nib=68973
T $A0E5A0  rts                                          D0=000000BC D1=0000A71E D2=000000B2 A0=000003A4 A1=00000000 nib=68973
T $A0E1F0  bsr     $a0e128                              D0=000000BC D1=0000A71E D2=000000B2 A0=000003A4 A1=00000000 nib=68973
T $A0E128  movem.l D1-D2/A1-A2, -(A7)                   D0=000000BC D1=0000A71E D2=000000B2 A0=000003A4 A1=00000000 nib=68973
T $A0E12C  move.l  $31a.w, D2                           D0=000000BC D1=0000A71E D2=000000B2 A0=000003A4 A1=00000000 nib=68973
T $A0E130  lea     ($30,A6), A2                         D0=000000BC D1=0000A71E D2=00FFFFFF A0=000003A4 A1=00000000 nib=68973
T $A0E134  btst    #$5, ($16,A6)                        D0=000000BC D1=0000A71E D2=00FFFFFF A0=000003A4 A1=00000000 nib=68973
T $A0E13A  beq     $a0e13e                              D0=000000BC D1=0000A71E D2=00FFFFFF A0=000003A4 A1=00000000 nib=68973
T $A0E13E  move.l  (A2), D1                             D0=000000BC D1=0000A71E D2=00FFFFFF A0=000003A4 A1=00000000 nib=68973
T $A0E140  movea.l D1, A1                               D0=000000BC D1=0000D0BC D2=00FFFFFF A0=000003A4 A1=00000000 nib=68973
T $A0E142  bne     $a0e148                              D0=000000BC D1=0000D0BC D2=00FFFFFF A0=000003A4 A1=0000D0BC nib=68973
T $A0E148  cmpa.l  (A6), A1                             D0=000000BC D1=0000D0BC D2=00FFFFFF A0=000003A4 A1=0000D0BC nib=68973
T $A0E14A  bcc     $a0e172                              D0=000000BC D1=0000D0BC D2=00FFFFFF A0=000003A4 A1=0000D0BC nib=68973
T $A0E14C  move.l  (A1), D1                             D0=000000BC D1=0000D0BC D2=00FFFFFF A0=000003A4 A1=0000D0BC nib=68973
T $A0E14E  tst.b   (A1)                                 D0=000000BC D1=0000021C D2=00FFFFFF A0=000003A4 A1=0000D0BC nib=68973
T $A0E150  beq     $a0e158                              D0=000000BC D1=0000021C D2=00FFFFFF A0=000003A4 A1=0000D0BC nib=68973
T $A0E158  movea.l A1, A0                               D0=000000BC D1=0000021C D2=00FFFFFF A0=000003A4 A1=0000D0BC nib=68973
T $A0E15A  adda.l  D1, A0                               D0=000000BC D1=0000021C D2=00FFFFFF A0=0000D0BC A1=0000D0BC nib=68973
T $A0E15C  tst.b   (A0)                                 D0=000000BC D1=0000021C D2=00FFFFFF A0=0000D2D8 A1=0000D0BC nib=68973
T $A0E15E  bne     $a0e16a                              D0=000000BC D1=0000021C D2=00FFFFFF A0=0000D2D8 A1=0000D0BC nib=68973
T $A0E16A  cmp.l   D0, D1                               D0=000000BC D1=0000021C D2=00FFFFFF A0=0000D2D8 A1=0000D0BC nib=68973
T $A0E16C  bcs     $a0e152                              D0=000000BC D1=0000021C D2=00FFFFFF A0=0000D2D8 A1=0000D0BC nib=68973
T $A0E16E  movea.l A1, A0                               D0=000000BC D1=0000021C D2=00FFFFFF A0=0000D2D8 A1=0000D0BC nib=68973
T $A0E170  bra     $a0e17c                              D0=000000BC D1=0000021C D2=00FFFFFF A0=0000D0BC A1=0000D0BC nib=68973
T $A0E17C  move.l  A0, (A2)                             D0=000000BC D1=0000021C D2=00FFFFFF A0=0000D0BC A1=0000D0BC nib=68973
T $A0E17E  movem.l (A7)+, D1-D2/A1-A2                   D0=000000BC D1=0000021C D2=00FFFFFF A0=0000D0BC A1=0000D0BC nib=68973
T $A0E182  rts                                          D0=000000BC D1=0000A71E D2=000000B2 A0=0000D0BC A1=00000000 nib=68973
T $A0E1F4  bne     $a0e202                              D0=000000BC D1=0000A71E D2=000000B2 A0=0000D0BC A1=00000000 nib=68973
T $A0E202  move.l  D0, D2                               D0=000000BC D1=0000A71E D2=000000B2 A0=0000D0BC A1=00000000 nib=68973
T $A0E204  move.l  (A0), D0                             D0=000000BC D1=0000A71E D2=000000BC A0=0000D0BC A1=00000000 nib=68973
T $A0E206  move.l  A1, D5                               D0=0000021C D1=0000A71E D2=000000BC A0=0000D0BC A1=00000000 nib=68973
T $A0E208  beq     $a0e212                              D0=0000021C D1=0000A71E D2=000000BC A0=0000D0BC A1=00000000 nib=68973
T $A0E212  move.l  A6, D5                               D0=0000021C D1=0000A71E D2=000000BC A0=0000D0BC A1=00000000 nib=68973
T $A0E214  moveq   #$1, D1                              D0=0000021C D1=0000A71E D2=000000BC A0=0000D0BC A1=00000000 nib=68973
T $A0E216  moveq   #$0, D3                              D0=0000021C D1=00000001 D2=000000BC A0=0000D0BC A1=00000000 nib=68973
T $A0E218  bsr     $a0e2b6                              D0=0000021C D1=00000001 D2=000000BC A0=0000D0BC A1=00000000 nib=68973
T $A0E2B6  movem.l D0-D2/D4/A1, -(A7)                   D0=0000021C D1=00000001 D2=000000BC A0=0000D0BC A1=00000000 nib=68973
T $A0E2BA  move.l  D0, D4                               D0=0000021C D1=00000001 D2=000000BC A0=0000D0BC A1=00000000 nib=68973
T $A0E2BC  sub.l   D2, D0                               D0=0000021C D1=00000001 D2=000000BC A0=0000D0BC A1=00000000 nib=68973
T $A0E2BE  movea.l A0, A1                               D0=00000160 D1=00000001 D2=000000BC A0=0000D0BC A1=00000000 nib=68973
T $A0E2C0  cmpi.l  #$c, D0                              D0=00000160 D1=00000001 D2=000000BC A0=0000D0BC A1=0000D0BC nib=68973
T $A0E2C6  bcs     $a0e2de                              D0=00000160 D1=00000001 D2=000000BC A0=0000D0BC A1=0000D0BC nib=68973
T $A0E2C8  tst.w   D3                                   D0=00000160 D1=00000001 D2=000000BC A0=0000D0BC A1=0000D0BC nib=68973
T $A0E2CA  beq     $a0e2d6                              D0=00000160 D1=00000001 D2=000000BC A0=0000D0BC A1=0000D0BC nib=68973
T $A0E2D6  adda.l  D2, A0                               D0=00000160 D1=00000001 D2=000000BC A0=0000D0BC A1=0000D0BC nib=68973
T $A0E2D8  bsr     $a0ddee                              D0=00000160 D1=00000001 D2=000000BC A0=0000D178 A1=0000D0BC nib=68973
T $A0DDEE  move.l  D0, (A0)                             D0=00000160 D1=00000001 D2=000000BC A0=0000D178 A1=0000D0BC nib=68973
T $A0DDF0  clr.b   (A0)                                 D0=00000160 D1=00000001 D2=000000BC A0=0000D178 A1=0000D0BC nib=68973
T $A0DDF2  rts                                          D0=00000160 D1=00000001 D2=000000BC A0=0000D178 A1=0000D0BC nib=68973
T $A0E2DC  bra     $a0e2e0                              D0=00000160 D1=00000001 D2=000000BC A0=0000D178 A1=0000D0BC nib=68973
T $A0E2E0  move.l  D2, D0                               D0=00000160 D1=00000001 D2=000000BC A0=0000D178 A1=0000D0BC nib=68973
T $A0E2E2  bsr     $a0e92a                              D0=000000BC D1=00000001 D2=000000BC A0=0000D178 A1=0000D0BC nib=68973
T $A0E92A  sub.l   D0, ($c,A6)                          D0=000000BC D1=00000001 D2=000000BC A0=0000D178 A1=0000D0BC nib=68973
T $A0E92E  bcs     $a0e932                              D0=000000BC D1=00000001 D2=000000BC A0=0000D178 A1=0000D0BC nib=68973
T $A0E930  rts                                          D0=000000BC D1=00000001 D2=000000BC A0=0000D178 A1=0000D0BC nib=68973
T $A0E2E6  movea.l A1, A0                               D0=000000BC D1=00000001 D2=000000BC A0=0000D178 A1=0000D0BC nib=68973
T $A0E2E8  ror.l   #2, D1                               D0=000000BC D1=00000001 D2=000000BC A0=0000D0BC A1=0000D0BC nib=68973
T $A0E2EA  add.l   D2, D1                               D0=000000BC D1=40000000 D2=000000BC A0=0000D0BC A1=0000D0BC nib=68973
T $A0E2EC  move.l  D1, (A0)                             D0=000000BC D1=400000BC D2=000000BC A0=0000D0BC A1=0000D0BC nib=68973
T $A0E2EE  movem.l (A7)+, D0-D2/D4/A1                   D0=000000BC D1=400000BC D2=000000BC A0=0000D0BC A1=0000D0BC nib=68973
T $A0E2F2  rts                                          D0=0000021C D1=00000001 D2=000000BC A0=0000D0BC A1=00000000 nib=68973
T $A0E21C  move.l  D5, ($4,A0)                          D0=0000021C D1=00000001 D2=000000BC A0=0000D0BC A1=00000000 nib=68973
T $A0E220  move.l  D4, D0                               D0=0000021C D1=00000001 D2=000000BC A0=0000D0BC A1=00000000 nib=68973
T $A0E222  bsr     $a0e286                              D0=000000B2 D1=00000001 D2=000000BC A0=0000D0BC A1=00000000 nib=68973
T $A0E286  move.l  D1, -(A7)                            D0=000000B2 D1=00000001 D2=000000BC A0=0000D0BC A1=00000000 nib=68973
T $A0E288  move.l  (A0), D1                             D0=000000B2 D1=00000001 D2=000000BC A0=0000D0BC A1=00000000 nib=68973
T $A0E28A  and.l   $31a.w, D1                           D0=000000B2 D1=400000BC D2=000000BC A0=0000D0BC A1=00000000 nib=68973
T $A0E28E  subq.l  #$8, D1                              D0=000000B2 D1=000000BC D2=000000BC A0=0000D0BC A1=00000000 nib=68973
T $A0E290  sub.l   D0, D1                               D0=000000B2 D1=000000B4 D2=000000BC A0=0000D0BC A1=00000000 nib=68973
T $A0E292  andi.b  #$f, D1                              D0=000000B2 D1=00000002 D2=000000BC A0=0000D0BC A1=00000000 nib=68973
T $A0E296  andi.b  #-$40,(A0)                           D0=000000B2 D1=00000002 D2=000000BC A0=0000D0BC A1=00000000 nib=68973
T $A0E29A  or.b    D1, (A0)                             D0=000000B2 D1=00000002 D2=000000BC A0=0000D0BC A1=00000000 nib=68973
T $A0E29C  move.l  (A7)+, D1                            D0=000000B2 D1=00000002 D2=000000BC A0=0000D0BC A1=00000000 nib=68973
T $A0E29E  rts                                          D0=000000B2 D1=00000001 D2=000000BC A0=0000D0BC A1=00000000 nib=68973
T $A0E224  addq.l  #$8, A0                              D0=000000B2 D1=00000001 D2=000000BC A0=0000D0BC A1=00000000 nib=68973
T $A0E226  move.l  A1, D5                               D0=000000B2 D1=00000001 D2=000000BC A0=0000D0C4 A1=00000000 nib=68973
T $A0E228  beq     $a0e22c                              D0=000000B2 D1=00000001 D2=000000BC A0=0000D0C4 A1=00000000 nib=68973
T $A0E22C  move.l  A0, D0                               D0=000000B2 D1=00000001 D2=000000BC A0=0000D0C4 A1=00000000 nib=68973
T $A0E22E  movem.l (A7)+, D0-D5                         D0=0000D0C4 D1=00000001 D2=000000BC A0=0000D0C4 A1=00000000 nib=68973
T $A0E232  rts                                          D0=000000B2 D1=0000A71E D2=000000B2 A0=0000D0C4 A1=00000000 nib=68973
T $A0D376  beq     $a0d380                              D0=000000B2 D1=0000A71E D2=000000B2 A0=0000D0C4 A1=00000000 nib=68973
T $A0D378  bsr     $a0d40c                              D0=000000B2 D1=0000A71E D2=000000B2 A0=0000D0C4 A1=00000000 nib=68973
T $A0D40C  btst    #$9, D1                              D0=000000B2 D1=0000A71E D2=000000B2 A0=0000D0C4 A1=00000000 nib=68973
T $A0D410  beq     $a0d420                              D0=000000B2 D1=0000A71E D2=000000B2 A0=0000D0C4 A1=00000000 nib=68973
T $A0D412  move.l  A0, -(A7)                            D0=000000B2 D1=0000A71E D2=000000B2 A0=0000D0C4 A1=00000000 nib=68973
T $A0D414  addq.l  #$1, D0                              D0=000000B2 D1=0000A71E D2=000000B2 A0=0000D0C4 A1=00000000 nib=68973
T $A0D416  lsr.l   #1, D0                               D0=000000B3 D1=0000A71E D2=000000B2 A0=0000D0C4 A1=00000000 nib=68973
T $A0D418  clr.w   (A0)+                                D0=00000059 D1=0000A71E D2=000000B2 A0=0000D0C4 A1=00000000 nib=68973
T $A0D41A  subq.l  #$1, D0                              D0=00000059 D1=0000A71E D2=000000B2 A0=0000D0C6 A1=00000000 nib=68973
T $A0D41C  bgt     $a0d418                              D0=00000058 D1=0000A71E D2=000000B2 A0=0000D0C6 A1=00000000 nib=68973
T $A0D418  clr.w   (A0)+                                D0=00000058 D1=0000A71E D2=000000B2 A0=0000D0C6 A1=00000000 nib=68973
T $A0D41A  subq.l  #$1, D0                              D0=00000058 D1=0000A71E D2=000000B2 A0=0000D0C8 A1=00000000 nib=68973
T $A0D41C  bgt     $a0d418                              D0=00000057 D1=0000A71E D2=000000B2 A0=0000D0C8 A1=00000000 nib=68973
T $A0D418  clr.w   (A0)+                                D0=00000057 D1=0000A71E D2=000000B2 A0=0000D0C8 A1=00000000 nib=68973
T $A0D41A  subq.l  #$1, D0                              D0=00000057 D1=0000A71E D2=000000B2 A0=0000D0CA A1=00000000 nib=68973
T $A0D41C  bgt     $a0d418                              D0=00000056 D1=0000A71E D2=000000B2 A0=0000D0CA A1=00000000 nib=68973
T $A0D418  clr.w   (A0)+                                D0=00000056 D1=0000A71E D2=000000B2 A0=0000D0CA A1=00000000 nib=68973
T $A0D41A  subq.l  #$1, D0                              D0=00000056 D1=0000A71E D2=000000B2 A0=0000D0CC A1=00000000 nib=68973
T $A0D41C  bgt     $a0d418                              D0=00000055 D1=0000A71E D2=000000B2 A0=0000D0CC A1=00000000 nib=68973
T $A0D418  clr.w   (A0)+                                D0=00000055 D1=0000A71E D2=000000B2 A0=0000D0CC A1=00000000 nib=68973
T $A0D41A  subq.l  #$1, D0                              D0=00000055 D1=0000A71E D2=000000B2 A0=0000D0CE A1=00000000 nib=68973
T $A0D41C  bgt     $a0d418                              D0=00000054 D1=0000A71E D2=000000B2 A0=0000D0CE A1=00000000 nib=68973
T $A0D418  clr.w   (A0)+                                D0=00000054 D1=0000A71E D2=000000B2 A0=0000D0CE A1=00000000 nib=68973
T $A0D41A  subq.l  #$1, D0                              D0=00000054 D1=0000A71E D2=000000B2 A0=0000D0D0 A1=00000000 nib=68973
T $A0D41C  bgt     $a0d418                              D0=00000053 D1=0000A71E D2=000000B2 A0=0000D0D0 A1=00000000 nib=68973
T $A0D418  clr.w   (A0)+                                D0=00000053 D1=0000A71E D2=000000B2 A0=0000D0D0 A1=00000000 nib=68973
T $A0D41A  subq.l  #$1, D0                              D0=00000053 D1=0000A71E D2=000000B2 A0=0000D0D2 A1=00000000 nib=68973
T $A0D41C  bgt     $a0d418                              D0=00000052 D1=0000A71E D2=000000B2 A0=0000D0D2 A1=00000000 nib=68973
T $A0D418  clr.w   (A0)+                                D0=00000052 D1=0000A71E D2=000000B2 A0=0000D0D2 A1=00000000 nib=68973
T $A0D41A  subq.l  #$1, D0                              D0=00000052 D1=0000A71E D2=000000B2 A0=0000D0D4 A1=00000000 nib=68973
T $A0D41C  bgt     $a0d418                              D0=00000051 D1=0000A71E D2=000000B2 A0=0000D0D4 A1=00000000 nib=68973
T $A0D418  clr.w   (A0)+                                D0=00000051 D1=0000A71E D2=000000B2 A0=0000D0D4 A1=00000000 nib=68973
T $A0D41A  subq.l  #$1, D0                              D0=00000051 D1=0000A71E D2=000000B2 A0=0000D0D6 A1=00000000 nib=68973
T $A0D41C  bgt     $a0d418                              D0=00000050 D1=0000A71E D2=000000B2 A0=0000D0D6 A1=00000000 nib=68973
T $A0D418  clr.w   (A0)+                                D0=00000050 D1=0000A71E D2=000000B2 A0=0000D0D6 A1=00000000 nib=68973
T $A0D41A  subq.l  #$1, D0                              D0=00000050 D1=0000A71E D2=000000B2 A0=0000D0D8 A1=00000000 nib=68973
T $A0D41C  bgt     $a0d418                              D0=0000004F D1=0000A71E D2=000000B2 A0=0000D0D8 A1=00000000 nib=68973
T $A0D418  clr.w   (A0)+                                D0=0000004F D1=0000A71E D2=000000B2 A0=0000D0D8 A1=00000000 nib=68973
T $A0D41A  subq.l  #$1, D0                              D0=0000004F D1=0000A71E D2=000000B2 A0=0000D0DA A1=00000000 nib=68973
T $A0D41C  bgt     $a0d418                              D0=0000004E D1=0000A71E D2=000000B2 A0=0000D0DA A1=00000000 nib=68973
T $A0D418  clr.w   (A0)+                                D0=0000004E D1=0000A71E D2=000000B2 A0=0000D0DA A1=00000000 nib=68973
T $A0D41A  subq.l  #$1, D0                              D0=0000004E D1=0000A71E D2=000000B2 A0=0000D0DC A1=00000000 nib=68973
T $A0D41C  bgt     $a0d418                              D0=0000004D D1=0000A71E D2=000000B2 A0=0000D0DC A1=00000000 nib=68973
T $A0D418  clr.w   (A0)+                                D0=0000004D D1=0000A71E D2=000000B2 A0=0000D0DC A1=00000000 nib=68973
T $A0D41A  subq.l  #$1, D0                              D0=0000004D D1=0000A71E D2=000000B2 A0=0000D0DE A1=00000000 nib=68973
T $A0D41C  bgt     $a0d418                              D0=0000004C D1=0000A71E D2=000000B2 A0=0000D0DE A1=00000000 nib=68973
T $A0D418  clr.w   (A0)+                                D0=0000004C D1=0000A71E D2=000000B2 A0=0000D0DE A1=00000000 nib=68973
T $A0D41A  subq.l  #$1, D0                              D0=0000004C D1=0000A71E D2=000000B2 A0=0000D0E0 A1=00000000 nib=68973
T $A0D41C  bgt     $a0d418                              D0=0000004B D1=0000A71E D2=000000B2 A0=0000D0E0 A1=00000000 nib=68973
T $A0D418  clr.w   (A0)+                                D0=0000004B D1=0000A71E D2=000000B2 A0=0000D0E0 A1=00000000 nib=68973
T $A0D41A  subq.l  #$1, D0                              D0=0000004B D1=0000A71E D2=000000B2 A0=0000D0E2 A1=00000000 nib=68973
T $A0D41C  bgt     $a0d418                              D0=0000004A D1=0000A71E D2=000000B2 A0=0000D0E2 A1=00000000 nib=68973
T $A0D418  clr.w   (A0)+                                D0=0000004A D1=0000A71E D2=000000B2 A0=0000D0E2 A1=00000000 nib=68973
T $A0D41A  subq.l  #$1, D0                              D0=0000004A D1=0000A71E D2=000000B2 A0=0000D0E4 A1=00000000 nib=68973
T $A0D41C  bgt     $a0d418                              D0=00000049 D1=0000A71E D2=000000B2 A0=0000D0E4 A1=00000000 nib=68973
T $A0D418  clr.w   (A0)+                                D0=00000049 D1=0000A71E D2=000000B2 A0=0000D0E4 A1=00000000 nib=68973
T $A0D41A  subq.l  #$1, D0                              D0=00000049 D1=0000A71E D2=000000B2 A0=0000D0E6 A1=00000000 nib=68973
T $A0D41C  bgt     $a0d418                              D0=00000048 D1=0000A71E D2=000000B2 A0=0000D0E6 A1=00000000 nib=68973
T $A0D418  clr.w   (A0)+                                D0=00000048 D1=0000A71E D2=000000B2 A0=0000D0E6 A1=00000000 nib=68973
T $A0D41A  subq.l  #$1, D0                              D0=00000048 D1=0000A71E D2=000000B2 A0=0000D0E8 A1=00000000 nib=68973
T $A0D41C  bgt     $a0d418                              D0=00000047 D1=0000A71E D2=000000B2 A0=0000D0E8 A1=00000000 nib=68973
T $A0D418  clr.w   (A0)+                                D0=00000047 D1=0000A71E D2=000000B2 A0=0000D0E8 A1=00000000 nib=68973
T $A0D41A  subq.l  #$1, D0                              D0=00000047 D1=0000A71E D2=000000B2 A0=0000D0EA A1=00000000 nib=68973
T $A0D41C  bgt     $a0d418                              D0=00000046 D1=0000A71E D2=000000B2 A0=0000D0EA A1=00000000 nib=68973
T $A0D418  clr.w   (A0)+                                D0=00000046 D1=0000A71E D2=000000B2 A0=0000D0EA A1=00000000 nib=68973
T $A0D41A  subq.l  #$1, D0                              D0=00000046 D1=0000A71E D2=000000B2 A0=0000D0EC A1=00000000 nib=68973
T $A0D41C  bgt     $a0d418                              D0=00000045 D1=0000A71E D2=000000B2 A0=0000D0EC A1=00000000 nib=68973
T $A0D418  clr.w   (A0)+                                D0=00000045 D1=0000A71E D2=000000B2 A0=0000D0EC A1=00000000 nib=68973
T $A0D41A  subq.l  #$1, D0                              D0=00000045 D1=0000A71E D2=000000B2 A0=0000D0EE A1=00000000 nib=68973
T $A0D41C  bgt     $a0d418                              D0=00000044 D1=0000A71E D2=000000B2 A0=0000D0EE A1=00000000 nib=68973
T $A0D418  clr.w   (A0)+                                D0=00000044 D1=0000A71E D2=000000B2 A0=0000D0EE A1=00000000 nib=68973
T $A0D41A  subq.l  #$1, D0                              D0=00000044 D1=0000A71E D2=000000B2 A0=0000D0F0 A1=00000000 nib=68973
T $A0D41C  bgt     $a0d418                              D0=00000043 D1=0000A71E D2=000000B2 A0=0000D0F0 A1=00000000 nib=68973
T $A0D418  clr.w   (A0)+                                D0=00000043 D1=0000A71E D2=000000B2 A0=0000D0F0 A1=00000000 nib=68973
T $A0D41A  subq.l  #$1, D0                              D0=00000043 D1=0000A71E D2=000000B2 A0=0000D0F2 A1=00000000 nib=68973
T $A0D41C  bgt     $a0d418                              D0=00000042 D1=0000A71E D2=000000B2 A0=0000D0F2 A1=00000000 nib=68973
T $A0D418  clr.w   (A0)+                                D0=00000042 D1=0000A71E D2=000000B2 A0=0000D0F2 A1=00000000 nib=68973
T $A0D41A  subq.l  #$1, D0                              D0=00000042 D1=0000A71E D2=000000B2 A0=0000D0F4 A1=00000000 nib=68973
T $A0D41C  bgt     $a0d418                              D0=00000041 D1=0000A71E D2=000000B2 A0=0000D0F4 A1=00000000 nib=68973
T $A0D418  clr.w   (A0)+                                D0=00000041 D1=0000A71E D2=000000B2 A0=0000D0F4 A1=00000000 nib=68973
T $A0D41A  subq.l  #$1, D0                              D0=00000041 D1=0000A71E D2=000000B2 A0=0000D0F6 A1=00000000 nib=68973
T $A0D41C  bgt     $a0d418                              D0=00000040 D1=0000A71E D2=000000B2 A0=0000D0F6 A1=00000000 nib=68973
T $A0D418  clr.w   (A0)+                                D0=00000040 D1=0000A71E D2=000000B2 A0=0000D0F6 A1=00000000 nib=68973
T $A0D41A  subq.l  #$1, D0                              D0=00000040 D1=0000A71E D2=000000B2 A0=0000D0F8 A1=00000000 nib=68973
T $A0D41C  bgt     $a0d418                              D0=0000003F D1=0000A71E D2=000000B2 A0=0000D0F8 A1=00000000 nib=68973
T $A0D418  clr.w   (A0)+                                D0=0000003F D1=0000A71E D2=000000B2 A0=0000D0F8 A1=00000000 nib=68973
T $A0D41A  subq.l  #$1, D0                              D0=0000003F D1=0000A71E D2=000000B2 A0=0000D0FA A1=00000000 nib=68973
T $A0D41C  bgt     $a0d418                              D0=0000003E D1=0000A71E D2=000000B2 A0=0000D0FA A1=00000000 nib=68973
T $A0D418  clr.w   (A0)+                                D0=0000003E D1=0000A71E D2=000000B2 A0=0000D0FA A1=00000000 nib=68973
T $A0D41A  subq.l  #$1, D0                              D0=0000003E D1=0000A71E D2=000000B2 A0=0000D0FC A1=00000000 nib=68973
T $A0D41C  bgt     $a0d418                              D0=0000003D D1=0000A71E D2=000000B2 A0=0000D0FC A1=00000000 nib=68973
T $A0D418  clr.w   (A0)+                                D0=0000003D D1=0000A71E D2=000000B2 A0=0000D0FC A1=00000000 nib=68973
T $A0D41A  subq.l  #$1, D0                              D0=0000003D D1=0000A71E D2=000000B2 A0=0000D0FE A1=00000000 nib=68973
T $A0D41C  bgt     $a0d418                              D0=0000003C D1=0000A71E D2=000000B2 A0=0000D0FE A1=00000000 nib=68973
T $A0D418  clr.w   (A0)+                                D0=0000003C D1=0000A71E D2=000000B2 A0=0000D0FE A1=00000000 nib=68973
T $A0D41A  subq.l  #$1, D0                              D0=0000003C D1=0000A71E D2=000000B2 A0=0000D100 A1=00000000 nib=68973
T $A0D41C  bgt     $a0d418                              D0=0000003B D1=0000A71E D2=000000B2 A0=0000D100 A1=00000000 nib=68973
T $A0D418  clr.w   (A0)+                                D0=0000003B D1=0000A71E D2=000000B2 A0=0000D100 A1=00000000 nib=68973
T $A0D41A  subq.l  #$1, D0                              D0=0000003B D1=0000A71E D2=000000B2 A0=0000D102 A1=00000000 nib=68973
T $A0D41C  bgt     $a0d418                              D0=0000003A D1=0000A71E D2=000000B2 A0=0000D102 A1=00000000 nib=68973
T $A0D418  clr.w   (A0)+                                D0=0000003A D1=0000A71E D2=000000B2 A0=0000D102 A1=00000000 nib=68973
T $A0D41A  subq.l  #$1, D0                              D0=0000003A D1=0000A71E D2=000000B2 A0=0000D104 A1=00000000 nib=68973
T $A0D41C  bgt     $a0d418                              D0=00000039 D1=0000A71E D2=000000B2 A0=0000D104 A1=00000000 nib=68973
T $A0D418  clr.w   (A0)+                                D0=00000039 D1=0000A71E D2=000000B2 A0=0000D104 A1=00000000 nib=68973
T $A0D41A  subq.l  #$1, D0                              D0=00000039 D1=0000A71E D2=000000B2 A0=0000D106 A1=00000000 nib=68973
T $A0D41C  bgt     $a0d418                              D0=00000038 D1=0000A71E D2=000000B2 A0=0000D106 A1=00000000 nib=68973
T $A0D418  clr.w   (A0)+                                D0=00000038 D1=0000A71E D2=000000B2 A0=0000D106 A1=00000000 nib=68973
T $A0D41A  subq.l  #$1, D0                              D0=00000038 D1=0000A71E D2=000000B2 A0=0000D108 A1=00000000 nib=68973
T $A0D41C  bgt     $a0d418                              D0=00000037 D1=0000A71E D2=000000B2 A0=0000D108 A1=00000000 nib=68973
T $A0D418  clr.w   (A0)+                                D0=00000037 D1=0000A71E D2=000000B2 A0=0000D108 A1=00000000 nib=68973
T $A0D41A  subq.l  #$1, D0                              D0=00000037 D1=0000A71E D2=000000B2 A0=0000D10A A1=00000000 nib=68973
T $A0D41C  bgt     $a0d418                              D0=00000036 D1=0000A71E D2=000000B2 A0=0000D10A A1=00000000 nib=68973
T $A0D418  clr.w   (A0)+                                D0=00000036 D1=0000A71E D2=000000B2 A0=0000D10A A1=00000000 nib=68973
T $A0D41A  subq.l  #$1, D0                              D0=00000036 D1=0000A71E D2=000000B2 A0=0000D10C A1=00000000 nib=68973
T $A0D41C  bgt     $a0d418                              D0=00000035 D1=0000A71E D2=000000B2 A0=0000D10C A1=00000000 nib=68973
T $A0D418  clr.w   (A0)+                                D0=00000035 D1=0000A71E D2=000000B2 A0=0000D10C A1=00000000 nib=68973
T $A0D41A  subq.l  #$1, D0                              D0=00000035 D1=0000A71E D2=000000B2 A0=0000D10E A1=00000000 nib=68973
T $A0D41C  bgt     $a0d418                              D0=00000034 D1=0000A71E D2=000000B2 A0=0000D10E A1=00000000 nib=68973
T $A0D418  clr.w   (A0)+                                D0=00000034 D1=0000A71E D2=000000B2 A0=0000D10E A1=00000000 nib=68973
T $A0D41A  subq.l  #$1, D0                              D0=00000034 D1=0000A71E D2=000000B2 A0=0000D110 A1=00000000 nib=68973
T $A0D41C  bgt     $a0d418                              D0=00000033 D1=0000A71E D2=000000B2 A0=0000D110 A1=00000000 nib=68973
T $A0D418  clr.w   (A0)+                                D0=00000033 D1=0000A71E D2=000000B2 A0=0000D110 A1=00000000 nib=68973
T $A0D41A  subq.l  #$1, D0                              D0=00000033 D1=0000A71E D2=000000B2 A0=0000D112 A1=00000000 nib=68973
T $A0D41C  bgt     $a0d418                              D0=00000032 D1=0000A71E D2=000000B2 A0=0000D112 A1=00000000 nib=68973
T $A0D418  clr.w   (A0)+                                D0=00000032 D1=0000A71E D2=000000B2 A0=0000D112 A1=00000000 nib=68973
T $A0D41A  subq.l  #$1, D0                              D0=00000032 D1=0000A71E D2=000000B2 A0=0000D114 A1=00000000 nib=68973
T $A0D41C  bgt     $a0d418                              D0=00000031 D1=0000A71E D2=000000B2 A0=0000D114 A1=00000000 nib=68973
T $A0D418  clr.w   (A0)+                                D0=00000031 D1=0000A71E D2=000000B2 A0=0000D114 A1=00000000 nib=68973
T $A0D41A  subq.l  #$1, D0                              D0=00000031 D1=0000A71E D2=000000B2 A0=0000D116 A1=00000000 nib=68973
T $A0D41C  bgt     $a0d418                              D0=00000030 D1=0000A71E D2=000000B2 A0=0000D116 A1=00000000 nib=68973
T $A0D418  clr.w   (A0)+                                D0=00000030 D1=0000A71E D2=000000B2 A0=0000D116 A1=00000000 nib=68973
T $A0D41A  subq.l  #$1, D0                              D0=00000030 D1=0000A71E D2=000000B2 A0=0000D118 A1=00000000 nib=68973
T $A0D41C  bgt     $a0d418                              D0=0000002F D1=0000A71E D2=000000B2 A0=0000D118 A1=00000000 nib=68973
T $A0D418  clr.w   (A0)+                                D0=0000002F D1=0000A71E D2=000000B2 A0=0000D118 A1=00000000 nib=68973
T $A0D41A  subq.l  #$1, D0                              D0=0000002F D1=0000A71E D2=000000B2 A0=0000D11A A1=00000000 nib=68973
T $A0D41C  bgt     $a0d418                              D0=0000002E D1=0000A71E D2=000000B2 A0=0000D11A A1=00000000 nib=68973
T $A0D418  clr.w   (A0)+                                D0=0000002E D1=0000A71E D2=000000B2 A0=0000D11A A1=00000000 nib=68973
T $A0D41A  subq.l  #$1, D0                              D0=0000002E D1=0000A71E D2=000000B2 A0=0000D11C A1=00000000 nib=68973
T $A0D41C  bgt     $a0d418                              D0=0000002D D1=0000A71E D2=000000B2 A0=0000D11C A1=00000000 nib=68973
T $A0D418  clr.w   (A0)+                                D0=0000002D D1=0000A71E D2=000000B2 A0=0000D11C A1=00000000 nib=68973
T $A0D41A  subq.l  #$1, D0                              D0=0000002D D1=0000A71E D2=000000B2 A0=0000D11E A1=00000000 nib=68973
T $A0D41C  bgt     $a0d418                              D0=0000002C D1=0000A71E D2=000000B2 A0=0000D11E A1=00000000 nib=68973
T $A0D418  clr.w   (A0)+                                D0=0000002C D1=0000A71E D2=000000B2 A0=0000D11E A1=00000000 nib=68973
T $A0D41A  subq.l  #$1, D0                              D0=0000002C D1=0000A71E D2=000000B2 A0=0000D120 A1=00000000 nib=68973
T $A0D41C  bgt     $a0d418                              D0=0000002B D1=0000A71E D2=000000B2 A0=0000D120 A1=00000000 nib=68973
T $A0D418  clr.w   (A0)+                                D0=0000002B D1=0000A71E D2=000000B2 A0=0000D120 A1=00000000 nib=68973
T $A0D41A  subq.l  #$1, D0                              D0=0000002B D1=0000A71E D2=000000B2 A0=0000D122 A1=00000000 nib=68973
T $A0D41C  bgt     $a0d418                              D0=0000002A D1=0000A71E D2=000000B2 A0=0000D122 A1=00000000 nib=68973
T $A0D418  clr.w   (A0)+                                D0=0000002A D1=0000A71E D2=000000B2 A0=0000D122 A1=00000000 nib=68973
T $A0D41A  subq.l  #$1, D0                              D0=0000002A D1=0000A71E D2=000000B2 A0=0000D124 A1=00000000 nib=68973
T $A0D41C  bgt     $a0d418                              D0=00000029 D1=0000A71E D2=000000B2 A0=0000D124 A1=00000000 nib=68973
T $A0D418  clr.w   (A0)+                                D0=00000029 D1=0000A71E D2=000000B2 A0=0000D124 A1=00000000 nib=68973
T $A0D41A  subq.l  #$1, D0                              D0=00000029 D1=0000A71E D2=000000B2 A0=0000D126 A1=00000000 nib=68973
T $A0D41C  bgt     $a0d418                              D0=00000028 D1=0000A71E D2=000000B2 A0=0000D126 A1=00000000 nib=68973
T $A0D418  clr.w   (A0)+                                D0=00000028 D1=0000A71E D2=000000B2 A0=0000D126 A1=00000000 nib=68973
T $A0D41A  subq.l  #$1, D0                              D0=00000028 D1=0000A71E D2=000000B2 A0=0000D128 A1=00000000 nib=68973
T $A0D41C  bgt     $a0d418                              D0=00000027 D1=0000A71E D2=000000B2 A0=0000D128 A1=00000000 nib=68973
T $A0D418  clr.w   (A0)+                                D0=00000027 D1=0000A71E D2=000000B2 A0=0000D128 A1=00000000 nib=68973
T $A0D41A  subq.l  #$1, D0                              D0=00000027 D1=0000A71E D2=000000B2 A0=0000D12A A1=00000000 nib=68973
T $A0D41C  bgt     $a0d418                              D0=00000026 D1=0000A71E D2=000000B2 A0=0000D12A A1=00000000 nib=68973
T $A0D418  clr.w   (A0)+                                D0=00000026 D1=0000A71E D2=000000B2 A0=0000D12A A1=00000000 nib=68973
T $A0D41A  subq.l  #$1, D0                              D0=00000026 D1=0000A71E D2=000000B2 A0=0000D12C A1=00000000 nib=68973
T $A0D41C  bgt     $a0d418                              D0=00000025 D1=0000A71E D2=000000B2 A0=0000D12C A1=00000000 nib=68973
T $A0D418  clr.w   (A0)+                                D0=00000025 D1=0000A71E D2=000000B2 A0=0000D12C A1=00000000 nib=68973
T $A0D41A  subq.l  #$1, D0                              D0=00000025 D1=0000A71E D2=000000B2 A0=0000D12E A1=00000000 nib=68973
T $A0D41C  bgt     $a0d418                              D0=00000024 D1=0000A71E D2=000000B2 A0=0000D12E A1=00000000 nib=68973
T $A0D418  clr.w   (A0)+                                D0=00000024 D1=0000A71E D2=000000B2 A0=0000D12E A1=00000000 nib=68973
T $A0D41A  subq.l  #$1, D0                              D0=00000024 D1=0000A71E D2=000000B2 A0=0000D130 A1=00000000 nib=68973
T $A0D41C  bgt     $a0d418                              D0=00000023 D1=0000A71E D2=000000B2 A0=0000D130 A1=00000000 nib=68973
T $A0D418  clr.w   (A0)+                                D0=00000023 D1=0000A71E D2=000000B2 A0=0000D130 A1=00000000 nib=68973
T $A0D41A  subq.l  #$1, D0                              D0=00000023 D1=0000A71E D2=000000B2 A0=0000D132 A1=00000000 nib=68973
T $A0D41C  bgt     $a0d418                              D0=00000022 D1=0000A71E D2=000000B2 A0=0000D132 A1=00000000 nib=68973
T $A0D418  clr.w   (A0)+                                D0=00000022 D1=0000A71E D2=000000B2 A0=0000D132 A1=00000000 nib=68973
T $A0D41A  subq.l  #$1, D0                              D0=00000022 D1=0000A71E D2=000000B2 A0=0000D134 A1=00000000 nib=68973
T $A0D41C  bgt     $a0d418                              D0=00000021 D1=0000A71E D2=000000B2 A0=0000D134 A1=00000000 nib=68973
T $A0D418  clr.w   (A0)+                                D0=00000021 D1=0000A71E D2=000000B2 A0=0000D134 A1=00000000 nib=68973
T $A0D41A  subq.l  #$1, D0                              D0=00000021 D1=0000A71E D2=000000B2 A0=0000D136 A1=00000000 nib=68973
T $A0D41C  bgt     $a0d418                              D0=00000020 D1=0000A71E D2=000000B2 A0=0000D136 A1=00000000 nib=68973
T $A0D418  clr.w   (A0)+                                D0=00000020 D1=0000A71E D2=000000B2 A0=0000D136 A1=00000000 nib=68973
T $A0D41A  subq.l  #$1, D0                              D0=00000020 D1=0000A71E D2=000000B2 A0=0000D138 A1=00000000 nib=68973
T $A0D41C  bgt     $a0d418                              D0=0000001F D1=0000A71E D2=000000B2 A0=0000D138 A1=00000000 nib=68973
T $A0D418  clr.w   (A0)+                                D0=0000001F D1=0000A71E D2=000000B2 A0=0000D138 A1=00000000 nib=68973
T $A0D41A  subq.l  #$1, D0                              D0=0000001F D1=0000A71E D2=000000B2 A0=0000D13A A1=00000000 nib=68973
T $A0D41C  bgt     $a0d418                              D0=0000001E D1=0000A71E D2=000000B2 A0=0000D13A A1=00000000 nib=68973
T $A0D418  clr.w   (A0)+                                D0=0000001E D1=0000A71E D2=000000B2 A0=0000D13A A1=00000000 nib=68973
T $A0D41A  subq.l  #$1, D0                              D0=0000001E D1=0000A71E D2=000000B2 A0=0000D13C A1=00000000 nib=68973
T $A0D41C  bgt     $a0d418                              D0=0000001D D1=0000A71E D2=000000B2 A0=0000D13C A1=00000000 nib=68973
T $A0D418  clr.w   (A0)+                                D0=0000001D D1=0000A71E D2=000000B2 A0=0000D13C A1=00000000 nib=68973
T $A0D41A  subq.l  #$1, D0                              D0=0000001D D1=0000A71E D2=000000B2 A0=0000D13E A1=00000000 nib=68973
T $A0D41C  bgt     $a0d418                              D0=0000001C D1=0000A71E D2=000000B2 A0=0000D13E A1=00000000 nib=68973
T $A0D418  clr.w   (A0)+                                D0=0000001C D1=0000A71E D2=000000B2 A0=0000D13E A1=00000000 nib=68973
T $A0D41A  subq.l  #$1, D0                              D0=0000001C D1=0000A71E D2=000000B2 A0=0000D140 A1=00000000 nib=68973
T $A0D41C  bgt     $a0d418                              D0=0000001B D1=0000A71E D2=000000B2 A0=0000D140 A1=00000000 nib=68973
T $A0D418  clr.w   (A0)+                                D0=0000001B D1=0000A71E D2=000000B2 A0=0000D140 A1=00000000 nib=68973
T $A0D41A  subq.l  #$1, D0                              D0=0000001B D1=0000A71E D2=000000B2 A0=0000D142 A1=00000000 nib=68973
T $A0D41C  bgt     $a0d418                              D0=0000001A D1=0000A71E D2=000000B2 A0=0000D142 A1=00000000 nib=68973
T $A0D418  clr.w   (A0)+                                D0=0000001A D1=0000A71E D2=000000B2 A0=0000D142 A1=00000000 nib=68973
T $A0D41A  subq.l  #$1, D0                              D0=0000001A D1=0000A71E D2=000000B2 A0=0000D144 A1=00000000 nib=68973
T $A0D41C  bgt     $a0d418                              D0=00000019 D1=0000A71E D2=000000B2 A0=0000D144 A1=00000000 nib=68973
T $A0D418  clr.w   (A0)+                                D0=00000019 D1=0000A71E D2=000000B2 A0=0000D144 A1=00000000 nib=68973
T $A0D41A  subq.l  #$1, D0                              D0=00000019 D1=0000A71E D2=000000B2 A0=0000D146 A1=00000000 nib=68973
T $A0D41C  bgt     $a0d418                              D0=00000018 D1=0000A71E D2=000000B2 A0=0000D146 A1=00000000 nib=68973
T $A0D418  clr.w   (A0)+                                D0=00000018 D1=0000A71E D2=000000B2 A0=0000D146 A1=00000000 nib=68973
T $A0D41A  subq.l  #$1, D0                              D0=00000018 D1=0000A71E D2=000000B2 A0=0000D148 A1=00000000 nib=68973
T $A0D41C  bgt     $a0d418                              D0=00000017 D1=0000A71E D2=000000B2 A0=0000D148 A1=00000000 nib=68973
T $A0D418  clr.w   (A0)+                                D0=00000017 D1=0000A71E D2=000000B2 A0=0000D148 A1=00000000 nib=68973
T $A0D41A  subq.l  #$1, D0                              D0=00000017 D1=0000A71E D2=000000B2 A0=0000D14A A1=00000000 nib=68973
T $A0D41C  bgt     $a0d418                              D0=00000016 D1=0000A71E D2=000000B2 A0=0000D14A A1=00000000 nib=68973
T $A0D418  clr.w   (A0)+                                D0=00000016 D1=0000A71E D2=000000B2 A0=0000D14A A1=00000000 nib=68973
T $A0D41A  subq.l  #$1, D0                              D0=00000016 D1=0000A71E D2=000000B2 A0=0000D14C A1=00000000 nib=68973
T $A0D41C  bgt     $a0d418                              D0=00000015 D1=0000A71E D2=000000B2 A0=0000D14C A1=00000000 nib=68973
T $A0D418  clr.w   (A0)+                                D0=00000015 D1=0000A71E D2=000000B2 A0=0000D14C A1=00000000 nib=68973
T $A0D41A  subq.l  #$1, D0                              D0=00000015 D1=0000A71E D2=000000B2 A0=0000D14E A1=00000000 nib=68973
T $A0D41C  bgt     $a0d418                              D0=00000014 D1=0000A71E D2=000000B2 A0=0000D14E A1=00000000 nib=68973
T $A0D418  clr.w   (A0)+                                D0=00000014 D1=0000A71E D2=000000B2 A0=0000D14E A1=00000000 nib=68973
T $A0D41A  subq.l  #$1, D0                              D0=00000014 D1=0000A71E D2=000000B2 A0=0000D150 A1=00000000 nib=68973
T $A0D41C  bgt     $a0d418                              D0=00000013 D1=0000A71E D2=000000B2 A0=0000D150 A1=00000000 nib=68973
T $A0D418  clr.w   (A0)+                                D0=00000013 D1=0000A71E D2=000000B2 A0=0000D150 A1=00000000 nib=68973
T $A0D41A  subq.l  #$1, D0                              D0=00000013 D1=0000A71E D2=000000B2 A0=0000D152 A1=00000000 nib=68973
T $A0D41C  bgt     $a0d418                              D0=00000012 D1=0000A71E D2=000000B2 A0=0000D152 A1=00000000 nib=68973
T $A0D418  clr.w   (A0)+                                D0=00000012 D1=0000A71E D2=000000B2 A0=0000D152 A1=00000000 nib=68973
T $A0D41A  subq.l  #$1, D0                              D0=00000012 D1=0000A71E D2=000000B2 A0=0000D154 A1=00000000 nib=68973
T $A0D41C  bgt     $a0d418                              D0=00000011 D1=0000A71E D2=000000B2 A0=0000D154 A1=00000000 nib=68973
T $A0D418  clr.w   (A0)+                                D0=00000011 D1=0000A71E D2=000000B2 A0=0000D154 A1=00000000 nib=68973
T $A0D41A  subq.l  #$1, D0                              D0=00000011 D1=0000A71E D2=000000B2 A0=0000D156 A1=00000000 nib=68973
T $A0D41C  bgt     $a0d418                              D0=00000010 D1=0000A71E D2=000000B2 A0=0000D156 A1=00000000 nib=68973
T $A0D418  clr.w   (A0)+                                D0=00000010 D1=0000A71E D2=000000B2 A0=0000D156 A1=00000000 nib=68973
T $A0D41A  subq.l  #$1, D0                              D0=00000010 D1=0000A71E D2=000000B2 A0=0000D158 A1=00000000 nib=68973
T $A0D41C  bgt     $a0d418                              D0=0000000F D1=0000A71E D2=000000B2 A0=0000D158 A1=00000000 nib=68973
T $A0D418  clr.w   (A0)+                                D0=0000000F D1=0000A71E D2=000000B2 A0=0000D158 A1=00000000 nib=68973
T $A0D41A  subq.l  #$1, D0                              D0=0000000F D1=0000A71E D2=000000B2 A0=0000D15A A1=00000000 nib=68973
T $A0D41C  bgt     $a0d418                              D0=0000000E D1=0000A71E D2=000000B2 A0=0000D15A A1=00000000 nib=68973
T $A0D418  clr.w   (A0)+                                D0=0000000E D1=0000A71E D2=000000B2 A0=0000D15A A1=00000000 nib=68973
T $A0D41A  subq.l  #$1, D0                              D0=0000000E D1=0000A71E D2=000000B2 A0=0000D15C A1=00000000 nib=68973
T $A0D41C  bgt     $a0d418                              D0=0000000D D1=0000A71E D2=000000B2 A0=0000D15C A1=00000000 nib=68973
T $A0D418  clr.w   (A0)+                                D0=0000000D D1=0000A71E D2=000000B2 A0=0000D15C A1=00000000 nib=68973
T $A0D41A  subq.l  #$1, D0                              D0=0000000D D1=0000A71E D2=000000B2 A0=0000D15E A1=00000000 nib=68973
T $A0D41C  bgt     $a0d418                              D0=0000000C D1=0000A71E D2=000000B2 A0=0000D15E A1=00000000 nib=68973
T $A0D418  clr.w   (A0)+                                D0=0000000C D1=0000A71E D2=000000B2 A0=0000D15E A1=00000000 nib=68973
T $A0D41A  subq.l  #$1, D0                              D0=0000000C D1=0000A71E D2=000000B2 A0=0000D160 A1=00000000 nib=68973
T $A0D41C  bgt     $a0d418                              D0=0000000B D1=0000A71E D2=000000B2 A0=0000D160 A1=00000000 nib=68973
T $A0D418  clr.w   (A0)+                                D0=0000000B D1=0000A71E D2=000000B2 A0=0000D160 A1=00000000 nib=68973
T $A0D41A  subq.l  #$1, D0                              D0=0000000B D1=0000A71E D2=000000B2 A0=0000D162 A1=00000000 nib=68973
T $A0D41C  bgt     $a0d418                              D0=0000000A D1=0000A71E D2=000000B2 A0=0000D162 A1=00000000 nib=68973
T $A0D418  clr.w   (A0)+                                D0=0000000A D1=0000A71E D2=000000B2 A0=0000D162 A1=00000000 nib=68973
T $A0D41A  subq.l  #$1, D0                              D0=0000000A D1=0000A71E D2=000000B2 A0=0000D164 A1=00000000 nib=68973
T $A0D41C  bgt     $a0d418                              D0=00000009 D1=0000A71E D2=000000B2 A0=0000D164 A1=00000000 nib=68973
T $A0D418  clr.w   (A0)+                                D0=00000009 D1=0000A71E D2=000000B2 A0=0000D164 A1=00000000 nib=68973
T $A0D41A  subq.l  #$1, D0                              D0=00000009 D1=0000A71E D2=000000B2 A0=0000D166 A1=00000000 nib=68973
T $A0D41C  bgt     $a0d418                              D0=00000008 D1=0000A71E D2=000000B2 A0=0000D166 A1=00000000 nib=68973
T $A0D418  clr.w   (A0)+                                D0=00000008 D1=0000A71E D2=000000B2 A0=0000D166 A1=00000000 nib=68973
T $A0D41A  subq.l  #$1, D0                              D0=00000008 D1=0000A71E D2=000000B2 A0=0000D168 A1=00000000 nib=68973
T $A0D41C  bgt     $a0d418                              D0=00000007 D1=0000A71E D2=000000B2 A0=0000D168 A1=00000000 nib=68973
T $A0D418  clr.w   (A0)+                                D0=00000007 D1=0000A71E D2=000000B2 A0=0000D168 A1=00000000 nib=68973
T $A0D41A  subq.l  #$1, D0                              D0=00000007 D1=0000A71E D2=000000B2 A0=0000D16A A1=00000000 nib=68973
T $A0D41C  bgt     $a0d418                              D0=00000006 D1=0000A71E D2=000000B2 A0=0000D16A A1=00000000 nib=68973
T $A0D418  clr.w   (A0)+                                D0=00000006 D1=0000A71E D2=000000B2 A0=0000D16A A1=00000000 nib=68973
T $A0D41A  subq.l  #$1, D0                              D0=00000006 D1=0000A71E D2=000000B2 A0=0000D16C A1=00000000 nib=68973
T $A0D41C  bgt     $a0d418                              D0=00000005 D1=0000A71E D2=000000B2 A0=0000D16C A1=00000000 nib=68973
T $A0D418  clr.w   (A0)+                                D0=00000005 D1=0000A71E D2=000000B2 A0=0000D16C A1=00000000 nib=68973
T $A0D41A  subq.l  #$1, D0                              D0=00000005 D1=0000A71E D2=000000B2 A0=0000D16E A1=00000000 nib=68973
T $A0D41C  bgt     $a0d418                              D0=00000004 D1=0000A71E D2=000000B2 A0=0000D16E A1=00000000 nib=68973
T $A0D418  clr.w   (A0)+                                D0=00000004 D1=0000A71E D2=000000B2 A0=0000D16E A1=00000000 nib=68973
T $A0D41A  subq.l  #$1, D0                              D0=00000004 D1=0000A71E D2=000000B2 A0=0000D170 A1=00000000 nib=68973
T $A0D41C  bgt     $a0d418                              D0=00000003 D1=0000A71E D2=000000B2 A0=0000D170 A1=00000000 nib=68973
T $A0D418  clr.w   (A0)+                                D0=00000003 D1=0000A71E D2=000000B2 A0=0000D170 A1=00000000 nib=68973
T $A0D41A  subq.l  #$1, D0                              D0=00000003 D1=0000A71E D2=000000B2 A0=0000D172 A1=00000000 nib=68973
T $A0D41C  bgt     $a0d418                              D0=00000002 D1=0000A71E D2=000000B2 A0=0000D172 A1=00000000 nib=68973
T $A0D418  clr.w   (A0)+                                D0=00000002 D1=0000A71E D2=000000B2 A0=0000D172 A1=00000000 nib=68973
T $A0D41A  subq.l  #$1, D0                              D0=00000002 D1=0000A71E D2=000000B2 A0=0000D174 A1=00000000 nib=68973
T $A0D41C  bgt     $a0d418                              D0=00000001 D1=0000A71E D2=000000B2 A0=0000D174 A1=00000000 nib=68973
T $A0D418  clr.w   (A0)+                                D0=00000001 D1=0000A71E D2=000000B2 A0=0000D174 A1=00000000 nib=68973
T $A0D41A  subq.l  #$1, D0                              D0=00000001 D1=0000A71E D2=000000B2 A0=0000D176 A1=00000000 nib=68973
T $A0D41C  bgt     $a0d418                              D0=00000000 D1=0000A71E D2=000000B2 A0=0000D176 A1=00000000 nib=68973
T $A0D41E  movea.l (A7)+, A0                            D0=00000000 D1=0000A71E D2=000000B2 A0=0000D176 A1=00000000 nib=68973
T $A0D420  rts                                          D0=00000000 D1=0000A71E D2=000000B2 A0=0000D0C4 A1=00000000 nib=68973
T $A0D37C  moveq   #$0, D0                              D0=00000000 D1=0000A71E D2=000000B2 A0=0000D0C4 A1=00000000 nib=68973
T $A0D37E  bra     $a0d396                              D0=00000000 D1=0000A71E D2=000000B2 A0=0000D0C4 A1=00000000 nib=68973
T $A0D396  move.l  $1fe8.w, -(A7)                       D0=00000000 D1=0000A71E D2=000000B2 A0=0000D0C4 A1=00000000 nib=68973
T $A0D39A  rts                                          D0=00000000 D1=0000A71E D2=000000B2 A0=0000D0C4 A1=00000000 nib=68973
T $A0DDD8  clr.w   $220.w                               D0=00000000 D1=0000A71E D2=000000B2 A0=0000D0C4 A1=00000000 nib=68973
T $A0DDDC  tst.l   D0                                   D0=00000000 D1=0000A71E D2=000000B2 A0=0000D0C4 A1=00000000 nib=68973
T $A0DDDE  bge     $a0dde4                              D0=00000000 D1=0000A71E D2=000000B2 A0=0000D0C4 A1=00000000 nib=68973
T $A0DDE4  move.b  (A7)+, $1efc.w                       D0=00000000 D1=0000A71E D2=000000B2 A0=0000D0C4 A1=00000000 nib=68973
T $A0DDE8  movem.l (A7)+, D3-D7/A2-A6                   D0=00000000 D1=0000A71E D2=000000B2 A0=0000D0C4 A1=00000000 nib=68973
T $A0DDEC  rts                                          D0=00000000 D1=0000A71E D2=000000B2 A0=0000D0C4 A1=00000000 nib=68973
T $067E76  tst.w   D0                                   D0=00000000 D1=0000A71E D2=000000B2 A0=0000D0C4 A1=00000000 nib=68973
T $067E78  bne     $67e94                               D0=00000000 D1=0000A71E D2=000000B2 A0=0000D0C4 A1=00000000 nib=68973
T $067E7A  movea.l $2a6.w, A1                           D0=00000000 D1=0000A71E D2=000000B2 A0=0000D0C4 A1=00000000 nib=68973
T $067E7E  move.l  (A1), D1                             D0=00000000 D1=0000A71E D2=000000B2 A0=0000D0C4 A1=00002000 nib=68973
T $067E80  cmp.l   (A7), D1                             D0=00000000 D1=001095B8 D2=000000B2 A0=0000D0C4 A1=00002000 nib=68973
T $067E82  bls     $67e94                               D0=00000000 D1=001095B8 D2=000000B2 A0=0000D0C4 A1=00002000 nib=68973
T $067E94  lea     ($c,A7), A7                          D0=00000000 D1=001095B8 D2=000000B2 A0=0000D0C4 A1=00002000 nib=68973
T $067E98  rts                                          D0=00000000 D1=001095B8 D2=000000B2 A0=0000D0C4 A1=00002000 nib=68973
T $A09A26  movea.l (A7)+, A1                            D0=00000000 D1=001095B8 D2=000000B2 A0=0000D0C4 A1=00002000 nib=68973
T $A09A28  move.l  (A7)+, D1                            D0=00000000 D1=001095B8 D2=000000B2 A0=0000D0C4 A1=0000F8E0 nib=68973
T $A09A2A  move.l  (A7)+, D2                            D0=00000000 D1=0000FFFB D2=000000B2 A0=0000D0C4 A1=0000F8E0 nib=68973
T $A09A2C  movea.l (A7)+, A2                            D0=00000000 D1=0000FFFB D2=00090001 A0=0000D0C4 A1=0000F8E0 nib=68973
T $A09A2E  tst.w   D0                                   D0=00000000 D1=0000FFFB D2=00090001 A0=0000D0C4 A1=0000F8E0 nib=68973
T $A09A30  addq.w  #$4, A7                              D0=00000000 D1=0000FFFB D2=00090001 A0=0000D0C4 A1=0000F8E0 nib=68973
T $A09A32  rts                                          D0=00000000 D1=0000FFFB D2=00090001 A0=0000D0C4 A1=0000F8E0 nib=68973
T $A0F692  bne     $a0f67e                              D0=00000000 D1=0000FFFB D2=00090001 A0=0000D0C4 A1=0000F8E0 nib=68973
T $A0F694  lea     $356.w, A1                           D0=00000000 D1=0000FFFB D2=00090001 A0=0000D0C4 A1=0000F8E0 nib=68973
T $A0F698  tst.l   ($2,A1)                              D0=00000000 D1=0000FFFB D2=00090001 A0=0000D0C4 A1=00000356 nib=68973
T $A0F69C  bne     $a0f6bc                              D0=00000000 D1=0000FFFB D2=00090001 A0=0000D0C4 A1=00000356 nib=68973
T $A0F6BC  jsr     (-$5d8e,PC); ($a09930)               D0=00000000 D1=0000FFFB D2=00090001 A0=0000D0C4 A1=00000356 nib=68973
T $A09930  move.w  SR, -(A7)                            D0=00000000 D1=0000FFFB D2=00090001 A0=0000D0C4 A1=00000356 nib=68973
T $A09932  addq.w  #$2, A1                              D0=00000000 D1=0000FFFB D2=00090001 A0=0000D0C4 A1=00000356 nib=68973
T $A09934  ori.w   #$700, SR                            D0=00000000 D1=0000FFFB D2=00090001 A0=0000D0C4 A1=00000358 nib=68973
T $A09938  clr.l   (A0)                                 D0=00000000 D1=0000FFFB D2=00090001 A0=0000D0C4 A1=00000358 nib=68973
T $A0993A  tst.l   (A1)+                                D0=00000000 D1=0000FFFB D2=00090001 A0=0000D0C4 A1=00000358 nib=68973
T $A0993C  bne     $a09944                              D0=00000000 D1=0000FFFB D2=00090001 A0=0000D0C4 A1=0000035C nib=68973
T $A09944  move.l  A2, -(A7)                            D0=00000000 D1=0000FFFB D2=00090001 A0=0000D0C4 A1=0000035C nib=68973
T $A09946  movea.l (A1), A2                             D0=00000000 D1=0000FFFB D2=00090001 A0=0000D0C4 A1=0000035C nib=68973
T $A09948  move.l  A0, (A2)                             D0=00000000 D1=0000FFFB D2=00090001 A0=0000D0C4 A1=0000035C nib=68973
T $A0994A  move.l  A0, (A1)                             D0=00000000 D1=0000FFFB D2=00090001 A0=0000D0C4 A1=0000035C nib=68973
T $A0994C  movea.l (A7)+, A2                            D0=00000000 D1=0000FFFB D2=00090001 A0=0000D0C4 A1=0000035C nib=68973
T $A0994E  subq.w  #$4, A1                              D0=00000000 D1=0000FFFB D2=00090001 A0=0000D0C4 A1=0000035C nib=68973
T $A09950  subq.w  #$2, A1                              D0=00000000 D1=0000FFFB D2=00090001 A0=0000D0C4 A1=00000358 nib=68973
T $A09952  move.w  (A7)+, SR                            D0=00000000 D1=0000FFFB D2=00090001 A0=0000D0C4 A1=00000356 nib=68973
T $A09954  rts                                          D0=00000000 D1=0000FFFB D2=00090001 A0=0000D0C4 A1=00000356 nib=68973
T $A0F6C0  exg     A0, A2                               D0=00000000 D1=0000FFFB D2=00090001 A0=0000D0C4 A1=00000356 nib=68973
T $A0F6C2  move.w  D2, ($48,A2)                         D0=00000000 D1=0000FFFB D2=00090001 A0=000003A4 A1=00000356 nib=68973
T $A0F6C6  move.w  D1, ($4a,A2)                         D0=00000000 D1=0000FFFB D2=00090001 A0=000003A4 A1=00000356 nib=68973
T $A0F6CA  movea.l $37c.w, A1                           D0=00000000 D1=0000FFFB D2=00090001 A0=000003A4 A1=00000356 nib=68973
T $A0F6CE  move.l  A1, ($54,A2)                         D0=00000000 D1=0000FFFB D2=00090001 A0=000003A4 A1=009FDB0C nib=68973
T $A0F6D2  moveq   #$0, D0                              D0=00000000 D1=0000FFFB D2=00090001 A0=000003A4 A1=009FDB0C nib=68973
T $A0F6D4  subq.w  #$1, D0                              D0=00000000 D1=0000FFFB D2=00090001 A0=000003A4 A1=009FDB0C nib=68973
T $A0F6D6  movem.l D0/A2, -(A7)                         D0=0000FFFF D1=0000FFFB D2=00090001 A0=000003A4 A1=009FDB0C nib=68973
T $A0F6DA  bsr     $a0f4ac                              D0=0000FFFF D1=0000FFFB D2=00090001 A0=000003A4 A1=009FDB0C nib=68973
T $A0F4AC  movem.l D1/A0, -(A7)                         D0=0000FFFF D1=0000FFFB D2=00090001 A0=000003A4 A1=009FDB0C nib=68973
T $A0F4B0  moveq   #$4e, D1                             D0=0000FFFF D1=0000FFFB D2=00090001 A0=000003A4 A1=009FDB0C nib=68973
T $A0F4B2  lea     $356.w, A0                           D0=0000FFFF D1=0000004E D2=00090001 A0=000003A4 A1=009FDB0C nib=68973
T $A0F4B6  bsr     $a0f48c                              D0=0000FFFF D1=0000004E D2=00090001 A0=00000356 A1=009FDB0C nib=68973
T $A0F48C  move.l  D2, -(A7)                            D0=0000FFFF D1=0000004E D2=00090001 A0=00000356 A1=009FDB0C nib=68973
T $A0F48E  move.l  ($2,A0), D2                          D0=0000FFFF D1=0000004E D2=00090001 A0=00000356 A1=009FDB0C nib=68973
T $A0F492  beq     $a0f4a8                              D0=0000FFFF D1=0000004E D2=00008C4C A0=00000356 A1=009FDB0C nib=68973
T $A0F494  movea.l D2, A0                               D0=0000FFFF D1=0000004E D2=00008C4C A0=00000356 A1=009FDB0C nib=68973
T $A0F496  cmp.w   ($0,A0,D1.w), D0                     D0=0000FFFF D1=0000004E D2=00008C4C A0=00008C4C A1=009FDB0C nib=68973
T $A0F49A  beq     $a0f4a0                              D0=0000FFFF D1=0000004E D2=00008C4C A0=00008C4C A1=009FDB0C nib=68973
T $A0F4A0  moveq   #$0, D0                              D0=0000FFFF D1=0000004E D2=00008C4C A0=00008C4C A1=009FDB0C nib=68973
T $A0F4A2  move.l  (A7)+, D2                            D0=00000000 D1=0000004E D2=00008C4C A0=00008C4C A1=009FDB0C nib=68973
T $A0F4A4  tst.w   D0                                   D0=00000000 D1=0000004E D2=00090001 A0=00008C4C A1=009FDB0C nib=68973
T $A0F4A6  rts                                          D0=00000000 D1=0000004E D2=00090001 A0=00008C4C A1=009FDB0C nib=68973
T $A0F4B8  bne     $a0f4c2                              D0=00000000 D1=0000004E D2=00090001 A0=00008C4C A1=009FDB0C nib=68973
T $A0F4BA  movea.l A0, A2                               D0=00000000 D1=0000004E D2=00090001 A0=00008C4C A1=009FDB0C nib=68973
T $A0F4BC  movem.l (A7)+, D1/A0                         D0=00000000 D1=0000004E D2=00090001 A0=00008C4C A1=009FDB0C nib=68973
T $A0F4C0  rts                                          D0=00000000 D1=0000FFFB D2=00090001 A0=000003A4 A1=009FDB0C nib=68973
T $A0F6DE  movem.l (A7)+, D0/A2                         D0=00000000 D1=0000FFFB D2=00090001 A0=000003A4 A1=009FDB0C nib=68973
T $A0F6E2  beq     $a0f6d4                              D0=0000FFFF D1=0000FFFB D2=00090001 A0=000003A4 A1=009FDB0C nib=68973
T $A0F6D4  subq.w  #$1, D0                              D0=0000FFFF D1=0000FFFB D2=00090001 A0=000003A4 A1=009FDB0C nib=68973
T $A0F6D6  movem.l D0/A2, -(A7)                         D0=0000FFFE D1=0000FFFB D2=00090001 A0=000003A4 A1=009FDB0C nib=68973
T $A0F6DA  bsr     $a0f4ac                              D0=0000FFFE D1=0000FFFB D2=00090001 A0=000003A4 A1=009FDB0C nib=68973
T $A0F4AC  movem.l D1/A0, -(A7)                         D0=0000FFFE D1=0000FFFB D2=00090001 A0=000003A4 A1=009FDB0C nib=68973
T $A0F4B0  moveq   #$4e, D1                             D0=0000FFFE D1=0000FFFB D2=00090001 A0=000003A4 A1=009FDB0C nib=68973
T $A0F4B2  lea     $356.w, A0                           D0=0000FFFE D1=0000004E D2=00090001 A0=000003A4 A1=009FDB0C nib=68973
T $A0F4B6  bsr     $a0f48c                              D0=0000FFFE D1=0000004E D2=00090001 A0=00000356 A1=009FDB0C nib=68973
T $A0F48C  move.l  D2, -(A7)                            D0=0000FFFE D1=0000004E D2=00090001 A0=00000356 A1=009FDB0C nib=68973
T $A0F48E  move.l  ($2,A0), D2                          D0=0000FFFE D1=0000004E D2=00090001 A0=00000356 A1=009FDB0C nib=68973
T $A0F492  beq     $a0f4a8                              D0=0000FFFE D1=0000004E D2=00008C4C A0=00000356 A1=009FDB0C nib=68973
T $A0F494  movea.l D2, A0                               D0=0000FFFE D1=0000004E D2=00008C4C A0=00000356 A1=009FDB0C nib=68973
T $A0F496  cmp.w   ($0,A0,D1.w), D0                     D0=0000FFFE D1=0000004E D2=00008C4C A0=00008C4C A1=009FDB0C nib=68973
T $A0F49A  beq     $a0f4a0                              D0=0000FFFE D1=0000004E D2=00008C4C A0=00008C4C A1=009FDB0C nib=68973
T $A0F49C  move.l  (A0), D2                             D0=0000FFFE D1=0000004E D2=00008C4C A0=00008C4C A1=009FDB0C nib=68973
T $A0F49E  bra     $a0f492                              D0=0000FFFE D1=0000004E D2=0000D0C4 A0=00008C4C A1=009FDB0C nib=68973
T $A0F492  beq     $a0f4a8                              D0=0000FFFE D1=0000004E D2=0000D0C4 A0=00008C4C A1=009FDB0C nib=68973
T $A0F494  movea.l D2, A0                               D0=0000FFFE D1=0000004E D2=0000D0C4 A0=00008C4C A1=009FDB0C nib=68973
T $A0F496  cmp.w   ($0,A0,D1.w), D0                     D0=0000FFFE D1=0000004E D2=0000D0C4 A0=0000D0C4 A1=009FDB0C nib=68973
T $A0F49A  beq     $a0f4a0                              D0=0000FFFE D1=0000004E D2=0000D0C4 A0=0000D0C4 A1=009FDB0C nib=68973
T $A0F49C  move.l  (A0), D2                             D0=0000FFFE D1=0000004E D2=0000D0C4 A0=0000D0C4 A1=009FDB0C nib=68973
T $A0F49E  bra     $a0f492                              D0=0000FFFE D1=0000004E D2=00000000 A0=0000D0C4 A1=009FDB0C nib=68973
T $A0F492  beq     $a0f4a8                              D0=0000FFFE D1=0000004E D2=00000000 A0=0000D0C4 A1=009FDB0C nib=68973
T $A0F4A8  moveq   #-$1, D0                             D0=0000FFFE D1=0000004E D2=00000000 A0=0000D0C4 A1=009FDB0C nib=68973
T $A0F4AA  bra     $a0f4a2                              D0=FFFFFFFF D1=0000004E D2=00000000 A0=0000D0C4 A1=009FDB0C nib=68973
T $A0F4A2  move.l  (A7)+, D2                            D0=FFFFFFFF D1=0000004E D2=00000000 A0=0000D0C4 A1=009FDB0C nib=68973
T $A0F4A4  tst.w   D0                                   D0=FFFFFFFF D1=0000004E D2=00090001 A0=0000D0C4 A1=009FDB0C nib=68973
T $A0F4A6  rts                                          D0=FFFFFFFF D1=0000004E D2=00090001 A0=0000D0C4 A1=009FDB0C nib=68973
T $A0F4B8  bne     $a0f4c2                              D0=FFFFFFFF D1=0000004E D2=00090001 A0=0000D0C4 A1=009FDB0C nib=68973
T $A0F4C2  moveq   #-$23, D0                            D0=FFFFFFFF D1=0000004E D2=00090001 A0=0000D0C4 A1=009FDB0C nib=68973
T $A0F4C4  bra     $a0f4bc                              D0=FFFFFFDD D1=0000004E D2=00090001 A0=0000D0C4 A1=009FDB0C nib=68973
T $A0F4BC  movem.l (A7)+, D1/A0                         D0=FFFFFFDD D1=0000004E D2=00090001 A0=0000D0C4 A1=009FDB0C nib=68973
T $A0F4C0  rts                                          D0=FFFFFFDD D1=0000FFFB D2=00090001 A0=000003A4 A1=009FDB0C nib=68973
T $A0F6DE  movem.l (A7)+, D0/A2                         D0=FFFFFFDD D1=0000FFFB D2=00090001 A0=000003A4 A1=009FDB0C nib=68973
T $A0F6E2  beq     $a0f6d4                              D0=0000FFFE D1=0000FFFB D2=00090001 A0=000003A4 A1=009FDB0C nib=68973
T $A0F6E4  move.w  D0, ($4e,A2)                         D0=0000FFFE D1=0000FFFB D2=00090001 A0=000003A4 A1=009FDB0C nib=68973
T $A0F6E8  cmpa.l  $352.w, A2                           D0=0000FFFE D1=0000FFFB D2=00090001 A0=000003A4 A1=009FDB0C nib=68973
T $A0F6EC  bne     $a0f6f2                              D0=0000FFFE D1=0000FFFB D2=00090001 A0=000003A4 A1=009FDB0C nib=68973
T $A0F6F2  moveq   #$0, D1                              D0=0000FFFE D1=0000FFFB D2=00090001 A0=000003A4 A1=009FDB0C nib=68973
T $A0F6F4  moveq   #$2, D2                              D0=0000FFFE D1=00000000 D2=00090001 A0=000003A4 A1=009FDB0C nib=68973
T $A0F6F6  jsr     ($4b2c,PC); ($a14224)                D0=0000FFFE D1=00000000 D2=00000002 A0=000003A4 A1=009FDB0C nib=68973
T $A14224  move.l  $704.w, -(A7)                        D0=0000FFFE D1=00000000 D2=00000002 A0=000003A4 A1=009FDB0C nib=68973
T $A14228  rts                                          D0=0000FFFE D1=00000000 D2=00000002 A0=000003A4 A1=009FDB0C nib=68973
T $0133B6  move.l  (A7)+, -(A6)                         D0=0000FFFE D1=00000000 D2=00000002 A0=000003A4 A1=009FDB0C nib=68973
T $0133B8  movem.l D1-D7/A1-A5, -(A6)                   D0=0000FFFE D1=00000000 D2=00000002 A0=000003A4 A1=009FDB0C nib=68973
T $0133BC  move.b  D1, D7                               D0=0000FFFE D1=00000000 D2=00000002 A0=000003A4 A1=009FDB0C nib=68973
T $0133BE  movea.l $37c.w, A3                           D0=0000FFFE D1=00000000 D2=00000002 A0=000003A4 A1=009FDB0C nib=68973
T $0133C2  move.l  #$cac11ed1, $2fc.w                   D0=0000FFFE D1=00000000 D2=00000002 A0=000003A4 A1=009FDB0C nib=68973
T $0133CA  movea.l $394.w, A1                           D0=0000FFFE D1=00000000 D2=00000002 A0=000003A4 A1=009FDB0C nib=68973
T $0133CE  clr.w   ($3a,A1)                             D0=0000FFFE D1=00000000 D2=00000002 A0=000003A4 A1=00005448 nib=68973
T $0133D2  moveq   #$0, D3                              D0=0000FFFE D1=00000000 D2=00000002 A0=000003A4 A1=00005448 nib=68973
T $0133D4  moveq   #$0, D6                              D0=0000FFFE D1=00000000 D2=00000002 A0=000003A4 A1=00005448 nib=68973
T $0133D6  move.w  D0, D1                               D0=0000FFFE D1=00000000 D2=00000002 A0=000003A4 A1=00005448 nib=68973
T $0133D8  ble     $133ee                               D0=0000FFFE D1=0000FFFE D2=00000002 A0=000003A4 A1=00005448 nib=68973
T $0133EE  bsr     $13a40                               D0=0000FFFE D1=0000FFFE D2=00000002 A0=000003A4 A1=00005448 nib=68973
T $013A40  movea.l A3, A4                               D0=0000FFFE D1=0000FFFE D2=00000002 A0=000003A4 A1=00005448 nib=68973
T $013A42  movea.l (A4), A4                             D0=0000FFFE D1=0000FFFE D2=00000002 A0=000003A4 A1=00005448 nib=68973
T $013A44  cmpa.l  A3, A4                               D0=0000FFFE D1=0000FFFE D2=00000002 A0=000003A4 A1=00005448 nib=68973
T $013A46  beq     $13a5c                               D0=0000FFFE D1=0000FFFE D2=00000002 A0=000003A4 A1=00005448 nib=68973
T $013A48  cmp.l   ($28,A4), D3                         D0=0000FFFE D1=0000FFFE D2=00000002 A0=000003A4 A1=00005448 nib=68973
T $013A4C  bne     $13a42                               D0=0000FFFE D1=0000FFFE D2=00000002 A0=000003A4 A1=00005448 nib=68973
T $013A42  movea.l (A4), A4                             D0=0000FFFE D1=0000FFFE D2=00000002 A0=000003A4 A1=00005448 nib=68973
T $013A44  cmpa.l  A3, A4                               D0=0000FFFE D1=0000FFFE D2=00000002 A0=000003A4 A1=00005448 nib=68973
T $013A46  beq     $13a5c                               D0=0000FFFE D1=0000FFFE D2=00000002 A0=000003A4 A1=00005448 nib=68973
T $013A48  cmp.l   ($28,A4), D3                         D0=0000FFFE D1=0000FFFE D2=00000002 A0=000003A4 A1=00005448 nib=68973
T $013A4C  bne     $13a42                               D0=0000FFFE D1=0000FFFE D2=00000002 A0=000003A4 A1=00005448 nib=68973
T $013A42  movea.l (A4), A4                             D0=0000FFFE D1=0000FFFE D2=00000002 A0=000003A4 A1=00005448 nib=68973
T $013A44  cmpa.l  A3, A4                               D0=0000FFFE D1=0000FFFE D2=00000002 A0=000003A4 A1=00005448 nib=68973
T $013A46  beq     $13a5c                               D0=0000FFFE D1=0000FFFE D2=00000002 A0=000003A4 A1=00005448 nib=68973
T $013A48  cmp.l   ($28,A4), D3                         D0=0000FFFE D1=0000FFFE D2=00000002 A0=000003A4 A1=00005448 nib=68973
T $013A4C  bne     $13a42                               D0=0000FFFE D1=0000FFFE D2=00000002 A0=000003A4 A1=00005448 nib=68973
T $013A42  movea.l (A4), A4                             D0=0000FFFE D1=0000FFFE D2=00000002 A0=000003A4 A1=00005448 nib=68973
T $013A44  cmpa.l  A3, A4                               D0=0000FFFE D1=0000FFFE D2=00000002 A0=000003A4 A1=00005448 nib=68973
T $013A46  beq     $13a5c                               D0=0000FFFE D1=0000FFFE D2=00000002 A0=000003A4 A1=00005448 nib=68973
T $013A48  cmp.l   ($28,A4), D3                         D0=0000FFFE D1=0000FFFE D2=00000002 A0=000003A4 A1=00005448 nib=68973
T $013A4C  bne     $13a42                               D0=0000FFFE D1=0000FFFE D2=00000002 A0=000003A4 A1=00005448 nib=68973
T $013A42  movea.l (A4), A4                             D0=0000FFFE D1=0000FFFE D2=00000002 A0=000003A4 A1=00005448 nib=68973
T $013A44  cmpa.l  A3, A4                               D0=0000FFFE D1=0000FFFE D2=00000002 A0=000003A4 A1=00005448 nib=68973
T $013A46  beq     $13a5c                               D0=0000FFFE D1=0000FFFE D2=00000002 A0=000003A4 A1=00005448 nib=68973
T $013A48  cmp.l   ($28,A4), D3                         D0=0000FFFE D1=0000FFFE D2=00000002 A0=000003A4 A1=00005448 nib=68973
T $013A4C  bne     $13a42                               D0=0000FFFE D1=0000FFFE D2=00000002 A0=000003A4 A1=00005448 nib=68973
T $013A42  movea.l (A4), A4                             D0=0000FFFE D1=0000FFFE D2=00000002 A0=000003A4 A1=00005448 nib=68973
T $013A44  cmpa.l  A3, A4                               D0=0000FFFE D1=0000FFFE D2=00000002 A0=000003A4 A1=00005448 nib=68973
T $013A46  beq     $13a5c                               D0=0000FFFE D1=0000FFFE D2=00000002 A0=000003A4 A1=00005448 nib=68973
T $013A48  cmp.l   ($28,A4), D3                         D0=0000FFFE D1=0000FFFE D2=00000002 A0=000003A4 A1=00005448 nib=68973
T $013A4C  bne     $13a42                               D0=0000FFFE D1=0000FFFE D2=00000002 A0=000003A4 A1=00005448 nib=68973
T $013A42  movea.l (A4), A4                             D0=0000FFFE D1=0000FFFE D2=00000002 A0=000003A4 A1=00005448 nib=68973
T $013A44  cmpa.l  A3, A4                               D0=0000FFFE D1=0000FFFE D2=00000002 A0=000003A4 A1=00005448 nib=68973
T $013A46  beq     $13a5c                               D0=0000FFFE D1=0000FFFE D2=00000002 A0=000003A4 A1=00005448 nib=68973
T $013A48  cmp.l   ($28,A4), D3                         D0=0000FFFE D1=0000FFFE D2=00000002 A0=000003A4 A1=00005448 nib=68973
T $013A4C  bne     $13a42                               D0=0000FFFE D1=0000FFFE D2=00000002 A0=000003A4 A1=00005448 nib=68973
T $013A42  movea.l (A4), A4                             D0=0000FFFE D1=0000FFFE D2=00000002 A0=000003A4 A1=00005448 nib=68973
T $013A44  cmpa.l  A3, A4                               D0=0000FFFE D1=0000FFFE D2=00000002 A0=000003A4 A1=00005448 nib=68973
T $013A46  beq     $13a5c                               D0=0000FFFE D1=0000FFFE D2=00000002 A0=000003A4 A1=00005448 nib=68973
T $013A48  cmp.l   ($28,A4), D3                         D0=0000FFFE D1=0000FFFE D2=00000002 A0=000003A4 A1=00005448 nib=68973
T $013A4C  bne     $13a42                               D0=0000FFFE D1=0000FFFE D2=00000002 A0=000003A4 A1=00005448 nib=68973
T $013A42  movea.l (A4), A4                             D0=0000FFFE D1=0000FFFE D2=00000002 A0=000003A4 A1=00005448 nib=68973
T $013A44  cmpa.l  A3, A4                               D0=0000FFFE D1=0000FFFE D2=00000002 A0=000003A4 A1=00005448 nib=68973
T $013A46  beq     $13a5c                               D0=0000FFFE D1=0000FFFE D2=00000002 A0=000003A4 A1=00005448 nib=68973
T $013A48  cmp.l   ($28,A4), D3                         D0=0000FFFE D1=0000FFFE D2=00000002 A0=000003A4 A1=00005448 nib=68973
T $013A4C  bne     $13a42                               D0=0000FFFE D1=0000FFFE D2=00000002 A0=000003A4 A1=00005448 nib=68973
T $013A42  movea.l (A4), A4                             D0=0000FFFE D1=0000FFFE D2=00000002 A0=000003A4 A1=00005448 nib=68973
T $013A44  cmpa.l  A3, A4                               D0=0000FFFE D1=0000FFFE D2=00000002 A0=000003A4 A1=00005448 nib=68973
T $013A46  beq     $13a5c                               D0=0000FFFE D1=0000FFFE D2=00000002 A0=000003A4 A1=00005448 nib=68973
T $013A48  cmp.l   ($28,A4), D3                         D0=0000FFFE D1=0000FFFE D2=00000002 A0=000003A4 A1=00005448 nib=68973
T $013A4C  bne     $13a42                               D0=0000FFFE D1=0000FFFE D2=00000002 A0=000003A4 A1=00005448 nib=68973
T $013A42  movea.l (A4), A4                             D0=0000FFFE D1=0000FFFE D2=00000002 A0=000003A4 A1=00005448 nib=68973
T $013A44  cmpa.l  A3, A4                               D0=0000FFFE D1=0000FFFE D2=00000002 A0=000003A4 A1=00005448 nib=68973
T $013A46  beq     $13a5c                               D0=0000FFFE D1=0000FFFE D2=00000002 A0=000003A4 A1=00005448 nib=68973
T $013A48  cmp.l   ($28,A4), D3                         D0=0000FFFE D1=0000FFFE D2=00000002 A0=000003A4 A1=00005448 nib=68973
T $013A4C  bne     $13a42                               D0=0000FFFE D1=0000FFFE D2=00000002 A0=000003A4 A1=00005448 nib=68973
T $013A42  movea.l (A4), A4                             D0=0000FFFE D1=0000FFFE D2=00000002 A0=000003A4 A1=00005448 nib=68973
T $013A44  cmpa.l  A3, A4                               D0=0000FFFE D1=0000FFFE D2=00000002 A0=000003A4 A1=00005448 nib=68973
T $013A46  beq     $13a5c                               D0=0000FFFE D1=0000FFFE D2=00000002 A0=000003A4 A1=00005448 nib=68973
T $013A48  cmp.l   ($28,A4), D3                         D0=0000FFFE D1=0000FFFE D2=00000002 A0=000003A4 A1=00005448 nib=68973
T $013A4C  bne     $13a42                               D0=0000FFFE D1=0000FFFE D2=00000002 A0=000003A4 A1=00005448 nib=68973
T $013A4E  cmpa.l  ($1c,A4), A2                         D0=0000FFFE D1=0000FFFE D2=00000002 A0=000003A4 A1=00005448 nib=68973
T $013A52  bne     $13a42                               D0=0000FFFE D1=0000FFFE D2=00000002 A0=000003A4 A1=00005448 nib=68973
T $013A42  movea.l (A4), A4                             D0=0000FFFE D1=0000FFFE D2=00000002 A0=000003A4 A1=00005448 nib=68973
T $013A44  cmpa.l  A3, A4                               D0=0000FFFE D1=0000FFFE D2=00000002 A0=000003A4 A1=00005448 nib=68973
T $013A46  beq     $13a5c                               D0=0000FFFE D1=0000FFFE D2=00000002 A0=000003A4 A1=00005448 nib=68973
T $013A48  cmp.l   ($28,A4), D3                         D0=0000FFFE D1=0000FFFE D2=00000002 A0=000003A4 A1=00005448 nib=68973
T $013A4C  bne     $13a42                               D0=0000FFFE D1=0000FFFE D2=00000002 A0=000003A4 A1=00005448 nib=68973
T $013A42  movea.l (A4), A4                             D0=0000FFFE D1=0000FFFE D2=00000002 A0=000003A4 A1=00005448 nib=68973
T $013A44  cmpa.l  A3, A4                               D0=0000FFFE D1=0000FFFE D2=00000002 A0=000003A4 A1=00005448 nib=68973
T $013A46  beq     $13a5c                               D0=0000FFFE D1=0000FFFE D2=00000002 A0=000003A4 A1=00005448 nib=68973
T $013A48  cmp.l   ($28,A4), D3                         D0=0000FFFE D1=0000FFFE D2=00000002 A0=000003A4 A1=00005448 nib=68973
T $013A4C  bne     $13a42                               D0=0000FFFE D1=0000FFFE D2=00000002 A0=000003A4 A1=00005448 nib=68973
T $013A42  movea.l (A4), A4                             D0=0000FFFE D1=0000FFFE D2=00000002 A0=000003A4 A1=00005448 nib=68973
T $013A44  cmpa.l  A3, A4                               D0=0000FFFE D1=0000FFFE D2=00000002 A0=000003A4 A1=00005448 nib=68973
T $013A46  beq     $13a5c                               D0=0000FFFE D1=0000FFFE D2=00000002 A0=000003A4 A1=00005448 nib=68973
T $013A48  cmp.l   ($28,A4), D3                         D0=0000FFFE D1=0000FFFE D2=00000002 A0=000003A4 A1=00005448 nib=68973
T $013A4C  bne     $13a42                               D0=0000FFFE D1=0000FFFE D2=00000002 A0=000003A4 A1=00005448 nib=68973
T $013A42  movea.l (A4), A4                             D0=0000FFFE D1=0000FFFE D2=00000002 A0=000003A4 A1=00005448 nib=68973
T $013A44  cmpa.l  A3, A4                               D0=0000FFFE D1=0000FFFE D2=00000002 A0=000003A4 A1=00005448 nib=68973
T $013A46  beq     $13a5c                               D0=0000FFFE D1=0000FFFE D2=00000002 A0=000003A4 A1=00005448 nib=68973
T $013A48  cmp.l   ($28,A4), D3                         D0=0000FFFE D1=0000FFFE D2=00000002 A0=000003A4 A1=00005448 nib=68973
T $013A4C  bne     $13a42                               D0=0000FFFE D1=0000FFFE D2=00000002 A0=000003A4 A1=00005448 nib=68973
T $013A42  movea.l (A4), A4                             D0=0000FFFE D1=0000FFFE D2=00000002 A0=000003A4 A1=00005448 nib=68973
T $013A44  cmpa.l  A3, A4                               D0=0000FFFE D1=0000FFFE D2=00000002 A0=000003A4 A1=00005448 nib=68973
T $013A46  beq     $13a5c                               D0=0000FFFE D1=0000FFFE D2=00000002 A0=000003A4 A1=00005448 nib=68973
T $013A48  cmp.l   ($28,A4), D3                         D0=0000FFFE D1=0000FFFE D2=00000002 A0=000003A4 A1=00005448 nib=68973
T $013A4C  bne     $13a42                               D0=0000FFFE D1=0000FFFE D2=00000002 A0=000003A4 A1=00005448 nib=68973
T $013A42  movea.l (A4), A4                             D0=0000FFFE D1=0000FFFE D2=00000002 A0=000003A4 A1=00005448 nib=68973
T $013A44  cmpa.l  A3, A4                               D0=0000FFFE D1=0000FFFE D2=00000002 A0=000003A4 A1=00005448 nib=68973
T $013A46  beq     $13a5c                               D0=0000FFFE D1=0000FFFE D2=00000002 A0=000003A4 A1=00005448 nib=68973
T $013A48  cmp.l   ($28,A4), D3                         D0=0000FFFE D1=0000FFFE D2=00000002 A0=000003A4 A1=00005448 nib=68973
T $013A4C  bne     $13a42                               D0=0000FFFE D1=0000FFFE D2=00000002 A0=000003A4 A1=00005448 nib=68973
T $013A42  movea.l (A4), A4                             D0=0000FFFE D1=0000FFFE D2=00000002 A0=000003A4 A1=00005448 nib=68973
T $013A44  cmpa.l  A3, A4                               D0=0000FFFE D1=0000FFFE D2=00000002 A0=000003A4 A1=00005448 nib=68973
T $013A46  beq     $13a5c                               D0=0000FFFE D1=0000FFFE D2=00000002 A0=000003A4 A1=00005448 nib=68973
T $013A48  cmp.l   ($28,A4), D3                         D0=0000FFFE D1=0000FFFE D2=00000002 A0=000003A4 A1=00005448 nib=68973
T $013A4C  bne     $13a42                               D0=0000FFFE D1=0000FFFE D2=00000002 A0=000003A4 A1=00005448 nib=68973
T $013A42  movea.l (A4), A4                             D0=0000FFFE D1=0000FFFE D2=00000002 A0=000003A4 A1=00005448 nib=68973
T $013A44  cmpa.l  A3, A4                               D0=0000FFFE D1=0000FFFE D2=00000002 A0=000003A4 A1=00005448 nib=68973
T $013A46  beq     $13a5c                               D0=0000FFFE D1=0000FFFE D2=00000002 A0=000003A4 A1=00005448 nib=68973
T $013A48  cmp.l   ($28,A4), D3                         D0=0000FFFE D1=0000FFFE D2=00000002 A0=000003A4 A1=00005448 nib=68973
T $013A4C  bne     $13a42                               D0=0000FFFE D1=0000FFFE D2=00000002 A0=000003A4 A1=00005448 nib=68973
T $013A42  movea.l (A4), A4                             D0=0000FFFE D1=0000FFFE D2=00000002 A0=000003A4 A1=00005448 nib=68973
T $013A44  cmpa.l  A3, A4                               D0=0000FFFE D1=0000FFFE D2=00000002 A0=000003A4 A1=00005448 nib=68973
T $013A46  beq     $13a5c                               D0=0000FFFE D1=0000FFFE D2=00000002 A0=000003A4 A1=00005448 nib=68973
T $013A48  cmp.l   ($28,A4), D3                         D0=0000FFFE D1=0000FFFE D2=00000002 A0=000003A4 A1=00005448 nib=68973
T $013A4C  bne     $13a42                               D0=0000FFFE D1=0000FFFE D2=00000002 A0=000003A4 A1=00005448 nib=68973
T $013A42  movea.l (A4), A4                             D0=0000FFFE D1=0000FFFE D2=00000002 A0=000003A4 A1=00005448 nib=68973
T $013A44  cmpa.l  A3, A4                               D0=0000FFFE D1=0000FFFE D2=00000002 A0=000003A4 A1=00005448 nib=68973
T $013A46  beq     $13a5c                               D0=0000FFFE D1=0000FFFE D2=00000002 A0=000003A4 A1=00005448 nib=68973
T $013A48  cmp.l   ($28,A4), D3                         D0=0000FFFE D1=0000FFFE D2=00000002 A0=000003A4 A1=00005448 nib=68973
T $013A4C  bne     $13a42                               D0=0000FFFE D1=0000FFFE D2=00000002 A0=000003A4 A1=00005448 nib=68973
T $013A42  movea.l (A4), A4                             D0=0000FFFE D1=0000FFFE D2=00000002 A0=000003A4 A1=00005448 nib=68973
T $013A44  cmpa.l  A3, A4                               D0=0000FFFE D1=0000FFFE D2=00000002 A0=000003A4 A1=00005448 nib=68973
T $013A46  beq     $13a5c                               D0=0000FFFE D1=0000FFFE D2=00000002 A0=000003A4 A1=00005448 nib=68973
T $013A48  cmp.l   ($28,A4), D3                         D0=0000FFFE D1=0000FFFE D2=00000002 A0=000003A4 A1=00005448 nib=68973
T $013A4C  bne     $13a42                               D0=0000FFFE D1=0000FFFE D2=00000002 A0=000003A4 A1=00005448 nib=68973
T $013A42  movea.l (A4), A4                             D0=0000FFFE D1=0000FFFE D2=00000002 A0=000003A4 A1=00005448 nib=68973
T $013A44  cmpa.l  A3, A4                               D0=0000FFFE D1=0000FFFE D2=00000002 A0=000003A4 A1=00005448 nib=68973
T $013A46  beq     $13a5c                               D0=0000FFFE D1=0000FFFE D2=00000002 A0=000003A4 A1=00005448 nib=68973
T $013A48  cmp.l   ($28,A4), D3                         D0=0000FFFE D1=0000FFFE D2=00000002 A0=000003A4 A1=00005448 nib=68973
T $013A4C  bne     $13a42                               D0=0000FFFE D1=0000FFFE D2=00000002 A0=000003A4 A1=00005448 nib=68973
T $013A42  movea.l (A4), A4                             D0=0000FFFE D1=0000FFFE D2=00000002 A0=000003A4 A1=00005448 nib=68973
T $013A44  cmpa.l  A3, A4                               D0=0000FFFE D1=0000FFFE D2=00000002 A0=000003A4 A1=00005448 nib=68973
T $013A46  beq     $13a5c                               D0=0000FFFE D1=0000FFFE D2=00000002 A0=000003A4 A1=00005448 nib=68973
T $013A48  cmp.l   ($28,A4), D3                         D0=0000FFFE D1=0000FFFE D2=00000002 A0=000003A4 A1=00005448 nib=68973
T $013A4C  bne     $13a42                               D0=0000FFFE D1=0000FFFE D2=00000002 A0=000003A4 A1=00005448 nib=68973
T $013A42  movea.l (A4), A4                             D0=0000FFFE D1=0000FFFE D2=00000002 A0=000003A4 A1=00005448 nib=68973
T $013A44  cmpa.l  A3, A4                               D0=0000FFFE D1=0000FFFE D2=00000002 A0=000003A4 A1=00005448 nib=68973
T $013A46  beq     $13a5c                               D0=0000FFFE D1=0000FFFE D2=00000002 A0=000003A4 A1=00005448 nib=68973
T $013A48  cmp.l   ($28,A4), D3                         D0=0000FFFE D1=0000FFFE D2=00000002 A0=000003A4 A1=00005448 nib=68973
T $013A4C  bne     $13a42                               D0=0000FFFE D1=0000FFFE D2=00000002 A0=000003A4 A1=00005448 nib=68973
T $013A42  movea.l (A4), A4                             D0=0000FFFE D1=0000FFFE D2=00000002 A0=000003A4 A1=00005448 nib=68973
T $013A44  cmpa.l  A3, A4                               D0=0000FFFE D1=0000FFFE D2=00000002 A0=000003A4 A1=00005448 nib=68973
T $013A46  beq     $13a5c                               D0=0000FFFE D1=0000FFFE D2=00000002 A0=000003A4 A1=00005448 nib=68973
T $013A48  cmp.l   ($28,A4), D3                         D0=0000FFFE D1=0000FFFE D2=00000002 A0=000003A4 A1=00005448 nib=68973
T $013A4C  bne     $13a42                               D0=0000FFFE D1=0000FFFE D2=00000002 A0=000003A4 A1=00005448 nib=68973
T $013A42  movea.l (A4), A4                             D0=0000FFFE D1=0000FFFE D2=00000002 A0=000003A4 A1=00005448 nib=68973
T $013A44  cmpa.l  A3, A4                               D0=0000FFFE D1=0000FFFE D2=00000002 A0=000003A4 A1=00005448 nib=68973
T $013A46  beq     $13a5c                               D0=0000FFFE D1=0000FFFE D2=00000002 A0=000003A4 A1=00005448 nib=68973
T $013A48  cmp.l   ($28,A4), D3                         D0=0000FFFE D1=0000FFFE D2=00000002 A0=000003A4 A1=00005448 nib=68973
T $013A4C  bne     $13a42                               D0=0000FFFE D1=0000FFFE D2=00000002 A0=000003A4 A1=00005448 nib=68973
T $013A42  movea.l (A4), A4                             D0=0000FFFE D1=0000FFFE D2=00000002 A0=000003A4 A1=00005448 nib=68973
T $013A44  cmpa.l  A3, A4                               D0=0000FFFE D1=0000FFFE D2=00000002 A0=000003A4 A1=00005448 nib=68973
T $013A46  beq     $13a5c                               D0=0000FFFE D1=0000FFFE D2=00000002 A0=000003A4 A1=00005448 nib=68973
T $013A48  cmp.l   ($28,A4), D3                         D0=0000FFFE D1=0000FFFE D2=00000002 A0=000003A4 A1=00005448 nib=68973
T $013A4C  bne     $13a42                               D0=0000FFFE D1=0000FFFE D2=00000002 A0=000003A4 A1=00005448 nib=68973
T $013A42  movea.l (A4), A4                             D0=0000FFFE D1=0000FFFE D2=00000002 A0=000003A4 A1=00005448 nib=68973
T $013A44  cmpa.l  A3, A4                               D0=0000FFFE D1=0000FFFE D2=00000002 A0=000003A4 A1=00005448 nib=68973
T $013A46  beq     $13a5c                               D0=0000FFFE D1=0000FFFE D2=00000002 A0=000003A4 A1=00005448 nib=68973
T $013A48  cmp.l   ($28,A4), D3                         D0=0000FFFE D1=0000FFFE D2=00000002 A0=000003A4 A1=00005448 nib=68973
T $013A4C  bne     $13a42                               D0=0000FFFE D1=0000FFFE D2=00000002 A0=000003A4 A1=00005448 nib=68973
T $013A42  movea.l (A4), A4                             D0=0000FFFE D1=0000FFFE D2=00000002 A0=000003A4 A1=00005448 nib=68973
T $013A44  cmpa.l  A3, A4                               D0=0000FFFE D1=0000FFFE D2=00000002 A0=000003A4 A1=00005448 nib=68973
T $013A46  beq     $13a5c                               D0=0000FFFE D1=0000FFFE D2=00000002 A0=000003A4 A1=00005448 nib=68973
T $013A48  cmp.l   ($28,A4), D3                         D0=0000FFFE D1=0000FFFE D2=00000002 A0=000003A4 A1=00005448 nib=68973
T $013A4C  bne     $13a42                               D0=0000FFFE D1=0000FFFE D2=00000002 A0=000003A4 A1=00005448 nib=68973
T $013A42  movea.l (A4), A4                             D0=0000FFFE D1=0000FFFE D2=00000002 A0=000003A4 A1=00005448 nib=68973
T $013A44  cmpa.l  A3, A4                               D0=0000FFFE D1=0000FFFE D2=00000002 A0=000003A4 A1=00005448 nib=68973
T $013A46  beq     $13a5c                               D0=0000FFFE D1=0000FFFE D2=00000002 A0=000003A4 A1=00005448 nib=68973
T $013A48  cmp.l   ($28,A4), D3                         D0=0000FFFE D1=0000FFFE D2=00000002 A0=000003A4 A1=00005448 nib=68973
T $013A4C  bne     $13a42                               D0=0000FFFE D1=0000FFFE D2=00000002 A0=000003A4 A1=00005448 nib=68973
T $013A42  movea.l (A4), A4                             D0=0000FFFE D1=0000FFFE D2=00000002 A0=000003A4 A1=00005448 nib=68973
T $013A44  cmpa.l  A3, A4                               D0=0000FFFE D1=0000FFFE D2=00000002 A0=000003A4 A1=00005448 nib=68973
T $013A46  beq     $13a5c                               D0=0000FFFE D1=0000FFFE D2=00000002 A0=000003A4 A1=00005448 nib=68973
T $013A48  cmp.l   ($28,A4), D3                         D0=0000FFFE D1=0000FFFE D2=00000002 A0=000003A4 A1=00005448 nib=68973
T $013A4C  bne     $13a42                               D0=0000FFFE D1=0000FFFE D2=00000002 A0=000003A4 A1=00005448 nib=68973
T $013A42  movea.l (A4), A4                             D0=0000FFFE D1=0000FFFE D2=00000002 A0=000003A4 A1=00005448 nib=68973
T $013A44  cmpa.l  A3, A4                               D0=0000FFFE D1=0000FFFE D2=00000002 A0=000003A4 A1=00005448 nib=68973
T $013A46  beq     $13a5c                               D0=0000FFFE D1=0000FFFE D2=00000002 A0=000003A4 A1=00005448 nib=68973
T $013A48  cmp.l   ($28,A4), D3                         D0=0000FFFE D1=0000FFFE D2=00000002 A0=000003A4 A1=00005448 nib=68973
T $013A4C  bne     $13a42                               D0=0000FFFE D1=0000FFFE D2=00000002 A0=000003A4 A1=00005448 nib=68973
T $013A42  movea.l (A4), A4                             D0=0000FFFE D1=0000FFFE D2=00000002 A0=000003A4 A1=00005448 nib=68973
T $013A44  cmpa.l  A3, A4                               D0=0000FFFE D1=0000FFFE D2=00000002 A0=000003A4 A1=00005448 nib=68973
T $013A46  beq     $13a5c                               D0=0000FFFE D1=0000FFFE D2=00000002 A0=000003A4 A1=00005448 nib=68973
T $013A48  cmp.l   ($28,A4), D3                         D0=0000FFFE D1=0000FFFE D2=00000002 A0=000003A4 A1=00005448 nib=68973
T $013A4C  bne     $13a42                               D0=0000FFFE D1=0000FFFE D2=00000002 A0=000003A4 A1=00005448 nib=68973
T $013A42  movea.l (A4), A4                             D0=0000FFFE D1=0000FFFE D2=00000002 A0=000003A4 A1=00005448 nib=68973
T $013A44  cmpa.l  A3, A4                               D0=0000FFFE D1=0000FFFE D2=00000002 A0=000003A4 A1=00005448 nib=68973
T $013A46  beq     $13a5c                               D0=0000FFFE D1=0000FFFE D2=00000002 A0=000003A4 A1=00005448 nib=68973
T $013A48  cmp.l   ($28,A4), D3                         D0=0000FFFE D1=0000FFFE D2=00000002 A0=000003A4 A1=00005448 nib=68973
T $013A4C  bne     $13a42                               D0=0000FFFE D1=0000FFFE D2=00000002 A0=000003A4 A1=00005448 nib=68973
T $013A42  movea.l (A4), A4                             D0=0000FFFE D1=0000FFFE D2=00000002 A0=000003A4 A1=00005448 nib=68973
T $013A44  cmpa.l  A3, A4                               D0=0000FFFE D1=0000FFFE D2=00000002 A0=000003A4 A1=00005448 nib=68973
T $013A46  beq     $13a5c                               D0=0000FFFE D1=0000FFFE D2=00000002 A0=000003A4 A1=00005448 nib=68973
T $013A48  cmp.l   ($28,A4), D3                         D0=0000FFFE D1=0000FFFE D2=00000002 A0=000003A4 A1=00005448 nib=68973
T $013A4C  bne     $13a42                               D0=0000FFFE D1=0000FFFE D2=00000002 A0=000003A4 A1=00005448 nib=68973
T $013A42  movea.l (A4), A4                             D0=0000FFFE D1=0000FFFE D2=00000002 A0=000003A4 A1=00005448 nib=68973
T $013A44  cmpa.l  A3, A4                               D0=0000FFFE D1=0000FFFE D2=00000002 A0=000003A4 A1=00005448 nib=68973
T $013A46  beq     $13a5c                               D0=0000FFFE D1=0000FFFE D2=00000002 A0=000003A4 A1=00005448 nib=68973
T $013A48  cmp.l   ($28,A4), D3                         D0=0000FFFE D1=0000FFFE D2=00000002 A0=000003A4 A1=00005448 nib=68973
T $013A4C  bne     $13a42                               D0=0000FFFE D1=0000FFFE D2=00000002 A0=000003A4 A1=00005448 nib=68973
T $013A42  movea.l (A4), A4                             D0=0000FFFE D1=0000FFFE D2=00000002 A0=000003A4 A1=00005448 nib=68973
T $013A44  cmpa.l  A3, A4                               D0=0000FFFE D1=0000FFFE D2=00000002 A0=000003A4 A1=00005448 nib=68973
T $013A46  beq     $13a5c                               D0=0000FFFE D1=0000FFFE D2=00000002 A0=000003A4 A1=00005448 nib=68973
T $013A48  cmp.l   ($28,A4), D3                         D0=0000FFFE D1=0000FFFE D2=00000002 A0=000003A4 A1=00005448 nib=68973
T $013A4C  bne     $13a42                               D0=0000FFFE D1=0000FFFE D2=00000002 A0=000003A4 A1=00005448 nib=68973
T $013A42  movea.l (A4), A4                             D0=0000FFFE D1=0000FFFE D2=00000002 A0=000003A4 A1=00005448 nib=68973
T $013A44  cmpa.l  A3, A4                               D0=0000FFFE D1=0000FFFE D2=00000002 A0=000003A4 A1=00005448 nib=68973
T $013A46  beq     $13a5c                               D0=0000FFFE D1=0000FFFE D2=00000002 A0=000003A4 A1=00005448 nib=68973
T $013A48  cmp.l   ($28,A4), D3                         D0=0000FFFE D1=0000FFFE D2=00000002 A0=000003A4 A1=00005448 nib=68973
T $013A4C  bne     $13a42                               D0=0000FFFE D1=0000FFFE D2=00000002 A0=000003A4 A1=00005448 nib=68973
T $013A42  movea.l (A4), A4                             D0=0000FFFE D1=0000FFFE D2=00000002 A0=000003A4 A1=00005448 nib=68973
T $013A44  cmpa.l  A3, A4                               D0=0000FFFE D1=0000FFFE D2=00000002 A0=000003A4 A1=00005448 nib=68973
T $013A46  beq     $13a5c                               D0=0000FFFE D1=0000FFFE D2=00000002 A0=000003A4 A1=00005448 nib=68973
T $013A48  cmp.l   ($28,A4), D3                         D0=0000FFFE D1=0000FFFE D2=00000002 A0=000003A4 A1=00005448 nib=68973
T $013A4C  bne     $13a42                               D0=0000FFFE D1=0000FFFE D2=00000002 A0=000003A4 A1=00005448 nib=68973
T $013A42  movea.l (A4), A4                             D0=0000FFFE D1=0000FFFE D2=00000002 A0=000003A4 A1=00005448 nib=68973
T $013A44  cmpa.l  A3, A4                               D0=0000FFFE D1=0000FFFE D2=00000002 A0=000003A4 A1=00005448 nib=68973
T $013A46  beq     $13a5c                               D0=0000FFFE D1=0000FFFE D2=00000002 A0=000003A4 A1=00005448 nib=68973
T $013A48  cmp.l   ($28,A4), D3                         D0=0000FFFE D1=0000FFFE D2=00000002 A0=000003A4 A1=00005448 nib=68973
T $013A4C  bne     $13a42                               D0=0000FFFE D1=0000FFFE D2=00000002 A0=000003A4 A1=00005448 nib=68973
T $013A42  movea.l (A4), A4                             D0=0000FFFE D1=0000FFFE D2=00000002 A0=000003A4 A1=00005448 nib=68973
T $013A44  cmpa.l  A3, A4                               D0=0000FFFE D1=0000FFFE D2=00000002 A0=000003A4 A1=00005448 nib=68973
T $013A46  beq     $13a5c                               D0=0000FFFE D1=0000FFFE D2=00000002 A0=000003A4 A1=00005448 nib=68973
T $013A48  cmp.l   ($28,A4), D3                         D0=0000FFFE D1=0000FFFE D2=00000002 A0=000003A4 A1=00005448 nib=68973
T $013A4C  bne     $13a42                               D0=0000FFFE D1=0000FFFE D2=00000002 A0=000003A4 A1=00005448 nib=68973
T $013A42  movea.l (A4), A4                             D0=0000FFFE D1=0000FFFE D2=00000002 A0=000003A4 A1=00005448 nib=68973
T $013A44  cmpa.l  A3, A4                               D0=0000FFFE D1=0000FFFE D2=00000002 A0=000003A4 A1=00005448 nib=68973
T $013A46  beq     $13a5c                               D0=0000FFFE D1=0000FFFE D2=00000002 A0=000003A4 A1=00005448 nib=68973
T $013A48  cmp.l   ($28,A4), D3                         D0=0000FFFE D1=0000FFFE D2=00000002 A0=000003A4 A1=00005448 nib=68973
T $013A4C  bne     $13a42                               D0=0000FFFE D1=0000FFFE D2=00000002 A0=000003A4 A1=00005448 nib=68973
T $013A4E  cmpa.l  ($1c,A4), A2                         D0=0000FFFE D1=0000FFFE D2=00000002 A0=000003A4 A1=00005448 nib=68973
T $013A52  bne     $13a42                               D0=0000FFFE D1=0000FFFE D2=00000002 A0=000003A4 A1=00005448 nib=68973
T $013A42  movea.l (A4), A4                             D0=0000FFFE D1=0000FFFE D2=00000002 A0=000003A4 A1=00005448 nib=68973
T $013A44  cmpa.l  A3, A4                               D0=0000FFFE D1=0000FFFE D2=00000002 A0=000003A4 A1=00005448 nib=68973
T $013A46  beq     $13a5c                               D0=0000FFFE D1=0000FFFE D2=00000002 A0=000003A4 A1=00005448 nib=68973
T $013A48  cmp.l   ($28,A4), D3                         D0=0000FFFE D1=0000FFFE D2=00000002 A0=000003A4 A1=00005448 nib=68973
T $013A4C  bne     $13a42                               D0=0000FFFE D1=0000FFFE D2=00000002 A0=000003A4 A1=00005448 nib=68973
T $013A4E  cmpa.l  ($1c,A4), A2                         D0=0000FFFE D1=0000FFFE D2=00000002 A0=000003A4 A1=00005448 nib=68973
T $013A52  bne     $13a42                               D0=0000FFFE D1=0000FFFE D2=00000002 A0=000003A4 A1=00005448 nib=68973
T $013A42  movea.l (A4), A4                             D0=0000FFFE D1=0000FFFE D2=00000002 A0=000003A4 A1=00005448 nib=68973
T $013A44  cmpa.l  A3, A4                               D0=0000FFFE D1=0000FFFE D2=00000002 A0=000003A4 A1=00005448 nib=68973
T $013A46  beq     $13a5c                               D0=0000FFFE D1=0000FFFE D2=00000002 A0=000003A4 A1=00005448 nib=68973
T $013A48  cmp.l   ($28,A4), D3                         D0=0000FFFE D1=0000FFFE D2=00000002 A0=000003A4 A1=00005448 nib=68973
T $013A4C  bne     $13a42                               D0=0000FFFE D1=0000FFFE D2=00000002 A0=000003A4 A1=00005448 nib=68973
T $013A4E  cmpa.l  ($1c,A4), A2                         D0=0000FFFE D1=0000FFFE D2=00000002 A0=000003A4 A1=00005448 nib=68973
T $013A52  bne     $13a42                               D0=0000FFFE D1=0000FFFE D2=00000002 A0=000003A4 A1=00005448 nib=68973
T $013A42  movea.l (A4), A4                             D0=0000FFFE D1=0000FFFE D2=00000002 A0=000003A4 A1=00005448 nib=68973
T $013A44  cmpa.l  A3, A4                               D0=0000FFFE D1=0000FFFE D2=00000002 A0=000003A4 A1=00005448 nib=68973
T $013A46  beq     $13a5c                               D0=0000FFFE D1=0000FFFE D2=00000002 A0=000003A4 A1=00005448 nib=68973
T $013A48  cmp.l   ($28,A4), D3                         D0=0000FFFE D1=0000FFFE D2=00000002 A0=000003A4 A1=00005448 nib=68973
T $013A4C  bne     $13a42                               D0=0000FFFE D1=0000FFFE D2=00000002 A0=000003A4 A1=00005448 nib=68973
T $013A4E  cmpa.l  ($1c,A4), A2                         D0=0000FFFE D1=0000FFFE D2=00000002 A0=000003A4 A1=00005448 nib=68973
T $013A52  bne     $13a42                               D0=0000FFFE D1=0000FFFE D2=00000002 A0=000003A4 A1=00005448 nib=68973
T $013A42  movea.l (A4), A4                             D0=0000FFFE D1=0000FFFE D2=00000002 A0=000003A4 A1=00005448 nib=68973
T $013A44  cmpa.l  A3, A4                               D0=0000FFFE D1=0000FFFE D2=00000002 A0=000003A4 A1=00005448 nib=68973
T $013A46  beq     $13a5c                               D0=0000FFFE D1=0000FFFE D2=00000002 A0=000003A4 A1=00005448 nib=68973
T $013A48  cmp.l   ($28,A4), D3                         D0=0000FFFE D1=0000FFFE D2=00000002 A0=000003A4 A1=00005448 nib=68973
T $013A4C  bne     $13a42                               D0=0000FFFE D1=0000FFFE D2=00000002 A0=000003A4 A1=00005448 nib=68973
T $013A4E  cmpa.l  ($1c,A4), A2                         D0=0000FFFE D1=0000FFFE D2=00000002 A0=000003A4 A1=00005448 nib=68973
T $013A52  bne     $13a42                               D0=0000FFFE D1=0000FFFE D2=00000002 A0=000003A4 A1=00005448 nib=68973
T $013A42  movea.l (A4), A4                             D0=0000FFFE D1=0000FFFE D2=00000002 A0=000003A4 A1=00005448 nib=68973
T $013A44  cmpa.l  A3, A4                               D0=0000FFFE D1=0000FFFE D2=00000002 A0=000003A4 A1=00005448 nib=68973
T $013A46  beq     $13a5c                               D0=0000FFFE D1=0000FFFE D2=00000002 A0=000003A4 A1=00005448 nib=68973
T $013A48  cmp.l   ($28,A4), D3                         D0=0000FFFE D1=0000FFFE D2=00000002 A0=000003A4 A1=00005448 nib=68973
T $013A4C  bne     $13a42                               D0=0000FFFE D1=0000FFFE D2=00000002 A0=000003A4 A1=00005448 nib=68973
T $013A4E  cmpa.l  ($1c,A4), A2                         D0=0000FFFE D1=0000FFFE D2=00000002 A0=000003A4 A1=00005448 nib=68973
T $013A52  bne     $13a42                               D0=0000FFFE D1=0000FFFE D2=00000002 A0=000003A4 A1=00005448 nib=68973
T $013A42  movea.l (A4), A4                             D0=0000FFFE D1=0000FFFE D2=00000002 A0=000003A4 A1=00005448 nib=68973
T $013A44  cmpa.l  A3, A4                               D0=0000FFFE D1=0000FFFE D2=00000002 A0=000003A4 A1=00005448 nib=68973
T $013A46  beq     $13a5c                               D0=0000FFFE D1=0000FFFE D2=00000002 A0=000003A4 A1=00005448 nib=68973
T $013A48  cmp.l   ($28,A4), D3                         D0=0000FFFE D1=0000FFFE D2=00000002 A0=000003A4 A1=00005448 nib=68973
T $013A4C  bne     $13a42                               D0=0000FFFE D1=0000FFFE D2=00000002 A0=000003A4 A1=00005448 nib=68973
T $013A4E  cmpa.l  ($1c,A4), A2                         D0=0000FFFE D1=0000FFFE D2=00000002 A0=000003A4 A1=00005448 nib=68973
T $013A52  bne     $13a42                               D0=0000FFFE D1=0000FFFE D2=00000002 A0=000003A4 A1=00005448 nib=68973
T $013A42  movea.l (A4), A4                             D0=0000FFFE D1=0000FFFE D2=00000002 A0=000003A4 A1=00005448 nib=68973
T $013A44  cmpa.l  A3, A4                               D0=0000FFFE D1=0000FFFE D2=00000002 A0=000003A4 A1=00005448 nib=68973
T $013A46  beq     $13a5c                               D0=0000FFFE D1=0000FFFE D2=00000002 A0=000003A4 A1=00005448 nib=68973
T $013A5C  suba.l  A4, A4                               D0=0000FFFE D1=0000FFFE D2=00000002 A0=000003A4 A1=00005448 nib=68973
T $013A5E  move.l  A4, D0                               D0=0000FFFE D1=0000FFFE D2=00000002 A0=000003A4 A1=00005448 nib=68973
T $013A60  rts                                          D0=00000000 D1=0000FFFE D2=00000002 A0=000003A4 A1=00005448 nib=68973
T $0133F2  bne     $1343a                               D0=00000000 D1=0000FFFE D2=00000002 A0=000003A4 A1=00005448 nib=68973
T $0133F4  movea.l ($4,A3), A4                          D0=00000000 D1=0000FFFE D2=00000002 A0=000003A4 A1=00005448 nib=68973
T $0133F8  bsr     $13a62                               D0=00000000 D1=0000FFFE D2=00000002 A0=000003A4 A1=00005448 nib=68973
T $013A62  bclr    #$5, ($14,A4)                        D0=00000000 D1=0000FFFE D2=00000002 A0=000003A4 A1=00005448 nib=68973
T $013A68  beq     $13b5a                               D0=00000000 D1=0000FFFE D2=00000002 A0=000003A4 A1=00005448 nib=68973
T $013B5A  rts                                          D0=00000000 D1=0000FFFE D2=00000002 A0=000003A4 A1=00005448 nib=68973
T $0133FC  bsr     $13bac                               D0=00000000 D1=0000FFFE D2=00000002 A0=000003A4 A1=00005448 nib=68973
T $013BAC  movem.l A0-A1, -(A7)                         D0=00000000 D1=0000FFFE D2=00000002 A0=000003A4 A1=00005448 nib=68973
T $013BB0  tst.l   ($1c,A4)                             D0=00000000 D1=0000FFFE D2=00000002 A0=000003A4 A1=00005448 nib=68973
T $013BB4  beq     $13c00                               D0=00000000 D1=0000FFFE D2=00000002 A0=000003A4 A1=00005448 nib=68973
T $013C00  cmpa.l  ($4,A3), A4                          D0=00000000 D1=0000FFFE D2=00000002 A0=000003A4 A1=00005448 nib=68973
T $013C04  beq     $13bfa                               D0=00000000 D1=0000FFFE D2=00000002 A0=000003A4 A1=00005448 nib=68973
T $013BFA  movem.l (A7)+, A0-A1                         D0=00000000 D1=0000FFFE D2=00000002 A0=000003A4 A1=00005448 nib=68973
T $013BFE  rts                                          D0=00000000 D1=0000FFFE D2=00000002 A0=000003A4 A1=00005448 nib=68973
T $013400  move.l  A2, ($1c,A4)                         D0=00000000 D1=0000FFFE D2=00000002 A0=000003A4 A1=00005448 nib=68973
T $013404  move.l  D3, ($28,A4)                         D0=00000000 D1=0000FFFE D2=00000002 A0=000003A4 A1=00005448 nib=68973
T $013408  move.b  D6, ($15,A4)                         D0=00000000 D1=0000FFFE D2=00000002 A0=000003A4 A1=00005448 nib=68973
T $01340C  tst.w   D1                                   D0=00000000 D1=0000FFFE D2=00000002 A0=000003A4 A1=00005448 nib=68973
T $01340E  ble     $1343a                               D0=00000000 D1=0000FFFE D2=00000002 A0=000003A4 A1=00005448 nib=68973
T $01343A  cmpa.l  (A3), A4                             D0=00000000 D1=0000FFFE D2=00000002 A0=000003A4 A1=00005448 nib=68973
T $01343C  beq     $13450                               D0=00000000 D1=0000FFFE D2=00000002 A0=000003A4 A1=00005448 nib=68973
T $01343E  movea.l $394.w, A0                           D0=00000000 D1=0000FFFE D2=00000002 A0=000003A4 A1=00005448 nib=68973
T $013442  addq.l  #$1, ($1c,A0)                        D0=00000000 D1=0000FFFE D2=00000002 A0=00005448 A1=00005448 nib=68973
T $013446  bsr     $13dee                               D0=00000000 D1=0000FFFE D2=00000002 A0=00005448 A1=00005448 nib=68973
T $013DEE  movem.l A0-A1, -(A7)                         D0=00000000 D1=0000FFFE D2=00000002 A0=00005448 A1=00005448 nib=68973
T $013DF2  movea.l ($4,A4), A0                          D0=00000000 D1=0000FFFE D2=00000002 A0=00005448 A1=00005448 nib=68973
T $013DF6  movea.l (A4), A1                             D0=00000000 D1=0000FFFE D2=00000002 A0=009FE358 A1=00005448 nib=68973
T $013DF8  move.l  A1, (A0)                             D0=00000000 D1=0000FFFE D2=00000002 A0=009FE358 A1=009FDB0C nib=68973
T $013DFA  move.l  A0, ($4,A1)                          D0=00000000 D1=0000FFFE D2=00000002 A0=009FE358 A1=009FDB0C nib=68973
T $013DFE  movem.l (A7)+, A0-A1                         D0=00000000 D1=0000FFFE D2=00000002 A0=009FE358 A1=009FDB0C nib=68973
T $013E02  rts                                          D0=00000000 D1=0000FFFE D2=00000002 A0=00005448 A1=00005448 nib=68973
T $01344A  movea.l A3, A0                               D0=00000000 D1=0000FFFE D2=00000002 A0=00005448 A1=00005448 nib=68973
T $01344C  bsr     $13dda                               D0=00000000 D1=0000FFFE D2=00000002 A0=009FDB0C A1=00005448 nib=68973
T $013DDA  move.l  A1, -(A7)                            D0=00000000 D1=0000FFFE D2=00000002 A0=009FDB0C A1=00005448 nib=68973
T $013DDC  movea.l (A0), A1                             D0=00000000 D1=0000FFFE D2=00000002 A0=009FDB0C A1=00005448 nib=68973
T $013DDE  move.l  A1, (A4)                             D0=00000000 D1=0000FFFE D2=00000002 A0=009FDB0C A1=009FDB48 nib=68973
T $013DE0  move.l  A4, ($4,A1)                          D0=00000000 D1=0000FFFE D2=00000002 A0=009FDB0C A1=009FDB48 nib=68973
T $013DE4  move.l  A4, (A0)                             D0=00000000 D1=0000FFFE D2=00000002 A0=009FDB0C A1=009FDB48 nib=68973
T $013DE6  move.l  A0, ($4,A4)                          D0=00000000 D1=0000FFFE D2=00000002 A0=009FDB0C A1=009FDB48 nib=68973
T $013DEA  movea.l (A7)+, A1                            D0=00000000 D1=0000FFFE D2=00000002 A0=009FDB0C A1=009FDB48 nib=68973
T $013DEC  rts                                          D0=00000000 D1=0000FFFE D2=00000002 A0=009FDB0C A1=00005448 nib=68973
T $013450  suba.l  A5, A5                               D0=00000000 D1=0000FFFE D2=00000002 A0=009FDB0C A1=00005448 nib=68973
T $013452  move.b  ($14,A4), D0                         D0=00000000 D1=0000FFFE D2=00000002 A0=009FDB0C A1=00005448 nib=68973
T $013456  lea     ($8,A4), A3                          D0=00000000 D1=0000FFFE D2=00000002 A0=009FDB0C A1=00005448 nib=68973
T $01345A  movea.l A3, A4                               D0=00000000 D1=0000FFFE D2=00000002 A0=009FDB0C A1=00005448 nib=68973
T $01345C  movea.l (A4), A4                             D0=00000000 D1=0000FFFE D2=00000002 A0=009FDB0C A1=00005448 nib=68973
T $01345E  cmpa.l  A3, A4                               D0=00000000 D1=0000FFFE D2=00000002 A0=009FDB0C A1=00005448 nib=68973
T $013460  beq     $134c0                               D0=00000000 D1=0000FFFE D2=00000002 A0=009FDB0C A1=00005448 nib=68973
T $0134C0  btst    #$1, D7                              D0=00000000 D1=0000FFFE D2=00000002 A0=009FDB0C A1=00005448 nib=68973
T $0134C4  beq     $134cc                               D0=00000000 D1=0000FFFE D2=00000002 A0=009FDB0C A1=00005448 nib=68973
T $0134CC  move.l  D2, D3                               D0=00000000 D1=0000FFFE D2=00000002 A0=009FDB0C A1=00005448 nib=68973
T $0134CE  tst.w   D1                                   D0=00000000 D1=0000FFFE D2=00000002 A0=009FDB0C A1=00005448 nib=68973
T $0134D0  ble     $134ee                               D0=00000000 D1=0000FFFE D2=00000002 A0=009FDB0C A1=00005448 nib=68973
T $0134EE  bsr     $13cfa                               D0=00000000 D1=0000FFFE D2=00000002 A0=009FDB0C A1=00005448 nib=68973
T $013CFA  move.l  (A7)+, -(A6)                         D0=00000000 D1=0000FFFE D2=00000002 A0=009FDB0C A1=00005448 nib=68973
T $013CFC  move.l  A3, -(A6)                            D0=00000000 D1=0000FFFE D2=00000002 A0=009FDB0C A1=00005448 nib=68973
T $013CFE  bsr     $13fe4                               D0=00000000 D1=0000FFFE D2=00000002 A0=009FDB0C A1=00005448 nib=68973
T $013FE4  movem.l D1/A0-A1, -(A7)                      D0=00000000 D1=0000FFFE D2=00000002 A0=009FDB0C A1=00005448 nib=68973
T $013FE8  movea.l $394.w, A0                           D0=00000000 D1=0000FFFE D2=00000002 A0=009FDB0C A1=00005448 nib=68973
T $013FEC  move.l  ($34,A0), D0                         D0=00000000 D1=0000FFFE D2=00000002 A0=00005448 A1=00005448 nib=68973
T $013FF0  beq     $14026                               D0=000054AC D1=0000FFFE D2=00000002 A0=00005448 A1=00005448 nib=68973
T $013FF2  movea.l D0, A0                               D0=000054AC D1=0000FFFE D2=00000002 A0=00005448 A1=00005448 nib=68973
T $013FF4  move.w  ($2,A0), D0                          D0=000054AC D1=0000FFFE D2=00000002 A0=000054AC A1=00005448 nib=68973
T $013FF8  beq     $14026                               D0=00000000 D1=0000FFFE D2=00000002 A0=000054AC A1=00005448 nib=68973
T $014026  movem.l (A7)+, D1/A0-A1                      D0=00000000 D1=0000FFFE D2=00000002 A0=000054AC A1=00005448 nib=68973
T $01402A  rts                                          D0=00000000 D1=0000FFFE D2=00000002 A0=009FDB0C A1=00005448 nib=68973
T $013D02  beq     $13d1c                               D0=00000000 D1=0000FFFE D2=00000002 A0=009FDB0C A1=00005448 nib=68973
T $013D1C  movea.l $378.w, A3                           D0=00000000 D1=0000FFFE D2=00000002 A0=009FDB0C A1=00005448 nib=68973
T $013D20  movea.l ($4,A3), A4                          D0=00000000 D1=0000FFFE D2=00000002 A0=009FDB0C A1=00005448 nib=68973
T $013D24  cmpa.l  A3, A4                               D0=00000000 D1=0000FFFE D2=00000002 A0=009FDB0C A1=00005448 nib=68973
T $013D26  beq     $13d46                               D0=00000000 D1=0000FFFE D2=00000002 A0=009FDB0C A1=00005448 nib=68973
T $013D46  movem.l D0-D4/A0-A2, -(A6)                   D0=00000000 D1=0000FFFE D2=00000002 A0=009FDB0C A1=00005448 nib=68973
T $013D4A  movea.l $37c.w, A3                           D0=00000000 D1=0000FFFE D2=00000002 A0=009FDB0C A1=00005448 nib=68973
T $013D4E  movea.l A3, A4                               D0=00000000 D1=0000FFFE D2=00000002 A0=009FDB0C A1=00005448 nib=68973
T $013D50  movea.l ($4,A4), A4                          D0=00000000 D1=0000FFFE D2=00000002 A0=009FDB0C A1=00005448 nib=68973
T $013D54  move.l  ($1c,A4), D0                         D0=00000000 D1=0000FFFE D2=00000002 A0=009FDB0C A1=00005448 nib=68973
T $013D58  beq     $13d50                               D0=00000000 D1=0000FFFE D2=00000002 A0=009FDB0C A1=00005448 nib=68973
T $013D50  movea.l ($4,A4), A4                          D0=00000000 D1=0000FFFE D2=00000002 A0=009FDB0C A1=00005448 nib=68973
T $013D54  move.l  ($1c,A4), D0                         D0=00000000 D1=0000FFFE D2=00000002 A0=009FDB0C A1=00005448 nib=68973
T $013D58  beq     $13d50                               D0=00000000 D1=0000FFFE D2=00000002 A0=009FDB0C A1=00005448 nib=68973
T $013D50  movea.l ($4,A4), A4                          D0=00000000 D1=0000FFFE D2=00000002 A0=009FDB0C A1=00005448 nib=68973
T $013D54  move.l  ($1c,A4), D0                         D0=00000000 D1=0000FFFE D2=00000002 A0=009FDB0C A1=00005448 nib=68973
T $013D58  beq     $13d50                               D0=00000000 D1=0000FFFE D2=00000002 A0=009FDB0C A1=00005448 nib=68973
T $013D50  movea.l ($4,A4), A4                          D0=00000000 D1=0000FFFE D2=00000002 A0=009FDB0C A1=00005448 nib=68973
T $013D54  move.l  ($1c,A4), D0                         D0=00000000 D1=0000FFFE D2=00000002 A0=009FDB0C A1=00005448 nib=68973
T $013D58  beq     $13d50                               D0=00000000 D1=0000FFFE D2=00000002 A0=009FDB0C A1=00005448 nib=68973
T $013D50  movea.l ($4,A4), A4                          D0=00000000 D1=0000FFFE D2=00000002 A0=009FDB0C A1=00005448 nib=68973
T $013D54  move.l  ($1c,A4), D0                         D0=00000000 D1=0000FFFE D2=00000002 A0=009FDB0C A1=00005448 nib=68973
T $013D58  beq     $13d50                               D0=00000000 D1=0000FFFE D2=00000002 A0=009FDB0C A1=00005448 nib=68973
T $013D50  movea.l ($4,A4), A4                          D0=00000000 D1=0000FFFE D2=00000002 A0=009FDB0C A1=00005448 nib=68973
T $013D54  move.l  ($1c,A4), D0                         D0=00000000 D1=0000FFFE D2=00000002 A0=009FDB0C A1=00005448 nib=68973
T $013D58  beq     $13d50                               D0=00000000 D1=0000FFFE D2=00000002 A0=009FDB0C A1=00005448 nib=68973
T $013D50  movea.l ($4,A4), A4                          D0=00000000 D1=0000FFFE D2=00000002 A0=009FDB0C A1=00005448 nib=68973
T $013D54  move.l  ($1c,A4), D0                         D0=00000000 D1=0000FFFE D2=00000002 A0=009FDB0C A1=00005448 nib=68973
T $013D58  beq     $13d50                               D0=00008C4C D1=0000FFFE D2=00000002 A0=009FDB0C A1=00005448 nib=68973
T $013D5A  tst.w   ($10,A4)                             D0=00008C4C D1=0000FFFE D2=00000002 A0=009FDB0C A1=00005448 nib=68973
T $013D5E  beq     $13d50                               D0=00008C4C D1=0000FFFE D2=00000002 A0=009FDB0C A1=00005448 nib=68973
T $013D50  movea.l ($4,A4), A4                          D0=00008C4C D1=0000FFFE D2=00000002 A0=009FDB0C A1=00005448 nib=68973
T $013D54  move.l  ($1c,A4), D0                         D0=00008C4C D1=0000FFFE D2=00000002 A0=009FDB0C A1=00005448 nib=68973
T $013D58  beq     $13d50                               D0=00008C4C D1=0000FFFE D2=00000002 A0=009FDB0C A1=00005448 nib=68973
T $013D5A  tst.w   ($10,A4)                             D0=00008C4C D1=0000FFFE D2=00000002 A0=009FDB0C A1=00005448 nib=68973
T $013D5E  beq     $13d50                               D0=00008C4C D1=0000FFFE D2=00000002 A0=009FDB0C A1=00005448 nib=68973
T $013D50  movea.l ($4,A4), A4                          D0=00008C4C D1=0000FFFE D2=00000002 A0=009FDB0C A1=00005448 nib=68973
T $013D54  move.l  ($1c,A4), D0                         D0=00008C4C D1=0000FFFE D2=00000002 A0=009FDB0C A1=00005448 nib=68973
T $013D58  beq     $13d50                               D0=00008C4C D1=0000FFFE D2=00000002 A0=009FDB0C A1=00005448 nib=68973
T $013D5A  tst.w   ($10,A4)                             D0=00008C4C D1=0000FFFE D2=00000002 A0=009FDB0C A1=00005448 nib=68973
T $013D5E  beq     $13d50                               D0=00008C4C D1=0000FFFE D2=00000002 A0=009FDB0C A1=00005448 nib=68973
T $013D50  movea.l ($4,A4), A4                          D0=00008C4C D1=0000FFFE D2=00000002 A0=009FDB0C A1=00005448 nib=68973
T $013D54  move.l  ($1c,A4), D0                         D0=00008C4C D1=0000FFFE D2=00000002 A0=009FDB0C A1=00005448 nib=68973
T $013D58  beq     $13d50                               D0=00008C4C D1=0000FFFE D2=00000002 A0=009FDB0C A1=00005448 nib=68973
T $013D5A  tst.w   ($10,A4)                             D0=00008C4C D1=0000FFFE D2=00000002 A0=009FDB0C A1=00005448 nib=68973
T $013D5E  beq     $13d50                               D0=00008C4C D1=0000FFFE D2=00000002 A0=009FDB0C A1=00005448 nib=68973
T $013D50  movea.l ($4,A4), A4                          D0=00008C4C D1=0000FFFE D2=00000002 A0=009FDB0C A1=00005448 nib=68973
T $013D54  move.l  ($1c,A4), D0                         D0=00008C4C D1=0000FFFE D2=00000002 A0=009FDB0C A1=00005448 nib=68973
T $013D58  beq     $13d50                               D0=00008C4C D1=0000FFFE D2=00000002 A0=009FDB0C A1=00005448 nib=68973
T $013D5A  tst.w   ($10,A4)                             D0=00008C4C D1=0000FFFE D2=00000002 A0=009FDB0C A1=00005448 nib=68973
T $013D5E  beq     $13d50                               D0=00008C4C D1=0000FFFE D2=00000002 A0=009FDB0C A1=00005448 nib=68973
T $013D50  movea.l ($4,A4), A4                          D0=00008C4C D1=0000FFFE D2=00000002 A0=009FDB0C A1=00005448 nib=68973
T $013D54  move.l  ($1c,A4), D0                         D0=00008C4C D1=0000FFFE D2=00000002 A0=009FDB0C A1=00005448 nib=68973
T $013D58  beq     $13d50                               D0=00008C4C D1=0000FFFE D2=00000002 A0=009FDB0C A1=00005448 nib=68973
T $013D5A  tst.w   ($10,A4)                             D0=00008C4C D1=0000FFFE D2=00000002 A0=009FDB0C A1=00005448 nib=68973
T $013D5E  beq     $13d50                               D0=00008C4C D1=0000FFFE D2=00000002 A0=009FDB0C A1=00005448 nib=68973
T $013D50  movea.l ($4,A4), A4                          D0=00008C4C D1=0000FFFE D2=00000002 A0=009FDB0C A1=00005448 nib=68973
T $013D54  move.l  ($1c,A4), D0                         D0=00008C4C D1=0000FFFE D2=00000002 A0=009FDB0C A1=00005448 nib=68973
T $013D58  beq     $13d50                               D0=00008C4C D1=0000FFFE D2=00000002 A0=009FDB0C A1=00005448 nib=68973
T $013D5A  tst.w   ($10,A4)                             D0=00008C4C D1=0000FFFE D2=00000002 A0=009FDB0C A1=00005448 nib=68973
T $013D5E  beq     $13d50                               D0=00008C4C D1=0000FFFE D2=00000002 A0=009FDB0C A1=00005448 nib=68973
T $013D50  movea.l ($4,A4), A4                          D0=00008C4C D1=0000FFFE D2=00000002 A0=009FDB0C A1=00005448 nib=68973
T $013D54  move.l  ($1c,A4), D0                         D0=00008C4C D1=0000FFFE D2=00000002 A0=009FDB0C A1=00005448 nib=68973
T $013D58  beq     $13d50                               D0=00008C4C D1=0000FFFE D2=00000002 A0=009FDB0C A1=00005448 nib=68973
T $013D5A  tst.w   ($10,A4)                             D0=00008C4C D1=0000FFFE D2=00000002 A0=009FDB0C A1=00005448 nib=68973
T $013D5E  beq     $13d50                               D0=00008C4C D1=0000FFFE D2=00000002 A0=009FDB0C A1=00005448 nib=68973
T $013D50  movea.l ($4,A4), A4                          D0=00008C4C D1=0000FFFE D2=00000002 A0=009FDB0C A1=00005448 nib=68973
T $013D54  move.l  ($1c,A4), D0                         D0=00008C4C D1=0000FFFE D2=00000002 A0=009FDB0C A1=00005448 nib=68973
T $013D58  beq     $13d50                               D0=00008C4C D1=0000FFFE D2=00000002 A0=009FDB0C A1=00005448 nib=68973
T $013D5A  tst.w   ($10,A4)                             D0=00008C4C D1=0000FFFE D2=00000002 A0=009FDB0C A1=00005448 nib=68973
T $013D5E  beq     $13d50                               D0=00008C4C D1=0000FFFE D2=00000002 A0=009FDB0C A1=00005448 nib=68973
T $013D50  movea.l ($4,A4), A4                          D0=00008C4C D1=0000FFFE D2=00000002 A0=009FDB0C A1=00005448 nib=68973
T $013D54  move.l  ($1c,A4), D0                         D0=00008C4C D1=0000FFFE D2=00000002 A0=009FDB0C A1=00005448 nib=68973
T $013D58  beq     $13d50                               D0=00008C4C D1=0000FFFE D2=00000002 A0=009FDB0C A1=00005448 nib=68973
T $013D5A  tst.w   ($10,A4)                             D0=00008C4C D1=0000FFFE D2=00000002 A0=009FDB0C A1=00005448 nib=68973
T $013D5E  beq     $13d50                               D0=00008C4C D1=0000FFFE D2=00000002 A0=009FDB0C A1=00005448 nib=68973
T $013D50  movea.l ($4,A4), A4                          D0=00008C4C D1=0000FFFE D2=00000002 A0=009FDB0C A1=00005448 nib=68973
T $013D54  move.l  ($1c,A4), D0                         D0=00008C4C D1=0000FFFE D2=00000002 A0=009FDB0C A1=00005448 nib=68973
T $013D58  beq     $13d50                               D0=00008C4C D1=0000FFFE D2=00000002 A0=009FDB0C A1=00005448 nib=68973
T $013D5A  tst.w   ($10,A4)                             D0=00008C4C D1=0000FFFE D2=00000002 A0=009FDB0C A1=00005448 nib=68973
T $013D5E  beq     $13d50                               D0=00008C4C D1=0000FFFE D2=00000002 A0=009FDB0C A1=00005448 nib=68973
T $013D50  movea.l ($4,A4), A4                          D0=00008C4C D1=0000FFFE D2=00000002 A0=009FDB0C A1=00005448 nib=68973
T $013D54  move.l  ($1c,A4), D0                         D0=00008C4C D1=0000FFFE D2=00000002 A0=009FDB0C A1=00005448 nib=68973
T $013D58  beq     $13d50                               D0=00008C4C D1=0000FFFE D2=00000002 A0=009FDB0C A1=00005448 nib=68973
T $013D5A  tst.w   ($10,A4)                             D0=00008C4C D1=0000FFFE D2=00000002 A0=009FDB0C A1=00005448 nib=68973
T $013D5E  beq     $13d50                               D0=00008C4C D1=0000FFFE D2=00000002 A0=009FDB0C A1=00005448 nib=68973
T $013D50  movea.l ($4,A4), A4                          D0=00008C4C D1=0000FFFE D2=00000002 A0=009FDB0C A1=00005448 nib=68973
T $013D54  move.l  ($1c,A4), D0                         D0=00008C4C D1=0000FFFE D2=00000002 A0=009FDB0C A1=00005448 nib=68973
T $013D58  beq     $13d50                               D0=00008C4C D1=0000FFFE D2=00000002 A0=009FDB0C A1=00005448 nib=68973
T $013D5A  tst.w   ($10,A4)                             D0=00008C4C D1=0000FFFE D2=00000002 A0=009FDB0C A1=00005448 nib=68973
T $013D5E  beq     $13d50                               D0=00008C4C D1=0000FFFE D2=00000002 A0=009FDB0C A1=00005448 nib=68973
T $013D50  movea.l ($4,A4), A4                          D0=00008C4C D1=0000FFFE D2=00000002 A0=009FDB0C A1=00005448 nib=68973
T $013D54  move.l  ($1c,A4), D0                         D0=00008C4C D1=0000FFFE D2=00000002 A0=009FDB0C A1=00005448 nib=68973
T $013D58  beq     $13d50                               D0=00008C4C D1=0000FFFE D2=00000002 A0=009FDB0C A1=00005448 nib=68973
T $013D5A  tst.w   ($10,A4)                             D0=00008C4C D1=0000FFFE D2=00000002 A0=009FDB0C A1=00005448 nib=68973
T $013D5E  beq     $13d50                               D0=00008C4C D1=0000FFFE D2=00000002 A0=009FDB0C A1=00005448 nib=68973
T $013D50  movea.l ($4,A4), A4                          D0=00008C4C D1=0000FFFE D2=00000002 A0=009FDB0C A1=00005448 nib=68973
T $013D54  move.l  ($1c,A4), D0                         D0=00008C4C D1=0000FFFE D2=00000002 A0=009FDB0C A1=00005448 nib=68973
T $013D58  beq     $13d50                               D0=00008C4C D1=0000FFFE D2=00000002 A0=009FDB0C A1=00005448 nib=68973
T $013D5A  tst.w   ($10,A4)                             D0=00008C4C D1=0000FFFE D2=00000002 A0=009FDB0C A1=00005448 nib=68973
T $013D5E  beq     $13d50                               D0=00008C4C D1=0000FFFE D2=00000002 A0=009FDB0C A1=00005448 nib=68973
T $013D50  movea.l ($4,A4), A4                          D0=00008C4C D1=0000FFFE D2=00000002 A0=009FDB0C A1=00005448 nib=68973
T $013D54  move.l  ($1c,A4), D0                         D0=00008C4C D1=0000FFFE D2=00000002 A0=009FDB0C A1=00005448 nib=68973
T $013D58  beq     $13d50                               D0=00008C4C D1=0000FFFE D2=00000002 A0=009FDB0C A1=00005448 nib=68973
T $013D5A  tst.w   ($10,A4)                             D0=00008C4C D1=0000FFFE D2=00000002 A0=009FDB0C A1=00005448 nib=68973
T $013D5E  beq     $13d50                               D0=00008C4C D1=0000FFFE D2=00000002 A0=009FDB0C A1=00005448 nib=68973
T $013D50  movea.l ($4,A4), A4                          D0=00008C4C D1=0000FFFE D2=00000002 A0=009FDB0C A1=00005448 nib=68973
T $013D54  move.l  ($1c,A4), D0                         D0=00008C4C D1=0000FFFE D2=00000002 A0=009FDB0C A1=00005448 nib=68973
T $013D58  beq     $13d50                               D0=00008C4C D1=0000FFFE D2=00000002 A0=009FDB0C A1=00005448 nib=68973
T $013D5A  tst.w   ($10,A4)                             D0=00008C4C D1=0000FFFE D2=00000002 A0=009FDB0C A1=00005448 nib=68973
T $013D5E  beq     $13d50                               D0=00008C4C D1=0000FFFE D2=00000002 A0=009FDB0C A1=00005448 nib=68973
T $013D50  movea.l ($4,A4), A4                          D0=00008C4C D1=0000FFFE D2=00000002 A0=009FDB0C A1=00005448 nib=68973
T $013D54  move.l  ($1c,A4), D0                         D0=00008C4C D1=0000FFFE D2=00000002 A0=009FDB0C A1=00005448 nib=68973
T $013D58  beq     $13d50                               D0=00008C4C D1=0000FFFE D2=00000002 A0=009FDB0C A1=00005448 nib=68973
T $013D5A  tst.w   ($10,A4)                             D0=00008C4C D1=0000FFFE D2=00000002 A0=009FDB0C A1=00005448 nib=68973
T $013D5E  beq     $13d50                               D0=00008C4C D1=0000FFFE D2=00000002 A0=009FDB0C A1=00005448 nib=68973
T $013D50  movea.l ($4,A4), A4                          D0=00008C4C D1=0000FFFE D2=00000002 A0=009FDB0C A1=00005448 nib=68973
T $013D54  move.l  ($1c,A4), D0                         D0=00008C4C D1=0000FFFE D2=00000002 A0=009FDB0C A1=00005448 nib=68973
T $013D58  beq     $13d50                               D0=00008C4C D1=0000FFFE D2=00000002 A0=009FDB0C A1=00005448 nib=68973
T $013D5A  tst.w   ($10,A4)                             D0=00008C4C D1=0000FFFE D2=00000002 A0=009FDB0C A1=00005448 nib=68973
T $013D5E  beq     $13d50                               D0=00008C4C D1=0000FFFE D2=00000002 A0=009FDB0C A1=00005448 nib=68973
T $013D50  movea.l ($4,A4), A4                          D0=00008C4C D1=0000FFFE D2=00000002 A0=009FDB0C A1=00005448 nib=68973
T $013D54  move.l  ($1c,A4), D0                         D0=00008C4C D1=0000FFFE D2=00000002 A0=009FDB0C A1=00005448 nib=68973
T $013D58  beq     $13d50                               D0=00008C4C D1=0000FFFE D2=00000002 A0=009FDB0C A1=00005448 nib=68973
T $013D5A  tst.w   ($10,A4)                             D0=00008C4C D1=0000FFFE D2=00000002 A0=009FDB0C A1=00005448 nib=68973
T $013D5E  beq     $13d50                               D0=00008C4C D1=0000FFFE D2=00000002 A0=009FDB0C A1=00005448 nib=68973
T $013D50  movea.l ($4,A4), A4                          D0=00008C4C D1=0000FFFE D2=00000002 A0=009FDB0C A1=00005448 nib=68973
T $013D54  move.l  ($1c,A4), D0                         D0=00008C4C D1=0000FFFE D2=00000002 A0=009FDB0C A1=00005448 nib=68973
T $013D58  beq     $13d50                               D0=00008C4C D1=0000FFFE D2=00000002 A0=009FDB0C A1=00005448 nib=68973
T $013D5A  tst.w   ($10,A4)                             D0=00008C4C D1=0000FFFE D2=00000002 A0=009FDB0C A1=00005448 nib=68973
T $013D5E  beq     $13d50                               D0=00008C4C D1=0000FFFE D2=00000002 A0=009FDB0C A1=00005448 nib=68973
T $013D50  movea.l ($4,A4), A4                          D0=00008C4C D1=0000FFFE D2=00000002 A0=009FDB0C A1=00005448 nib=68973
T $013D54  move.l  ($1c,A4), D0                         D0=00008C4C D1=0000FFFE D2=00000002 A0=009FDB0C A1=00005448 nib=68973
T $013D58  beq     $13d50                               D0=00008C4C D1=0000FFFE D2=00000002 A0=009FDB0C A1=00005448 nib=68973
T $013D5A  tst.w   ($10,A4)                             D0=00008C4C D1=0000FFFE D2=00000002 A0=009FDB0C A1=00005448 nib=68973
T $013D5E  beq     $13d50                               D0=00008C4C D1=0000FFFE D2=00000002 A0=009FDB0C A1=00005448 nib=68973
T $013D50  movea.l ($4,A4), A4                          D0=00008C4C D1=0000FFFE D2=00000002 A0=009FDB0C A1=00005448 nib=68973
T $013D54  move.l  ($1c,A4), D0                         D0=00008C4C D1=0000FFFE D2=00000002 A0=009FDB0C A1=00005448 nib=68973
T $013D58  beq     $13d50                               D0=00008C4C D1=0000FFFE D2=00000002 A0=009FDB0C A1=00005448 nib=68973
T $013D5A  tst.w   ($10,A4)                             D0=00008C4C D1=0000FFFE D2=00000002 A0=009FDB0C A1=00005448 nib=68973
T $013D5E  beq     $13d50                               D0=00008C4C D1=0000FFFE D2=00000002 A0=009FDB0C A1=00005448 nib=68973
T $013D50  movea.l ($4,A4), A4                          D0=00008C4C D1=0000FFFE D2=00000002 A0=009FDB0C A1=00005448 nib=68973
T $013D54  move.l  ($1c,A4), D0                         D0=00008C4C D1=0000FFFE D2=00000002 A0=009FDB0C A1=00005448 nib=68973
T $013D58  beq     $13d50                               D0=00008C4C D1=0000FFFE D2=00000002 A0=009FDB0C A1=00005448 nib=68973
T $013D5A  tst.w   ($10,A4)                             D0=00008C4C D1=0000FFFE D2=00000002 A0=009FDB0C A1=00005448 nib=68973
T $013D5E  beq     $13d50                               D0=00008C4C D1=0000FFFE D2=00000002 A0=009FDB0C A1=00005448 nib=68973
T $013D50  movea.l ($4,A4), A4                          D0=00008C4C D1=0000FFFE D2=00000002 A0=009FDB0C A1=00005448 nib=68973
T $013D54  move.l  ($1c,A4), D0                         D0=00008C4C D1=0000FFFE D2=00000002 A0=009FDB0C A1=00005448 nib=68973
T $013D58  beq     $13d50                               D0=00008C4C D1=0000FFFE D2=00000002 A0=009FDB0C A1=00005448 nib=68973
T $013D5A  tst.w   ($10,A4)                             D0=00008C4C D1=0000FFFE D2=00000002 A0=009FDB0C A1=00005448 nib=68973
T $013D5E  beq     $13d50                               D0=00008C4C D1=0000FFFE D2=00000002 A0=009FDB0C A1=00005448 nib=68973
T $013D50  movea.l ($4,A4), A4                          D0=00008C4C D1=0000FFFE D2=00000002 A0=009FDB0C A1=00005448 nib=68973
T $013D54  move.l  ($1c,A4), D0                         D0=00008C4C D1=0000FFFE D2=00000002 A0=009FDB0C A1=00005448 nib=68973
T $013D58  beq     $13d50                               D0=00008C4C D1=0000FFFE D2=00000002 A0=009FDB0C A1=00005448 nib=68973
T $013D5A  tst.w   ($10,A4)                             D0=00008C4C D1=0000FFFE D2=00000002 A0=009FDB0C A1=00005448 nib=68973
T $013D5E  beq     $13d50                               D0=00008C4C D1=0000FFFE D2=00000002 A0=009FDB0C A1=00005448 nib=68973
T $013D50  movea.l ($4,A4), A4                          D0=00008C4C D1=0000FFFE D2=00000002 A0=009FDB0C A1=00005448 nib=68973
T $013D54  move.l  ($1c,A4), D0                         D0=00008C4C D1=0000FFFE D2=00000002 A0=009FDB0C A1=00005448 nib=68973
T $013D58  beq     $13d50                               D0=00008C4C D1=0000FFFE D2=00000002 A0=009FDB0C A1=00005448 nib=68973
T $013D5A  tst.w   ($10,A4)                             D0=00008C4C D1=0000FFFE D2=00000002 A0=009FDB0C A1=00005448 nib=68973
T $013D5E  beq     $13d50                               D0=00008C4C D1=0000FFFE D2=00000002 A0=009FDB0C A1=00005448 nib=68973
T $013D50  movea.l ($4,A4), A4                          D0=00008C4C D1=0000FFFE D2=00000002 A0=009FDB0C A1=00005448 nib=68973
T $013D54  move.l  ($1c,A4), D0                         D0=00008C4C D1=0000FFFE D2=00000002 A0=009FDB0C A1=00005448 nib=68973
T $013D58  beq     $13d50                               D0=00008C4C D1=0000FFFE D2=00000002 A0=009FDB0C A1=00005448 nib=68973
T $013D5A  tst.w   ($10,A4)                             D0=00008C4C D1=0000FFFE D2=00000002 A0=009FDB0C A1=00005448 nib=68973
T $013D5E  beq     $13d50                               D0=00008C4C D1=0000FFFE D2=00000002 A0=009FDB0C A1=00005448 nib=68973
T $013D50  movea.l ($4,A4), A4                          D0=00008C4C D1=0000FFFE D2=00000002 A0=009FDB0C A1=00005448 nib=68973
T $013D54  move.l  ($1c,A4), D0                         D0=00008C4C D1=0000FFFE D2=00000002 A0=009FDB0C A1=00005448 nib=68973
T $013D58  beq     $13d50                               D0=00008C4C D1=0000FFFE D2=00000002 A0=009FDB0C A1=00005448 nib=68973
T $013D5A  tst.w   ($10,A4)                             D0=00008C4C D1=0000FFFE D2=00000002 A0=009FDB0C A1=00005448 nib=68973
T $013D5E  beq     $13d50                               D0=00008C4C D1=0000FFFE D2=00000002 A0=009FDB0C A1=00005448 nib=68973
T $013D50  movea.l ($4,A4), A4                          D0=00008C4C D1=0000FFFE D2=00000002 A0=009FDB0C A1=00005448 nib=68973
T $013D54  move.l  ($1c,A4), D0                         D0=00008C4C D1=0000FFFE D2=00000002 A0=009FDB0C A1=00005448 nib=68973
T $013D58  beq     $13d50                               D0=00008C4C D1=0000FFFE D2=00000002 A0=009FDB0C A1=00005448 nib=68973
T $013D5A  tst.w   ($10,A4)                             D0=00008C4C D1=0000FFFE D2=00000002 A0=009FDB0C A1=00005448 nib=68973
T $013D5E  beq     $13d50                               D0=00008C4C D1=0000FFFE D2=00000002 A0=009FDB0C A1=00005448 nib=68973
T $013D50  movea.l ($4,A4), A4                          D0=00008C4C D1=0000FFFE D2=00000002 A0=009FDB0C A1=00005448 nib=68973
T $013D54  move.l  ($1c,A4), D0                         D0=00008C4C D1=0000FFFE D2=00000002 A0=009FDB0C A1=00005448 nib=68973
T $013D58  beq     $13d50                               D0=00008C4C D1=0000FFFE D2=00000002 A0=009FDB0C A1=00005448 nib=68973
T $013D5A  tst.w   ($10,A4)                             D0=00008C4C D1=0000FFFE D2=00000002 A0=009FDB0C A1=00005448 nib=68973
T $013D5E  beq     $13d50                               D0=00008C4C D1=0000FFFE D2=00000002 A0=009FDB0C A1=00005448 nib=68973
T $013D50  movea.l ($4,A4), A4                          D0=00008C4C D1=0000FFFE D2=00000002 A0=009FDB0C A1=00005448 nib=68973
T $013D54  move.l  ($1c,A4), D0                         D0=00008C4C D1=0000FFFE D2=00000002 A0=009FDB0C A1=00005448 nib=68973
T $013D58  beq     $13d50                               D0=00008C4C D1=0000FFFE D2=00000002 A0=009FDB0C A1=00005448 nib=68973
T $013D5A  tst.w   ($10,A4)                             D0=00008C4C D1=0000FFFE D2=00000002 A0=009FDB0C A1=00005448 nib=68973
T $013D5E  beq     $13d50                               D0=00008C4C D1=0000FFFE D2=00000002 A0=009FDB0C A1=00005448 nib=68973
T $013D50  movea.l ($4,A4), A4                          D0=00008C4C D1=0000FFFE D2=00000002 A0=009FDB0C A1=00005448 nib=68973
T $013D54  move.l  ($1c,A4), D0                         D0=00008C4C D1=0000FFFE D2=00000002 A0=009FDB0C A1=00005448 nib=68973
T $013D58  beq     $13d50                               D0=00008C4C D1=0000FFFE D2=00000002 A0=009FDB0C A1=00005448 nib=68973
T $013D5A  tst.w   ($10,A4)                             D0=00008C4C D1=0000FFFE D2=00000002 A0=009FDB0C A1=00005448 nib=68973
T $013D5E  beq     $13d50                               D0=00008C4C D1=0000FFFE D2=00000002 A0=009FDB0C A1=00005448 nib=68973
T $013D50  movea.l ($4,A4), A4                          D0=00008C4C D1=0000FFFE D2=00000002 A0=009FDB0C A1=00005448 nib=68973
T $013D54  move.l  ($1c,A4), D0                         D0=00008C4C D1=0000FFFE D2=00000002 A0=009FDB0C A1=00005448 nib=68973
T $013D58  beq     $13d50                               D0=00008C4C D1=0000FFFE D2=00000002 A0=009FDB0C A1=00005448 nib=68973
T $013D5A  tst.w   ($10,A4)                             D0=00008C4C D1=0000FFFE D2=00000002 A0=009FDB0C A1=00005448 nib=68973
T $013D5E  beq     $13d50                               D0=00008C4C D1=0000FFFE D2=00000002 A0=009FDB0C A1=00005448 nib=68973
T $013D50  movea.l ($4,A4), A4                          D0=00008C4C D1=0000FFFE D2=00000002 A0=009FDB0C A1=00005448 nib=68973
T $013D54  move.l  ($1c,A4), D0                         D0=00008C4C D1=0000FFFE D2=00000002 A0=009FDB0C A1=00005448 nib=68973
T $013D58  beq     $13d50                               D0=00008C4C D1=0000FFFE D2=00000002 A0=009FDB0C A1=00005448 nib=68973
T $013D5A  tst.w   ($10,A4)                             D0=00008C4C D1=0000FFFE D2=00000002 A0=009FDB0C A1=00005448 nib=68973
T $013D5E  beq     $13d50                               D0=00008C4C D1=0000FFFE D2=00000002 A0=009FDB0C A1=00005448 nib=68973
T $013D50  movea.l ($4,A4), A4                          D0=00008C4C D1=0000FFFE D2=00000002 A0=009FDB0C A1=00005448 nib=68973
T $013D54  move.l  ($1c,A4), D0                         D0=00008C4C D1=0000FFFE D2=00000002 A0=009FDB0C A1=00005448 nib=68973
T $013D58  beq     $13d50                               D0=00008C4C D1=0000FFFE D2=00000002 A0=009FDB0C A1=00005448 nib=68973
T $013D5A  tst.w   ($10,A4)                             D0=00008C4C D1=0000FFFE D2=00000002 A0=009FDB0C A1=00005448 nib=68973
T $013D5E  beq     $13d50                               D0=00008C4C D1=0000FFFE D2=00000002 A0=009FDB0C A1=00005448 nib=68973
T $013D50  movea.l ($4,A4), A4                          D0=00008C4C D1=0000FFFE D2=00000002 A0=009FDB0C A1=00005448 nib=68973
T $013D54  move.l  ($1c,A4), D0                         D0=00008C4C D1=0000FFFE D2=00000002 A0=009FDB0C A1=00005448 nib=68973
T $013D58  beq     $13d50                               D0=00008C4C D1=0000FFFE D2=00000002 A0=009FDB0C A1=00005448 nib=68973
T $013D5A  tst.w   ($10,A4)                             D0=00008C4C D1=0000FFFE D2=00000002 A0=009FDB0C A1=00005448 nib=68973
T $013D5E  beq     $13d50                               D0=00008C4C D1=0000FFFE D2=00000002 A0=009FDB0C A1=00005448 nib=68973
T $013D50  movea.l ($4,A4), A4                          D0=00008C4C D1=0000FFFE D2=00000002 A0=009FDB0C A1=00005448 nib=68973
T $013D54  move.l  ($1c,A4), D0                         D0=00008C4C D1=0000FFFE D2=00000002 A0=009FDB0C A1=00005448 nib=68973
T $013D58  beq     $13d50                               D0=00008C4C D1=0000FFFE D2=00000002 A0=009FDB0C A1=00005448 nib=68973
T $013D5A  tst.w   ($10,A4)                             D0=00008C4C D1=0000FFFE D2=00000002 A0=009FDB0C A1=00005448 nib=68973
T $013D5E  beq     $13d50                               D0=00008C4C D1=0000FFFE D2=00000002 A0=009FDB0C A1=00005448 nib=68973
T $013D50  movea.l ($4,A4), A4                          D0=00008C4C D1=0000FFFE D2=00000002 A0=009FDB0C A1=00005448 nib=68973
T $013D54  move.l  ($1c,A4), D0                         D0=00008C4C D1=0000FFFE D2=00000002 A0=009FDB0C A1=00005448 nib=68973
T $013D58  beq     $13d50                               D0=00008C4C D1=0000FFFE D2=00000002 A0=009FDB0C A1=00005448 nib=68973
T $013D5A  tst.w   ($10,A4)                             D0=00008C4C D1=0000FFFE D2=00000002 A0=009FDB0C A1=00005448 nib=68973
T $013D5E  beq     $13d50                               D0=00008C4C D1=0000FFFE D2=00000002 A0=009FDB0C A1=00005448 nib=68973
T $013D50  movea.l ($4,A4), A4                          D0=00008C4C D1=0000FFFE D2=00000002 A0=009FDB0C A1=00005448 nib=68973
T $013D54  move.l  ($1c,A4), D0                         D0=00008C4C D1=0000FFFE D2=00000002 A0=009FDB0C A1=00005448 nib=68973
T $013D58  beq     $13d50                               D0=00008C4C D1=0000FFFE D2=00000002 A0=009FDB0C A1=00005448 nib=68973
T $013D5A  tst.w   ($10,A4)                             D0=00008C4C D1=0000FFFE D2=00000002 A0=009FDB0C A1=00005448 nib=68973
T $013D5E  beq     $13d50                               D0=00008C4C D1=0000FFFE D2=00000002 A0=009FDB0C A1=00005448 nib=68973
T $013D60  movea.l ($c,A4), A2                          D0=00008C4C D1=0000FFFE D2=00000002 A0=009FDB0C A1=00005448 nib=68973
T $013D64  move.l  ($14,A2), D2                         D0=00008C4C D1=0000FFFE D2=00000002 A0=009FDB0C A1=00005448 nib=68973
T $013D68  moveq   #$0, D4                              D0=00008C4C D1=0000FFFE D2=00000110 A0=009FDB0C A1=00005448 nib=68973
T $013D6A  movem.l A3-A4, -(A6)                         D0=00008C4C D1=0000FFFE D2=00000110 A0=009FDB0C A1=00005448 nib=68973
T $013D6E  lea     ($8,A4), A3                          D0=00008C4C D1=0000FFFE D2=00000110 A0=009FDB0C A1=00005448 nib=68973
T $013D72  movea.l A3, A4                               D0=00008C4C D1=0000FFFE D2=00000110 A0=009FDB0C A1=00005448 nib=68973
T $013D74  movea.l ($4,A4), A4                          D0=00008C4C D1=0000FFFE D2=00000110 A0=009FDB0C A1=00005448 nib=68973
T $013D78  cmpa.l  A3, A4                               D0=00008C4C D1=0000FFFE D2=00000110 A0=009FDB0C A1=00005448 nib=68973
T $013D7A  beq     $13dbc                               D0=00008C4C D1=0000FFFE D2=00000110 A0=009FDB0C A1=00005448 nib=68973
T $013D7C  cmp.l   ($14,A4), D2                         D0=00008C4C D1=0000FFFE D2=00000110 A0=009FDB0C A1=00005448 nib=68973
T $013D80  bcs     $13dbc                               D0=00008C4C D1=0000FFFE D2=00000110 A0=009FDB0C A1=00005448 nib=68973
T $013D82  btst    #$6, ($10,A4)                        D0=00008C4C D1=0000FFFE D2=00000110 A0=009FDB0C A1=00005448 nib=68973
T $013D88  bne     $13dbc                               D0=00008C4C D1=0000FFFE D2=00000110 A0=009FDB0C A1=00005448 nib=68973
T $013D8A  btst    #$7, ($10,A4)                        D0=00008C4C D1=0000FFFE D2=00000110 A0=009FDB0C A1=00005448 nib=68973
T $013D90  bne     $13da8                               D0=00008C4C D1=0000FFFE D2=00000110 A0=009FDB0C A1=00005448 nib=68973
T $013D92  movea.l (A4), A2                             D0=00008C4C D1=0000FFFE D2=00000110 A0=009FDB0C A1=00005448 nib=68973
T $013D94  move.l  D7, -(A7)                            D0=00008C4C D1=0000FFFE D2=00000110 A0=009FDB0C A1=00005448 nib=68973
T $013D96  move.l  #$68615368, D7                       D0=00008C4C D1=0000FFFE D2=00000110 A0=009FDB0C A1=00005448 nib=68973
T $013D9C  bsr     $13c08                               D0=00008C4C D1=0000FFFE D2=00000110 A0=009FDB0C A1=00005448 nib=68973
T $013C08  movem.l D0/D6/A0, -(A7)                      D0=00008C4C D1=0000FFFE D2=00000110 A0=009FDB0C A1=00005448 nib=68973
T $013C0C  bset    #$5, ($10,A4)                        D0=00008C4C D1=0000FFFE D2=00000110 A0=009FDB0C A1=00005448 nib=68973
T $013C12  movea.l ($28,A4), A0                         D0=00008C4C D1=0000FFFE D2=00000110 A0=009FDB0C A1=00005448 nib=68973
T $013C16  subq.w  #$1, ($8,A0)                         D0=00008C4C D1=0000FFFE D2=00000110 A0=009FE2A0 A1=00005448 nib=68973
T $013C1A  bne     $13c22                               D0=00008C4C D1=0000FFFE D2=00000110 A0=009FE2A0 A1=00005448 nib=68973
T $013C22  move.l  ($20,A0), D6                         D0=00008C4C D1=0000FFFE D2=00000110 A0=009FE2A0 A1=00005448 nib=68973
T $013C26  bsr     $13dee                               D0=00008C4C D1=0000FFFE D2=00000110 A0=009FE2A0 A1=00005448 nib=68973
T $013DEE  movem.l A0-A1, -(A7)                         D0=00008C4C D1=0000FFFE D2=00000110 A0=009FE2A0 A1=00005448 nib=68973
T $013DF2  movea.l ($4,A4), A0                          D0=00008C4C D1=0000FFFE D2=00000110 A0=009FE2A0 A1=00005448 nib=68973
T $013DF6  movea.l (A4), A1                             D0=00008C4C D1=0000FFFE D2=00000110 A0=009FD4B4 A1=00005448 nib=68973
T $013DF8  move.l  A1, (A0)                             D0=00008C4C D1=0000FFFE D2=00000110 A0=009FD4B4 A1=009FE2A0 nib=68973
T $013DFA  move.l  A0, ($4,A1)                          D0=00008C4C D1=0000FFFE D2=00000110 A0=009FD4B4 A1=009FE2A0 nib=68973
T $013DFE  movem.l (A7)+, A0-A1                         D0=00008C4C D1=0000FFFE D2=00000110 A0=009FD4B4 A1=009FE2A0 nib=68973
T $013E02  rts                                          D0=00008C4C D1=0000FFFE D2=00000110 A0=009FE2A0 A1=00005448 nib=68973
T $013C2A  lea     ($18,A4), A4                         D0=00008C4C D1=0000FFFE D2=00000110 A0=009FE2A0 A1=00005448 nib=68973
T $013C2E  bsr     $13dee                               D0=00008C4C D1=0000FFFE D2=00000110 A0=009FE2A0 A1=00005448 nib=68973
T $013DEE  movem.l A0-A1, -(A7)                         D0=00008C4C D1=0000FFFE D2=00000110 A0=009FE2A0 A1=00005448 nib=68973
T $013DF2  movea.l ($4,A4), A0                          D0=00008C4C D1=0000FFFE D2=00000110 A0=009FE2A0 A1=00005448 nib=68973
T $013DF6  movea.l (A4), A1                             D0=00008C4C D1=0000FFFE D2=00000110 A0=009FD228 A1=00005448 nib=68973
T $013DF8  move.l  A1, (A0)                             D0=00008C4C D1=0000FFFE D2=00000110 A0=009FD228 A1=009FD430 nib=68973
T $013DFA  move.l  A0, ($4,A1)                          D0=00008C4C D1=0000FFFE D2=00000110 A0=009FD228 A1=009FD430 nib=68973
T $013DFE  movem.l (A7)+, A0-A1                         D0=00008C4C D1=0000FFFE D2=00000110 A0=009FD228 A1=009FD430 nib=68973
T $013E02  rts                                          D0=00008C4C D1=0000FFFE D2=00000110 A0=009FE2A0 A1=00005448 nib=68973
T $013C32  move.l  A4, (A4)                             D0=00008C4C D1=0000FFFE D2=00000110 A0=009FE2A0 A1=00005448 nib=68973
T $013C34  move.l  A4, ($4,A4)                          D0=00008C4C D1=0000FFFE D2=00000110 A0=009FE2A0 A1=00005448 nib=68973
T $013C38  lea     (-$18,A4), A4                        D0=00008C4C D1=0000FFFE D2=00000110 A0=009FE2A0 A1=00005448 nib=68973
T $013C3C  movea.l $378.w, A0                           D0=00008C4C D1=0000FFFE D2=00000110 A0=009FE2A0 A1=00005448 nib=68973
T $013C40  move.l  A0, ($28,A4)                         D0=00008C4C D1=0000FFFE D2=00000110 A0=009FDB00 A1=00005448 nib=68973
T $013C44  addq.w  #$1, ($8,A0)                         D0=00008C4C D1=0000FFFE D2=00000110 A0=009FDB00 A1=00005448 nib=68973
T $013C48  clr.l   ($14,A4)                             D0=00008C4C D1=0000FFFE D2=00000110 A0=009FDB00 A1=00005448 nib=68973
T $013C4C  cmpi.l  #$68615368, D7                       D0=00008C4C D1=0000FFFE D2=00000110 A0=009FDB00 A1=00005448 nib=68973
T $013C52  beq     $13c5e                               D0=00008C4C D1=0000FFFE D2=00000110 A0=009FDB00 A1=00005448 nib=68973
T $013C5E  bsr     $13dda                               D0=00008C4C D1=0000FFFE D2=00000110 A0=009FDB00 A1=00005448 nib=68973
T $013DDA  move.l  A1, -(A7)                            D0=00008C4C D1=0000FFFE D2=00000110 A0=009FDB00 A1=00005448 nib=68973
T $013DDC  movea.l (A0), A1                             D0=00008C4C D1=0000FFFE D2=00000110 A0=009FDB00 A1=00005448 nib=68973
T $013DDE  move.l  A1, (A4)                             D0=00008C4C D1=0000FFFE D2=00000110 A0=009FDB00 A1=009FDB00 nib=68973
T $013DE0  move.l  A4, ($4,A1)                          D0=00008C4C D1=0000FFFE D2=00000110 A0=009FDB00 A1=009FDB00 nib=68973
T $013DE4  move.l  A4, (A0)                             D0=00008C4C D1=0000FFFE D2=00000110 A0=009FDB00 A1=009FDB00 nib=68973
T $013DE6  move.l  A0, ($4,A4)                          D0=00008C4C D1=0000FFFE D2=00000110 A0=009FDB00 A1=009FDB00 nib=68973
T $013DEA  movea.l (A7)+, A1                            D0=00008C4C D1=0000FFFE D2=00000110 A0=009FDB00 A1=009FDB00 nib=68973
T $013DEC  rts                                          D0=00008C4C D1=0000FFFE D2=00000110 A0=009FDB00 A1=00005448 nib=68973
T $013C62  bclr    #$5, ($10,A4)                        D0=00008C4C D1=0000FFFE D2=00000110 A0=009FDB00 A1=00005448 nib=68973
T $013C68  bsr     $13f90                               D0=00008C4C D1=0000FFFE D2=00000110 A0=009FDB00 A1=00005448 nib=68973
T $013F90  movem.l D0-D1/A0/A4, -(A7)                   D0=00008C4C D1=0000FFFE D2=00000110 A0=009FDB00 A1=00005448 nib=68973
T $013F94  moveq   #$0, D0                              D0=00008C4C D1=0000FFFE D2=00000110 A0=009FDB00 A1=00005448 nib=68973
T $013F96  move.w  ($12,A4), D0                         D0=00000000 D1=0000FFFE D2=00000110 A0=009FDB00 A1=00005448 nib=68973
T $013F9A  ble     $13fa8                               D0=00000816 D1=0000FFFE D2=00000110 A0=009FDB00 A1=00005448 nib=68973
T $013F9C  movea.l $34e.w, A0                           D0=00000816 D1=0000FFFE D2=00000110 A0=009FDB00 A1=00005448 nib=68973
T $013FA0  movea.l ($14,A0,D0.w), A0                    D0=00000816 D1=0000FFFE D2=00000110 A0=000756BC A1=00005448 nib=68973
T $013FA4  move.w  ($4e,A0), D0                         D0=00000816 D1=0000FFFE D2=00000110 A0=00008C4C A1=00005448 nib=68973
T $013FA8  move.w  D0, ($14,A4)                         D0=0000FFFF D1=0000FFFE D2=00000110 A0=00008C4C A1=00005448 nib=68973
T $013FAC  move.l  D6, ($2c,A4)                         D0=0000FFFF D1=0000FFFE D2=00000110 A0=00008C4C A1=00005448 nib=68973
T $013FB0  movea.l $394.w, A0                           D0=0000FFFF D1=0000FFFE D2=00000110 A0=00008C4C A1=00005448 nib=68973
T $013FB4  movea.l ($34,A0), A0                         D0=0000FFFF D1=0000FFFE D2=00000110 A0=00005448 A1=00005448 nib=68973
T $013FB8  addq.w  #$1, ($2,A0)                         D0=0000FFFF D1=0000FFFE D2=00000110 A0=000054AC A1=00005448 nib=68973
T $013FBC  move.l  ($20,A4), D1                         D0=0000FFFF D1=0000FFFE D2=00000110 A0=000054AC A1=00005448 nib=68973
T $013FC0  bsr     $13fd8                               D0=0000FFFF D1=0024C3B4 D2=00000110 A0=000054AC A1=00005448 nib=68973
T $013FD8  add.l   D0, D1                               D0=0000FFFF D1=0024C3B4 D2=00000110 A0=000054AC A1=00005448 nib=68973
T $013FDA  move.w  (A0), D0                             D0=0000FFFF D1=0025C3B3 D2=00000110 A0=000054AC A1=00005448 nib=68973
T $013FDC  and.w   D0, D1                               D0=0000000F D1=0025C3B3 D2=00000110 A0=000054AC A1=00005448 nib=68973
T $013FDE  addq.w  #$1, D1                              D0=0000000F D1=00250003 D2=00000110 A0=000054AC A1=00005448 nib=68973
T $013FE0  lsl.w   #3, D1                               D0=0000000F D1=00250004 D2=00000110 A0=000054AC A1=00005448 nib=68973
T $013FE2  rts                                          D0=0000000F D1=00250020 D2=00000110 A0=000054AC A1=00005448 nib=68973
T $013FC2  move.w  D1, ($16,A4)                         D0=0000000F D1=00250020 D2=00000110 A0=000054AC A1=00005448 nib=68973
T $013FC6  lea     ($0,A0,D1.w), A0                     D0=0000000F D1=00250020 D2=00000110 A0=000054AC A1=00005448 nib=68973
T $013FCA  lea     ($8,A4), A4                          D0=0000000F D1=00250020 D2=00000110 A0=000054CC A1=00005448 nib=68973
T $013FCE  bsr     $13dda                               D0=0000000F D1=00250020 D2=00000110 A0=000054CC A1=00005448 nib=68973
T $013DDA  move.l  A1, -(A7)                            D0=0000000F D1=00250020 D2=00000110 A0=000054CC A1=00005448 nib=68973
T $013DDC  movea.l (A0), A1                             D0=0000000F D1=00250020 D2=00000110 A0=000054CC A1=00005448 nib=68973
T $013DDE  move.l  A1, (A4)                             D0=0000000F D1=00250020 D2=00000110 A0=000054CC A1=000054CC nib=68973
T $013DE0  move.l  A4, ($4,A1)                          D0=0000000F D1=00250020 D2=00000110 A0=000054CC A1=000054CC nib=68973
T $013DE4  move.l  A4, (A0)                             D0=0000000F D1=00250020 D2=00000110 A0=000054CC A1=000054CC nib=68973
T $013DE6  move.l  A0, ($4,A4)                          D0=0000000F D1=00250020 D2=00000110 A0=000054CC A1=000054CC nib=68973
T $013DEA  movea.l (A7)+, A1                            D0=0000000F D1=00250020 D2=00000110 A0=000054CC A1=000054CC nib=68973
T $013DEC  rts                                          D0=0000000F D1=00250020 D2=00000110 A0=000054CC A1=00005448 nib=68973
T $013FD2  movem.l (A7)+, D0-D1/A0/A4                   D0=0000000F D1=00250020 D2=00000110 A0=000054CC A1=00005448 nib=68973
T $013FD6  rts                                          D0=00008C4C D1=0000FFFE D2=00000110 A0=009FDB00 A1=00005448 nib=68973
T $013C6C  movem.l (A7)+, D0/D6/A0                      D0=00008C4C D1=0000FFFE D2=00000110 A0=009FDB00 A1=00005448 nib=68973
T $013C70  rts                                          D0=00008C4C D1=0000FFFE D2=00000110 A0=009FDB0C A1=00005448 nib=68973
T $013DA0  move.l  (A7)+, D7                            D0=00008C4C D1=0000FFFE D2=00000110 A0=009FDB0C A1=00005448 nib=68973
T $013DA2  moveq   #$1, D4                              D0=00008C4C D1=0000FFFE D2=00000110 A0=009FDB0C A1=00005448 nib=68973
T $013DA4  movea.l A2, A4                               D0=00008C4C D1=0000FFFE D2=00000110 A0=009FDB0C A1=00005448 nib=68973
T $013DA6  bra     $13d74                               D0=00008C4C D1=0000FFFE D2=00000110 A0=009FDB0C A1=00005448 nib=68973
T $013D74  movea.l ($4,A4), A4                          D0=00008C4C D1=0000FFFE D2=00000110 A0=009FDB0C A1=00005448 nib=68973
T $013D78  cmpa.l  A3, A4                               D0=00008C4C D1=0000FFFE D2=00000110 A0=009FDB0C A1=00005448 nib=68973
T $013D7A  beq     $13dbc                               D0=00008C4C D1=0000FFFE D2=00000110 A0=009FDB0C A1=00005448 nib=68973
T $013D7C  cmp.l   ($14,A4), D2                         D0=00008C4C D1=0000FFFE D2=00000110 A0=009FDB0C A1=00005448 nib=68973
T $013D80  bcs     $13dbc                               D0=00008C4C D1=0000FFFE D2=00000110 A0=009FDB0C A1=00005448 nib=68973
T $013D82  btst    #$6, ($10,A4)                        D0=00008C4C D1=0000FFFE D2=00000110 A0=009FDB0C A1=00005448 nib=68973
T $013D88  bne     $13dbc                               D0=00008C4C D1=0000FFFE D2=00000110 A0=009FDB0C A1=00005448 nib=68973
T $013D8A  btst    #$7, ($10,A4)                        D0=00008C4C D1=0000FFFE D2=00000110 A0=009FDB0C A1=00005448 nib=68973
T $013D90  bne     $13da8                               D0=00008C4C D1=0000FFFE D2=00000110 A0=009FDB0C A1=00005448 nib=68973
T $013D92  movea.l (A4), A2                             D0=00008C4C D1=0000FFFE D2=00000110 A0=009FDB0C A1=00005448 nib=68973
T $013D94  move.l  D7, -(A7)                            D0=00008C4C D1=0000FFFE D2=00000110 A0=009FDB0C A1=00005448 nib=68973
T $013D96  move.l  #$68615368, D7                       D0=00008C4C D1=0000FFFE D2=00000110 A0=009FDB0C A1=00005448 nib=68973
T $013D9C  bsr     $13c08                               D0=00008C4C D1=0000FFFE D2=00000110 A0=009FDB0C A1=00005448 nib=68973
T $013C08  movem.l D0/D6/A0, -(A7)                      D0=00008C4C D1=0000FFFE D2=00000110 A0=009FDB0C A1=00005448 nib=68973
T $013C0C  bset    #$5, ($10,A4)                        D0=00008C4C D1=0000FFFE D2=00000110 A0=009FDB0C A1=00005448 nib=68973
T $013C12  movea.l ($28,A4), A0                         D0=00008C4C D1=0000FFFE D2=00000110 A0=009FDB0C A1=00005448 nib=68973
T $013C16  subq.w  #$1, ($8,A0)                         D0=00008C4C D1=0000FFFE D2=00000110 A0=009FE2A0 A1=00005448 nib=68973
T $013C1A  bne     $13c22                               D0=00008C4C D1=0000FFFE D2=00000110 A0=009FE2A0 A1=00005448 nib=68973
T $013C22  move.l  ($20,A0), D6                         D0=00008C4C D1=0000FFFE D2=00000110 A0=009FE2A0 A1=00005448 nib=68973
T $013C26  bsr     $13dee                               D0=00008C4C D1=0000FFFE D2=00000110 A0=009FE2A0 A1=00005448 nib=68973
T $013DEE  movem.l A0-A1, -(A7)                         D0=00008C4C D1=0000FFFE D2=00000110 A0=009FE2A0 A1=00005448 nib=68973
T $013DF2  movea.l ($4,A4), A0                          D0=00008C4C D1=0000FFFE D2=00000110 A0=009FE2A0 A1=00005448 nib=68973
T $013DF6  movea.l (A4), A1                             D0=00008C4C D1=0000FFFE D2=00000110 A0=009FD03C A1=00005448 nib=68973
T $013DF8  move.l  A1, (A0)                             D0=00008C4C D1=0000FFFE D2=00000110 A0=009FD03C A1=009FE2A0 nib=68973
T $013DFA  move.l  A0, ($4,A1)                          D0=00008C4C D1=0000FFFE D2=00000110 A0=009FD03C A1=009FE2A0 nib=68973
T $013DFE  movem.l (A7)+, A0-A1                         D0=00008C4C D1=0000FFFE D2=00000110 A0=009FD03C A1=009FE2A0 nib=68973
T $013E02  rts                                          D0=00008C4C D1=0000FFFE D2=00000110 A0=009FE2A0 A1=00005448 nib=68973
T $013C2A  lea     ($18,A4), A4                         D0=00008C4C D1=0000FFFE D2=00000110 A0=009FE2A0 A1=00005448 nib=68973
T $013C2E  bsr     $13dee                               D0=00008C4C D1=0000FFFE D2=00000110 A0=009FE2A0 A1=00005448 nib=68973
T $013DEE  movem.l A0-A1, -(A7)                         D0=00008C4C D1=0000FFFE D2=00000110 A0=009FE2A0 A1=00005448 nib=68973
T $013DF2  movea.l ($4,A4), A0                          D0=00008C4C D1=0000FFFE D2=00000110 A0=009FE2A0 A1=00005448 nib=68973
T $013DF6  movea.l (A4), A1                             D0=00008C4C D1=0000FFFE D2=00000110 A0=009FD430 A1=00005448 nib=68973
T $013DF8  move.l  A1, (A0)                             D0=00008C4C D1=0000FFFE D2=00000110 A0=009FD430 A1=009FE2B8 nib=68973
T $013DFA  move.l  A0, ($4,A1)                          D0=00008C4C D1=0000FFFE D2=00000110 A0=009FD430 A1=009FE2B8 nib=68973
T $013DFE  movem.l (A7)+, A0-A1                         D0=00008C4C D1=0000FFFE D2=00000110 A0=009FD430 A1=009FE2B8 nib=68973
T $013E02  rts                                          D0=00008C4C D1=0000FFFE D2=00000110 A0=009FE2A0 A1=00005448 nib=68973
T $013C32  move.l  A4, (A4)                             D0=00008C4C D1=0000FFFE D2=00000110 A0=009FE2A0 A1=00005448 nib=68973
T $013C34  move.l  A4, ($4,A4)                          D0=00008C4C D1=0000FFFE D2=00000110 A0=009FE2A0 A1=00005448 nib=68973
T $013C38  lea     (-$18,A4), A4                        D0=00008C4C D1=0000FFFE D2=00000110 A0=009FE2A0 A1=00005448 nib=68973
T $013C3C  movea.l $378.w, A0                           D0=00008C4C D1=0000FFFE D2=00000110 A0=009FE2A0 A1=00005448 nib=68973
T $013C40  move.l  A0, ($28,A4)                         D0=00008C4C D1=0000FFFE D2=00000110 A0=009FDB00 A1=00005448 nib=68973
T $013C44  addq.w  #$1, ($8,A0)                         D0=00008C4C D1=0000FFFE D2=00000110 A0=009FDB00 A1=00005448 nib=68973
T $013C48  clr.l   ($14,A4)                             D0=00008C4C D1=0000FFFE D2=00000110 A0=009FDB00 A1=00005448 nib=68973
T $013C4C  cmpi.l  #$68615368, D7                       D0=00008C4C D1=0000FFFE D2=00000110 A0=009FDB00 A1=00005448 nib=68973
T $013C52  beq     $13c5e                               D0=00008C4C D1=0000FFFE D2=00000110 A0=009FDB00 A1=00005448 nib=68973
T $013C5E  bsr     $13dda                               D0=00008C4C D1=0000FFFE D2=00000110 A0=009FDB00 A1=00005448 nib=68973
T $013DDA  move.l  A1, -(A7)                            D0=00008C4C D1=0000FFFE D2=00000110 A0=009FDB00 A1=00005448 nib=68973
T $013DDC  movea.l (A0), A1                             D0=00008C4C D1=0000FFFE D2=00000110 A0=009FDB00 A1=00005448 nib=68973
T $013DDE  move.l  A1, (A4)                             D0=00008C4C D1=0000FFFE D2=00000110 A0=009FDB00 A1=009FCFA0 nib=68973
T $013DE0  move.l  A4, ($4,A1)                          D0=00008C4C D1=0000FFFE D2=00000110 A0=009FDB00 A1=009FCFA0 nib=68973
T $013DE4  move.l  A4, (A0)                             D0=00008C4C D1=0000FFFE D2=00000110 A0=009FDB00 A1=009FCFA0 nib=68973
T $013DE6  move.l  A0, ($4,A4)                          D0=00008C4C D1=0000FFFE D2=00000110 A0=009FDB00 A1=009FCFA0 nib=68973
T $013DEA  movea.l (A7)+, A1                            D0=00008C4C D1=0000FFFE D2=00000110 A0=009FDB00 A1=009FCFA0 nib=68973
T $013DEC  rts                                          D0=00008C4C D1=0000FFFE D2=00000110 A0=009FDB00 A1=00005448 nib=68973
T $013C62  bclr    #$5, ($10,A4)                        D0=00008C4C D1=0000FFFE D2=00000110 A0=009FDB00 A1=00005448 nib=68973
T $013C68  bsr     $13f90                               D0=00008C4C D1=0000FFFE D2=00000110 A0=009FDB00 A1=00005448 nib=68973
T $013F90  movem.l D0-D1/A0/A4, -(A7)                   D0=00008C4C D1=0000FFFE D2=00000110 A0=009FDB00 A1=00005448 nib=68973
T $013F94  moveq   #$0, D0                              D0=00008C4C D1=0000FFFE D2=00000110 A0=009FDB00 A1=00005448 nib=68973
T $013F96  move.w  ($12,A4), D0                         D0=00000000 D1=0000FFFE D2=00000110 A0=009FDB00 A1=00005448 nib=68973
T $013F9A  ble     $13fa8                               D0=00000816 D1=0000FFFE D2=00000110 A0=009FDB00 A1=00005448 nib=68973
T $013F9C  movea.l $34e.w, A0                           D0=00000816 D1=0000FFFE D2=00000110 A0=009FDB00 A1=00005448 nib=68973
T $013FA0  movea.l ($14,A0,D0.w), A0                    D0=00000816 D1=0000FFFE D2=00000110 A0=000756BC A1=00005448 nib=68973
T $013FA4  move.w  ($4e,A0), D0                         D0=00000816 D1=0000FFFE D2=00000110 A0=00008C4C A1=00005448 nib=68973
T $013FA8  move.w  D0, ($14,A4)                         D0=0000FFFF D1=0000FFFE D2=00000110 A0=00008C4C A1=00005448 nib=68973
T $013FAC  move.l  D6, ($2c,A4)                         D0=0000FFFF D1=0000FFFE D2=00000110 A0=00008C4C A1=00005448 nib=68973
T $013FB0  movea.l $394.w, A0                           D0=0000FFFF D1=0000FFFE D2=00000110 A0=00008C4C A1=00005448 nib=68973
T $013FB4  movea.l ($34,A0), A0                         D0=0000FFFF D1=0000FFFE D2=00000110 A0=00005448 A1=00005448 nib=68973
T $013FB8  addq.w  #$1, ($2,A0)                         D0=0000FFFF D1=0000FFFE D2=00000110 A0=000054AC A1=00005448 nib=68973
T $013FBC  move.l  ($20,A4), D1                         D0=0000FFFF D1=0000FFFE D2=00000110 A0=000054AC A1=00005448 nib=68973
T $013FC0  bsr     $13fd8                               D0=0000FFFF D1=0024C476 D2=00000110 A0=000054AC A1=00005448 nib=68973
T $013FD8  add.l   D0, D1                               D0=0000FFFF D1=0024C476 D2=00000110 A0=000054AC A1=00005448 nib=68973
T $013FDA  move.w  (A0), D0                             D0=0000FFFF D1=0025C475 D2=00000110 A0=000054AC A1=00005448 nib=68973
T $013FDC  and.w   D0, D1                               D0=0000000F D1=0025C475 D2=00000110 A0=000054AC A1=00005448 nib=68973
T $013FDE  addq.w  #$1, D1                              D0=0000000F D1=00250005 D2=00000110 A0=000054AC A1=00005448 nib=68973
T $013FE0  lsl.w   #3, D1                               D0=0000000F D1=00250006 D2=00000110 A0=000054AC A1=00005448 nib=68973
T $013FE2  rts                                          D0=0000000F D1=00250030 D2=00000110 A0=000054AC A1=00005448 nib=68973
T $013FC2  move.w  D1, ($16,A4)                         D0=0000000F D1=00250030 D2=00000110 A0=000054AC A1=00005448 nib=68973
T $013FC6  lea     ($0,A0,D1.w), A0                     D0=0000000F D1=00250030 D2=00000110 A0=000054AC A1=00005448 nib=68973
T $013FCA  lea     ($8,A4), A4                          D0=0000000F D1=00250030 D2=00000110 A0=000054DC A1=00005448 nib=68973
T $013FCE  bsr     $13dda                               D0=0000000F D1=00250030 D2=00000110 A0=000054DC A1=00005448 nib=68973
T $013DDA  move.l  A1, -(A7)                            D0=0000000F D1=00250030 D2=00000110 A0=000054DC A1=00005448 nib=68973
T $013DDC  movea.l (A0), A1                             D0=0000000F D1=00250030 D2=00000110 A0=000054DC A1=00005448 nib=68973
T $013DDE  move.l  A1, (A4)                             D0=0000000F D1=00250030 D2=00000110 A0=000054DC A1=000054DC nib=68973
T $013DE0  move.l  A4, ($4,A1)                          D0=0000000F D1=00250030 D2=00000110 A0=000054DC A1=000054DC nib=68973
T $013DE4  move.l  A4, (A0)                             D0=0000000F D1=00250030 D2=00000110 A0=000054DC A1=000054DC nib=68973
T $013DE6  move.l  A0, ($4,A4)                          D0=0000000F D1=00250030 D2=00000110 A0=000054DC A1=000054DC nib=68973
T $013DEA  movea.l (A7)+, A1                            D0=0000000F D1=00250030 D2=00000110 A0=000054DC A1=000054DC nib=68973
T $013DEC  rts                                          D0=0000000F D1=00250030 D2=00000110 A0=000054DC A1=00005448 nib=68973
T $013FD2  movem.l (A7)+, D0-D1/A0/A4                   D0=0000000F D1=00250030 D2=00000110 A0=000054DC A1=00005448 nib=68973
T $013FD6  rts                                          D0=00008C4C D1=0000FFFE D2=00000110 A0=009FDB00 A1=00005448 nib=68973
T $013C6C  movem.l (A7)+, D0/D6/A0                      D0=00008C4C D1=0000FFFE D2=00000110 A0=009FDB00 A1=00005448 nib=68973
T $013C70  rts                                          D0=00008C4C D1=0000FFFE D2=00000110 A0=009FDB0C A1=00005448 nib=68973
T $013DA0  move.l  (A7)+, D7                            D0=00008C4C D1=0000FFFE D2=00000110 A0=009FDB0C A1=00005448 nib=68973
T $013DA2  moveq   #$1, D4                              D0=00008C4C D1=0000FFFE D2=00000110 A0=009FDB0C A1=00005448 nib=68973
T $013DA4  movea.l A2, A4                               D0=00008C4C D1=0000FFFE D2=00000110 A0=009FDB0C A1=00005448 nib=68973
T $013DA6  bra     $13d74                               D0=00008C4C D1=0000FFFE D2=00000110 A0=009FDB0C A1=00005448 nib=68973
T $013D74  movea.l ($4,A4), A4                          D0=00008C4C D1=0000FFFE D2=00000110 A0=009FDB0C A1=00005448 nib=68973
T $013D78  cmpa.l  A3, A4                               D0=00008C4C D1=0000FFFE D2=00000110 A0=009FDB0C A1=00005448 nib=68973
T $013D7A  beq     $13dbc                               D0=00008C4C D1=0000FFFE D2=00000110 A0=009FDB0C A1=00005448 nib=68973
T $013D7C  cmp.l   ($14,A4), D2                         D0=00008C4C D1=0000FFFE D2=00000110 A0=009FDB0C A1=00005448 nib=68973
T $013D80  bcs     $13dbc                               D0=00008C4C D1=0000FFFE D2=00000110 A0=009FDB0C A1=00005448 nib=68973
T $013D82  btst    #$6, ($10,A4)                        D0=00008C4C D1=0000FFFE D2=00000110 A0=009FDB0C A1=00005448 nib=68973
T $013D88  bne     $13dbc                               D0=00008C4C D1=0000FFFE D2=00000110 A0=009FDB0C A1=00005448 nib=68973
T $013D8A  btst    #$7, ($10,A4)                        D0=00008C4C D1=0000FFFE D2=00000110 A0=009FDB0C A1=00005448 nib=68973
T $013D90  bne     $13da8                               D0=00008C4C D1=0000FFFE D2=00000110 A0=009FDB0C A1=00005448 nib=68973
T $013D92  movea.l (A4), A2                             D0=00008C4C D1=0000FFFE D2=00000110 A0=009FDB0C A1=00005448 nib=68973
T $013D94  move.l  D7, -(A7)                            D0=00008C4C D1=0000FFFE D2=00000110 A0=009FDB0C A1=00005448 nib=68973
T $013D96  move.l  #$68615368, D7                       D0=00008C4C D1=0000FFFE D2=00000110 A0=009FDB0C A1=00005448 nib=68973
T $013D9C  bsr     $13c08                               D0=00008C4C D1=0000FFFE D2=00000110 A0=009FDB0C A1=00005448 nib=68973
T $013C08  movem.l D0/D6/A0, -(A7)                      D0=00008C4C D1=0000FFFE D2=00000110 A0=009FDB0C A1=00005448 nib=68973
T $013C0C  bset    #$5, ($10,A4)                        D0=00008C4C D1=0000FFFE D2=00000110 A0=009FDB0C A1=00005448 nib=68973
T $013C12  movea.l ($28,A4), A0                         D0=00008C4C D1=0000FFFE D2=00000110 A0=009FDB0C A1=00005448 nib=68973
T $013C16  subq.w  #$1, ($8,A0)                         D0=00008C4C D1=0000FFFE D2=00000110 A0=009FE2A0 A1=00005448 nib=68973
T $013C1A  bne     $13c22                               D0=00008C4C D1=0000FFFE D2=00000110 A0=009FE2A0 A1=00005448 nib=68973
T $013C22  move.l  ($20,A0), D6                         D0=00008C4C D1=0000FFFE D2=00000110 A0=009FE2A0 A1=00005448 nib=68973
T $013C26  bsr     $13dee                               D0=00008C4C D1=0000FFFE D2=00000110 A0=009FE2A0 A1=00005448 nib=68973
T $013DEE  movem.l A0-A1, -(A7)                         D0=00008C4C D1=0000FFFE D2=00000110 A0=009FE2A0 A1=00005448 nib=68973
T $013DF2  movea.l ($4,A4), A0                          D0=00008C4C D1=0000FFFE D2=00000110 A0=009FE2A0 A1=00005448 nib=68973
T $013DF6  movea.l (A4), A1                             D0=00008C4C D1=0000FFFE D2=00000110 A0=009FD140 A1=00005448 nib=68973
T $013DF8  move.l  A1, (A0)                             D0=00008C4C D1=0000FFFE D2=00000110 A0=009FD140 A1=009FE2A0 nib=68973
T $013DFA  move.l  A0, ($4,A1)                          D0=00008C4C D1=0000FFFE D2=00000110 A0=009FD140 A1=009FE2A0 nib=68973
T $013DFE  movem.l (A7)+, A0-A1                         D0=00008C4C D1=0000FFFE D2=00000110 A0=009FD140 A1=009FE2A0 nib=68973
T $013E02  rts                                          D0=00008C4C D1=0000FFFE D2=00000110 A0=009FE2A0 A1=00005448 nib=68973
T $013C2A  lea     ($18,A4), A4                         D0=00008C4C D1=0000FFFE D2=00000110 A0=009FE2A0 A1=00005448 nib=68973
T $013C2E  bsr     $13dee                               D0=00008C4C D1=0000FFFE D2=00000110 A0=009FE2A0 A1=00005448 nib=68973
T $013DEE  movem.l A0-A1, -(A7)                         D0=00008C4C D1=0000FFFE D2=00000110 A0=009FE2A0 A1=00005448 nib=68973
T $013DF2  movea.l ($4,A4), A0                          D0=00008C4C D1=0000FFFE D2=00000110 A0=009FE2A0 A1=00005448 nib=68973
T $013DF6  movea.l (A4), A1                             D0=00008C4C D1=0000FFFE D2=00000110 A0=009FD6A0 A1=00005448 nib=68973
T $013DF8  move.l  A1, (A0)                             D0=00008C4C D1=0000FFFE D2=00000110 A0=009FD6A0 A1=009FCFEC nib=68973
T $013DFA  move.l  A0, ($4,A1)                          D0=00008C4C D1=0000FFFE D2=00000110 A0=009FD6A0 A1=009FCFEC nib=68973
T $013DFE  movem.l (A7)+, A0-A1                         D0=00008C4C D1=0000FFFE D2=00000110 A0=009FD6A0 A1=009FCFEC nib=68973
T $013E02  rts                                          D0=00008C4C D1=0000FFFE D2=00000110 A0=009FE2A0 A1=00005448 nib=68973
T $013C32  move.l  A4, (A4)                             D0=00008C4C D1=0000FFFE D2=00000110 A0=009FE2A0 A1=00005448 nib=68973
T $013C34  move.l  A4, ($4,A4)                          D0=00008C4C D1=0000FFFE D2=00000110 A0=009FE2A0 A1=00005448 nib=68973
T $013C38  lea     (-$18,A4), A4                        D0=00008C4C D1=0000FFFE D2=00000110 A0=009FE2A0 A1=00005448 nib=68973
T $013C3C  movea.l $378.w, A0                           D0=00008C4C D1=0000FFFE D2=00000110 A0=009FE2A0 A1=00005448 nib=68973
T $013C40  move.l  A0, ($28,A4)                         D0=00008C4C D1=0000FFFE D2=00000110 A0=009FDB00 A1=00005448 nib=68973
T $013C44  addq.w  #$1, ($8,A0)                         D0=00008C4C D1=0000FFFE D2=00000110 A0=009FDB00 A1=00005448 nib=68973
T $013C48  clr.l   ($14,A4)                             D0=00008C4C D1=0000FFFE D2=00000110 A0=009FDB00 A1=00005448 nib=68973
T $013C4C  cmpi.l  #$68615368, D7                       D0=00008C4C D1=0000FFFE D2=00000110 A0=009FDB00 A1=00005448 nib=68973
T $013C52  beq     $13c5e                               D0=00008C4C D1=0000FFFE D2=00000110 A0=009FDB00 A1=00005448 nib=68973
T $013C5E  bsr     $13dda                               D0=00008C4C D1=0000FFFE D2=00000110 A0=009FDB00 A1=00005448 nib=68973
T $013DDA  move.l  A1, -(A7)                            D0=00008C4C D1=0000FFFE D2=00000110 A0=009FDB00 A1=00005448 nib=68973
T $013DDC  movea.l (A0), A1                             D0=00008C4C D1=0000FFFE D2=00000110 A0=009FDB00 A1=00005448 nib=68973
T $013DDE  move.l  A1, (A4)                             D0=00008C4C D1=0000FFFE D2=00000110 A0=009FDB00 A1=009FD4B4 nib=68973
T $013DE0  move.l  A4, ($4,A1)                          D0=00008C4C D1=0000FFFE D2=00000110 A0=009FDB00 A1=009FD4B4 nib=68973
T $013DE4  move.l  A4, (A0)                             D0=00008C4C D1=0000FFFE D2=00000110 A0=009FDB00 A1=009FD4B4 nib=68973
T $013DE6  move.l  A0, ($4,A4)                          D0=00008C4C D1=0000FFFE D2=00000110 A0=009FDB00 A1=009FD4B4 nib=68973
T $013DEA  movea.l (A7)+, A1                            D0=00008C4C D1=0000FFFE D2=00000110 A0=009FDB00 A1=009FD4B4 nib=68973
T $013DEC  rts                                          D0=00008C4C D1=0000FFFE D2=00000110 A0=009FDB00 A1=00005448 nib=68973
T $013C62  bclr    #$5, ($10,A4)                        D0=00008C4C D1=0000FFFE D2=00000110 A0=009FDB00 A1=00005448 nib=68973
T $013C68  bsr     $13f90                               D0=00008C4C D1=0000FFFE D2=00000110 A0=009FDB00 A1=00005448 nib=68973
T $013F90  movem.l D0-D1/A0/A4, -(A7)                   D0=00008C4C D1=0000FFFE D2=00000110 A0=009FDB00 A1=00005448 nib=68973
T $013F94  moveq   #$0, D0                              D0=00008C4C D1=0000FFFE D2=00000110 A0=009FDB00 A1=00005448 nib=68973
T $013F96  move.w  ($12,A4), D0                         D0=00000000 D1=0000FFFE D2=00000110 A0=009FDB00 A1=00005448 nib=68973
T $013F9A  ble     $13fa8                               D0=00000816 D1=0000FFFE D2=00000110 A0=009FDB00 A1=00005448 nib=68973
T $013F9C  movea.l $34e.w, A0                           D0=00000816 D1=0000FFFE D2=00000110 A0=009FDB00 A1=00005448 nib=68973
T $013FA0  movea.l ($14,A0,D0.w), A0                    D0=00000816 D1=0000FFFE D2=00000110 A0=000756BC A1=00005448 nib=68973
T $013FA4  move.w  ($4e,A0), D0                         D0=00000816 D1=0000FFFE D2=00000110 A0=00008C4C A1=00005448 nib=68973
T $013FA8  move.w  D0, ($14,A4)                         D0=0000FFFF D1=0000FFFE D2=00000110 A0=00008C4C A1=00005448 nib=68973
T $013FAC  move.l  D6, ($2c,A4)                         D0=0000FFFF D1=0000FFFE D2=00000110 A0=00008C4C A1=00005448 nib=68973
T $013FB0  movea.l $394.w, A0                           D0=0000FFFF D1=0000FFFE D2=00000110 A0=00008C4C A1=00005448 nib=68973
T $013FB4  movea.l ($34,A0), A0                         D0=0000FFFF D1=0000FFFE D2=00000110 A0=00005448 A1=00005448 nib=68973
T $013FB8  addq.w  #$1, ($2,A0)                         D0=0000FFFF D1=0000FFFE D2=00000110 A0=000054AC A1=00005448 nib=68973
T $013FBC  move.l  ($20,A4), D1                         D0=0000FFFF D1=0000FFFE D2=00000110 A0=000054AC A1=00005448 nib=68973
T $013FC0  bsr     $13fd8                               D0=0000FFFF D1=0024C2BF D2=00000110 A0=000054AC A1=00005448 nib=68973
T $013FD8  add.l   D0, D1                               D0=0000FFFF D1=0024C2BF D2=00000110 A0=000054AC A1=00005448 nib=68973
T $013FDA  move.w  (A0), D0                             D0=0000FFFF D1=0025C2BE D2=00000110 A0=000054AC A1=00005448 nib=68973
T $013FDC  and.w   D0, D1                               D0=0000000F D1=0025C2BE D2=00000110 A0=000054AC A1=00005448 nib=68973
T $013FDE  addq.w  #$1, D1                              D0=0000000F D1=0025000E D2=00000110 A0=000054AC A1=00005448 nib=68973
T $013FE0  lsl.w   #3, D1                               D0=0000000F D1=0025000F D2=00000110 A0=000054AC A1=00005448 nib=68973
T $013FE2  rts                                          D0=0000000F D1=00250078 D2=00000110 A0=000054AC A1=00005448 nib=68973
T $013FC2  move.w  D1, ($16,A4)                         D0=0000000F D1=00250078 D2=00000110 A0=000054AC A1=00005448 nib=68973
T $013FC6  lea     ($0,A0,D1.w), A0                     D0=0000000F D1=00250078 D2=00000110 A0=000054AC A1=00005448 nib=68973
T $013FCA  lea     ($8,A4), A4                          D0=0000000F D1=00250078 D2=00000110 A0=00005524 A1=00005448 nib=68973
T $013FCE  bsr     $13dda                               D0=0000000F D1=00250078 D2=00000110 A0=00005524 A1=00005448 nib=68973
T $013DDA  move.l  A1, -(A7)                            D0=0000000F D1=00250078 D2=00000110 A0=00005524 A1=00005448 nib=68973
T $013DDC  movea.l (A0), A1                             D0=0000000F D1=00250078 D2=00000110 A0=00005524 A1=00005448 nib=68973
T $013DDE  move.l  A1, (A4)                             D0=0000000F D1=00250078 D2=00000110 A0=00005524 A1=00005524 nib=68973
T $013DE0  move.l  A4, ($4,A1)                          D0=0000000F D1=00250078 D2=00000110 A0=00005524 A1=00005524 nib=68973
T $013DE4  move.l  A4, (A0)                             D0=0000000F D1=00250078 D2=00000110 A0=00005524 A1=00005524 nib=68973
T $013DE6  move.l  A0, ($4,A4)                          D0=0000000F D1=00250078 D2=00000110 A0=00005524 A1=00005524 nib=68973
T $013DEA  movea.l (A7)+, A1                            D0=0000000F D1=00250078 D2=00000110 A0=00005524 A1=00005524 nib=68973
T $013DEC  rts                                          D0=0000000F D1=00250078 D2=00000110 A0=00005524 A1=00005448 nib=68973
T $013FD2  movem.l (A7)+, D0-D1/A0/A4                   D0=0000000F D1=00250078 D2=00000110 A0=00005524 A1=00005448 nib=68973
T $013FD6  rts                                          D0=00008C4C D1=0000FFFE D2=00000110 A0=009FDB00 A1=00005448 nib=68973
T $013C6C  movem.l (A7)+, D0/D6/A0                      D0=00008C4C D1=0000FFFE D2=00000110 A0=009FDB00 A1=00005448 nib=68973
T $013C70  rts                                          D0=00008C4C D1=0000FFFE D2=00000110 A0=009FDB0C A1=00005448 nib=68973
T $013DA0  move.l  (A7)+, D7                            D0=00008C4C D1=0000FFFE D2=00000110 A0=009FDB0C A1=00005448 nib=68973
T $013DA2  moveq   #$1, D4                              D0=00008C4C D1=0000FFFE D2=00000110 A0=009FDB0C A1=00005448 nib=68973
T $013DA4  movea.l A2, A4                               D0=00008C4C D1=0000FFFE D2=00000110 A0=009FDB0C A1=00005448 nib=68973
T $013DA6  bra     $13d74                               D0=00008C4C D1=0000FFFE D2=00000110 A0=009FDB0C A1=00005448 nib=68973
T $013D74  movea.l ($4,A4), A4                          D0=00008C4C D1=0000FFFE D2=00000110 A0=009FDB0C A1=00005448 nib=68973
T $013D78  cmpa.l  A3, A4                               D0=00008C4C D1=0000FFFE D2=00000110 A0=009FDB0C A1=00005448 nib=68973
T $013D7A  beq     $13dbc                               D0=00008C4C D1=0000FFFE D2=00000110 A0=009FDB0C A1=00005448 nib=68973
T $013D7C  cmp.l   ($14,A4), D2                         D0=00008C4C D1=0000FFFE D2=00000110 A0=009FDB0C A1=00005448 nib=68973
T $013D80  bcs     $13dbc                               D0=00008C4C D1=0000FFFE D2=00000110 A0=009FDB0C A1=00005448 nib=68973
T $013D82  btst    #$6, ($10,A4)                        D0=00008C4C D1=0000FFFE D2=00000110 A0=009FDB0C A1=00005448 nib=68973
T $013D88  bne     $13dbc                               D0=00008C4C D1=0000FFFE D2=00000110 A0=009FDB0C A1=00005448 nib=68973
T $013D8A  btst    #$7, ($10,A4)                        D0=00008C4C D1=0000FFFE D2=00000110 A0=009FDB0C A1=00005448 nib=68973
T $013D90  bne     $13da8                               D0=00008C4C D1=0000FFFE D2=00000110 A0=009FDB0C A1=00005448 nib=68973
T $013D92  movea.l (A4), A2                             D0=00008C4C D1=0000FFFE D2=00000110 A0=009FDB0C A1=00005448 nib=68973
T $013D94  move.l  D7, -(A7)                            D0=00008C4C D1=0000FFFE D2=00000110 A0=009FDB0C A1=00005448 nib=68973
T $013D96  move.l  #$68615368, D7                       D0=00008C4C D1=0000FFFE D2=00000110 A0=009FDB0C A1=00005448 nib=68973
T $013D9C  bsr     $13c08                               D0=00008C4C D1=0000FFFE D2=00000110 A0=009FDB0C A1=00005448 nib=68973
T $013C08  movem.l D0/D6/A0, -(A7)                      D0=00008C4C D1=0000FFFE D2=00000110 A0=009FDB0C A1=00005448 nib=68973
T $013C0C  bset    #$5, ($10,A4)                        D0=00008C4C D1=0000FFFE D2=00000110 A0=009FDB0C A1=00005448 nib=68973
T $013C12  movea.l ($28,A4), A0                         D0=00008C4C D1=0000FFFE D2=00000110 A0=009FDB0C A1=00005448 nib=68973
T $013C16  subq.w  #$1, ($8,A0)                         D0=00008C4C D1=0000FFFE D2=00000110 A0=009FE2A0 A1=00005448 nib=68973
T $013C1A  bne     $13c22                               D0=00008C4C D1=0000FFFE D2=00000110 A0=009FE2A0 A1=00005448 nib=68973
T $013C22  move.l  ($20,A0), D6                         D0=00008C4C D1=0000FFFE D2=00000110 A0=009FE2A0 A1=00005448 nib=68973
T $013C26  bsr     $13dee                               D0=00008C4C D1=0000FFFE D2=00000110 A0=009FE2A0 A1=00005448 nib=68973
T $013DEE  movem.l A0-A1, -(A7)                         D0=00008C4C D1=0000FFFE D2=00000110 A0=009FE2A0 A1=00005448 nib=68973
T $013DF2  movea.l ($4,A4), A0                          D0=00008C4C D1=0000FFFE D2=00000110 A0=009FE2A0 A1=00005448 nib=68973
T $013DF6  movea.l (A4), A1                             D0=00008C4C D1=0000FFFE D2=00000110 A0=009FD418 A1=00005448 nib=68973
T $013DF8  move.l  A1, (A0)                             D0=00008C4C D1=0000FFFE D2=00000110 A0=009FD418 A1=009FE2A0 nib=68973
T $013DFA  move.l  A0, ($4,A1)                          D0=00008C4C D1=0000FFFE D2=00000110 A0=009FD418 A1=009FE2A0 nib=68973
T $013DFE  movem.l (A7)+, A0-A1                         D0=00008C4C D1=0000FFFE D2=00000110 A0=009FD418 A1=009FE2A0 nib=68973
T $013E02  rts                                          D0=00008C4C D1=0000FFFE D2=00000110 A0=009FE2A0 A1=00005448 nib=68973
T $013C2A  lea     ($18,A4), A4                         D0=00008C4C D1=0000FFFE D2=00000110 A0=009FE2A0 A1=00005448 nib=68973
T $013C2E  bsr     $13dee                               D0=00008C4C D1=0000FFFE D2=00000110 A0=009FE2A0 A1=00005448 nib=68973
T $013DEE  movem.l A0-A1, -(A7)                         D0=00008C4C D1=0000FFFE D2=00000110 A0=009FE2A0 A1=00005448 nib=68973
T $013DF2  movea.l ($4,A4), A0                          D0=00008C4C D1=0000FFFE D2=00000110 A0=009FE2A0 A1=00005448 nib=68973
T $013DF6  movea.l (A4), A1                             D0=00008C4C D1=0000FFFE D2=00000110 A0=009FD124 A1=00005448 nib=68973
T $013DF8  move.l  A1, (A0)                             D0=00008C4C D1=0000FFFE D2=00000110 A0=009FD124 A1=009FDA14 nib=68973
T $013DFA  move.l  A0, ($4,A1)                          D0=00008C4C D1=0000FFFE D2=00000110 A0=009FD124 A1=009FDA14 nib=68973
T $013DFE  movem.l (A7)+, A0-A1                         D0=00008C4C D1=0000FFFE D2=00000110 A0=009FD124 A1=009FDA14 nib=68973
T $013E02  rts                                          D0=00008C4C D1=0000FFFE D2=00000110 A0=009FE2A0 A1=00005448 nib=68973
T $013C32  move.l  A4, (A4)                             D0=00008C4C D1=0000FFFE D2=00000110 A0=009FE2A0 A1=00005448 nib=68973
T $013C34  move.l  A4, ($4,A4)                          D0=00008C4C D1=0000FFFE D2=00000110 A0=009FE2A0 A1=00005448 nib=68973
T $013C38  lea     (-$18,A4), A4                        D0=00008C4C D1=0000FFFE D2=00000110 A0=009FE2A0 A1=00005448 nib=68973
T $013C3C  movea.l $378.w, A0                           D0=00008C4C D1=0000FFFE D2=00000110 A0=009FE2A0 A1=00005448 nib=68973
T $013C40  move.l  A0, ($28,A4)                         D0=00008C4C D1=0000FFFE D2=00000110 A0=009FDB00 A1=00005448 nib=68973
T $013C44  addq.w  #$1, ($8,A0)                         D0=00008C4C D1=0000FFFE D2=00000110 A0=009FDB00 A1=00005448 nib=68973
T $013C48  clr.l   ($14,A4)                             D0=00008C4C D1=0000FFFE D2=00000110 A0=009FDB00 A1=00005448 nib=68973
T $013C4C  cmpi.l  #$68615368, D7                       D0=00008C4C D1=0000FFFE D2=00000110 A0=009FDB00 A1=00005448 nib=68973
T $013C52  beq     $13c5e                               D0=00008C4C D1=0000FFFE D2=00000110 A0=009FDB00 A1=00005448 nib=68973
T $013C5E  bsr     $13dda                               D0=00008C4C D1=0000FFFE D2=00000110 A0=009FDB00 A1=00005448 nib=68973
T $013DDA  move.l  A1, -(A7)                            D0=00008C4C D1=0000FFFE D2=00000110 A0=009FDB00 A1=00005448 nib=68973
T $013DDC  movea.l (A0), A1                             D0=00008C4C D1=0000FFFE D2=00000110 A0=009FDB00 A1=00005448 nib=68973
T $013DDE  move.l  A1, (A4)                             D0=00008C4C D1=0000FFFE D2=00000110 A0=009FDB00 A1=009FD03C nib=68973
T $013DE0  move.l  A4, ($4,A1)                          D0=00008C4C D1=0000FFFE D2=00000110 A0=009FDB00 A1=009FD03C nib=68973
T $013DE4  move.l  A4, (A0)                             D0=00008C4C D1=0000FFFE D2=00000110 A0=009FDB00 A1=009FD03C nib=68973
T $013DE6  move.l  A0, ($4,A4)                          D0=00008C4C D1=0000FFFE D2=00000110 A0=009FDB00 A1=009FD03C nib=68973
T $013DEA  movea.l (A7)+, A1                            D0=00008C4C D1=0000FFFE D2=00000110 A0=009FDB00 A1=009FD03C nib=68973
T $013DEC  rts                                          D0=00008C4C D1=0000FFFE D2=00000110 A0=009FDB00 A1=00005448 nib=68973
T $013C62  bclr    #$5, ($10,A4)                        D0=00008C4C D1=0000FFFE D2=00000110 A0=009FDB00 A1=00005448 nib=68973
T $013C68  bsr     $13f90                               D0=00008C4C D1=0000FFFE D2=00000110 A0=009FDB00 A1=00005448 nib=68973
T $013F90  movem.l D0-D1/A0/A4, -(A7)                   D0=00008C4C D1=0000FFFE D2=00000110 A0=009FDB00 A1=00005448 nib=68973
T $013F94  moveq   #$0, D0                              D0=00008C4C D1=0000FFFE D2=00000110 A0=009FDB00 A1=00005448 nib=68973
T $013F96  move.w  ($12,A4), D0                         D0=00000000 D1=0000FFFE D2=00000110 A0=009FDB00 A1=00005448 nib=68973
T $013F9A  ble     $13fa8                               D0=00000816 D1=0000FFFE D2=00000110 A0=009FDB00 A1=00005448 nib=68973
T $013F9C  movea.l $34e.w, A0                           D0=00000816 D1=0000FFFE D2=00000110 A0=009FDB00 A1=00005448 nib=68973
T $013FA0  movea.l ($14,A0,D0.w), A0                    D0=00000816 D1=0000FFFE D2=00000110 A0=000756BC A1=00005448 nib=68973
T $013FA4  move.w  ($4e,A0), D0                         D0=00000816 D1=0000FFFE D2=00000110 A0=00008C4C A1=00005448 nib=68973
T $013FA8  move.w  D0, ($14,A4)                         D0=0000FFFF D1=0000FFFE D2=00000110 A0=00008C4C A1=00005448 nib=68973
T $013FAC  move.l  D6, ($2c,A4)                         D0=0000FFFF D1=0000FFFE D2=00000110 A0=00008C4C A1=00005448 nib=68973
T $013FB0  movea.l $394.w, A0                           D0=0000FFFF D1=0000FFFE D2=00000110 A0=00008C4C A1=00005448 nib=68973
T $013FB4  movea.l ($34,A0), A0                         D0=0000FFFF D1=0000FFFE D2=00000110 A0=00005448 A1=00005448 nib=68973
T $013FB8  addq.w  #$1, ($2,A0)                         D0=0000FFFF D1=0000FFFE D2=00000110 A0=000054AC A1=00005448 nib=68973
T $013FBC  move.l  ($20,A4), D1                         D0=0000FFFF D1=0000FFFE D2=00000110 A0=000054AC A1=00005448 nib=68973
T $013FC0  bsr     $13fd8                               D0=0000FFFF D1=0024C213 D2=00000110 A0=000054AC A1=00005448 nib=68973
T $013FD8  add.l   D0, D1                               D0=0000FFFF D1=0024C213 D2=00000110 A0=000054AC A1=00005448 nib=68973
T $013FDA  move.w  (A0), D0                             D0=0000FFFF D1=0025C212 D2=00000110 A0=000054AC A1=00005448 nib=68973
T $013FDC  and.w   D0, D1                               D0=0000000F D1=0025C212 D2=00000110 A0=000054AC A1=00005448 nib=68973
T $013FDE  addq.w  #$1, D1                              D0=0000000F D1=00250002 D2=00000110 A0=000054AC A1=00005448 nib=68973
T $013FE0  lsl.w   #3, D1                               D0=0000000F D1=00250003 D2=00000110 A0=000054AC A1=00005448 nib=68973
T $013FE2  rts                                          D0=0000000F D1=00250018 D2=00000110 A0=000054AC A1=00005448 nib=68973
T $013FC2  move.w  D1, ($16,A4)                         D0=0000000F D1=00250018 D2=00000110 A0=000054AC A1=00005448 nib=68973
T $013FC6  lea     ($0,A0,D1.w), A0                     D0=0000000F D1=00250018 D2=00000110 A0=000054AC A1=00005448 nib=68973
T $013FCA  lea     ($8,A4), A4                          D0=0000000F D1=00250018 D2=00000110 A0=000054C4 A1=00005448 nib=68973
T $013FCE  bsr     $13dda                               D0=0000000F D1=00250018 D2=00000110 A0=000054C4 A1=00005448 nib=68973
T $013DDA  move.l  A1, -(A7)                            D0=0000000F D1=00250018 D2=00000110 A0=000054C4 A1=00005448 nib=68973
T $013DDC  movea.l (A0), A1                             D0=0000000F D1=00250018 D2=00000110 A0=000054C4 A1=00005448 nib=68973
T $013DDE  move.l  A1, (A4)                             D0=0000000F D1=00250018 D2=00000110 A0=000054C4 A1=000054C4 nib=68973
T $013DE0  move.l  A4, ($4,A1)                          D0=0000000F D1=00250018 D2=00000110 A0=000054C4 A1=000054C4 nib=68973
T $013DE4  move.l  A4, (A0)                             D0=0000000F D1=00250018 D2=00000110 A0=000054C4 A1=000054C4 nib=68973
T $013DE6  move.l  A0, ($4,A4)                          D0=0000000F D1=00250018 D2=00000110 A0=000054C4 A1=000054C4 nib=68973
T $013DEA  movea.l (A7)+, A1                            D0=0000000F D1=00250018 D2=00000110 A0=000054C4 A1=000054C4 nib=68973
T $013DEC  rts                                          D0=0000000F D1=00250018 D2=00000110 A0=000054C4 A1=00005448 nib=68973
T $013FD2  movem.l (A7)+, D0-D1/A0/A4                   D0=0000000F D1=00250018 D2=00000110 A0=000054C4 A1=00005448 nib=68973
T $013FD6  rts                                          D0=00008C4C D1=0000FFFE D2=00000110 A0=009FDB00 A1=00005448 nib=68973
T $013C6C  movem.l (A7)+, D0/D6/A0                      D0=00008C4C D1=0000FFFE D2=00000110 A0=009FDB00 A1=00005448 nib=68973
T $013C70  rts                                          D0=00008C4C D1=0000FFFE D2=00000110 A0=009FDB0C A1=00005448 nib=68973
T $013DA0  move.l  (A7)+, D7                            D0=00008C4C D1=0000FFFE D2=00000110 A0=009FDB0C A1=00005448 nib=68973
T $013DA2  moveq   #$1, D4                              D0=00008C4C D1=0000FFFE D2=00000110 A0=009FDB0C A1=00005448 nib=68973
T $013DA4  movea.l A2, A4                               D0=00008C4C D1=0000FFFE D2=00000110 A0=009FDB0C A1=00005448 nib=68973
T $013DA6  bra     $13d74                               D0=00008C4C D1=0000FFFE D2=00000110 A0=009FDB0C A1=00005448 nib=68973
T $013D74  movea.l ($4,A4), A4                          D0=00008C4C D1=0000FFFE D2=00000110 A0=009FDB0C A1=00005448 nib=68973
T $013D78  cmpa.l  A3, A4                               D0=00008C4C D1=0000FFFE D2=00000110 A0=009FDB0C A1=00005448 nib=68973
T $013D7A  beq     $13dbc                               D0=00008C4C D1=0000FFFE D2=00000110 A0=009FDB0C A1=00005448 nib=68973
T $013D7C  cmp.l   ($14,A4), D2                         D0=00008C4C D1=0000FFFE D2=00000110 A0=009FDB0C A1=00005448 nib=68973
T $013D80  bcs     $13dbc                               D0=00008C4C D1=0000FFFE D2=00000110 A0=009FDB0C A1=00005448 nib=68973
T $013DBC  movem.l (A6)+, A3-A4                         D0=00008C4C D1=0000FFFE D2=00000110 A0=009FDB0C A1=00005448 nib=68973
T $013DC0  tst.l   D4                                   D0=00008C4C D1=0000FFFE D2=00000110 A0=009FDB0C A1=00005448 nib=68973
T $013DC2  bne     $13dcc                               D0=00008C4C D1=0000FFFE D2=00000110 A0=009FDB0C A1=00005448 nib=68973
T $013DCC  movem.l (A6)+, D0-D4/A0-A2                   D0=00008C4C D1=0000FFFE D2=00000110 A0=009FDB0C A1=00005448 nib=68973
T $013DD0  bra     $13d1c                               D0=00000000 D1=0000FFFE D2=00000002 A0=009FDB0C A1=00005448 nib=68973
T $013D1C  movea.l $378.w, A3                           D0=00000000 D1=0000FFFE D2=00000002 A0=009FDB0C A1=00005448 nib=68973
T $013D20  movea.l ($4,A3), A4                          D0=00000000 D1=0000FFFE D2=00000002 A0=009FDB0C A1=00005448 nib=68973
T $013D24  cmpa.l  A3, A4                               D0=00000000 D1=0000FFFE D2=00000002 A0=009FDB0C A1=00005448 nib=68973
T $013D26  beq     $13d46                               D0=00000000 D1=0000FFFE D2=00000002 A0=009FDB0C A1=00005448 nib=68973
T $013D28  tst.l   ($14,A4)                             D0=00000000 D1=0000FFFE D2=00000002 A0=009FDB0C A1=00005448 nib=68973
T $013D2C  beq     $13d3a                               D0=00000000 D1=0000FFFE D2=00000002 A0=009FDB0C A1=00005448 nib=68973
T $013D2E  lea     ($8,A4), A4                          D0=00000000 D1=0000FFFE D2=00000002 A0=009FDB0C A1=00005448 nib=68973
T $013D32  bsr     $13f38                               D0=00000000 D1=0000FFFE D2=00000002 A0=009FDB0C A1=00005448 nib=68973
T $013F38  movem.l A0, -(A7)                            D0=00000000 D1=0000FFFE D2=00000002 A0=009FDB0C A1=00005448 nib=68973
T $013F3C  movea.l $394.w, A0                           D0=00000000 D1=0000FFFE D2=00000002 A0=009FDB0C A1=00005448 nib=68973
T $013F40  movea.l ($34,A0), A0                         D0=00000000 D1=0000FFFE D2=00000002 A0=00005448 A1=00005448 nib=68973
T $013F44  subq.w  #$1, ($2,A0)                         D0=00000000 D1=0000FFFE D2=00000002 A0=000054AC A1=00005448 nib=68973
T $013F48  clr.l   ($c,A4)                              D0=00000000 D1=0000FFFE D2=00000002 A0=000054AC A1=00005448 nib=68973
T $013F4C  bsr     $13dee                               D0=00000000 D1=0000FFFE D2=00000002 A0=000054AC A1=00005448 nib=68973
T $013DEE  movem.l A0-A1, -(A7)                         D0=00000000 D1=0000FFFE D2=00000002 A0=000054AC A1=00005448 nib=68973
T $013DF2  movea.l ($4,A4), A0                          D0=00000000 D1=0000FFFE D2=00000002 A0=000054AC A1=00005448 nib=68973
T $013DF6  movea.l (A4), A1                             D0=00000000 D1=0000FFFE D2=00000002 A0=000054CC A1=00005448 nib=68973
T $013DF8  move.l  A1, (A0)                             D0=00000000 D1=0000FFFE D2=00000002 A0=000054CC A1=000054CC nib=68973
T $013DFA  move.l  A0, ($4,A1)                          D0=00000000 D1=0000FFFE D2=00000002 A0=000054CC A1=000054CC nib=68973
T $013DFE  movem.l (A7)+, A0-A1                         D0=00000000 D1=0000FFFE D2=00000002 A0=000054CC A1=000054CC nib=68973
T $013E02  rts                                          D0=00000000 D1=0000FFFE D2=00000002 A0=000054AC A1=00005448 nib=68973
T $013F50  move.l  A4, (A4)                             D0=00000000 D1=0000FFFE D2=00000002 A0=000054AC A1=00005448 nib=68973
T $013F52  move.l  A4, ($4,A4)                          D0=00000000 D1=0000FFFE D2=00000002 A0=000054AC A1=00005448 nib=68973
T $013F56  movem.l (A7)+, A0                            D0=00000000 D1=0000FFFE D2=00000002 A0=000054AC A1=00005448 nib=68973
T $013F5A  rts                                          D0=00000000 D1=0000FFFE D2=00000002 A0=009FDB0C A1=00005448 nib=68973
T $013D36  lea     (-$8,A4), A4                         D0=00000000 D1=0000FFFE D2=00000002 A0=009FDB0C A1=00005448 nib=68973
T $013D3A  bsr     $13dee                               D0=00000000 D1=0000FFFE D2=00000002 A0=009FDB0C A1=00005448 nib=68973
T $013DEE  movem.l A0-A1, -(A7)                         D0=00000000 D1=0000FFFE D2=00000002 A0=009FDB0C A1=00005448 nib=68973
T $013DF2  movea.l ($4,A4), A0                          D0=00000000 D1=0000FFFE D2=00000002 A0=009FDB0C A1=00005448 nib=68973
T $013DF6  movea.l (A4), A1                             D0=00000000 D1=0000FFFE D2=00000002 A0=009FD4B4 A1=00005448 nib=68973
T $013DF8  move.l  A1, (A0)                             D0=00000000 D1=0000FFFE D2=00000002 A0=009FD4B4 A1=009FDB00 nib=68973
T $013DFA  move.l  A0, ($4,A1)                          D0=00000000 D1=0000FFFE D2=00000002 A0=009FD4B4 A1=009FDB00 nib=68973
T $013DFE  movem.l (A7)+, A0-A1                         D0=00000000 D1=0000FFFE D2=00000002 A0=009FD4B4 A1=009FDB00 nib=68973
T $013E02  rts                                          D0=00000000 D1=0000FFFE D2=00000002 A0=009FDB0C A1=00005448 nib=68973
[4186466939] PRIME #3 READ off=$400 (sector 2) req=$200 buf=$9EDE00 posMode=1 pb=$0003A4 caller=$A0B69E track=0
[4186470626] PRIME #3 -> -65 offLinErr  (3687 machine cycles, nib +0, polls +0, hits +0, lost +0, track 0 -> 0)
             mid-data-field losses: 0
             buffer diverges at +$0:
               image : 42 44 D3 F2 2E 9A D3 F2 30 56 01 00 00 04 00 03 02 9D 0B 3A 00 00 02 00
               buffer: 00 00 00 67 00 00 00 00 00 04 00 08 00 00 25 01 06 13 4A 6F 49 4E 49 54
  (live trace armed for the next Prime, 4000 instructions)
[4186476584] _MountVol RETURNED -65 offLinErr

== summary: 3 primes, 0 controls, 3 failures
   result   -400 ?            x1
   result    -65 offLinErr    x2
== MountVol: returned (-65 offLinErr)
== IWM: polls 9156 hits 2002 (21.9%) overwritten 68257 reReads 200
== drive: track 0, motor on, CSTIN=0, nibbles 68973, personality ISM
== top IWM poll sites (pc: polls, hits):
   $A6E1CE  move.b  (A4), D5                         3156 polls, 292 hits
   $A6D41C  tst.b   ($600,A0)                        215 polls, 207 hits
   $A6D418  tst.b   ($200,A0)                        215 polls, 207 hits
   $A6D468  tst.b   ($1800,A0)                       211 polls, 108 hits
   $A6D424  tst.b   ($a00,A0)                        208 polls, 28 hits
   $A6D444  tst.b   (A0)                             208 polls, 68 hits
   $A6E248  move.b  (A4), D5                         20 polls, 2 hits
   $A6E212  move.b  (A4), D5                         10 polls, 1 hits
== DUPLICATE nibbles (re-read inside the 14-tick hold; 200 total):
   $A6D41C  tst.b   ($600,A0)                        193 duplicates
   $A6D424  tst.b   ($a00,A0)                        3 duplicates
   $A6EB18  move.b  D0, ($800,A0)                    2 duplicates
   $A6D44A  tst.b   ($400,A0)                        1 duplicates
   $A6D74E  tst.b   ($1200,A0)                       1 duplicates
== WHERE nibbles were lost (pc the CPU was at, 68257 total, 342 sites):
   $A0BB8C  move.w  ($10,A0), D0                     35025 lost (51.3%)
   $A0BB90  bgt     $a0bb8c                          29795 lost (43.7%)
   $033CF2  sub.b   (A1), D2                         146 lost (0.2%)
   $A09B84  movem.l (A7)+, D0-D3/A0-A3               85 lost (0.1%)
   $A6D5DE  movem.l (A7)+, D0-D7/A0-A6               84 lost (0.1%)
   $A6D5D2  movem.l ($d0,A1), D3-D7/A3-A6            66 lost (0.1%)
   $A09B60  movem.l D0-D3/A0-A3, -(A7)               63 lost (0.1%)
   $A0AF3E  bset    #$7, ($4,A0)                     58 lost (0.1%)
   $A0B0A6  move.b  D2, (A2)                         58 lost (0.1%)
   $A6D5C6  bra     $a6d3f2                          48 lost (0.1%)
   $033CC2  move.w  SR, D3                           46 lost (0.1%)
   $A6D3FA  movea.l $134.w, A1                       45 lost (0.1%)
   $A14908  tst.b   (A1)                             44 lost (0.1%)
   $A6D5CA  movem.l D0-D7/A0-A6, -(A7)               41 lost (0.1%)
   $08B49E  movem.l D0-D1/A0-A1, -(A7)               40 lost (0.1%)
   $A0B076  clr.l   ($c,A2)                          39 lost (0.1%)
== screen: icon strip delta 0 px, centre white 0.65 -> no verdict
