lcii_sony_trace: boost=4 (default), boot=hdv/boot.vhd, floppy=disks35/Stuffit_Expander_5.5.dsk
UTableBase=$0173F0 UnitNtryCnt=96
  unit  1: dce=$004A2C flags=$4F20 refNum=-5 drvr=$A6C3E0 '.Sony'
    refNum -5 raw dCtlDriver=$00A6C3E0  as ptr -> $A6C3E0 '.Sony'  as handle -> $000000 ''
  unit  3: dce=$004EC0 flags=$4E20 refNum=-4 drvr=$A51410 '.Sound'
  unit  4: dce=$004A2C flags=$4F20 refNum=-5 drvr=$A6C3E0 '.Sony'
    refNum -5 raw dCtlDriver=$00A6C3E0  as ptr -> $A6C3E0 '.Sony'  as handle -> $000000 ''
  unit  5: dce=$005134 flags=$4D00 refNum=-6 drvr=$A6ABCA '.AIn'
  unit  6: dce=$005174 flags=$4E00 refNum=-7 drvr=$A6ABE2 '.AOut'
  unit  7: dce=$0051B0 flags=$4D00 refNum=-8 drvr=$A6ABFA '.BIn'
  unit  8: dce=$0051EC flags=$4E00 refNum=-9 drvr=$A6AC12 '.BOut'
  unit  9: dce=$0F25DC flags=$4C00 refNum=-10 drvr=$09FE3C '.MPP'
  unit 10: dce=$0CC1B8 flags=$4400 refNum=-11 drvr=$0A22CC '.ATP'
  unit 32: dce=$00927C flags=$4F24 refNum=-33 drvr=$006772 '.ASYC00'
  unit 40: dce=$0EE970 flags=$4400 refNum=-41 drvr=$0A34C8 '.XPP'
  unit 48: dce=$004F10 flags=$4C20 refNum=-49 drvr=$0889FC '.Display_Video_Apple_V8'
  unit 50: dce=$0053E8 flags=$4D20 refNum=-51 drvr=$086CA8 '.AppleSoundInput'
  unit 51: dce=$0EE8A4 flags=$4400 refNum=-52 drvr=$0B78CC '.DSP'
driver .Sony at $A6C3E0, prime=$A6C406 ctl=$A6C414
inserted at machine clock 4167702924

[4168918847] _PostEvent diskEvt msg=$00000001 (drive 1, hi-word err 0 noErr)
[4168926548] _MountVol pb=$9C3C14 ioVRefNum=1 caller=$A1C81E
[4168941873] PRIME #1 READ off=$400 (sector 2) req=$200 buf=$00D0C4 posMode=1 pb=$9C3B96 caller=$A0B69E track=0
[4186432743] PRIME #1 -> -400 ?  (17490870 machine cycles, nib +68952, polls +4311, hits +931, lost +68236, track 0 -> 0)
             mid-data-field losses: 0
             buffer diverges at +$0:
               image : 42 44 D3 F2 2E 9A D3 F2 30 56 01 00 00 04 00 03 02 9D 0B 3A 00 00 02 00
               buffer: 00 00 00 00 00 00 00 00 00 00 00 00 00 00 00 00 00 00 00 00 00 00 00 00
  --- last 600 instructions before ?:
  $A6E1CE  move.b  (A4), D5                             D0=00A6049E D1=00000003 D2=00000239 A0=00A6E13A A1=00004A68 nib=68930
  $A6E1D0  bpl     $a6e1ce                              D0=00A6049E D1=00000003 D2=00000239 A0=00A6E13A A1=00004A68 nib=68930
  $A6E1CE  move.b  (A4), D5                             D0=00A6049E D1=00000003 D2=00000239 A0=00A6E13A A1=00004A68 nib=68930
  $A6E1D0  bpl     $a6e1ce                              D0=00A6049E D1=00000003 D2=00000239 A0=00A6E13A A1=00004A68 nib=68930
  $A6E1CE  move.b  (A4), D5                             D0=00A6049E D1=00000003 D2=00000239 A0=00A6E13A A1=00004A68 nib=68930
  $A6E1D0  bpl     $a6e1ce                              D0=00A6049E D1=00000003 D2=00000239 A0=00A6E13A A1=00004A68 nib=68930
  $A6E1CE  move.b  (A4), D5                             D0=00A6049E D1=00000003 D2=00000239 A0=00A6E13A A1=00004A68 nib=68930
  $A6E1D0  bpl     $a6e1ce                              D0=00A6049E D1=00000003 D2=00000239 A0=00A6E13A A1=00004A68 nib=68930
  $A6E1CE  move.b  (A4), D5                             D0=00A6049E D1=00000003 D2=00000239 A0=00A6E13A A1=00004A68 nib=68930
  $A6E1D0  bpl     $a6e1ce                              D0=00A6049E D1=00000003 D2=00000239 A0=00A6E13A A1=00004A68 nib=68930
  $A6E1CE  move.b  (A4), D5                             D0=00A6049E D1=00000003 D2=00000239 A0=00A6E13A A1=00004A68 nib=68931
  $A6E1D0  bpl     $a6e1ce                              D0=00A6049E D1=00000003 D2=00000239 A0=00A6E13A A1=00004A68 nib=68931
  $A6E1D2  move.b  (A5), (A5)                           D0=00A6049E D1=00000003 D2=00000239 A0=00A6E13A A1=00004A68 nib=68931
  $A6E1D4  bmi     $a6e1d8                              D0=00A6049E D1=00000003 D2=00000239 A0=00A6E13A A1=00004A68 nib=68931
  $A6E1D8  dbra    D0, $a6e1e0                          D0=00A6049E D1=00000003 D2=00000239 A0=00A6E13A A1=00004A68 nib=68931
  $A6E1E0  cmp.b   (A0)+, D5                            D0=00A6049D D1=00000003 D2=00000239 A0=00A6E13A A1=00004A68 nib=68931
  $A6E1E2  bne     $a6e1ca                              D0=00A6049D D1=00000003 D2=00000239 A0=00A6E13B A1=00004A68 nib=68931
  $A6E1CA  movea.l A2, A0                               D0=00A6049D D1=00000003 D2=00000239 A0=00A6E13B A1=00004A68 nib=68931
  $A6E1CC  moveq   #$3, D1                              D0=00A6049D D1=00000003 D2=00000239 A0=00A6E13A A1=00004A68 nib=68931
  $A6E1CE  move.b  (A4), D5                             D0=00A6049D D1=00000003 D2=00000239 A0=00A6E13A A1=00004A68 nib=68931
  $A6E1D0  bpl     $a6e1ce                              D0=00A6049D D1=00000003 D2=00000239 A0=00A6E13A A1=00004A68 nib=68931
  $A6E1CE  move.b  (A4), D5                             D0=00A6049D D1=00000003 D2=00000239 A0=00A6E13A A1=00004A68 nib=68931
  $A6E1D0  bpl     $a6e1ce                              D0=00A6049D D1=00000003 D2=00000239 A0=00A6E13A A1=00004A68 nib=68931
  $A6E1CE  move.b  (A4), D5                             D0=00A6049D D1=00000003 D2=00000239 A0=00A6E13A A1=00004A68 nib=68931
  $A6E1D0  bpl     $a6e1ce                              D0=00A6049D D1=00000003 D2=00000239 A0=00A6E13A A1=00004A68 nib=68931
  $A6E1CE  move.b  (A4), D5                             D0=00A6049D D1=00000003 D2=00000239 A0=00A6E13A A1=00004A68 nib=68931
  $A6E1D0  bpl     $a6e1ce                              D0=00A6049D D1=00000003 D2=00000239 A0=00A6E13A A1=00004A68 nib=68931
  $A6E1CE  move.b  (A4), D5                             D0=00A6049D D1=00000003 D2=00000239 A0=00A6E13A A1=00004A68 nib=68931
  $A6E1D0  bpl     $a6e1ce                              D0=00A6049D D1=00000003 D2=00000239 A0=00A6E13A A1=00004A68 nib=68931
  $A6E1CE  move.b  (A4), D5                             D0=00A6049D D1=00000003 D2=00000239 A0=00A6E13A A1=00004A68 nib=68931
  $A6E1D0  bpl     $a6e1ce                              D0=00A6049D D1=00000003 D2=00000239 A0=00A6E13A A1=00004A68 nib=68931
  $A6E1CE  move.b  (A4), D5                             D0=00A6049D D1=00000003 D2=00000239 A0=00A6E13A A1=00004A68 nib=68931
  $A6E1D0  bpl     $a6e1ce                              D0=00A6049D D1=00000003 D2=00000239 A0=00A6E13A A1=00004A68 nib=68931
  $A6E1CE  move.b  (A4), D5                             D0=00A6049D D1=00000003 D2=00000239 A0=00A6E13A A1=00004A68 nib=68931
  $A6E1D0  bpl     $a6e1ce                              D0=00A6049D D1=00000003 D2=00000239 A0=00A6E13A A1=00004A68 nib=68931
  $A6E1CE  move.b  (A4), D5                             D0=00A6049D D1=00000003 D2=00000239 A0=00A6E13A A1=00004A68 nib=68931
  $A6E1D0  bpl     $a6e1ce                              D0=00A6049D D1=00000003 D2=00000239 A0=00A6E13A A1=00004A68 nib=68931
  $A6E1CE  move.b  (A4), D5                             D0=00A6049D D1=00000003 D2=00000239 A0=00A6E13A A1=00004A68 nib=68931
  $A6E1D0  bpl     $a6e1ce                              D0=00A6049D D1=00000003 D2=00000239 A0=00A6E13A A1=00004A68 nib=68931
  $A6E1CE  move.b  (A4), D5                             D0=00A6049D D1=00000003 D2=00000239 A0=00A6E13A A1=00004A68 nib=68931
  $A6E1D0  bpl     $a6e1ce                              D0=00A6049D D1=00000003 D2=00000239 A0=00A6E13A A1=00004A68 nib=68931
  $A6E1CE  move.b  (A4), D5                             D0=00A6049D D1=00000003 D2=00000239 A0=00A6E13A A1=00004A68 nib=68931
  $A6E1D0  bpl     $a6e1ce                              D0=00A6049D D1=00000003 D2=00000239 A0=00A6E13A A1=00004A68 nib=68931
  $A6E1CE  move.b  (A4), D5                             D0=00A6049D D1=00000003 D2=00000239 A0=00A6E13A A1=00004A68 nib=68931
  $A6E1D0  bpl     $a6e1ce                              D0=00A6049D D1=00000003 D2=00000239 A0=00A6E13A A1=00004A68 nib=68932
  $A6E1D2  move.b  (A5), (A5)                           D0=00A6049D D1=00000003 D2=00000239 A0=00A6E13A A1=00004A68 nib=68932
  $A6E1D4  bmi     $a6e1d8                              D0=00A6049D D1=00000003 D2=00000239 A0=00A6E13A A1=00004A68 nib=68932
  $A6E1D8  dbra    D0, $a6e1e0                          D0=00A6049D D1=00000003 D2=00000239 A0=00A6E13A A1=00004A68 nib=68932
  $A6E1E0  cmp.b   (A0)+, D5                            D0=00A6049C D1=00000003 D2=00000239 A0=00A6E13A A1=00004A68 nib=68932
  $A6E1E2  bne     $a6e1ca                              D0=00A6049C D1=00000003 D2=00000239 A0=00A6E13B A1=00004A68 nib=68932
  $A6E1CA  movea.l A2, A0                               D0=00A6049C D1=00000003 D2=00000239 A0=00A6E13B A1=00004A68 nib=68932
  $A6E1CC  moveq   #$3, D1                              D0=00A6049C D1=00000003 D2=00000239 A0=00A6E13A A1=00004A68 nib=68932
  $A6E1CE  move.b  (A4), D5                             D0=00A6049C D1=00000003 D2=00000239 A0=00A6E13A A1=00004A68 nib=68932
  $A6E1D0  bpl     $a6e1ce                              D0=00A6049C D1=00000003 D2=00000239 A0=00A6E13A A1=00004A68 nib=68932
  $A6E1CE  move.b  (A4), D5                             D0=00A6049C D1=00000003 D2=00000239 A0=00A6E13A A1=00004A68 nib=68932
  $A6E1D0  bpl     $a6e1ce                              D0=00A6049C D1=00000003 D2=00000239 A0=00A6E13A A1=00004A68 nib=68932
  $A6E1CE  move.b  (A4), D5                             D0=00A6049C D1=00000003 D2=00000239 A0=00A6E13A A1=00004A68 nib=68932
  $A6E1D0  bpl     $a6e1ce                              D0=00A6049C D1=00000003 D2=00000239 A0=00A6E13A A1=00004A68 nib=68932
  $A6E1CE  move.b  (A4), D5                             D0=00A6049C D1=00000003 D2=00000239 A0=00A6E13A A1=00004A68 nib=68932
  $A6E1D0  bpl     $a6e1ce                              D0=00A6049C D1=00000003 D2=00000239 A0=00A6E13A A1=00004A68 nib=68932
  $A6E1CE  move.b  (A4), D5                             D0=00A6049C D1=00000003 D2=00000239 A0=00A6E13A A1=00004A68 nib=68932
  $A6E1D0  bpl     $a6e1ce                              D0=00A6049C D1=00000003 D2=00000239 A0=00A6E13A A1=00004A68 nib=68932
  $A6E1CE  move.b  (A4), D5                             D0=00A6049C D1=00000003 D2=00000239 A0=00A6E13A A1=00004A68 nib=68932
  $A6E1D0  bpl     $a6e1ce                              D0=00A6049C D1=00000003 D2=00000239 A0=00A6E13A A1=00004A68 nib=68932
  $A6E1CE  move.b  (A4), D5                             D0=00A6049C D1=00000003 D2=00000239 A0=00A6E13A A1=00004A68 nib=68932
  $A6E1D0  bpl     $a6e1ce                              D0=00A6049C D1=00000003 D2=00000239 A0=00A6E13A A1=00004A68 nib=68932
  $A6E1CE  move.b  (A4), D5                             D0=00A6049C D1=00000003 D2=00000239 A0=00A6E13A A1=00004A68 nib=68932
  $A6E1D0  bpl     $a6e1ce                              D0=00A6049C D1=00000003 D2=00000239 A0=00A6E13A A1=00004A68 nib=68932
  $A6E1CE  move.b  (A4), D5                             D0=00A6049C D1=00000003 D2=00000239 A0=00A6E13A A1=00004A68 nib=68932
  $A6E1D0  bpl     $a6e1ce                              D0=00A6049C D1=00000003 D2=00000239 A0=00A6E13A A1=00004A68 nib=68932
  $A6E1CE  move.b  (A4), D5                             D0=00A6049C D1=00000003 D2=00000239 A0=00A6E13A A1=00004A68 nib=68932
  $A6E1D0  bpl     $a6e1ce                              D0=00A6049C D1=00000003 D2=00000239 A0=00A6E13A A1=00004A68 nib=68932
  $A6E1CE  move.b  (A4), D5                             D0=00A6049C D1=00000003 D2=00000239 A0=00A6E13A A1=00004A68 nib=68932
  $A6E1D0  bpl     $a6e1ce                              D0=00A6049C D1=00000003 D2=00000239 A0=00A6E13A A1=00004A68 nib=68932
  $A6E1CE  move.b  (A4), D5                             D0=00A6049C D1=00000003 D2=00000239 A0=00A6E13A A1=00004A68 nib=68932
  $A6E1D0  bpl     $a6e1ce                              D0=00A6049C D1=00000003 D2=00000239 A0=00A6E13A A1=00004A68 nib=68932
  $A6E1CE  move.b  (A4), D5                             D0=00A6049C D1=00000003 D2=00000239 A0=00A6E13A A1=00004A68 nib=68932
  $A6E1D0  bpl     $a6e1ce                              D0=00A6049C D1=00000003 D2=00000239 A0=00A6E13A A1=00004A68 nib=68932
  $A6E1CE  move.b  (A4), D5                             D0=00A6049C D1=00000003 D2=00000239 A0=00A6E13A A1=00004A68 nib=68932
  $A6E1D0  bpl     $a6e1ce                              D0=00A6049C D1=00000003 D2=00000239 A0=00A6E13A A1=00004A68 nib=68933
  $A6E1D2  move.b  (A5), (A5)                           D0=00A6049C D1=00000003 D2=00000239 A0=00A6E13A A1=00004A68 nib=68933
  $A6E1D4  bmi     $a6e1d8                              D0=00A6049C D1=00000003 D2=00000239 A0=00A6E13A A1=00004A68 nib=68933
  $A6E1D8  dbra    D0, $a6e1e0                          D0=00A6049C D1=00000003 D2=00000239 A0=00A6E13A A1=00004A68 nib=68933
  $A6E1E0  cmp.b   (A0)+, D5                            D0=00A6049B D1=00000003 D2=00000239 A0=00A6E13A A1=00004A68 nib=68933
  $A6E1E2  bne     $a6e1ca                              D0=00A6049B D1=00000003 D2=00000239 A0=00A6E13B A1=00004A68 nib=68933
  $A6E1CA  movea.l A2, A0                               D0=00A6049B D1=00000003 D2=00000239 A0=00A6E13B A1=00004A68 nib=68933
  $A6E1CC  moveq   #$3, D1                              D0=00A6049B D1=00000003 D2=00000239 A0=00A6E13A A1=00004A68 nib=68933
  $A6E1CE  move.b  (A4), D5                             D0=00A6049B D1=00000003 D2=00000239 A0=00A6E13A A1=00004A68 nib=68933
  $A6E1D0  bpl     $a6e1ce                              D0=00A6049B D1=00000003 D2=00000239 A0=00A6E13A A1=00004A68 nib=68933
  $A6E1CE  move.b  (A4), D5                             D0=00A6049B D1=00000003 D2=00000239 A0=00A6E13A A1=00004A68 nib=68933
  $A6E1D0  bpl     $a6e1ce                              D0=00A6049B D1=00000003 D2=00000239 A0=00A6E13A A1=00004A68 nib=68933
  $A6E1CE  move.b  (A4), D5                             D0=00A6049B D1=00000003 D2=00000239 A0=00A6E13A A1=00004A68 nib=68933
  $A6E1D0  bpl     $a6e1ce                              D0=00A6049B D1=00000003 D2=00000239 A0=00A6E13A A1=00004A68 nib=68933
  $A6E1CE  move.b  (A4), D5                             D0=00A6049B D1=00000003 D2=00000239 A0=00A6E13A A1=00004A68 nib=68933
  $A6E1D0  bpl     $a6e1ce                              D0=00A6049B D1=00000003 D2=00000239 A0=00A6E13A A1=00004A68 nib=68933
  $A6E1CE  move.b  (A4), D5                             D0=00A6049B D1=00000003 D2=00000239 A0=00A6E13A A1=00004A68 nib=68933
  $A6E1D0  bpl     $a6e1ce                              D0=00A6049B D1=00000003 D2=00000239 A0=00A6E13A A1=00004A68 nib=68933
  $A6E1CE  move.b  (A4), D5                             D0=00A6049B D1=00000003 D2=00000239 A0=00A6E13A A1=00004A68 nib=68933
  $A6E1D0  bpl     $a6e1ce                              D0=00A6049B D1=00000003 D2=00000239 A0=00A6E13A A1=00004A68 nib=68933
  $A6E1CE  move.b  (A4), D5                             D0=00A6049B D1=00000003 D2=00000239 A0=00A6E13A A1=00004A68 nib=68933
  $A6E1D0  bpl     $a6e1ce                              D0=00A6049B D1=00000003 D2=00000239 A0=00A6E13A A1=00004A68 nib=68933
  $A6E1CE  move.b  (A4), D5                             D0=00A6049B D1=00000003 D2=00000239 A0=00A6E13A A1=00004A68 nib=68933
  $A6E1D0  bpl     $a6e1ce                              D0=00A6049B D1=00000003 D2=00000239 A0=00A6E13A A1=00004A68 nib=68933
  $A6E1CE  move.b  (A4), D5                             D0=00A6049B D1=00000003 D2=00000239 A0=00A6E13A A1=00004A68 nib=68933
  $A6E1D0  bpl     $a6e1ce                              D0=00A6049B D1=00000003 D2=00000239 A0=00A6E13A A1=00004A68 nib=68933
  $A6E1CE  move.b  (A4), D5                             D0=00A6049B D1=00000003 D2=00000239 A0=00A6E13A A1=00004A68 nib=68933
  $A6E1D0  bpl     $a6e1ce                              D0=00A6049B D1=00000003 D2=00000239 A0=00A6E13A A1=00004A68 nib=68933
  $A6E1CE  move.b  (A4), D5                             D0=00A6049B D1=00000003 D2=00000239 A0=00A6E13A A1=00004A68 nib=68933
  $A6E1D0  bpl     $a6e1ce                              D0=00A6049B D1=00000003 D2=00000239 A0=00A6E13A A1=00004A68 nib=68933
  $A6E1CE  move.b  (A4), D5                             D0=00A6049B D1=00000003 D2=00000239 A0=00A6E13A A1=00004A68 nib=68933
  $A6E1D0  bpl     $a6e1ce                              D0=00A6049B D1=00000003 D2=00000239 A0=00A6E13A A1=00004A68 nib=68934
  $A6E1CE  move.b  (A4), D5                             D0=00A6049B D1=00000003 D2=00000239 A0=00A6E13A A1=00004A68 nib=68934
  $A6E1D0  bpl     $a6e1ce                              D0=00A6049B D1=00000003 D2=00000239 A0=00A6E13A A1=00004A68 nib=68934
  $A6E1D2  move.b  (A5), (A5)                           D0=00A6049B D1=00000003 D2=00000239 A0=00A6E13A A1=00004A68 nib=68934
  $A6E1D4  bmi     $a6e1d8                              D0=00A6049B D1=00000003 D2=00000239 A0=00A6E13A A1=00004A68 nib=68934
  $A6E1D8  dbra    D0, $a6e1e0                          D0=00A6049B D1=00000003 D2=00000239 A0=00A6E13A A1=00004A68 nib=68934
  $A6E1E0  cmp.b   (A0)+, D5                            D0=00A6049A D1=00000003 D2=00000239 A0=00A6E13A A1=00004A68 nib=68934
  $A6E1E2  bne     $a6e1ca                              D0=00A6049A D1=00000003 D2=00000239 A0=00A6E13B A1=00004A68 nib=68934
  $A6E1E4  subq.w  #$1, D1                              D0=00A6049A D1=00000003 D2=00000239 A0=00A6E13B A1=00004A68 nib=68934
  $A6E1E6  bne     $a6e1ce                              D0=00A6049A D1=00000002 D2=00000239 A0=00A6E13B A1=00004A68 nib=68934
  $A6E1CE  move.b  (A4), D5                             D0=00A6049A D1=00000002 D2=00000239 A0=00A6E13B A1=00004A68 nib=68934
  $A6E1D0  bpl     $a6e1ce                              D0=00A6049A D1=00000002 D2=00000239 A0=00A6E13B A1=00004A68 nib=68934
  $A6E1CE  move.b  (A4), D5                             D0=00A6049A D1=00000002 D2=00000239 A0=00A6E13B A1=00004A68 nib=68934
  $A6E1D0  bpl     $a6e1ce                              D0=00A6049A D1=00000002 D2=00000239 A0=00A6E13B A1=00004A68 nib=68934
  $A6E1CE  move.b  (A4), D5                             D0=00A6049A D1=00000002 D2=00000239 A0=00A6E13B A1=00004A68 nib=68934
  $A6E1D0  bpl     $a6e1ce                              D0=00A6049A D1=00000002 D2=00000239 A0=00A6E13B A1=00004A68 nib=68934
  $A6E1CE  move.b  (A4), D5                             D0=00A6049A D1=00000002 D2=00000239 A0=00A6E13B A1=00004A68 nib=68934
  $A6E1D0  bpl     $a6e1ce                              D0=00A6049A D1=00000002 D2=00000239 A0=00A6E13B A1=00004A68 nib=68934
  $A6E1CE  move.b  (A4), D5                             D0=00A6049A D1=00000002 D2=00000239 A0=00A6E13B A1=00004A68 nib=68934
  $A6E1D0  bpl     $a6e1ce                              D0=00A6049A D1=00000002 D2=00000239 A0=00A6E13B A1=00004A68 nib=68934
  $A6E1CE  move.b  (A4), D5                             D0=00A6049A D1=00000002 D2=00000239 A0=00A6E13B A1=00004A68 nib=68934
  $A6E1D0  bpl     $a6e1ce                              D0=00A6049A D1=00000002 D2=00000239 A0=00A6E13B A1=00004A68 nib=68934
  $A6E1CE  move.b  (A4), D5                             D0=00A6049A D1=00000002 D2=00000239 A0=00A6E13B A1=00004A68 nib=68934
  $A6E1D0  bpl     $a6e1ce                              D0=00A6049A D1=00000002 D2=00000239 A0=00A6E13B A1=00004A68 nib=68934
  $A6E1CE  move.b  (A4), D5                             D0=00A6049A D1=00000002 D2=00000239 A0=00A6E13B A1=00004A68 nib=68934
  $A6E1D0  bpl     $a6e1ce                              D0=00A6049A D1=00000002 D2=00000239 A0=00A6E13B A1=00004A68 nib=68934
  $A6E1CE  move.b  (A4), D5                             D0=00A6049A D1=00000002 D2=00000239 A0=00A6E13B A1=00004A68 nib=68934
  $A6E1D0  bpl     $a6e1ce                              D0=00A6049A D1=00000002 D2=00000239 A0=00A6E13B A1=00004A68 nib=68934
  $A6E1CE  move.b  (A4), D5                             D0=00A6049A D1=00000002 D2=00000239 A0=00A6E13B A1=00004A68 nib=68935
  $A6E1D0  bpl     $a6e1ce                              D0=00A6049A D1=00000002 D2=00000239 A0=00A6E13B A1=00004A68 nib=68935
  $A6E1D2  move.b  (A5), (A5)                           D0=00A6049A D1=00000002 D2=00000239 A0=00A6E13B A1=00004A68 nib=68935
  $A6E1D4  bmi     $a6e1d8                              D0=00A6049A D1=00000002 D2=00000239 A0=00A6E13B A1=00004A68 nib=68935
  $A6E1D8  dbra    D0, $a6e1e0                          D0=00A6049A D1=00000002 D2=00000239 A0=00A6E13B A1=00004A68 nib=68935
  $A6E1E0  cmp.b   (A0)+, D5                            D0=00A60499 D1=00000002 D2=00000239 A0=00A6E13B A1=00004A68 nib=68935
  $A6E1E2  bne     $a6e1ca                              D0=00A60499 D1=00000002 D2=00000239 A0=00A6E13C A1=00004A68 nib=68935
  $A6E1E4  subq.w  #$1, D1                              D0=00A60499 D1=00000002 D2=00000239 A0=00A6E13C A1=00004A68 nib=68935
  $A6E1E6  bne     $a6e1ce                              D0=00A60499 D1=00000001 D2=00000239 A0=00A6E13C A1=00004A68 nib=68935
  $A6E1CE  move.b  (A4), D5                             D0=00A60499 D1=00000001 D2=00000239 A0=00A6E13C A1=00004A68 nib=68935
  $A6E1D0  bpl     $a6e1ce                              D0=00A60499 D1=00000001 D2=00000239 A0=00A6E13C A1=00004A68 nib=68935
  $A6E1CE  move.b  (A4), D5                             D0=00A60499 D1=00000001 D2=00000239 A0=00A6E13C A1=00004A68 nib=68935
  $A6E1D0  bpl     $a6e1ce                              D0=00A60499 D1=00000001 D2=00000239 A0=00A6E13C A1=00004A68 nib=68935
  $A6E1CE  move.b  (A4), D5                             D0=00A60499 D1=00000001 D2=00000239 A0=00A6E13C A1=00004A68 nib=68935
  $A6E1D0  bpl     $a6e1ce                              D0=00A60499 D1=00000001 D2=00000239 A0=00A6E13C A1=00004A68 nib=68935
  $A6E1CE  move.b  (A4), D5                             D0=00A60499 D1=00000001 D2=00000239 A0=00A6E13C A1=00004A68 nib=68935
  $A6E1D0  bpl     $a6e1ce                              D0=00A60499 D1=00000001 D2=00000239 A0=00A6E13C A1=00004A68 nib=68935
  $A6E1CE  move.b  (A4), D5                             D0=00A60499 D1=00000001 D2=00000239 A0=00A6E13C A1=00004A68 nib=68935
  $A6E1D0  bpl     $a6e1ce                              D0=00A60499 D1=00000001 D2=00000239 A0=00A6E13C A1=00004A68 nib=68935
  $A6E1CE  move.b  (A4), D5                             D0=00A60499 D1=00000001 D2=00000239 A0=00A6E13C A1=00004A68 nib=68935
  $A6E1D0  bpl     $a6e1ce                              D0=00A60499 D1=00000001 D2=00000239 A0=00A6E13C A1=00004A68 nib=68935
  $A6E1CE  move.b  (A4), D5                             D0=00A60499 D1=00000001 D2=00000239 A0=00A6E13C A1=00004A68 nib=68935
  $A6E1D0  bpl     $a6e1ce                              D0=00A60499 D1=00000001 D2=00000239 A0=00A6E13C A1=00004A68 nib=68935
  $A6E1CE  move.b  (A4), D5                             D0=00A60499 D1=00000001 D2=00000239 A0=00A6E13C A1=00004A68 nib=68935
  $A6E1D0  bpl     $a6e1ce                              D0=00A60499 D1=00000001 D2=00000239 A0=00A6E13C A1=00004A68 nib=68935
  $A6E1CE  move.b  (A4), D5                             D0=00A60499 D1=00000001 D2=00000239 A0=00A6E13C A1=00004A68 nib=68935
  $A6E1D0  bpl     $a6e1ce                              D0=00A60499 D1=00000001 D2=00000239 A0=00A6E13C A1=00004A68 nib=68935
  $A6E1CE  move.b  (A4), D5                             D0=00A60499 D1=00000001 D2=00000239 A0=00A6E13C A1=00004A68 nib=68935
  $A6E1D0  bpl     $a6e1ce                              D0=00A60499 D1=00000001 D2=00000239 A0=00A6E13C A1=00004A68 nib=68936
  $A6E1D2  move.b  (A5), (A5)                           D0=00A60499 D1=00000001 D2=00000239 A0=00A6E13C A1=00004A68 nib=68936
  $A6E1D4  bmi     $a6e1d8                              D0=00A60499 D1=00000001 D2=00000239 A0=00A6E13C A1=00004A68 nib=68936
  $A6E1D8  dbra    D0, $a6e1e0                          D0=00A60499 D1=00000001 D2=00000239 A0=00A6E13C A1=00004A68 nib=68936
  $A6E1E0  cmp.b   (A0)+, D5                            D0=00A60498 D1=00000001 D2=00000239 A0=00A6E13C A1=00004A68 nib=68936
  $A6E1E2  bne     $a6e1ca                              D0=00A60498 D1=00000001 D2=00000239 A0=00A6E13D A1=00004A68 nib=68936
  $A6E1E4  subq.w  #$1, D1                              D0=00A60498 D1=00000001 D2=00000239 A0=00A6E13D A1=00004A68 nib=68936
  $A6E1E6  bne     $a6e1ce                              D0=00A60498 D1=00000000 D2=00000239 A0=00A6E13D A1=00004A68 nib=68936
  $A6E1E8  move.b  (A5), (A5)                           D0=00A60498 D1=00000000 D2=00000239 A0=00A6E13D A1=00004A68 nib=68936
  $A6E1EA  bmi     $a6e1ee                              D0=00A60498 D1=00000000 D2=00000239 A0=00A6E13D A1=00004A68 nib=68936
  $A6E1EE  move.b  (A4), D5                             D0=00A60498 D1=00000000 D2=00000239 A0=00A6E13D A1=00004A68 nib=68936
  $A6E1F0  bpl     $a6e1ee                              D0=00A60498 D1=00000000 D2=00000239 A0=00A6E13D A1=00004A68 nib=68936
  $A6E1EE  move.b  (A4), D5                             D0=00A60498 D1=00000000 D2=00000239 A0=00A6E13D A1=00004A68 nib=68936
  $A6E1F0  bpl     $a6e1ee                              D0=00A60498 D1=00000000 D2=00000239 A0=00A6E13D A1=00004A68 nib=68936
  $A6E1EE  move.b  (A4), D5                             D0=00A60498 D1=00000000 D2=00000239 A0=00A6E13D A1=00004A68 nib=68936
  $A6E1F0  bpl     $a6e1ee                              D0=00A60498 D1=00000000 D2=00000239 A0=00A6E13D A1=00004A68 nib=68936
  $A6E1EE  move.b  (A4), D5                             D0=00A60498 D1=00000000 D2=00000239 A0=00A6E13D A1=00004A68 nib=68936
  $A6E1F0  bpl     $a6e1ee                              D0=00A60498 D1=00000000 D2=00000239 A0=00A6E13D A1=00004A68 nib=68936
  $A6E1EE  move.b  (A4), D5                             D0=00A60498 D1=00000000 D2=00000239 A0=00A6E13D A1=00004A68 nib=68936
  $A6E1F0  bpl     $a6e1ee                              D0=00A60498 D1=00000000 D2=00000239 A0=00A6E13D A1=00004A68 nib=68936
  $A6E1EE  move.b  (A4), D5                             D0=00A60498 D1=00000000 D2=00000239 A0=00A6E13D A1=00004A68 nib=68936
  $A6E1F0  bpl     $a6e1ee                              D0=00A60498 D1=00000000 D2=00000239 A0=00A6E13D A1=00004A68 nib=68937
  $A6E1F2  move.b  ($0,A3,D5.w), D1                     D0=00A60498 D1=00000000 D2=00000239 A0=00A6E13D A1=00004A68 nib=68937
  $A6E1F6  move.b  D1, D4                               D0=00A60498 D1=00000000 D2=00000239 A0=00A6E13D A1=00004A68 nib=68937
  $A6E1F8  ror.w   #6, D1                               D0=00A60498 D1=00000000 D2=00000239 A0=00A6E13D A1=00004A68 nib=68937
  $A6E1FA  move.b  (A5), (A5)                           D0=00A60498 D1=00000000 D2=00000239 A0=00A6E13D A1=00004A68 nib=68937
  $A6E1FC  bmi     $a6e200                              D0=00A60498 D1=00000000 D2=00000239 A0=00A6E13D A1=00004A68 nib=68937
  $A6E200  move.b  (A4), D5                             D0=00A60498 D1=00000000 D2=00000239 A0=00A6E13D A1=00004A68 nib=68937
  $A6E202  bpl     $a6e200                              D0=00A60498 D1=00000000 D2=00000239 A0=00A6E13D A1=00004A68 nib=68937
  $A6E200  move.b  (A4), D5                             D0=00A60498 D1=00000000 D2=00000239 A0=00A6E13D A1=00004A68 nib=68937
  $A6E202  bpl     $a6e200                              D0=00A60498 D1=00000000 D2=00000239 A0=00A6E13D A1=00004A68 nib=68937
  $A6E200  move.b  (A4), D5                             D0=00A60498 D1=00000000 D2=00000239 A0=00A6E13D A1=00004A68 nib=68937
  $A6E202  bpl     $a6e200                              D0=00A60498 D1=00000000 D2=00000239 A0=00A6E13D A1=00004A68 nib=68937
  $A6E200  move.b  (A4), D5                             D0=00A60498 D1=00000000 D2=00000239 A0=00A6E13D A1=00004A68 nib=68937
  $A6E202  bpl     $a6e200                              D0=00A60498 D1=00000000 D2=00000239 A0=00A6E13D A1=00004A68 nib=68937
  $A6E200  move.b  (A4), D5                             D0=00A60498 D1=00000000 D2=00000239 A0=00A6E13D A1=00004A68 nib=68937
  $A6E202  bpl     $a6e200                              D0=00A60498 D1=00000000 D2=00000239 A0=00A6E13D A1=00004A68 nib=68937
  $A6E200  move.b  (A4), D5                             D0=00A60498 D1=00000000 D2=00000239 A0=00A6E13D A1=00004A68 nib=68937
  $A6E202  bpl     $a6e200                              D0=00A60498 D1=00000000 D2=00000239 A0=00A6E13D A1=00004A68 nib=68937
  $A6E200  move.b  (A4), D5                             D0=00A60498 D1=00000000 D2=00000239 A0=00A6E13D A1=00004A68 nib=68937
  $A6E202  bpl     $a6e200                              D0=00A60498 D1=00000000 D2=00000239 A0=00A6E13D A1=00004A68 nib=68937
  $A6E200  move.b  (A4), D5                             D0=00A60498 D1=00000000 D2=00000239 A0=00A6E13D A1=00004A68 nib=68937
  $A6E202  bpl     $a6e200                              D0=00A60498 D1=00000000 D2=00000239 A0=00A6E13D A1=00004A68 nib=68937
  $A6E200  move.b  (A4), D5                             D0=00A60498 D1=00000000 D2=00000239 A0=00A6E13D A1=00004A68 nib=68938
  $A6E202  bpl     $a6e200                              D0=00A60498 D1=00000000 D2=00000239 A0=00A6E13D A1=00004A68 nib=68938
  $A6E204  moveq   #$0, D2                              D0=00A60498 D1=00000000 D2=00000239 A0=00A6E13D A1=00004A68 nib=68938
  $A6E206  move.b  ($0,A3,D5.w), D2                     D0=00A60498 D1=00000000 D2=00000000 A0=00A6E13D A1=00004A68 nib=68938
  $A6E20A  eor.b   D2, D4                               D0=00A60498 D1=00000000 D2=00000002 A0=00A6E13D A1=00004A68 nib=68938
  $A6E20C  move.b  (A5), (A5)                           D0=00A60498 D1=00000000 D2=00000002 A0=00A6E13D A1=00004A68 nib=68938
  $A6E20E  bmi     $a6e212                              D0=00A60498 D1=00000000 D2=00000002 A0=00A6E13D A1=00004A68 nib=68938
  $A6E212  move.b  (A4), D5                             D0=00A60498 D1=00000000 D2=00000002 A0=00A6E13D A1=00004A68 nib=68938
  $A6E214  bpl     $a6e212                              D0=00A60498 D1=00000000 D2=00000002 A0=00A6E13D A1=00004A68 nib=68938
  $A6E212  move.b  (A4), D5                             D0=00A60498 D1=00000000 D2=00000002 A0=00A6E13D A1=00004A68 nib=68938
  $A6E214  bpl     $a6e212                              D0=00A60498 D1=00000000 D2=00000002 A0=00A6E13D A1=00004A68 nib=68938
  $A6E212  move.b  (A4), D5                             D0=00A60498 D1=00000000 D2=00000002 A0=00A6E13D A1=00004A68 nib=68938
  $A6E214  bpl     $a6e212                              D0=00A60498 D1=00000000 D2=00000002 A0=00A6E13D A1=00004A68 nib=68938
  $A6E212  move.b  (A4), D5                             D0=00A60498 D1=00000000 D2=00000002 A0=00A6E13D A1=00004A68 nib=68938
  $A6E214  bpl     $a6e212                              D0=00A60498 D1=00000000 D2=00000002 A0=00A6E13D A1=00004A68 nib=68938
  $A6E212  move.b  (A4), D5                             D0=00A60498 D1=00000000 D2=00000002 A0=00A6E13D A1=00004A68 nib=68938
  $A6E214  bpl     $a6e212                              D0=00A60498 D1=00000000 D2=00000002 A0=00A6E13D A1=00004A68 nib=68938
  $A6E212  move.b  (A4), D5                             D0=00A60498 D1=00000000 D2=00000002 A0=00A6E13D A1=00004A68 nib=68938
  $A6E214  bpl     $a6e212                              D0=00A60498 D1=00000000 D2=00000002 A0=00A6E13D A1=00004A68 nib=68938
  $A6E212  move.b  (A4), D5                             D0=00A60498 D1=00000000 D2=00000002 A0=00A6E13D A1=00004A68 nib=68938
  $A6E214  bpl     $a6e212                              D0=00A60498 D1=00000000 D2=00000002 A0=00A6E13D A1=00004A68 nib=68938
  $A6E212  move.b  (A4), D5                             D0=00A60498 D1=00000000 D2=00000002 A0=00A6E13D A1=00004A68 nib=68938
  $A6E214  bpl     $a6e212                              D0=00A60498 D1=00000000 D2=00000002 A0=00A6E13D A1=00004A68 nib=68938
  $A6E212  move.b  (A4), D5                             D0=00A60498 D1=00000000 D2=00000002 A0=00A6E13D A1=00004A68 nib=68938
  $A6E214  bpl     $a6e212                              D0=00A60498 D1=00000000 D2=00000002 A0=00A6E13D A1=00004A68 nib=68938
  $A6E212  move.b  (A4), D5                             D0=00A60498 D1=00000000 D2=00000002 A0=00A6E13D A1=00004A68 nib=68938
  $A6E214  bpl     $a6e212                              D0=00A60498 D1=00000000 D2=00000002 A0=00A6E13D A1=00004A68 nib=68939
  $A6E216  move.b  ($0,A3,D5.w), D1                     D0=00A60498 D1=00000000 D2=00000002 A0=00A6E13D A1=00004A68 nib=68939
  $A6E21A  eor.b   D1, D4                               D0=00A60498 D1=00000000 D2=00000002 A0=00A6E13D A1=00004A68 nib=68939
  $A6E21C  rol.w   #6, D1                               D0=00A60498 D1=00000000 D2=00000002 A0=00A6E13D A1=00004A68 nib=68939
  $A6E21E  move.b  (A5), (A5)                           D0=00A60498 D1=00000000 D2=00000002 A0=00A6E13D A1=00004A68 nib=68939
  $A6E220  bmi     $a6e224                              D0=00A60498 D1=00000000 D2=00000002 A0=00A6E13D A1=00004A68 nib=68939
  $A6E224  move.b  (A4), D5                             D0=00A60498 D1=00000000 D2=00000002 A0=00A6E13D A1=00004A68 nib=68939
  $A6E226  bpl     $a6e224                              D0=00A60498 D1=00000000 D2=00000002 A0=00A6E13D A1=00004A68 nib=68939
  $A6E224  move.b  (A4), D5                             D0=00A60498 D1=00000000 D2=00000002 A0=00A6E13D A1=00004A68 nib=68939
  $A6E226  bpl     $a6e224                              D0=00A60498 D1=00000000 D2=00000002 A0=00A6E13D A1=00004A68 nib=68939
  $A6E224  move.b  (A4), D5                             D0=00A60498 D1=00000000 D2=00000002 A0=00A6E13D A1=00004A68 nib=68939
  $A6E226  bpl     $a6e224                              D0=00A60498 D1=00000000 D2=00000002 A0=00A6E13D A1=00004A68 nib=68939
  $A6E224  move.b  (A4), D5                             D0=00A60498 D1=00000000 D2=00000002 A0=00A6E13D A1=00004A68 nib=68939
  $A6E226  bpl     $a6e224                              D0=00A60498 D1=00000000 D2=00000002 A0=00A6E13D A1=00004A68 nib=68939
  $A6E224  move.b  (A4), D5                             D0=00A60498 D1=00000000 D2=00000002 A0=00A6E13D A1=00004A68 nib=68939
  $A6E226  bpl     $a6e224                              D0=00A60498 D1=00000000 D2=00000002 A0=00A6E13D A1=00004A68 nib=68939
  $A6E224  move.b  (A4), D5                             D0=00A60498 D1=00000000 D2=00000002 A0=00A6E13D A1=00004A68 nib=68939
  $A6E226  bpl     $a6e224                              D0=00A60498 D1=00000000 D2=00000002 A0=00A6E13D A1=00004A68 nib=68939
  $A6E224  move.b  (A4), D5                             D0=00A60498 D1=00000000 D2=00000002 A0=00A6E13D A1=00004A68 nib=68939
  $A6E226  bpl     $a6e224                              D0=00A60498 D1=00000000 D2=00000002 A0=00A6E13D A1=00004A68 nib=68939
  $A6E224  move.b  (A4), D5                             D0=00A60498 D1=00000000 D2=00000002 A0=00A6E13D A1=00004A68 nib=68939
  $A6E226  bpl     $a6e224                              D0=00A60498 D1=00000000 D2=00000002 A0=00A6E13D A1=00004A68 nib=68939
  $A6E224  move.b  (A4), D5                             D0=00A60498 D1=00000000 D2=00000002 A0=00A6E13D A1=00004A68 nib=68939
  $A6E226  bpl     $a6e224                              D0=00A60498 D1=00000000 D2=00000002 A0=00A6E13D A1=00004A68 nib=68940
  $A6E228  move.b  ($0,A3,D5.w), D3                     D0=00A60498 D1=00000000 D2=00000002 A0=00A6E13D A1=00004A68 nib=68940
  $A6E22C  eor.b   D3, D4                               D0=00A60498 D1=00000000 D2=00000002 A0=00A6E13D A1=00004A68 nib=68940
  $A6E22E  move.b  (A5), (A5)                           D0=00A60498 D1=00000000 D2=00000002 A0=00A6E13D A1=00004A68 nib=68940
  $A6E230  bmi     $a6e234                              D0=00A60498 D1=00000000 D2=00000002 A0=00A6E13D A1=00004A68 nib=68940
  $A6E234  move.b  (A4), D5                             D0=00A60498 D1=00000000 D2=00000002 A0=00A6E13D A1=00004A68 nib=68940
  $A6E236  bpl     $a6e234                              D0=00A60498 D1=00000000 D2=00000002 A0=00A6E13D A1=00004A68 nib=68940
  $A6E234  move.b  (A4), D5                             D0=00A60498 D1=00000000 D2=00000002 A0=00A6E13D A1=00004A68 nib=68940
  $A6E236  bpl     $a6e234                              D0=00A60498 D1=00000000 D2=00000002 A0=00A6E13D A1=00004A68 nib=68940
  $A6E234  move.b  (A4), D5                             D0=00A60498 D1=00000000 D2=00000002 A0=00A6E13D A1=00004A68 nib=68940
  $A6E236  bpl     $a6e234                              D0=00A60498 D1=00000000 D2=00000002 A0=00A6E13D A1=00004A68 nib=68940
  $A6E234  move.b  (A4), D5                             D0=00A60498 D1=00000000 D2=00000002 A0=00A6E13D A1=00004A68 nib=68940
  $A6E236  bpl     $a6e234                              D0=00A60498 D1=00000000 D2=00000002 A0=00A6E13D A1=00004A68 nib=68940
  $A6E234  move.b  (A4), D5                             D0=00A60498 D1=00000000 D2=00000002 A0=00A6E13D A1=00004A68 nib=68940
  $A6E236  bpl     $a6e234                              D0=00A60498 D1=00000000 D2=00000002 A0=00A6E13D A1=00004A68 nib=68940
  $A6E234  move.b  (A4), D5                             D0=00A60498 D1=00000000 D2=00000002 A0=00A6E13D A1=00004A68 nib=68940
  $A6E236  bpl     $a6e234                              D0=00A60498 D1=00000000 D2=00000002 A0=00A6E13D A1=00004A68 nib=68940
  $A6E234  move.b  (A4), D5                             D0=00A60498 D1=00000000 D2=00000002 A0=00A6E13D A1=00004A68 nib=68940
  $A6E236  bpl     $a6e234                              D0=00A60498 D1=00000000 D2=00000002 A0=00A6E13D A1=00004A68 nib=68940
  $A6E234  move.b  (A4), D5                             D0=00A60498 D1=00000000 D2=00000002 A0=00A6E13D A1=00004A68 nib=68940
  $A6E236  bpl     $a6e234                              D0=00A60498 D1=00000000 D2=00000002 A0=00A6E13D A1=00004A68 nib=68940
  $A6E234  move.b  (A4), D5                             D0=00A60498 D1=00000000 D2=00000002 A0=00A6E13D A1=00004A68 nib=68940
  $A6E236  bpl     $a6e234                              D0=00A60498 D1=00000000 D2=00000002 A0=00A6E13D A1=00004A68 nib=68941
  $A6E238  move.b  ($0,A3,D5.w), D5                     D0=00A60498 D1=00000000 D2=00000002 A0=00A6E13D A1=00004A68 nib=68941
  $A6E23C  eor.b   D5, D4                               D0=00A60498 D1=00000000 D2=00000002 A0=00A6E13D A1=00004A68 nib=68941
  $A6E23E  bne     $a6e258                              D0=00A60498 D1=00000000 D2=00000002 A0=00A6E13D A1=00004A68 nib=68941
  $A6E240  moveq   #$1, D4                              D0=00A60498 D1=00000000 D2=00000002 A0=00A6E13D A1=00004A68 nib=68941
  $A6E242  move.b  (A5), (A5)                           D0=00A60498 D1=00000000 D2=00000002 A0=00A6E13D A1=00004A68 nib=68941
  $A6E244  bmi     $a6e248                              D0=00A60498 D1=00000000 D2=00000002 A0=00A6E13D A1=00004A68 nib=68941
  $A6E248  move.b  (A4), D5                             D0=00A60498 D1=00000000 D2=00000002 A0=00A6E13D A1=00004A68 nib=68941
  $A6E24A  bpl     $a6e248                              D0=00A60498 D1=00000000 D2=00000002 A0=00A6E13D A1=00004A68 nib=68941
  $A6E248  move.b  (A4), D5                             D0=00A60498 D1=00000000 D2=00000002 A0=00A6E13D A1=00004A68 nib=68941
  $A6E24A  bpl     $a6e248                              D0=00A60498 D1=00000000 D2=00000002 A0=00A6E13D A1=00004A68 nib=68941
  $A6E248  move.b  (A4), D5                             D0=00A60498 D1=00000000 D2=00000002 A0=00A6E13D A1=00004A68 nib=68941
  $A6E24A  bpl     $a6e248                              D0=00A60498 D1=00000000 D2=00000002 A0=00A6E13D A1=00004A68 nib=68941
  $A6E248  move.b  (A4), D5                             D0=00A60498 D1=00000000 D2=00000002 A0=00A6E13D A1=00004A68 nib=68941
  $A6E24A  bpl     $a6e248                              D0=00A60498 D1=00000000 D2=00000002 A0=00A6E13D A1=00004A68 nib=68941
  $A6E248  move.b  (A4), D5                             D0=00A60498 D1=00000000 D2=00000002 A0=00A6E13D A1=00004A68 nib=68941
  $A6E24A  bpl     $a6e248                              D0=00A60498 D1=00000000 D2=00000002 A0=00A6E13D A1=00004A68 nib=68941
  $A6E248  move.b  (A4), D5                             D0=00A60498 D1=00000000 D2=00000002 A0=00A6E13D A1=00004A68 nib=68941
  $A6E24A  bpl     $a6e248                              D0=00A60498 D1=00000000 D2=00000002 A0=00A6E13D A1=00004A68 nib=68941
  $A6E248  move.b  (A4), D5                             D0=00A60498 D1=00000000 D2=00000002 A0=00A6E13D A1=00004A68 nib=68941
  $A6E24A  bpl     $a6e248                              D0=00A60498 D1=00000000 D2=00000002 A0=00A6E13D A1=00004A68 nib=68941
  $A6E248  move.b  (A4), D5                             D0=00A60498 D1=00000000 D2=00000002 A0=00A6E13D A1=00004A68 nib=68941
  $A6E24A  bpl     $a6e248                              D0=00A60498 D1=00000000 D2=00000002 A0=00A6E13D A1=00004A68 nib=68941
  $A6E248  move.b  (A4), D5                             D0=00A60498 D1=00000000 D2=00000002 A0=00A6E13D A1=00004A68 nib=68941
  $A6E24A  bpl     $a6e248                              D0=00A60498 D1=00000000 D2=00000002 A0=00A6E13D A1=00004A68 nib=68941
  $A6E248  move.b  (A4), D5                             D0=00A60498 D1=00000000 D2=00000002 A0=00A6E13D A1=00004A68 nib=68941
  $A6E24A  bpl     $a6e248                              D0=00A60498 D1=00000000 D2=00000002 A0=00A6E13D A1=00004A68 nib=68942
  $A6E24C  cmp.b   (A0)+, D5                            D0=00A60498 D1=00000000 D2=00000002 A0=00A6E13D A1=00004A68 nib=68942
  $A6E24E  bne     $a6e25c                              D0=00A60498 D1=00000000 D2=00000002 A0=00A6E13E A1=00004A68 nib=68942
  $A6E250  dbra    D4, $a6e242                          D0=00A60498 D1=00000000 D2=00000002 A0=00A6E13E A1=00004A68 nib=68942
  $A6E242  move.b  (A5), (A5)                           D0=00A60498 D1=00000000 D2=00000002 A0=00A6E13E A1=00004A68 nib=68942
  $A6E244  bmi     $a6e248                              D0=00A60498 D1=00000000 D2=00000002 A0=00A6E13E A1=00004A68 nib=68942
  $A6E248  move.b  (A4), D5                             D0=00A60498 D1=00000000 D2=00000002 A0=00A6E13E A1=00004A68 nib=68942
  $A6E24A  bpl     $a6e248                              D0=00A60498 D1=00000000 D2=00000002 A0=00A6E13E A1=00004A68 nib=68942
  $A6E248  move.b  (A4), D5                             D0=00A60498 D1=00000000 D2=00000002 A0=00A6E13E A1=00004A68 nib=68942
  $A6E24A  bpl     $a6e248                              D0=00A60498 D1=00000000 D2=00000002 A0=00A6E13E A1=00004A68 nib=68942
  $A6E248  move.b  (A4), D5                             D0=00A60498 D1=00000000 D2=00000002 A0=00A6E13E A1=00004A68 nib=68942
  $A6E24A  bpl     $a6e248                              D0=00A60498 D1=00000000 D2=00000002 A0=00A6E13E A1=00004A68 nib=68942
  $A6E248  move.b  (A4), D5                             D0=00A60498 D1=00000000 D2=00000002 A0=00A6E13E A1=00004A68 nib=68942
  $A6E24A  bpl     $a6e248                              D0=00A60498 D1=00000000 D2=00000002 A0=00A6E13E A1=00004A68 nib=68942
  $A6E248  move.b  (A4), D5                             D0=00A60498 D1=00000000 D2=00000002 A0=00A6E13E A1=00004A68 nib=68942
  $A6E24A  bpl     $a6e248                              D0=00A60498 D1=00000000 D2=00000002 A0=00A6E13E A1=00004A68 nib=68942
  $A6E248  move.b  (A4), D5                             D0=00A60498 D1=00000000 D2=00000002 A0=00A6E13E A1=00004A68 nib=68942
  $A6E24A  bpl     $a6e248                              D0=00A60498 D1=00000000 D2=00000002 A0=00A6E13E A1=00004A68 nib=68942
  $A6E248  move.b  (A4), D5                             D0=00A60498 D1=00000000 D2=00000002 A0=00A6E13E A1=00004A68 nib=68942
  $A6E24A  bpl     $a6e248                              D0=00A60498 D1=00000000 D2=00000002 A0=00A6E13E A1=00004A68 nib=68942
  $A6E248  move.b  (A4), D5                             D0=00A60498 D1=00000000 D2=00000002 A0=00A6E13E A1=00004A68 nib=68942
  $A6E24A  bpl     $a6e248                              D0=00A60498 D1=00000000 D2=00000002 A0=00A6E13E A1=00004A68 nib=68942
  $A6E248  move.b  (A4), D5                             D0=00A60498 D1=00000000 D2=00000002 A0=00A6E13E A1=00004A68 nib=68942
  $A6E24A  bpl     $a6e248                              D0=00A60498 D1=00000000 D2=00000002 A0=00A6E13E A1=00004A68 nib=68942
  $A6E248  move.b  (A4), D5                             D0=00A60498 D1=00000000 D2=00000002 A0=00A6E13E A1=00004A68 nib=68942
  $A6E24A  bpl     $a6e248                              D0=00A60498 D1=00000000 D2=00000002 A0=00A6E13E A1=00004A68 nib=68943
  $A6E24C  cmp.b   (A0)+, D5                            D0=00A60498 D1=00000000 D2=00000002 A0=00A6E13E A1=00004A68 nib=68943
  $A6E24E  bne     $a6e25c                              D0=00A60498 D1=00000000 D2=00000002 A0=00A6E13F A1=00004A68 nib=68943
  $A6E250  dbra    D4, $a6e242                          D0=00A60498 D1=00000000 D2=00000002 A0=00A6E13F A1=00004A68 nib=68943
  $A6E254  bra     $a6d7f4                              D0=00A60498 D1=00000000 D2=00000002 A0=00A6E13F A1=00004A68 nib=68943
  $A6D7F4  move.l  $124.w, -(A7)                        D0=00A60498 D1=00000000 D2=00000002 A0=00A6E13F A1=00004A68 nib=68943
  $A6D7F8  tst.w   D0                                   D0=00A60498 D1=00000000 D2=00000002 A0=00A6E13F A1=00004A68 nib=68943
  $A6D7FA  rts                                          D0=00A60498 D1=00000000 D2=00000002 A0=00A6E13F A1=00004A68 nib=68943
  $A6ECCA  bsr     $a6d338                              D0=00A60498 D1=00000000 D2=00000002 A0=00A6E13F A1=00004A68 nib=68943
  $A6D338  movea.l (A7)+, A4                            D0=00A60498 D1=00000000 D2=00000002 A0=00A6E13F A1=00004A68 nib=68943
  $A6D33A  pea     ($14,PC); ($a6d350)                  D0=00A60498 D1=00000000 D2=00000002 A0=00A6E13F A1=00004A68 nib=68943
  $A6D33E  move.l  $13e.w, -(A7)                        D0=00A60498 D1=00000000 D2=00000002 A0=00A6E13F A1=00004A68 nib=68943
  $A6D342  beq     $a6d35c                              D0=00A60498 D1=00000000 D2=00000002 A0=00A6E13F A1=00004A68 nib=68943
  $A6D35C  movea.l $13a.w, A7                           D0=00A60498 D1=00000000 D2=00000002 A0=00A6E13F A1=00004A68 nib=68943
  $A6D360  bsr     $a6d3f2                              D0=00A60498 D1=00000000 D2=00000002 A0=00A6E13F A1=00004A68 nib=68943
  $A6D3F2  bsr     $a6d3fa                              D0=00A60498 D1=00000000 D2=00000002 A0=00A6E13F A1=00004A68 nib=68943
  $A6D3FA  movea.l $134.w, A1                           D0=00A60498 D1=00000000 D2=00000002 A0=00A6E13F A1=00004A68 nib=68943
  $A6D3FE  move.w  ($12,A1), D1                         D0=00A60498 D1=00000000 D2=00000002 A0=00A6E13F A1=00004A68 nib=68943
  $A6D402  cmpi.w  #$4, D1                              D0=00A60498 D1=00000001 D2=00000002 A0=00A6E13F A1=00004A68 nib=68943
  $A6D406  bls     $a6d40a                              D0=00A60498 D1=00000001 D2=00000002 A0=00A6E13F A1=00004A68 nib=68943
  $A6D40A  add.w   D1, D1                               D0=00A60498 D1=00000001 D2=00000002 A0=00A6E13F A1=00004A68 nib=68943
  $A6D40C  rts                                          D0=00A60498 D1=00000002 D2=00000002 A0=00A6E13F A1=00004A68 nib=68944
  $A6D3F4  move.w  (-$26,PC,D1.w), D1                   D0=00A60498 D1=00000002 D2=00000002 A0=00A6E13F A1=00004A68 nib=68944
  $A6D3F8  rts                                          D0=00A60498 D1=0000004A D2=00000002 A0=00A6E13F A1=00004A68 nib=68944
  $A6D364  jmp     (A4)                                 D0=00A60498 D1=0000004A D2=00000002 A0=00A6E13F A1=00004A68 nib=68944
  $A6ECCE  move.w  (A7)+, SR                            D0=00A60498 D1=0000004A D2=00000002 A0=00A6E13F A1=00004A68 nib=68944
  $A6ECD0  move.w  (A7)+, D1                            D0=00A60498 D1=0000004A D2=00000002 A0=00A6E13F A1=00004A68 nib=68944
  $A6ECD2  tst.w   D0                                   D0=00A60498 D1=00000005 D2=00000002 A0=00A6E13F A1=00004A68 nib=68944
  $A6ECD4  dbpl    D1, $a6ecbe                          D0=00A60498 D1=00000005 D2=00000002 A0=00A6E13F A1=00004A68 nib=68944
  $A6ECD8  bra     $a6d3f2                              D0=00A60498 D1=00000005 D2=00000002 A0=00A6E13F A1=00004A68 nib=68944
  $A6D3F2  bsr     $a6d3fa                              D0=00A60498 D1=00000005 D2=00000002 A0=00A6E13F A1=00004A68 nib=68944
  $A6D3FA  movea.l $134.w, A1                           D0=00A60498 D1=00000005 D2=00000002 A0=00A6E13F A1=00004A68 nib=68944
  $A6D3FE  move.w  ($12,A1), D1                         D0=00A60498 D1=00000005 D2=00000002 A0=00A6E13F A1=00004A68 nib=68944
  $A6D402  cmpi.w  #$4, D1                              D0=00A60498 D1=00000001 D2=00000002 A0=00A6E13F A1=00004A68 nib=68944
  $A6D406  bls     $a6d40a                              D0=00A60498 D1=00000001 D2=00000002 A0=00A6E13F A1=00004A68 nib=68944
  $A6D40A  add.w   D1, D1                               D0=00A60498 D1=00000001 D2=00000002 A0=00A6E13F A1=00004A68 nib=68944
  $A6D40C  rts                                          D0=00A60498 D1=00000002 D2=00000002 A0=00A6E13F A1=00004A68 nib=68944
  $A6D3F4  move.w  (-$26,PC,D1.w), D1                   D0=00A60498 D1=00000002 D2=00000002 A0=00A6E13F A1=00004A68 nib=68944
  $A6D3F8  rts                                          D0=00A60498 D1=0000004A D2=00000002 A0=00A6E13F A1=00004A68 nib=68944
  $A6EC80  tst.w   D0                                   D0=00A60498 D1=0000004A D2=00000002 A0=00A6E13F A1=00004A68 nib=68944
  $A6EC82  bmi     $a6ec98                              D0=00A60498 D1=0000004A D2=00000002 A0=00A6E13F A1=00004A68 nib=68944
  $A6EC84  move.b  ($18,A1,D1.w), ($17,A1,D1.w)         D0=00A60498 D1=0000004A D2=00000002 A0=00A6E13F A1=00004A68 nib=68944
  $A6EC8A  bpl     $a6ecb8                              D0=00A60498 D1=0000004A D2=00000002 A0=00A6E13F A1=00004A68 nib=68944
  $A6EC8C  addq.b  #$1, ($3,A1,D1.w)                    D0=00A60498 D1=0000004A D2=00000002 A0=00A6E13F A1=00004A68 nib=68944
  $A6EC90  move.w  #$fe70, D0                           D0=00A60498 D1=0000004A D2=00000002 A0=00A6E13F A1=00004A68 nib=68944
  $A6EC94  bra     $a6cf44                              D0=00A6FE70 D1=0000004A D2=00000002 A0=00A6E13F A1=00004A68 nib=68944
  $A6CF44  move.w  ($3a,A1), D2                         D0=00A6FE70 D1=0000004A D2=00000002 A0=00A6E13F A1=00004A68 nib=68944
  $A6CF48  bra     $a6cf4c                              D0=00A6FE70 D1=0000004A D2=00000005 A0=00A6E13F A1=00004A68 nib=68944
  $A6CF4C  move.w  D0, -(A7)                            D0=00A6FE70 D1=0000004A D2=00000005 A0=00A6E13F A1=00004A68 nib=68944
  $A6CF4E  move.w  D2, D0                               D0=00A6FE70 D1=0000004A D2=00000005 A0=00A6E13F A1=00004A68 nib=68944
  $A6CF50  bsr     $a6d68a                              D0=00A60005 D1=0000004A D2=00000005 A0=00A6E13F A1=00004A68 nib=68944
  $A6D68A  bsr     $a6d3f2                              D0=00A60005 D1=0000004A D2=00000005 A0=00A6E13F A1=00004A68 nib=68944
  $A6D3F2  bsr     $a6d3fa                              D0=00A60005 D1=0000004A D2=00000005 A0=00A6E13F A1=00004A68 nib=68944
  $A6D3FA  movea.l $134.w, A1                           D0=00A60005 D1=0000004A D2=00000005 A0=00A6E13F A1=00004A68 nib=68944
  $A6D3FE  move.w  ($12,A1), D1                         D0=00A60005 D1=0000004A D2=00000005 A0=00A6E13F A1=00004A68 nib=68944
  $A6D402  cmpi.w  #$4, D1                              D0=00A60005 D1=00000001 D2=00000005 A0=00A6E13F A1=00004A68 nib=68944
  $A6D406  bls     $a6d40a                              D0=00A60005 D1=00000001 D2=00000005 A0=00A6E13F A1=00004A68 nib=68944
  $A6D40A  add.w   D1, D1                               D0=00A60005 D1=00000001 D2=00000005 A0=00A6E13F A1=00004A68 nib=68944
  $A6D40C  rts                                          D0=00A60005 D1=00000002 D2=00000005 A0=00A6E13F A1=00004A68 nib=68944
  $A6D3F4  move.w  (-$26,PC,D1.w), D1                   D0=00A60005 D1=00000002 D2=00000005 A0=00A6E13F A1=00004A68 nib=68945
  $A6D3F8  rts                                          D0=00A60005 D1=0000004A D2=00000005 A0=00A6E13F A1=00004A68 nib=68945
  $A6D68E  move.w  D0, ($1a,A1)                         D0=00A60005 D1=0000004A D2=00000005 A0=00A6E13F A1=00004A68 nib=68945
  $A6D692  beq     $a6d69c                              D0=00A60005 D1=0000004A D2=00000005 A0=00A6E13F A1=00004A68 nib=68945
  $A6D694  move.w  ($12,A1), ($116,A1)                  D0=00A60005 D1=0000004A D2=00000005 A0=00A6E13F A1=00004A68 nib=68945
  $A6D69A  rts                                          D0=00A60005 D1=0000004A D2=00000005 A0=00A6E13F A1=00004A68 nib=68945
  $A6CF54  move.w  (A7)+, D0                            D0=00A60005 D1=0000004A D2=00000005 A0=00A6E13F A1=00004A68 nib=68945
  $A6CF56  andi.w  #-$701, SR                           D0=00A6FE70 D1=0000004A D2=00000005 A0=00A6E13F A1=00004A68 nib=68945
  $A6CF5A  bra     $a6cb64                              D0=00A6FE70 D1=0000004A D2=00000005 A0=00A6E13F A1=00004A68 nib=68945
  $A6CB64  tst.w   D0                                   D0=00A6FE70 D1=0000004A D2=00000005 A0=00A6E13F A1=00004A68 nib=68945
  $A6CB66  beq     $a6cb6c                              D0=00A6FE70 D1=0000004A D2=00000005 A0=00A6E13F A1=00004A68 nib=68945
  $08B496  cmpi.w  #$64, ($6,A7)                        D0=00A6FE70 D1=0000004A D2=00000005 A0=00A6E13F A1=00004A68 nib=68945
  $08B49C  bne     $8b4e4                               D0=00A6FE70 D1=0000004A D2=00000005 A0=00A6E13F A1=00004A68 nib=68945
  $08B49E  movem.l D0-D1/A0-A1, -(A7)                   D0=00A6FE70 D1=0000004A D2=00000005 A0=00A6E13F A1=00004A68 nib=68945
  $08B4A2  moveq   #$17, D1                             D0=00A6FE70 D1=0000004A D2=00000005 A0=00A6E13F A1=00004A68 nib=68945
  $08B4A4  move.w  ($10,A7), D0                         D0=00A6FE70 D1=00000017 D2=00000005 A0=00A6E13F A1=00004A68 nib=68945
  $08B4A8  andi.w  #-$3900, D0                          D0=00A62008 D1=00000017 D2=00000005 A0=00A6E13F A1=00004A68 nib=68945
  $08B4AC  bne     $8b4e0                               D0=00A60000 D1=00000017 D2=00000005 A0=00A6E13F A1=00004A68 nib=68945
  $08B4AE  btst    #$6, $160.w                          D0=00A60000 D1=00000017 D2=00000005 A0=00A6E13F A1=00004A68 nib=68945
  $08B4B4  bne     $8b4e0                               D0=00A60000 D1=00000017 D2=00000005 A0=00A6E13F A1=00004A68 nib=68945
  $08B4B6  btst    #$6, $d92.w                          D0=00A60000 D1=00000017 D2=00000005 A0=00A6E13F A1=00004A68 nib=68945
  $08B4BC  bne     $8b4e0                               D0=00A60000 D1=00000017 D2=00000005 A0=00A6E13F A1=00004A68 nib=68945
  $08B4BE  jsr     (-$77c,PC); ($8ad44)                 D0=00A60000 D1=00000017 D2=00000005 A0=00A6E13F A1=00004A68 nib=68945
  $08AD44  move.l  (-$1c,PC), D0; ($8ad2a)              D0=00A60000 D1=00000017 D2=00000005 A0=00A6E13F A1=00004A68 nib=68945
  $08AD48  rts                                          D0=0000627C D1=00000017 D2=00000005 A0=00A6E13F A1=00004A68 nib=68945
  $08B4C2  movea.l D0, A0                               D0=0000627C D1=00000017 D2=00000005 A0=00A6E13F A1=00004A68 nib=68945
  $08B4C4  tst.b   (A0)                                 D0=0000627C D1=00000017 D2=00000005 A0=0000627C A1=00004A68 nib=68945
  $08B4C6  bne     $8b4e0                               D0=0000627C D1=00000017 D2=00000005 A0=0000627C A1=00004A68 nib=68945
  $08B4E0  movem.l (A7)+, D0-D1/A0-A1                   D0=0000627C D1=00000017 D2=00000005 A0=0000627C A1=00004A68 nib=68945
  $08B4E4  move.l  ($6a,PC), -(A7); ($8b550)            D0=00A6FE70 D1=0000004A D2=00000005 A0=00A6E13F A1=00004A68 nib=68946
  $08B4E8  rts                                          D0=00A6FE70 D1=0000004A D2=00000005 A0=00A6E13F A1=00004A68 nib=68946
  $079120  move.l  A0, -(A7)                            D0=00A6FE70 D1=0000004A D2=00000005 A0=00A6E13F A1=00004A68 nib=68946
  $079122  lea     (-$e,PC), A0; ($79116)               D0=00A6FE70 D1=0000004A D2=00000005 A0=00A6E13F A1=00004A68 nib=68946
  $079126  tst.w   (A0)                                 D0=00A6FE70 D1=0000004A D2=00000005 A0=00079116 A1=00004A68 nib=68946
  $079128  bne     $79138                               D0=00A6FE70 D1=0000004A D2=00000005 A0=00079116 A1=00004A68 nib=68946
  $07912A  tst.w   (-$2,A0)                             D0=00A6FE70 D1=0000004A D2=00000005 A0=00079116 A1=00004A68 nib=68946
  $07912E  beq     $7913e                               D0=00A6FE70 D1=0000004A D2=00000005 A0=00079116 A1=00004A68 nib=68946
  $07913E  movea.l (A7)+, A0                            D0=00A6FE70 D1=0000004A D2=00000005 A0=00079116 A1=00004A68 nib=68946
  $079140  move.l  (-$26,PC), -(A7); ($7911c)           D0=00A6FE70 D1=0000004A D2=00000005 A0=00A6E13F A1=00004A68 nib=68946
  $079144  rts                                          D0=00A6FE70 D1=0000004A D2=00000005 A0=00A6E13F A1=00004A68 nib=68946
  $A09B60  movem.l D0-D3/A0-A3, -(A7)                   D0=00A6FE70 D1=0000004A D2=00000005 A0=00A6E13F A1=00004A68 nib=68946
  $A09B64  lea     ($5a,PC), A3; ($a09bc0)              D0=00A6FE70 D1=0000004A D2=00000005 A0=00A6E13F A1=00004A68 nib=68946
  $A09B68  tst.b   $cb2.w                               D0=00A6FE70 D1=0000004A D2=00000005 A0=00A6E13F A1=00004A68 nib=68946
  $A09B6C  bne     $a09b8a                              D0=00A6FE70 D1=0000004A D2=00000005 A0=00A6E13F A1=00004A68 nib=68946
  $A09B6E  jsr     (A3)                                 D0=00A6FE70 D1=0000004A D2=00000005 A0=00A6E13F A1=00004A68 nib=68946
  $A09BC0  movea.l $1d4.w, A1                           D0=00A6FE70 D1=0000004A D2=00000005 A0=00A6E13F A1=00004A68 nib=68946
  $A09BC4  moveq   #$7f, D0                             D0=00A6FE70 D1=0000004A D2=00000005 A0=00A6E13F A1=50F00000 nib=68946
  $A09BC6  and.b   ($1a00,A1), D0                       D0=0000007F D1=0000004A D2=00000005 A0=00A6E13F A1=50F00000 nib=68946
  $A09BCA  and.b   ($1c00,A1), D0                       D0=00000042 D1=0000004A D2=00000005 A0=00A6E13F A1=50F00000 nib=68946
  $A09BCE  movea.w ($2a,PC,D0.w*2), A0                  D0=00000002 D1=0000004A D2=00000005 A0=00A6E13F A1=50F00000 nib=68946
  $A09BD2  movea.l (A0), A0                             D0=00000002 D1=0000004A D2=00000005 A0=00000196 A1=50F00000 nib=68946
  $A09BD4  jmp     (A0)                                 D0=00000002 D1=0000004A D2=00000005 A0=40A0A296 A1=50F00000 nib=68946
  $A0A296  addq.l  #$1, $16a.w                          D0=00000002 D1=0000004A D2=00000005 A0=40A0A296 A1=50F00000 nib=68946
  $A0A29A  move.b  #$2, ($1a00,A1)                      D0=00000002 D1=0000004A D2=00000005 A0=40A0A296 A1=50F00000 nib=68947
  $A0A2A0  bset    #$6, $160.w                          D0=00000002 D1=0000004A D2=00000005 A0=40A0A296 A1=50F00000 nib=68947
  $A0A2A6  bne     $a0a294                              D0=00000002 D1=0000004A D2=00000005 A0=40A0A296 A1=50F00000 nib=68947
  $A0A2A8  move.w  #$2000, SR                           D0=00000002 D1=0000004A D2=00000005 A0=40A0A296 A1=50F00000 nib=68947
  $A0A2AC  move.l  $110.w, D0                           D0=00000002 D1=0000004A D2=00000005 A0=40A0A296 A1=50F00000 nib=68947
  $A0A2B0  beq     $a0a2c6                              D0=009C2D9E D1=0000004A D2=00000005 A0=40A0A296 A1=50F00000 nib=68947
  $A0A2B2  cmpa.l  D0, A7                               D0=009C2D9E D1=0000004A D2=00000005 A0=40A0A296 A1=50F00000 nib=68947
  $A0A2B4  bcc     $a0a2ba                              D0=009C2D9E D1=0000004A D2=00000005 A0=40A0A296 A1=50F00000 nib=68947
  $A0A2BA  movea.l $2aa.w, A1                           D0=009C2D9E D1=0000004A D2=00000005 A0=40A0A296 A1=50F00000 nib=68947
  $A0A2BE  cmpa.l  (A1), A7                             D0=009C2D9E D1=0000004A D2=00000005 A0=40A0A296 A1=0099DD00 nib=68947
  $A0A2C0  bcc     $a0a2c6                              D0=009C2D9E D1=0000004A D2=00000005 A0=40A0A296 A1=0099DD00 nib=68947
  $A0A2C6  lea     $160.w, A1                           D0=009C2D9E D1=0000004A D2=00000005 A0=40A0A296 A1=0099DD00 nib=68947
  $A0A2CA  lea     ($2,A1), A0                          D0=009C2D9E D1=0000004A D2=00000005 A0=40A0A296 A1=00000160 nib=68947
  $A0A2CE  move.l  (A0), D0                             D0=009C2D9E D1=0000004A D2=00000005 A0=00000162 A1=00000160 nib=68947
  $A0A2D0  beq     $a0a2f4                              D0=00004A6C D1=0000004A D2=00000005 A0=00000162 A1=00000160 nib=68947
  $A0A2D2  movea.l D0, A0                               D0=00004A6C D1=0000004A D2=00000005 A0=00000162 A1=00000160 nib=68947
  $A0A2D4  subq.w  #$1, ($a,A0)                         D0=00004A6C D1=0000004A D2=00000005 A0=00004A6C A1=00000160 nib=68947
  $A0A2D8  bne     $a0a2ce                              D0=00004A6C D1=0000004A D2=00000005 A0=00004A6C A1=00000160 nib=68947
  $A0A2CE  move.l  (A0), D0                             D0=00004A6C D1=0000004A D2=00000005 A0=00004A6C A1=00000160 nib=68947
  $A0A2D0  beq     $a0a2f4                              D0=009DADBA D1=0000004A D2=00000005 A0=00004A6C A1=00000160 nib=68947
  $A0A2D2  movea.l D0, A0                               D0=009DADBA D1=0000004A D2=00000005 A0=00004A6C A1=00000160 nib=68947
  $A0A2D4  subq.w  #$1, ($a,A0)                         D0=009DADBA D1=0000004A D2=00000005 A0=009DADBA A1=00000160 nib=68947
  $A0A2D8  bne     $a0a2ce                              D0=009DADBA D1=0000004A D2=00000005 A0=009DADBA A1=00000160 nib=68947
  $A0A2DA  move.l  A0, -(A7)                            D0=009DADBA D1=0000004A D2=00000005 A0=009DADBA A1=00000160 nib=68947
  $A0A2DC  move.l  A1, -(A7)                            D0=009DADBA D1=0000004A D2=00000005 A0=009DADBA A1=00000160 nib=68947
  $A0A2DE  movea.l ($6,A0), A1                          D0=009DADBA D1=0000004A D2=00000005 A0=009DADBA A1=00000160 nib=68947
  $A0A2E2  jsr     (A1)                                 D0=009DADBA D1=0000004A D2=00000005 A0=009DADBA A1=009DADB0 nib=68947
  $9DADB0  bra     $9dadcc                              D0=009DADBA D1=0000004A D2=00000005 A0=009DADBA A1=009DADB0 nib=68947
  $9DADCC  lea     (-$a,PC), A0; ($9dadc4)              D0=009DADBA D1=0000004A D2=00000005 A0=009DADBA A1=009DADB0 nib=68947
  $9DADD0  move.w  #$1, (A0)                            D0=009DADBA D1=0000004A D2=00000005 A0=009DADC4 A1=009DADB0 nib=68947
  $9DADD4  movea.l (-$e,PC), A0; ($9dadc8)              D0=009DADBA D1=0000004A D2=00000005 A0=009DADC4 A1=009DADB0 nib=68947
  $9DADD8  st      ($a0,A0)                             D0=009DADBA D1=0000004A D2=00000005 A0=009D89F0 A1=009DADB0 nib=68947
  $9DADDC  movea.l ($12,A0), A1                         D0=009DADBA D1=0000004A D2=00000005 A0=009D89F0 A1=009DADB0 nib=68947
  $9DADE0  move.l  ($e,A1), D0                          D0=009DADBA D1=0000004A D2=00000005 A0=009D89F0 A1=009DA2EC nib=68948
  $9DADE4  btst    #$2, D0                              D0=00000003 D1=0000004A D2=00000005 A0=009D89F0 A1=009DA2EC nib=68948
  $9DADE8  bne     $9dae70                              D0=00000003 D1=0000004A D2=00000005 A0=009D89F0 A1=009DA2EC nib=68948
  $9DADEC  lea     ($c0,A0), A1                         D0=00000003 D1=0000004A D2=00000005 A0=009D89F0 A1=009DA2EC nib=68948
  $9DADF0  move.w  $832.w, D0                           D0=00000003 D1=0000004A D2=00000005 A0=009D89F0 A1=009D8AB0 nib=68948
  $9DADF4  cmp.w   ($2,A1), D0                          D0=0000000F D1=0000004A D2=00000005 A0=009D89F0 A1=009D8AB0 nib=68948
  $9DADF8  blt     $9dae10                              D0=0000000F D1=0000004A D2=00000005 A0=009D89F0 A1=009D8AB0 nib=68948
  $9DAE10  tst.l   ($a2,A0)                             D0=0000000F D1=0000004A D2=00000005 A0=009D89F0 A1=009D8AB0 nib=68948
  $9DAE14  beq     $9dae3e                              D0=0000000F D1=0000004A D2=00000005 A0=009D89F0 A1=009D8AB0 nib=68948
  $9DAE3E  movea.l (-$78,PC), A0; ($9dadc8)             D0=0000000F D1=0000004A D2=00000005 A0=009D89F0 A1=009D8AB0 nib=68948
  $9DAE42  tst.b   ($a1,A0)                             D0=0000000F D1=0000004A D2=00000005 A0=009D89F0 A1=009D8AB0 nib=68948
  $9DAE46  bne     $9dae70                              D0=0000000F D1=0000004A D2=00000005 A0=009D89F0 A1=009D8AB0 nib=68948
  $9DAE70  movea.l (-$bc,PC), A1; ($9dadb6)             D0=0000000F D1=0000004A D2=00000005 A0=009D89F0 A1=009D8AB0 nib=68948
  $9DAE74  cmpa.w  #$0, A1                              D0=0000000F D1=0000004A D2=00000005 A0=009D89F0 A1=00000000 nib=68948
  $9DAE78  beq     $9dae80                              D0=0000000F D1=0000004A D2=00000005 A0=009D89F0 A1=00000000 nib=68948
  $9DAE80  rts                                          D0=0000000F D1=0000004A D2=00000005 A0=009D89F0 A1=00000000 nib=68948
  $A0A2E4  movea.l (A7)+, A1                            D0=0000000F D1=0000004A D2=00000005 A0=009D89F0 A1=00000000 nib=68948
  $A0A2E6  movea.l (A7)+, A0                            D0=0000000F D1=0000004A D2=00000005 A0=009D89F0 A1=00000160 nib=68948
  $A0A2E8  tst.w   ($a,A0)                              D0=0000000F D1=0000004A D2=00000005 A0=009DADBA A1=00000160 nib=68948
  $A0A2EC  bne     $a0a2ce                              D0=0000000F D1=0000004A D2=00000005 A0=009DADBA A1=00000160 nib=68948
  $A0A2CE  move.l  (A0), D0                             D0=0000000F D1=0000004A D2=00000005 A0=009DADBA A1=00000160 nib=68948
  $A0A2D0  beq     $a0a2f4                              D0=009C9402 D1=0000004A D2=00000005 A0=009DADBA A1=00000160 nib=68948
  $A0A2D2  movea.l D0, A0                               D0=009C9402 D1=0000004A D2=00000005 A0=009DADBA A1=00000160 nib=68948
  $A0A2D4  subq.w  #$1, ($a,A0)                         D0=009C9402 D1=0000004A D2=00000005 A0=009C9402 A1=00000160 nib=68948
  $A0A2D8  bne     $a0a2ce                              D0=009C9402 D1=0000004A D2=00000005 A0=009C9402 A1=00000160 nib=68948
  $A0A2DA  move.l  A0, -(A7)                            D0=009C9402 D1=0000004A D2=00000005 A0=009C9402 A1=00000160 nib=68948
  $A0A2DC  move.l  A1, -(A7)                            D0=009C9402 D1=0000004A D2=00000005 A0=009C9402 A1=00000160 nib=68948
  $A0A2DE  movea.l ($6,A0), A1                          D0=009C9402 D1=0000004A D2=00000005 A0=009C9402 A1=00000160 nib=68948
  $A0A2E2  jsr     (A1)                                 D0=009C9402 D1=0000004A D2=00000005 A0=009C9402 A1=009CA90A nib=68948
  $9CA90A  jmp     $9a1f96.l                            D0=009C9402 D1=0000004A D2=00000005 A0=009C9402 A1=009CA90A nib=68948
  $9A1F96  link    A6, #$0                              D0=009C9402 D1=0000004A D2=00000005 A0=009C9402 A1=009CA90A nib=68948
  $9A1F9A  move.l  A4, -(A7)                            D0=009C9402 D1=0000004A D2=00000005 A0=009C9402 A1=009CA90A nib=68949
  $9A1F9C  jsr     (-$644,PC); ($9a195a)                D0=009C9402 D1=0000004A D2=00000005 A0=009C9402 A1=009CA90A nib=68949
  $9A195A  move.l  (-$e,PC), D0; ($9a194e)              D0=009C9402 D1=0000004A D2=00000005 A0=009C9402 A1=009CA90A nib=68949
  $9A195E  rts                                          D0=009CA2F8 D1=0000004A D2=00000005 A0=009C9402 A1=009CA90A nib=68949
  $9A1FA0  exg     D0, A5                               D0=009CA2F8 D1=0000004A D2=00000005 A0=009C9402 A1=009CA90A nib=68949
  $9A1FA2  movea.l D0, A4                               D0=50F01E00 D1=0000004A D2=00000005 A0=009C9402 A1=009CA90A nib=68949
  $9A1FA4  tst.b   (-$ea2,A5)                           D0=50F01E00 D1=0000004A D2=00000005 A0=009C9402 A1=009CA90A nib=68949
  $9A1FA8  bne     $9a2002                              D0=50F01E00 D1=0000004A D2=00000005 A0=009C9402 A1=009CA90A nib=68949
  $9A1FAA  tst.b   (-$e9a,A5)                           D0=50F01E00 D1=0000004A D2=00000005 A0=009C9402 A1=009CA90A nib=68949
  $9A1FAE  beq     $9a1fee                              D0=50F01E00 D1=0000004A D2=00000005 A0=009C9402 A1=009CA90A nib=68949
  $9A1FEE  tst.b   (-$e9c,A5)                           D0=50F01E00 D1=0000004A D2=00000005 A0=009C9402 A1=009CA90A nib=68949
  $9A1FF2  bne     $9a2002                              D0=50F01E00 D1=0000004A D2=00000005 A0=009C9402 A1=009CA90A nib=68949
  $9A2002  move.w  #$a, (-$eec,A5)                      D0=50F01E00 D1=0000004A D2=00000005 A0=009C9402 A1=009CA90A nib=68949
  $9A2008  move.l  A4, D0                               D0=50F01E00 D1=0000004A D2=00000005 A0=009C9402 A1=009CA90A nib=68949
  $9A200A  exg     D0, A5                               D0=50F01E00 D1=0000004A D2=00000005 A0=009C9402 A1=009CA90A nib=68949
  $9A200C  movea.l (-$4,A6), A4                         D0=009CA2F8 D1=0000004A D2=00000005 A0=009C9402 A1=009CA90A nib=68949
  $9A2010  unlk    A6                                   D0=009CA2F8 D1=0000004A D2=00000005 A0=009C9402 A1=009CA90A nib=68949
  $9A2012  rts                                          D0=009CA2F8 D1=0000004A D2=00000005 A0=009C9402 A1=009CA90A nib=68949
  $A0A2E4  movea.l (A7)+, A1                            D0=009CA2F8 D1=0000004A D2=00000005 A0=009C9402 A1=009CA90A nib=68949
  $A0A2E6  movea.l (A7)+, A0                            D0=009CA2F8 D1=0000004A D2=00000005 A0=009C9402 A1=00000160 nib=68949
  $A0A2E8  tst.w   ($a,A0)                              D0=009CA2F8 D1=0000004A D2=00000005 A0=009C9402 A1=00000160 nib=68949
  $A0A2EC  bne     $a0a2ce                              D0=009CA2F8 D1=0000004A D2=00000005 A0=009C9402 A1=00000160 nib=68949
  $A0A2CE  move.l  (A0), D0                             D0=009CA2F8 D1=0000004A D2=00000005 A0=009C9402 A1=00000160 nib=68949
  $A0A2D0  beq     $a0a2f4                              D0=00000000 D1=0000004A D2=00000005 A0=009C9402 A1=00000160 nib=68949
  $A0A2F4  bclr    #$6, (A1)                            D0=00000000 D1=0000004A D2=00000005 A0=009C9402 A1=00000160 nib=68949
  $A0A2F8  rts                                          D0=00000000 D1=0000004A D2=00000005 A0=009C9402 A1=00000160 nib=68949
  $A09B70  tst.l   $d94.w                               D0=00000000 D1=0000004A D2=00000005 A0=009C9402 A1=00000160 nib=68949
  $A09B74  beq     $a09b84                              D0=00000000 D1=0000004A D2=00000005 A0=009C9402 A1=00000160 nib=68949
  $A09B84  movem.l (A7)+, D0-D3/A0-A3                   D0=00000000 D1=0000004A D2=00000005 A0=009C9402 A1=00000160 nib=68949
  $A09B88  rte                                          D0=00A6FE70 D1=0000004A D2=00000005 A0=00A6E13F A1=00004A68 nib=68950
  $A6CB66  beq     $a6cb6c                              D0=00A6FE70 D1=0000004A D2=00000005 A0=00A6E13F A1=00004A68 nib=68950
  $A6CB68  move.w  D0, $142.w                           D0=00A6FE70 D1=0000004A D2=00000005 A0=00A6E13F A1=00004A68 nib=68950
  $A6CB6C  movea.l $134.w, A1                           D0=00A6FE70 D1=0000004A D2=00000005 A0=00A6E13F A1=00004A68 nib=68950
  $A6CB70  clr.b   ($19,A1)                             D0=00A6FE70 D1=0000004A D2=00000005 A0=00A6E13F A1=00004A68 nib=68950
  $A6CB74  movea.l (A1), A1                             D0=00A6FE70 D1=0000004A D2=00000005 A0=00A6E13F A1=00004A68 nib=68950
  $A6CB76  move.l  $8fc.w, -(A7)                        D0=00A6FE70 D1=0000004A D2=00000005 A0=00A6E13F A1=00004A2C nib=68950
  $A6CB7A  rts                                          D0=00A6FE70 D1=0000004A D2=00000005 A0=00A6E13F A1=00004A2C nib=68950
  $06AFEA  move.l  (A7), D1                             D0=00A6FE70 D1=0000004A D2=00000005 A0=00A6E13F A1=00004A2C nib=68950
  $06AFEC  and.l   $31a.w, D1                           D0=00A6FE70 D1=00A6D5DE D2=00000005 A0=00A6E13F A1=00004A2C nib=68950
  $06AFF0  cmpi.l  #$86cebe, D1                         D0=00A6FE70 D1=00A6D5DE D2=00000005 A0=00A6E13F A1=00004A2C nib=68950
  $06AFF6  bne     $6affa                               D0=00A6FE70 D1=00A6D5DE D2=00000005 A0=00A6E13F A1=00004A2C nib=68950
  $06AFFA  jmp     $40a0b572.l                          D0=00A6FE70 D1=00A6D5DE D2=00000005 A0=00A6E13F A1=00004A2C nib=68950
  $A0B572  move.w  D0, -(A7)                            D0=00A6FE70 D1=00A6D5DE D2=00000005 A0=00A6E13F A1=00004A2C nib=68950
  $A0B574  move.l  D0, -(A7)                            D0=00A6FE70 D1=00A6D5DE D2=00000005 A0=00A6E13F A1=00004A2C nib=68950
  $A0B576  move.l  A1, D0                               D0=00A6FE70 D1=00A6D5DE D2=00000005 A0=00A6E13F A1=00004A2C nib=68950
  $A0B578  dc.w    $a055; opcode 1010                   D0=00004A2C D1=00A6D5DE D2=00000005 A0=00A6E13F A1=00004A2C nib=68950
  $A099B0  move.l  A2, -(A7)                            D0=00004A2C D1=00A6D5DE D2=00000005 A0=00A6E13F A1=00004A2C nib=68950
  $A099B2  move.l  D2, -(A7)                            D0=00004A2C D1=00A6D5DE D2=00000005 A0=00A6E13F A1=00004A2C nib=68950
  $A099B4  movea.l ($a,A7), A2                          D0=00004A2C D1=00A6D5DE D2=00000005 A0=00A6E13F A1=00004A2C nib=68950
  $A099B8  move.w  (A2)+, D2                            D0=00004A2C D1=00A6D5DE D2=00000005 A0=00A6E13F A1=00004A2C nib=68950
  $A099BA  cmpi.w  #-$5800, D2                          D0=00004A2C D1=00A6D5DE D2=0000A055 A0=00A6E13F A1=00004A2C nib=68950
  $A099BE  bcs     $a099f0                              D0=00004A2C D1=00A6D5DE D2=0000A055 A0=00A6E13F A1=00004A2C nib=68950
  $A099F0  move.l  D1, -(A7)                            D0=00004A2C D1=00A6D5DE D2=0000A055 A0=00A6E13F A1=00004A2C nib=68950
  $A099F2  move.l  A1, -(A7)                            D0=00004A2C D1=00A6D5DE D2=0000A055 A0=00A6E13F A1=00004A2C nib=68950
  $A099F4  move.w  D2, D1                               D0=00004A2C D1=00A6D5DE D2=0000A055 A0=00A6E13F A1=00004A2C nib=68950
  $A099F6  move.l  A2, ($14,A7)                         D0=00004A2C D1=00A6A055 D2=0000A055 A0=00A6E13F A1=00004A2C nib=68950
  $A099FA  andi.w  #$100, D2                            D0=00004A2C D1=00A6A055 D2=0000A055 A0=00A6E13F A1=00004A2C nib=68950
  $A099FE  bne     $a09a20                              D0=00004A2C D1=00A6A055 D2=00000000 A0=00A6E13F A1=00004A2C nib=68950
  $A09A00  move.b  D1, D2                               D0=00004A2C D1=00A6A055 D2=00000000 A0=00A6E13F A1=00004A2C nib=68951
  $A09A02  move.l  A0, -(A7)                            D0=00004A2C D1=00A6A055 D2=00000055 A0=00A6E13F A1=00004A2C nib=68951
  $A09A04  jsr     ([$400, D2.w*4], $0)                 D0=00004A2C D1=00A6A055 D2=00000055 A0=00A6E13F A1=00004A2C nib=68951
  $A0D76C  and.l   $31a.w, D0                           D0=00004A2C D1=00A6A055 D2=00000055 A0=00A6E13F A1=00004A2C nib=68951
  $A0D770  rts                                          D0=00004A2C D1=00A6A055 D2=00000055 A0=00A6E13F A1=00004A2C nib=68951
  $A09A0A  movea.l (A7)+, A0                            D0=00004A2C D1=00A6A055 D2=00000055 A0=00A6E13F A1=00004A2C nib=68951
  $A09A0C  movea.l (A7)+, A1                            D0=00004A2C D1=00A6A055 D2=00000055 A0=00A6E13F A1=00004A2C nib=68951
  $A09A0E  move.l  (A7)+, D1                            D0=00004A2C D1=00A6A055 D2=00000055 A0=00A6E13F A1=00004A2C nib=68951
  $A09A10  move.l  (A7)+, D2                            D0=00004A2C D1=00A6D5DE D2=00000055 A0=00A6E13F A1=00004A2C nib=68951
  $A09A12  movea.l (A7)+, A2                            D0=00004A2C D1=00A6D5DE D2=00000005 A0=00A6E13F A1=00004A2C nib=68951
  $A09A14  tst.w   D0                                   D0=00004A2C D1=00A6D5DE D2=00000005 A0=00A6E13F A1=00004A2C nib=68951
  $A09A16  addq.w  #$4, A7                              D0=00004A2C D1=00A6D5DE D2=00000005 A0=00A6E13F A1=00004A2C nib=68951
  $A09A18  rts                                          D0=00004A2C D1=00A6D5DE D2=00000005 A0=00A6E13F A1=00004A2C nib=68951
  $A0B57A  movea.l D0, A1                               D0=00004A2C D1=00A6D5DE D2=00000005 A0=00A6E13F A1=00004A2C nib=68951
  $A0B57C  move.l  (A7)+, D0                            D0=00004A2C D1=00A6D5DE D2=00000005 A0=00A6E13F A1=00004A2C nib=68951
  $A0B57E  bsr     $a0b584                              D0=00A6FE70 D1=00A6D5DE D2=00000005 A0=00A6E13F A1=00004A2C nib=68951
  $A0B584  move.l  ($8,A1), D1                          D0=00A6FE70 D1=00A6D5DE D2=00000005 A0=00A6E13F A1=00004A2C nib=68951
  $A0B588  beq     $a0b5aa                              D0=00A6FE70 D1=009C3B96 D2=00000005 A0=00A6E13F A1=00004A2C nib=68951
  $A0B58A  move.w  SR, -(A7)                            D0=00A6FE70 D1=009C3B96 D2=00000005 A0=00A6E13F A1=00004A2C nib=68951
  $A0B58C  move.w  SR, D1                               D0=00A6FE70 D1=009C3B96 D2=00000005 A0=00A6E13F A1=00004A2C nib=68951
  $A0B58E  ori.w   #$700, SR                            D0=00A6FE70 D1=009C2000 D2=00000005 A0=00A6E13F A1=00004A2C nib=68951
  $A0B592  bsr     $a0b5a4                              D0=00A6FE70 D1=009C2000 D2=00000005 A0=00A6E13F A1=00004A2C nib=68951
  $A0B5A4  bclr    #$7, ($5,A1)                         D0=00A6FE70 D1=009C2000 D2=00000005 A0=00A6E13F A1=00004A2C nib=68951
  $A0B5AA  btst    #$6, ($4,A1)                         D0=00A6FE70 D1=009C2000 D2=00000005 A0=00A6E13F A1=00004A2C nib=68951
  $A0B5B0  bne     $a0b5c0                              D0=00A6FE70 D1=009C2000 D2=00000005 A0=00A6E13F A1=00004A2C nib=68951
  $A0B5C0  rts                                          D0=00A6FE70 D1=009C2000 D2=00000005 A0=00A6E13F A1=00004A2C nib=68951
  $A0B594  bsr     $a0b5c2                              D0=00A6FE70 D1=009C2000 D2=00000005 A0=00A6E13F A1=00004A2C nib=68952
  $A0B5C2  movea.l ($8,A1), A0                          D0=00A6FE70 D1=009C2000 D2=00000005 A0=00A6E13F A1=00004A2C nib=68952
  $A0B5C6  cmpi.w  #$2, ($4,A0)                         D0=00A6FE70 D1=009C2000 D2=00000005 A0=009C3B96 A1=00004A2C nib=68952
  $A0B5CC  bne     $a0b566                              D0=00A6FE70 D1=009C2000 D2=00000005 A0=009C3B96 A1=00004A2C nib=68952
  $A0B5CE  move.l  (A0), ($8,A1)                        D0=00A6FE70 D1=009C2000 D2=00000005 A0=009C3B96 A1=00004A2C nib=68952
  $A0B5D2  bne     $a0b5d8                              D0=00A6FE70 D1=009C2000 D2=00000005 A0=009C3B96 A1=00004A2C nib=68952
  $A0B5D4  clr.l   ($c,A1)                              D0=00A6FE70 D1=009C2000 D2=00000005 A0=009C3B96 A1=00004A2C nib=68952
  $A0B5D8  move.w  D1, SR                               D0=00A6FE70 D1=009C2000 D2=00000005 A0=009C3B96 A1=00004A2C nib=68952
  $A0B5DA  move.w  D0, ($10,A0)                         D0=00A6FE70 D1=009C2000 D2=00000005 A0=009C3B96 A1=00004A2C nib=68952
[4186437373] PRIME #2 READ off=$400 (sector 2) req=$200 buf=$06FEB4 posMode=1 pb=$0003A4 caller=$A0B69E track=0
[4186442866] PRIME #2 -> -65 offLinErr  (5493 machine cycles, nib +2, polls +5, hits +1, lost +2, track 0 -> 0)
             mid-data-field losses: 0
             buffer diverges at +$2:
               image : 42 44 D3 F2 2E 9A D3 F2 30 56 01 00 00 04 00 03 02 9D 0B 3A 00 00 02 00
               buffer: 42 44 E2 0D 09 56 00 00 02 00 00 00 42 00 00 07 56 BC 40 A1 26 88 00 BC
  --- last 600 instructions before offLinErr:
  $A6C406  move.l  $226.w, -(A7)                        D0=00000000 D1=00000026 D2=80004A2C A0=000003A4 A1=80004A2C nib=68971
  $A6C40A  rts                                          D0=00000000 D1=00000026 D2=80004A2C A0=000003A4 A1=80004A2C nib=68971
  $A6CE9A  ori.w   #$100, SR                            D0=00000000 D1=00000026 D2=80004A2C A0=000003A4 A1=80004A2C nib=68971
  $A6CE9E  move.w  ($6,A0), D3                          D0=00000000 D1=00000026 D2=80004A2C A0=000003A4 A1=80004A2C nib=68971
  $A6CEA2  btst    #$6, ($2d,A0)                        D0=00000000 D1=00000026 D2=80004A2C A0=000003A4 A1=80004A2C nib=68971
  $A6CEA8  sne     $12c.w                               D0=00000000 D1=00000026 D2=80004A2C A0=000003A4 A1=80004A2C nib=68971
  $A6CEAC  bsr     $a6ce6a                              D0=00000000 D1=00000026 D2=80004A2C A0=000003A4 A1=80004A2C nib=68971
  $A6CE6A  movea.l $134.w, A1                           D0=00000000 D1=00000026 D2=80004A2C A0=000003A4 A1=80004A2C nib=68971
  $A6CE6E  st      ($19,A1)                             D0=00000000 D1=00000026 D2=80004A2C A0=000003A4 A1=00004A68 nib=68971
  $A6CE72  move.w  ($16,A0), D0                         D0=00000000 D1=00000026 D2=80004A2C A0=000003A4 A1=00004A68 nib=68971
  $A6CE76  beq     $a6ce90                              D0=00000001 D1=00000026 D2=80004A2C A0=000003A4 A1=00004A68 nib=68971
  $A6CE78  cmpi.w  #$4, D0                              D0=00000001 D1=00000026 D2=80004A2C A0=000003A4 A1=00004A68 nib=68971
  $A6CE7C  bhi     $a6ce90                              D0=00000001 D1=00000026 D2=80004A2C A0=000003A4 A1=00004A68 nib=68971
  $A6CE7E  move.w  ($12,A1), ($112,A1)                  D0=00000001 D1=00000026 D2=80004A2C A0=000003A4 A1=00004A68 nib=68971
  $A6CE84  move.w  D0, ($12,A1)                         D0=00000001 D1=00000026 D2=80004A2C A0=000003A4 A1=00004A68 nib=68971
  $A6CE88  bsr     $a6d3f2                              D0=00000001 D1=00000026 D2=80004A2C A0=000003A4 A1=00004A68 nib=68971
  $A6D3F2  bsr     $a6d3fa                              D0=00000001 D1=00000026 D2=80004A2C A0=000003A4 A1=00004A68 nib=68971
  $A6D3FA  movea.l $134.w, A1                           D0=00000001 D1=00000026 D2=80004A2C A0=000003A4 A1=00004A68 nib=68971
  $A6D3FE  move.w  ($12,A1), D1                         D0=00000001 D1=00000026 D2=80004A2C A0=000003A4 A1=00004A68 nib=68972
  $A6D402  cmpi.w  #$4, D1                              D0=00000001 D1=00000001 D2=80004A2C A0=000003A4 A1=00004A68 nib=68972
  $A6D406  bls     $a6d40a                              D0=00000001 D1=00000001 D2=80004A2C A0=000003A4 A1=00004A68 nib=68972
  $A6D40A  add.w   D1, D1                               D0=00000001 D1=00000001 D2=80004A2C A0=000003A4 A1=00004A68 nib=68972
  $A6D40C  rts                                          D0=00000001 D1=00000002 D2=80004A2C A0=000003A4 A1=00004A68 nib=68972
  $A6D3F4  move.w  (-$26,PC,D1.w), D1                   D0=00000001 D1=00000002 D2=80004A2C A0=000003A4 A1=00004A68 nib=68972
  $A6D3F8  rts                                          D0=00000001 D1=0000004A D2=80004A2C A0=000003A4 A1=00004A68 nib=68972
  $A6CE8C  moveq   #$0, D0                              D0=00000001 D1=0000004A D2=80004A2C A0=000003A4 A1=00004A68 nib=68972
  $A6CE8E  rts                                          D0=00000000 D1=0000004A D2=80004A2C A0=000003A4 A1=00004A68 nib=68972
  $A6CEAE  bne     $a6cf56                              D0=00000000 D1=0000004A D2=80004A2C A0=000003A4 A1=00004A68 nib=68972
  $A6CEB2  move.w  D3, ($32,A1)                         D0=00000000 D1=0000004A D2=80004A2C A0=000003A4 A1=00004A68 nib=68972
  $A6CEB6  moveq   #-$40, D0                            D0=00000000 D1=0000004A D2=80004A2C A0=000003A4 A1=00004A68 nib=68972
  $A6CEB8  tst.b   ($4,A1,D1.w)                         D0=FFFFFFC0 D1=0000004A D2=80004A2C A0=000003A4 A1=00004A68 nib=68972
  $A6CEBC  bmi     $a6cf56                              D0=FFFFFFC0 D1=0000004A D2=80004A2C A0=000003A4 A1=00004A68 nib=68972
  $A6CEC0  tst.b   ($138,A1)                            D0=FFFFFFC0 D1=0000004A D2=80004A2C A0=000003A4 A1=00004A68 nib=68972
  $A6CEC4  bpl     $a6ceca                              D0=FFFFFFC0 D1=0000004A D2=80004A2C A0=000003A4 A1=00004A68 nib=68972
  $A6CEC6  bsr     $a6eaf8                              D0=FFFFFFC0 D1=0000004A D2=80004A2C A0=000003A4 A1=00004A68 nib=68972
  $A6EAF8  bsr     $a6d3f2                              D0=FFFFFFC0 D1=0000004A D2=80004A2C A0=000003A4 A1=00004A68 nib=68972
  $A6D3F2  bsr     $a6d3fa                              D0=FFFFFFC0 D1=0000004A D2=80004A2C A0=000003A4 A1=00004A68 nib=68972
  $A6D3FA  movea.l $134.w, A1                           D0=FFFFFFC0 D1=0000004A D2=80004A2C A0=000003A4 A1=00004A68 nib=68972
  $A6D3FE  move.w  ($12,A1), D1                         D0=FFFFFFC0 D1=0000004A D2=80004A2C A0=000003A4 A1=00004A68 nib=68972
  $A6D402  cmpi.w  #$4, D1                              D0=FFFFFFC0 D1=00000001 D2=80004A2C A0=000003A4 A1=00004A68 nib=68972
  $A6D406  bls     $a6d40a                              D0=FFFFFFC0 D1=00000001 D2=80004A2C A0=000003A4 A1=00004A68 nib=68972
  $A6D40A  add.w   D1, D1                               D0=FFFFFFC0 D1=00000001 D2=80004A2C A0=000003A4 A1=00004A68 nib=68972
  $A6D40C  rts                                          D0=FFFFFFC0 D1=00000002 D2=80004A2C A0=000003A4 A1=00004A68 nib=68972
  $A6D3F4  move.w  (-$26,PC,D1.w), D1                   D0=FFFFFFC0 D1=00000002 D2=80004A2C A0=000003A4 A1=00004A68 nib=68972
  $A6D3F8  rts                                          D0=FFFFFFC0 D1=0000004A D2=80004A2C A0=000003A4 A1=00004A68 nib=68972
  $A6EAFC  tst.b   ($138,A1)                            D0=FFFFFFC0 D1=0000004A D2=80004A2C A0=000003A4 A1=00004A68 nib=68973
  $A6EB00  bpl     $a6d63e                              D0=FFFFFFC0 D1=0000004A D2=80004A2C A0=000003A4 A1=00004A68 nib=68973
  $A6EB04  move.w  SR, -(A7)                            D0=FFFFFFC0 D1=0000004A D2=80004A2C A0=000003A4 A1=00004A68 nib=68973
  $A6EB06  ori.w   #$700, SR                            D0=FFFFFFC0 D1=0000004A D2=80004A2C A0=000003A4 A1=00004A68 nib=68973
  $A6EB0A  moveq   #$1, D2                              D0=FFFFFFC0 D1=0000004A D2=80004A2C A0=000003A4 A1=00004A68 nib=68973
  $A6EB0C  movea.l $1e0.w, A0                           D0=FFFFFFC0 D1=0000004A D2=00000001 A0=000003A4 A1=00004A68 nib=68973
  $A6EB10  move.b  #$38, ($c00,A0)                      D0=FFFFFFC0 D1=0000004A D2=00000001 A0=50F16000 A1=00004A68 nib=68973
  $A6EB16  moveq   #-$b, D0                             D0=FFFFFFC0 D1=0000004A D2=00000001 A0=50F16000 A1=00004A68 nib=68973
  $A6EB18  move.b  D0, ($800,A0)                        D0=FFFFFFF5 D1=0000004A D2=00000001 A0=50F16000 A1=00004A68 nib=68973
  $A6EB1C  cmp.b   ($1800,A0), D0                       D0=FFFFFFF5 D1=0000004A D2=00000001 A0=50F16000 A1=00004A68 nib=68973
  $A6EB20  bne     $a6eb4a                              D0=FFFFFFF5 D1=0000004A D2=00000001 A0=50F16000 A1=00004A68 nib=68973
  $A6EB4A  clr.b   ($139,A1)                            D0=FFFFFFF5 D1=0000004A D2=00000001 A0=50F16000 A1=00004A68 nib=68973
  $A6EB4E  move.l  D2, -(A7)                            D0=FFFFFFF5 D1=0000004A D2=00000001 A0=50F16000 A1=00004A68 nib=68973
  $A6EB50  bsr     $a6d63e                              D0=FFFFFFF5 D1=0000004A D2=00000001 A0=50F16000 A1=00004A68 nib=68973
  $A6D63E  tst.b   ($1a00,A0)                           D0=FFFFFFF5 D1=0000004A D2=00000001 A0=50F16000 A1=00004A68 nib=68973
  $A6D642  moveq   #$1f, D0                             D0=FFFFFFF5 D1=0000004A D2=00000001 A0=50F16000 A1=00004A68 nib=68973
  $A6D644  and.b   ($1c00,A0), D0                       D0=0000001F D1=0000004A D2=00000001 A0=50F16000 A1=00004A68 nib=68973
  $A6D648  tst.b   ($1800,A0)                           D0=00000017 D1=0000004A D2=00000001 A0=50F16000 A1=00004A68 nib=68973
  $A6D64C  cmpi.b  #$17, D0                             D0=00000017 D1=0000004A D2=00000001 A0=50F16000 A1=00004A68 nib=68973
  $A6D650  beq     $a6d682                              D0=00000017 D1=0000004A D2=00000001 A0=50F16000 A1=00004A68 nib=68973
  $A6D682  tst.b   ($1800,A0)                           D0=00000017 D1=0000004A D2=00000001 A0=50F16000 A1=00004A68 nib=68973
  $A6D686  moveq   #$0, D0                              D0=00000017 D1=0000004A D2=00000001 A0=50F16000 A1=00004A68 nib=68973
  $A6D688  rts                                          D0=00000000 D1=0000004A D2=00000001 A0=50F16000 A1=00004A68 nib=68973
  $A6EB54  move.l  (A7)+, D2                            D0=00000000 D1=0000004A D2=00000001 A0=50F16000 A1=00004A68 nib=68973
  $A6EB56  tst.w   D0                                   D0=00000000 D1=0000004A D2=00000001 A0=50F16000 A1=00004A68 nib=68973
  $A6EB58  bne     $a6ebb2                              D0=00000000 D1=0000004A D2=00000001 A0=50F16000 A1=00004A68 nib=68973
  $A6EB5A  tst.b   ($17,A1,D1.w)                        D0=00000000 D1=0000004A D2=00000001 A0=50F16000 A1=00004A68 nib=68973
  $A6EB5E  bpl     $a6ebb2                              D0=00000000 D1=0000004A D2=00000001 A0=50F16000 A1=00004A68 nib=68973
  $A6EB60  tst.b   ($1c00,A0)                           D0=00000000 D1=0000004A D2=00000001 A0=50F16000 A1=00004A68 nib=68973
  $A6EB64  tst.b   ($1000,A0)                           D0=00000000 D1=0000004A D2=00000001 A0=50F16000 A1=00004A68 nib=68973
  $A6EB68  tst.b   ($1a00,A0)                           D0=00000000 D1=0000004A D2=00000001 A0=50F16000 A1=00004A68 nib=68973
  $A6EB6C  moveq   #$57, D0                             D0=00000000 D1=0000004A D2=00000001 A0=50F16000 A1=00004A68 nib=68973
  $A6EB6E  move.b  D0, ($1e00,A0)                       D0=00000057 D1=0000004A D2=00000001 A0=50F16000 A1=00004A68 nib=68973
  $A6EB72  move.b  #$17, ($1e00,A0)                     D0=00000057 D1=0000004A D2=00000001 A0=50F16000 A1=00004A68 nib=68973
  $A6EB78  move.b  D0, ($1e00,A0)                       D0=00000057 D1=0000004A D2=00000001 A0=50F16000 A1=00004A68 nib=68973
  $A6EB7C  move.b  D0, ($1e00,A0)                       D0=00000057 D1=0000004A D2=00000001 A0=50F16000 A1=00004A68 nib=68973
  $A6EB80  dbra    D2, $a6eb0c                          D0=00000057 D1=0000004A D2=00000001 A0=50F16000 A1=00004A68 nib=68973
  $A6EB0C  movea.l $1e0.w, A0                           D0=00000057 D1=0000004A D2=00000000 A0=50F16000 A1=00004A68 nib=68973
  $A6EB10  move.b  #$38, ($c00,A0)                      D0=00000057 D1=0000004A D2=00000000 A0=50F16000 A1=00004A68 nib=68973
  $A6EB16  moveq   #-$b, D0                             D0=00000057 D1=0000004A D2=00000000 A0=50F16000 A1=00004A68 nib=68973
  $A6EB18  move.b  D0, ($800,A0)                        D0=FFFFFFF5 D1=0000004A D2=00000000 A0=50F16000 A1=00004A68 nib=68973
  $A6EB1C  cmp.b   ($1800,A0), D0                       D0=FFFFFFF5 D1=0000004A D2=00000000 A0=50F16000 A1=00004A68 nib=68973
  $A6EB20  bne     $a6eb4a                              D0=FFFFFFF5 D1=0000004A D2=00000000 A0=50F16000 A1=00004A68 nib=68973
  $A6EB22  moveq   #-$a, D0                             D0=FFFFFFF5 D1=0000004A D2=00000000 A0=50F16000 A1=00004A68 nib=68973
  $A6EB24  move.b  D0, ($800,A0)                        D0=FFFFFFF6 D1=0000004A D2=00000000 A0=50F16000 A1=00004A68 nib=68973
  $A6EB28  cmp.b   ($1800,A0), D0                       D0=FFFFFFF6 D1=0000004A D2=00000000 A0=50F16000 A1=00004A68 nib=68973
  $A6EB2C  bne     $a6eb4a                              D0=FFFFFFF6 D1=0000004A D2=00000000 A0=50F16000 A1=00004A68 nib=68973
  $A6EB2E  moveq   #-$9, D0                             D0=FFFFFFF6 D1=0000004A D2=00000000 A0=50F16000 A1=00004A68 nib=68973
  $A6EB30  move.b  D0, ($800,A0)                        D0=FFFFFFF7 D1=0000004A D2=00000000 A0=50F16000 A1=00004A68 nib=68973
  $A6EB34  cmp.b   ($1800,A0), D0                       D0=FFFFFFF7 D1=0000004A D2=00000000 A0=50F16000 A1=00004A68 nib=68973
  $A6EB38  bne     $a6eb4a                              D0=FFFFFFF7 D1=0000004A D2=00000000 A0=50F16000 A1=00004A68 nib=68973
  $A6EB3A  tst.b   ($17,A1,D1.w)                        D0=FFFFFFF7 D1=0000004A D2=00000000 A0=50F16000 A1=00004A68 nib=68973
  $A6EB3E  bmi     $a6eb86                              D0=FFFFFFF7 D1=0000004A D2=00000000 A0=50F16000 A1=00004A68 nib=68973
  $A6EB86  move.b  #$38, ($c00,A0)                      D0=FFFFFFF7 D1=0000004A D2=00000000 A0=50F16000 A1=00004A68 nib=68973
  $A6EB8C  move.b  #$c0, ($400,A0)                      D0=FFFFFFF7 D1=0000004A D2=00000000 A0=50F16000 A1=00004A68 nib=68973
  $A6EB92  moveq   #$20, D0                             D0=FFFFFFF7 D1=0000004A D2=00000000 A0=50F16000 A1=00004A68 nib=68973
  $A6EB94  move.b  D0, ($a00,A0)                        D0=00000020 D1=0000004A D2=00000000 A0=50F16000 A1=00004A68 nib=68973
  $A6EB98  cmp.b   ($1a00,A0), D0                       D0=00000020 D1=0000004A D2=00000000 A0=50F16000 A1=00004A68 nib=68973
  $A6EB9C  bne     $a6eba2                              D0=00000020 D1=0000004A D2=00000000 A0=50F16000 A1=00004A68 nib=68973
  $A6EB9E  bsr     $a6ebb8                              D0=00000020 D1=0000004A D2=00000000 A0=50F16000 A1=00004A68 nib=68973
  $A6EBB8  move.w  ($0,A1,D1.w), D0                     D0=00000020 D1=0000004A D2=00000000 A0=50F16000 A1=00004A68 nib=68973
  $A6EBBC  movea.l $1d4.w, A1                           D0=00000000 D1=0000004A D2=00000000 A0=50F16000 A1=00004A68 nib=68973
  $A6EBC0  adda.w  #$1e00, A1                           D0=00000000 D1=0000004A D2=00000000 A0=50F16000 A1=50F00000 nib=68973
  $A6EBC4  lea     ($52,PC), A2; ($a6ec18)              D0=00000000 D1=0000004A D2=00000000 A0=50F16000 A1=50F01E00 nib=68973
  $A6EBC8  addq.w  #$2, A2                              D0=00000000 D1=0000004A D2=00000000 A0=50F16000 A1=50F01E00 nib=68973
  $A6EBCA  cmp.w   (A2)+, D0                            D0=00000000 D1=0000004A D2=00000000 A0=50F16000 A1=50F01E00 nib=68973
  $A6EBCC  bge     $a6ebc8                              D0=00000000 D1=0000004A D2=00000000 A0=50F16000 A1=50F01E00 nib=68973
  $A6EBCE  move.w  (A2), D0                             D0=00000000 D1=0000004A D2=00000000 A0=50F16000 A1=50F01E00 nib=68973
  $A6EBD0  lea     ($48,PC,D0.w), A2                    D0=00000010 D1=0000004A D2=00000000 A0=50F16000 A1=50F01E00 nib=68973
  $A6EBD4  moveq   #$4, D2                              D0=00000010 D1=0000004A D2=00000000 A0=50F16000 A1=50F01E00 nib=68973
  $A6EBD6  move.b  #$38, ($c00,A0)                      D0=00000010 D1=0000004A D2=00000004 A0=50F16000 A1=50F01E00 nib=68973
  $A6EBDC  swap    D2                                   D0=00000010 D1=0000004A D2=00000004 A0=50F16000 A1=50F01E00 nib=68973
  $A6EBDE  moveq   #$f, D0                              D0=00000010 D1=0000004A D2=00040000 A0=50F16000 A1=50F01E00 nib=68973
  $A6EBE0  move.b  (A1), (A1)                           D0=0000000F D1=0000004A D2=00040000 A0=50F16000 A1=50F01E00 nib=68973
  $A6EBE2  move.b  ($1600,A0), D2                       D0=0000000F D1=0000004A D2=00040000 A0=50F16000 A1=50F01E00 nib=68973
  $A6EBE6  cmp.b   ($0,A2,D0.w), D2                     D0=0000000F D1=0000004A D2=00040000 A0=50F16000 A1=50F01E00 nib=68973
  $A6EBEA  dbne    D0, $a6ebe0                          D0=0000000F D1=0000004A D2=00040000 A0=50F16000 A1=50F01E00 nib=68973
  $A6EBEE  bne     $a6ebf8                              D0=0000000F D1=0000004A D2=00040000 A0=50F16000 A1=50F01E00 nib=68973
  $A6EBF8  move.b  #$38, ($c00,A0)                      D0=0000000F D1=0000004A D2=00040000 A0=50F16000 A1=50F01E00 nib=68973
  $A6EBFE  moveq   #$f, D0                              D0=0000000F D1=0000004A D2=00040000 A0=50F16000 A1=50F01E00 nib=68973
  $A6EC00  move.b  (A1), (A1)                           D0=0000000F D1=0000004A D2=00040000 A0=50F16000 A1=50F01E00 nib=68973
  $A6EC02  move.b  ($0,A2,D0.w), ($600,A0)              D0=0000000F D1=0000004A D2=00040000 A0=50F16000 A1=50F01E00 nib=68973
  $A6EC08  dbra    D0, $a6ec00                          D0=0000000F D1=0000004A D2=00040000 A0=50F16000 A1=50F01E00 nib=68973
  $A6EC00  move.b  (A1), (A1)                           D0=0000000E D1=0000004A D2=00040000 A0=50F16000 A1=50F01E00 nib=68973
  $A6EC02  move.b  ($0,A2,D0.w), ($600,A0)              D0=0000000E D1=0000004A D2=00040000 A0=50F16000 A1=50F01E00 nib=68973
  $A6EC08  dbra    D0, $a6ec00                          D0=0000000E D1=0000004A D2=00040000 A0=50F16000 A1=50F01E00 nib=68973
  $A6EC00  move.b  (A1), (A1)                           D0=0000000D D1=0000004A D2=00040000 A0=50F16000 A1=50F01E00 nib=68973
  $A6EC02  move.b  ($0,A2,D0.w), ($600,A0)              D0=0000000D D1=0000004A D2=00040000 A0=50F16000 A1=50F01E00 nib=68973
  $A6EC08  dbra    D0, $a6ec00                          D0=0000000D D1=0000004A D2=00040000 A0=50F16000 A1=50F01E00 nib=68973
  $A6EC00  move.b  (A1), (A1)                           D0=0000000C D1=0000004A D2=00040000 A0=50F16000 A1=50F01E00 nib=68973
  $A6EC02  move.b  ($0,A2,D0.w), ($600,A0)              D0=0000000C D1=0000004A D2=00040000 A0=50F16000 A1=50F01E00 nib=68973
  $A6EC08  dbra    D0, $a6ec00                          D0=0000000C D1=0000004A D2=00040000 A0=50F16000 A1=50F01E00 nib=68973
  $A6EC00  move.b  (A1), (A1)                           D0=0000000B D1=0000004A D2=00040000 A0=50F16000 A1=50F01E00 nib=68973
  $A6EC02  move.b  ($0,A2,D0.w), ($600,A0)              D0=0000000B D1=0000004A D2=00040000 A0=50F16000 A1=50F01E00 nib=68973
  $A6EC08  dbra    D0, $a6ec00                          D0=0000000B D1=0000004A D2=00040000 A0=50F16000 A1=50F01E00 nib=68973
  $A6EC00  move.b  (A1), (A1)                           D0=0000000A D1=0000004A D2=00040000 A0=50F16000 A1=50F01E00 nib=68973
  $A6EC02  move.b  ($0,A2,D0.w), ($600,A0)              D0=0000000A D1=0000004A D2=00040000 A0=50F16000 A1=50F01E00 nib=68973
  $A6EC08  dbra    D0, $a6ec00                          D0=0000000A D1=0000004A D2=00040000 A0=50F16000 A1=50F01E00 nib=68973
  $A6EC00  move.b  (A1), (A1)                           D0=00000009 D1=0000004A D2=00040000 A0=50F16000 A1=50F01E00 nib=68973
  $A6EC02  move.b  ($0,A2,D0.w), ($600,A0)              D0=00000009 D1=0000004A D2=00040000 A0=50F16000 A1=50F01E00 nib=68973
  $A6EC08  dbra    D0, $a6ec00                          D0=00000009 D1=0000004A D2=00040000 A0=50F16000 A1=50F01E00 nib=68973
  $A6EC00  move.b  (A1), (A1)                           D0=00000008 D1=0000004A D2=00040000 A0=50F16000 A1=50F01E00 nib=68973
  $A6EC02  move.b  ($0,A2,D0.w), ($600,A0)              D0=00000008 D1=0000004A D2=00040000 A0=50F16000 A1=50F01E00 nib=68973
  $A6EC08  dbra    D0, $a6ec00                          D0=00000008 D1=0000004A D2=00040000 A0=50F16000 A1=50F01E00 nib=68973
  $A6EC00  move.b  (A1), (A1)                           D0=00000007 D1=0000004A D2=00040000 A0=50F16000 A1=50F01E00 nib=68973
  $A6EC02  move.b  ($0,A2,D0.w), ($600,A0)              D0=00000007 D1=0000004A D2=00040000 A0=50F16000 A1=50F01E00 nib=68973
  $A6EC08  dbra    D0, $a6ec00                          D0=00000007 D1=0000004A D2=00040000 A0=50F16000 A1=50F01E00 nib=68973
  $A6EC00  move.b  (A1), (A1)                           D0=00000006 D1=0000004A D2=00040000 A0=50F16000 A1=50F01E00 nib=68973
  $A6EC02  move.b  ($0,A2,D0.w), ($600,A0)              D0=00000006 D1=0000004A D2=00040000 A0=50F16000 A1=50F01E00 nib=68973
  $A6EC08  dbra    D0, $a6ec00                          D0=00000006 D1=0000004A D2=00040000 A0=50F16000 A1=50F01E00 nib=68973
  $A6EC00  move.b  (A1), (A1)                           D0=00000005 D1=0000004A D2=00040000 A0=50F16000 A1=50F01E00 nib=68973
  $A6EC02  move.b  ($0,A2,D0.w), ($600,A0)              D0=00000005 D1=0000004A D2=00040000 A0=50F16000 A1=50F01E00 nib=68973
  $A6EC08  dbra    D0, $a6ec00                          D0=00000005 D1=0000004A D2=00040000 A0=50F16000 A1=50F01E00 nib=68973
  $A6EC00  move.b  (A1), (A1)                           D0=00000004 D1=0000004A D2=00040000 A0=50F16000 A1=50F01E00 nib=68973
  $A6EC02  move.b  ($0,A2,D0.w), ($600,A0)              D0=00000004 D1=0000004A D2=00040000 A0=50F16000 A1=50F01E00 nib=68973
  $A6EC08  dbra    D0, $a6ec00                          D0=00000004 D1=0000004A D2=00040000 A0=50F16000 A1=50F01E00 nib=68973
  $A6EC00  move.b  (A1), (A1)                           D0=00000003 D1=0000004A D2=00040000 A0=50F16000 A1=50F01E00 nib=68973
  $A6EC02  move.b  ($0,A2,D0.w), ($600,A0)              D0=00000003 D1=0000004A D2=00040000 A0=50F16000 A1=50F01E00 nib=68973
  $A6EC08  dbra    D0, $a6ec00                          D0=00000003 D1=0000004A D2=00040000 A0=50F16000 A1=50F01E00 nib=68973
  $A6EC00  move.b  (A1), (A1)                           D0=00000002 D1=0000004A D2=00040000 A0=50F16000 A1=50F01E00 nib=68973
  $A6EC02  move.b  ($0,A2,D0.w), ($600,A0)              D0=00000002 D1=0000004A D2=00040000 A0=50F16000 A1=50F01E00 nib=68973
  $A6EC08  dbra    D0, $a6ec00                          D0=00000002 D1=0000004A D2=00040000 A0=50F16000 A1=50F01E00 nib=68973
  $A6EC00  move.b  (A1), (A1)                           D0=00000001 D1=0000004A D2=00040000 A0=50F16000 A1=50F01E00 nib=68973
  $A6EC02  move.b  ($0,A2,D0.w), ($600,A0)              D0=00000001 D1=0000004A D2=00040000 A0=50F16000 A1=50F01E00 nib=68973
  $A6EC08  dbra    D0, $a6ec00                          D0=00000001 D1=0000004A D2=00040000 A0=50F16000 A1=50F01E00 nib=68973
  $A6EC00  move.b  (A1), (A1)                           D0=00000000 D1=0000004A D2=00040000 A0=50F16000 A1=50F01E00 nib=68973
  $A6EC02  move.b  ($0,A2,D0.w), ($600,A0)              D0=00000000 D1=0000004A D2=00040000 A0=50F16000 A1=50F01E00 nib=68973
  $A6EC08  dbra    D0, $a6ec00                          D0=00000000 D1=0000004A D2=00040000 A0=50F16000 A1=50F01E00 nib=68973
  $A6EC0C  swap    D2                                   D0=0000FFFF D1=0000004A D2=00040000 A0=50F16000 A1=50F01E00 nib=68973
  $A6EC0E  dbra    D2, $a6ebd6                          D0=0000FFFF D1=0000004A D2=00000004 A0=50F16000 A1=50F01E00 nib=68973
  $A6EBD6  move.b  #$38, ($c00,A0)                      D0=0000FFFF D1=0000004A D2=00000003 A0=50F16000 A1=50F01E00 nib=68973
  $A6EBDC  swap    D2                                   D0=0000FFFF D1=0000004A D2=00000003 A0=50F16000 A1=50F01E00 nib=68973
  $A6EBDE  moveq   #$f, D0                              D0=0000FFFF D1=0000004A D2=00030000 A0=50F16000 A1=50F01E00 nib=68973
  $A6EBE0  move.b  (A1), (A1)                           D0=0000000F D1=0000004A D2=00030000 A0=50F16000 A1=50F01E00 nib=68973
  $A6EBE2  move.b  ($1600,A0), D2                       D0=0000000F D1=0000004A D2=00030000 A0=50F16000 A1=50F01E00 nib=68973
  $A6EBE6  cmp.b   ($0,A2,D0.w), D2                     D0=0000000F D1=0000004A D2=00030018 A0=50F16000 A1=50F01E00 nib=68973
  $A6EBEA  dbne    D0, $a6ebe0                          D0=0000000F D1=0000004A D2=00030018 A0=50F16000 A1=50F01E00 nib=68973
  $A6EBE0  move.b  (A1), (A1)                           D0=0000000E D1=0000004A D2=00030018 A0=50F16000 A1=50F01E00 nib=68973
  $A6EBE2  move.b  ($1600,A0), D2                       D0=0000000E D1=0000004A D2=00030018 A0=50F16000 A1=50F01E00 nib=68973
  $A6EBE6  cmp.b   ($0,A2,D0.w), D2                     D0=0000000E D1=0000004A D2=00030041 A0=50F16000 A1=50F01E00 nib=68973
  $A6EBEA  dbne    D0, $a6ebe0                          D0=0000000E D1=0000004A D2=00030041 A0=50F16000 A1=50F01E00 nib=68973
  $A6EBE0  move.b  (A1), (A1)                           D0=0000000D D1=0000004A D2=00030041 A0=50F16000 A1=50F01E00 nib=68973
  $A6EBE2  move.b  ($1600,A0), D2                       D0=0000000D D1=0000004A D2=00030041 A0=50F16000 A1=50F01E00 nib=68973
  $A6EBE6  cmp.b   ($0,A2,D0.w), D2                     D0=0000000D D1=0000004A D2=0003002E A0=50F16000 A1=50F01E00 nib=68973
  $A6EBEA  dbne    D0, $a6ebe0                          D0=0000000D D1=0000004A D2=0003002E A0=50F16000 A1=50F01E00 nib=68973
  $A6EBE0  move.b  (A1), (A1)                           D0=0000000C D1=0000004A D2=0003002E A0=50F16000 A1=50F01E00 nib=68973
  $A6EBE2  move.b  ($1600,A0), D2                       D0=0000000C D1=0000004A D2=0003002E A0=50F16000 A1=50F01E00 nib=68973
  $A6EBE6  cmp.b   ($0,A2,D0.w), D2                     D0=0000000C D1=0000004A D2=0003002E A0=50F16000 A1=50F01E00 nib=68973
  $A6EBEA  dbne    D0, $a6ebe0                          D0=0000000C D1=0000004A D2=0003002E A0=50F16000 A1=50F01E00 nib=68973
  $A6EBE0  move.b  (A1), (A1)                           D0=0000000B D1=0000004A D2=0003002E A0=50F16000 A1=50F01E00 nib=68973
  $A6EBE2  move.b  ($1600,A0), D2                       D0=0000000B D1=0000004A D2=0003002E A0=50F16000 A1=50F01E00 nib=68973
  $A6EBE6  cmp.b   ($0,A2,D0.w), D2                     D0=0000000B D1=0000004A D2=00030018 A0=50F16000 A1=50F01E00 nib=68973
  $A6EBEA  dbne    D0, $a6ebe0                          D0=0000000B D1=0000004A D2=00030018 A0=50F16000 A1=50F01E00 nib=68973
  $A6EBE0  move.b  (A1), (A1)                           D0=0000000A D1=0000004A D2=00030018 A0=50F16000 A1=50F01E00 nib=68973
  $A6EBE2  move.b  ($1600,A0), D2                       D0=0000000A D1=0000004A D2=00030018 A0=50F16000 A1=50F01E00 nib=68973
  $A6EBE6  cmp.b   ($0,A2,D0.w), D2                     D0=0000000A D1=0000004A D2=00030018 A0=50F16000 A1=50F01E00 nib=68973
  $A6EBEA  dbne    D0, $a6ebe0                          D0=0000000A D1=0000004A D2=00030018 A0=50F16000 A1=50F01E00 nib=68973
  $A6EBE0  move.b  (A1), (A1)                           D0=00000009 D1=0000004A D2=00030018 A0=50F16000 A1=50F01E00 nib=68973
  $A6EBE2  move.b  ($1600,A0), D2                       D0=00000009 D1=0000004A D2=00030018 A0=50F16000 A1=50F01E00 nib=68973
  $A6EBE6  cmp.b   ($0,A2,D0.w), D2                     D0=00000009 D1=0000004A D2=0003001B A0=50F16000 A1=50F01E00 nib=68973
  $A6EBEA  dbne    D0, $a6ebe0                          D0=00000009 D1=0000004A D2=0003001B A0=50F16000 A1=50F01E00 nib=68973
  $A6EBE0  move.b  (A1), (A1)                           D0=00000008 D1=0000004A D2=0003001B A0=50F16000 A1=50F01E00 nib=68973
  $A6EBE2  move.b  ($1600,A0), D2                       D0=00000008 D1=0000004A D2=0003001B A0=50F16000 A1=50F01E00 nib=68973
  $A6EBE6  cmp.b   ($0,A2,D0.w), D2                     D0=00000008 D1=0000004A D2=0003001B A0=50F16000 A1=50F01E00 nib=68973
  $A6EBEA  dbne    D0, $a6ebe0                          D0=00000008 D1=0000004A D2=0003001B A0=50F16000 A1=50F01E00 nib=68973
  $A6EBE0  move.b  (A1), (A1)                           D0=00000007 D1=0000004A D2=0003001B A0=50F16000 A1=50F01E00 nib=68973
  $A6EBE2  move.b  ($1600,A0), D2                       D0=00000007 D1=0000004A D2=0003001B A0=50F16000 A1=50F01E00 nib=68973
  $A6EBE6  cmp.b   ($0,A2,D0.w), D2                     D0=00000007 D1=0000004A D2=0003002F A0=50F16000 A1=50F01E00 nib=68973
  $A6EBEA  dbne    D0, $a6ebe0                          D0=00000007 D1=0000004A D2=0003002F A0=50F16000 A1=50F01E00 nib=68973
  $A6EBE0  move.b  (A1), (A1)                           D0=00000006 D1=0000004A D2=0003002F A0=50F16000 A1=50F01E00 nib=68973
  $A6EBE2  move.b  ($1600,A0), D2                       D0=00000006 D1=0000004A D2=0003002F A0=50F16000 A1=50F01E00 nib=68973
  $A6EBE6  cmp.b   ($0,A2,D0.w), D2                     D0=00000006 D1=0000004A D2=0003002F A0=50F16000 A1=50F01E00 nib=68973
  $A6EBEA  dbne    D0, $a6ebe0                          D0=00000006 D1=0000004A D2=0003002F A0=50F16000 A1=50F01E00 nib=68973
  $A6EBE0  move.b  (A1), (A1)                           D0=00000005 D1=0000004A D2=0003002F A0=50F16000 A1=50F01E00 nib=68973
  $A6EBE2  move.b  ($1600,A0), D2                       D0=00000005 D1=0000004A D2=0003002F A0=50F16000 A1=50F01E00 nib=68973
  $A6EBE6  cmp.b   ($0,A2,D0.w), D2                     D0=00000005 D1=0000004A D2=00030019 A0=50F16000 A1=50F01E00 nib=68973
  $A6EBEA  dbne    D0, $a6ebe0                          D0=00000005 D1=0000004A D2=00030019 A0=50F16000 A1=50F01E00 nib=68973
  $A6EBE0  move.b  (A1), (A1)                           D0=00000004 D1=0000004A D2=00030019 A0=50F16000 A1=50F01E00 nib=68973
  $A6EBE2  move.b  ($1600,A0), D2                       D0=00000004 D1=0000004A D2=00030019 A0=50F16000 A1=50F01E00 nib=68973
  $A6EBE6  cmp.b   ($0,A2,D0.w), D2                     D0=00000004 D1=0000004A D2=00030019 A0=50F16000 A1=50F01E00 nib=68973
  $A6EBEA  dbne    D0, $a6ebe0                          D0=00000004 D1=0000004A D2=00030019 A0=50F16000 A1=50F01E00 nib=68973
  $A6EBE0  move.b  (A1), (A1)                           D0=00000003 D1=0000004A D2=00030019 A0=50F16000 A1=50F01E00 nib=68973
  $A6EBE2  move.b  ($1600,A0), D2                       D0=00000003 D1=0000004A D2=00030019 A0=50F16000 A1=50F01E00 nib=68973
  $A6EBE6  cmp.b   ($0,A2,D0.w), D2                     D0=00000003 D1=0000004A D2=00030097 A0=50F16000 A1=50F01E00 nib=68973
  $A6EBEA  dbne    D0, $a6ebe0                          D0=00000003 D1=0000004A D2=00030097 A0=50F16000 A1=50F01E00 nib=68973
  $A6EBE0  move.b  (A1), (A1)                           D0=00000002 D1=0000004A D2=00030097 A0=50F16000 A1=50F01E00 nib=68973
  $A6EBE2  move.b  ($1600,A0), D2                       D0=00000002 D1=0000004A D2=00030097 A0=50F16000 A1=50F01E00 nib=68973
  $A6EBE6  cmp.b   ($0,A2,D0.w), D2                     D0=00000002 D1=0000004A D2=0003001B A0=50F16000 A1=50F01E00 nib=68973
  $A6EBEA  dbne    D0, $a6ebe0                          D0=00000002 D1=0000004A D2=0003001B A0=50F16000 A1=50F01E00 nib=68973
  $A6EBE0  move.b  (A1), (A1)                           D0=00000001 D1=0000004A D2=0003001B A0=50F16000 A1=50F01E00 nib=68973
  $A6EBE2  move.b  ($1600,A0), D2                       D0=00000001 D1=0000004A D2=0003001B A0=50F16000 A1=50F01E00 nib=68973
  $A6EBE6  cmp.b   ($0,A2,D0.w), D2                     D0=00000001 D1=0000004A D2=00030057 A0=50F16000 A1=50F01E00 nib=68973
  $A6EBEA  dbne    D0, $a6ebe0                          D0=00000001 D1=0000004A D2=00030057 A0=50F16000 A1=50F01E00 nib=68973
  $A6EBE0  move.b  (A1), (A1)                           D0=00000000 D1=0000004A D2=00030057 A0=50F16000 A1=50F01E00 nib=68973
  $A6EBE2  move.b  ($1600,A0), D2                       D0=00000000 D1=0000004A D2=00030057 A0=50F16000 A1=50F01E00 nib=68973
  $A6EBE6  cmp.b   ($0,A2,D0.w), D2                     D0=00000000 D1=0000004A D2=0003003B A0=50F16000 A1=50F01E00 nib=68973
  $A6EBEA  dbne    D0, $a6ebe0                          D0=00000000 D1=0000004A D2=0003003B A0=50F16000 A1=50F01E00 nib=68973
  $A6EBEE  bne     $a6ebf8                              D0=0000FFFF D1=0000004A D2=0003003B A0=50F16000 A1=50F01E00 nib=68973
  $A6EBF0  movea.l $134.w, A1                           D0=0000FFFF D1=0000004A D2=0003003B A0=50F16000 A1=50F01E00 nib=68973
  $A6EBF4  moveq   #$0, D0                              D0=0000FFFF D1=0000004A D2=0003003B A0=50F16000 A1=00004A68 nib=68973
  $A6EBF6  rts                                          D0=00000000 D1=0000004A D2=0003003B A0=50F16000 A1=00004A68 nib=68973
  $A6EBA0  beq     $a6ebae                              D0=00000000 D1=0000004A D2=0003003B A0=50F16000 A1=00004A68 nib=68973
  $A6EBAE  seq     ($139,A1)                            D0=00000000 D1=0000004A D2=0003003B A0=50F16000 A1=00004A68 nib=68973
  $A6EBB2  move.w  (A7)+, SR                            D0=00000000 D1=0000004A D2=0003003B A0=50F16000 A1=00004A68 nib=68973
  $A6EBB4  tst.w   D0                                   D0=00000000 D1=0000004A D2=0003003B A0=50F16000 A1=00004A68 nib=68973
  $A6EBB6  rts                                          D0=00000000 D1=0000004A D2=0003003B A0=50F16000 A1=00004A68 nib=68973
  $A6CECA  bsr     $a6d718                              D0=00000000 D1=0000004A D2=0003003B A0=50F16000 A1=00004A68 nib=68973
  $A6D718  bsr     $a6d3ea                              D0=00000000 D1=0000004A D2=0003003B A0=50F16000 A1=00004A68 nib=68973
  $A6D3EA  movea.l $1e0.w, A0                           D0=00000000 D1=0000004A D2=0003003B A0=50F16000 A1=00004A68 nib=68973
  $A6D3EE  movea.l $1d4.w, A2                           D0=00000000 D1=0000004A D2=0003003B A0=50F16000 A1=00004A68 nib=68973
  $A6D3F2  bsr     $a6d3fa                              D0=00000000 D1=0000004A D2=0003003B A0=50F16000 A1=00004A68 nib=68973
  $A6D3FA  movea.l $134.w, A1                           D0=00000000 D1=0000004A D2=0003003B A0=50F16000 A1=00004A68 nib=68973
  $A6D3FE  move.w  ($12,A1), D1                         D0=00000000 D1=0000004A D2=0003003B A0=50F16000 A1=00004A68 nib=68973
  $A6D402  cmpi.w  #$4, D1                              D0=00000000 D1=00000001 D2=0003003B A0=50F16000 A1=00004A68 nib=68973
  $A6D406  bls     $a6d40a                              D0=00000000 D1=00000001 D2=0003003B A0=50F16000 A1=00004A68 nib=68973
  $A6D40A  add.w   D1, D1                               D0=00000000 D1=00000001 D2=0003003B A0=50F16000 A1=00004A68 nib=68973
  $A6D40C  rts                                          D0=00000000 D1=00000002 D2=0003003B A0=50F16000 A1=00004A68 nib=68973
  $A6D3F4  move.w  (-$26,PC,D1.w), D1                   D0=00000000 D1=00000002 D2=0003003B A0=50F16000 A1=00004A68 nib=68973
  $A6D3F8  rts                                          D0=00000000 D1=0000004A D2=0003003B A0=50F16000 A1=00004A68 nib=68973
  $A6D71C  move.l  $b40.w, -(A7)                        D0=00000000 D1=0000004A D2=0003003B A0=50F16000 A1=00004A68 nib=68973
  $A6D720  rts                                          D0=00000000 D1=0000004A D2=0003003B A0=50F16000 A1=00004A68 nib=68973
  $06AF72  nop                                          D0=00000000 D1=0000004A D2=0003003B A0=50F16000 A1=00004A68 nib=68973
  $06AF74  moveq   #$a, D0                              D0=00000000 D1=0000004A D2=0003003B A0=50F16000 A1=00004A68 nib=68973
  $06AF76  add.l   ($8,A7), D0                          D0=0000000A D1=0000004A D2=0003003B A0=50F16000 A1=00004A68 nib=68973
  $06AF7A  sub.l   ($4,A7), D0                          D0=0000000A D1=0000004A D2=0003003B A0=50F16000 A1=00004A68 nib=68973
  $06AF7E  bne     $6afa8                               D0=BF5F496C D1=0000004A D2=0003003B A0=50F16000 A1=00004A68 nib=68973
  $06AFA8  jmp     $a6d722.l                            D0=BF5F496C D1=0000004A D2=0003003B A0=50F16000 A1=00004A68 nib=68973
  $A6D722  tst.w   ($1a,A1)                             D0=BF5F496C D1=0000004A D2=0003003B A0=50F16000 A1=00004A68 nib=68973
  $A6D726  beq     $a6d738                              D0=BF5F496C D1=0000004A D2=0003003B A0=50F16000 A1=00004A68 nib=68973
  $A6D728  move.w  ($116,A1), D0                        D0=BF5F496C D1=0000004A D2=0003003B A0=50F16000 A1=00004A68 nib=68973
  $A6D72C  cmp.w   ($12,A1), D0                         D0=BF5F0001 D1=0000004A D2=0003003B A0=50F16000 A1=00004A68 nib=68973
  $A6D730  beq     $a6d738                              D0=BF5F0001 D1=0000004A D2=0003003B A0=50F16000 A1=00004A68 nib=68973
  $A6D738  clr.w   ($1a,A1)                             D0=BF5F0001 D1=0000004A D2=0003003B A0=50F16000 A1=00004A68 nib=68973
  $A6D73C  tst.b   ($139,A1)                            D0=BF5F0001 D1=0000004A D2=0003003B A0=50F16000 A1=00004A68 nib=68973
  $A6D740  bmi     $a6ed42                              D0=BF5F0001 D1=0000004A D2=0003003B A0=50F16000 A1=00004A68 nib=68973
  $A6ED42  cmpi.w  #$4a, D1                             D0=BF5F0001 D1=0000004A D2=0003003B A0=50F16000 A1=00004A68 nib=68973
  $A6ED46  bne     $a6ed56                              D0=BF5F0001 D1=0000004A D2=0003003B A0=50F16000 A1=00004A68 nib=68973
  $A6ED48  move.b  #$4, ($c00,A0)                       D0=BF5F0001 D1=0000004A D2=0003003B A0=50F16000 A1=00004A68 nib=68973
  $A6ED4E  move.b  #$82, ($e00,A0)                      D0=BF5F0001 D1=0000004A D2=0003003B A0=50F16000 A1=00004A68 nib=68973
  $A6ED54  rts                                          D0=BF5F0001 D1=0000004A D2=0003003B A0=50F16000 A1=00004A68 nib=68973
  $A6CECE  cmpi.w  #$3, ($12,A1)                        D0=BF5F0001 D1=0000004A D2=0003003B A0=50F16000 A1=00004A68 nib=68973
  $A6CED4  bge     $a6fc2c                              D0=BF5F0001 D1=0000004A D2=0003003B A0=50F16000 A1=00004A68 nib=68973
  $A6CED8  moveq   #$2, D0                              D0=BF5F0001 D1=0000004A D2=0003003B A0=50F16000 A1=00004A68 nib=68973
  $A6CEDA  bsr     $a6d450                              D0=00000002 D1=0000004A D2=0003003B A0=50F16000 A1=00004A68 nib=68973
  $A6D450  bsr     $a6d40e                              D0=00000002 D1=0000004A D2=0003003B A0=50F16000 A1=00004A68 nib=68973
  $A6D40E  bsr     $a6d3ea                              D0=00000002 D1=0000004A D2=0003003B A0=50F16000 A1=00004A68 nib=68973
  $A6D3EA  movea.l $1e0.w, A0                           D0=00000002 D1=0000004A D2=0003003B A0=50F16000 A1=00004A68 nib=68973
  $A6D3EE  movea.l $1d4.w, A2                           D0=00000002 D1=0000004A D2=0003003B A0=50F16000 A1=00004A68 nib=68973
  $A6D3F2  bsr     $a6d3fa                              D0=00000002 D1=0000004A D2=0003003B A0=50F16000 A1=00004A68 nib=68973
  $A6D3FA  movea.l $134.w, A1                           D0=00000002 D1=0000004A D2=0003003B A0=50F16000 A1=00004A68 nib=68973
  $A6D3FE  move.w  ($12,A1), D1                         D0=00000002 D1=0000004A D2=0003003B A0=50F16000 A1=00004A68 nib=68973
  $A6D402  cmpi.w  #$4, D1                              D0=00000002 D1=00000001 D2=0003003B A0=50F16000 A1=00004A68 nib=68973
  $A6D406  bls     $a6d40a                              D0=00000002 D1=00000001 D2=0003003B A0=50F16000 A1=00004A68 nib=68973
  $A6D40A  add.w   D1, D1                               D0=00000002 D1=00000001 D2=0003003B A0=50F16000 A1=00004A68 nib=68973
  $A6D40C  rts                                          D0=00000002 D1=00000002 D2=0003003B A0=50F16000 A1=00004A68 nib=68973
  $A6D3F4  move.w  (-$26,PC,D1.w), D1                   D0=00000002 D1=00000002 D2=0003003B A0=50F16000 A1=00004A68 nib=68973
  $A6D3F8  rts                                          D0=00000002 D1=0000004A D2=0003003B A0=50F16000 A1=00004A68 nib=68973
  $A6D410  tst.b   ($139,A1)                            D0=00000002 D1=0000004A D2=0003003B A0=50F16000 A1=00004A68 nib=68973
  $A6D414  bmi     $a6ecdc                              D0=00000002 D1=0000004A D2=0003003B A0=50F16000 A1=00004A68 nib=68973
  $A6ECDC  move.b  #$f3, ($800,A0)                      D0=00000002 D1=0000004A D2=0003003B A0=50F16000 A1=00004A68 nib=68973
  $A6ECE2  btst    #$1, D0                              D0=00000002 D1=0000004A D2=0003003B A0=50F16000 A1=00004A68 nib=68973
  $A6ECE6  beq     $a6ecf0                              D0=00000002 D1=0000004A D2=0003003B A0=50F16000 A1=00004A68 nib=68973
  $A6ECE8  bset    #$5, ($1e00,A2)                      D0=00000002 D1=0000004A D2=0003003B A0=50F16000 A1=00004A68 nib=68973
  $A6ECEE  bra     $a6ecf6                              D0=00000002 D1=0000004A D2=0003003B A0=50F16000 A1=00004A68 nib=68973
  $A6ECF6  move.b  ($6,PC,D0.w), ($800,A0)              D0=00000002 D1=0000004A D2=0003003B A0=50F16000 A1=00004A68 nib=68973
  $A6ECFC  rts                                          D0=00000002 D1=0000004A D2=0003003B A0=50F16000 A1=00004A68 nib=68973
  $A6D452  tst.b   ($139,A1)                            D0=00000002 D1=0000004A D2=0003003B A0=50F16000 A1=00004A68 nib=68973
  $A6D456  bmi     $a6ed12                              D0=00000002 D1=0000004A D2=0003003B A0=50F16000 A1=00004A68 nib=68973
  $A6ED12  btst    #$3, ($1e00,A0)                      D0=00000002 D1=0000004A D2=0003003B A0=50F16000 A1=00004A68 nib=68973
  $A6ED18  sne     D0                                   D0=00000002 D1=0000004A D2=0003003B A0=50F16000 A1=00004A68 nib=68973
  $A6ED1A  tst.b   D0                                   D0=000000FF D1=0000004A D2=0003003B A0=50F16000 A1=00004A68 nib=68973
  $A6ED1C  rts                                          D0=000000FF D1=0000004A D2=0003003B A0=50F16000 A1=00004A68 nib=68973
  $A6CEDE  bpl     $a6cef2                              D0=000000FF D1=0000004A D2=0003003B A0=50F16000 A1=00004A68 nib=68973
  $A6CEE0  clr.b   ($3,A1,D1.w)                         D0=000000FF D1=0000004A D2=0003003B A0=50F16000 A1=00004A68 nib=68973
  $A6CEE4  move.b  #$80, ($c00,A0)                      D0=000000FF D1=0000004A D2=0003003B A0=50F16000 A1=00004A68 nib=68973
  $A6CEEA  tst.b   ($1000,A0)                           D0=000000FF D1=0000004A D2=0003003B A0=50F16000 A1=00004A68 nib=68973
  $A6CEEE  moveq   #-$41, D0                            D0=000000FF D1=0000004A D2=0003003B A0=50F16000 A1=00004A68 nib=68973
  $A6CEF0  bra     $a6cf56                              D0=FFFFFFBF D1=0000004A D2=0003003B A0=50F16000 A1=00004A68 nib=68973
  $A6CF56  andi.w  #-$701, SR                           D0=FFFFFFBF D1=0000004A D2=0003003B A0=50F16000 A1=00004A68 nib=68973
  $A6CF5A  bra     $a6cb64                              D0=FFFFFFBF D1=0000004A D2=0003003B A0=50F16000 A1=00004A68 nib=68973
  $A6CB64  tst.w   D0                                   D0=FFFFFFBF D1=0000004A D2=0003003B A0=50F16000 A1=00004A68 nib=68973
  $A6CB66  beq     $a6cb6c                              D0=FFFFFFBF D1=0000004A D2=0003003B A0=50F16000 A1=00004A68 nib=68973
  $A6CB68  move.w  D0, $142.w                           D0=FFFFFFBF D1=0000004A D2=0003003B A0=50F16000 A1=00004A68 nib=68973
  $A6CB6C  movea.l $134.w, A1                           D0=FFFFFFBF D1=0000004A D2=0003003B A0=50F16000 A1=00004A68 nib=68973
  $A6CB70  clr.b   ($19,A1)                             D0=FFFFFFBF D1=0000004A D2=0003003B A0=50F16000 A1=00004A68 nib=68973
  $A6CB74  movea.l (A1), A1                             D0=FFFFFFBF D1=0000004A D2=0003003B A0=50F16000 A1=00004A68 nib=68973
  $A6CB76  move.l  $8fc.w, -(A7)                        D0=FFFFFFBF D1=0000004A D2=0003003B A0=50F16000 A1=00004A2C nib=68973
  $A6CB7A  rts                                          D0=FFFFFFBF D1=0000004A D2=0003003B A0=50F16000 A1=00004A2C nib=68973
  $06AFEA  move.l  (A7), D1                             D0=FFFFFFBF D1=0000004A D2=0003003B A0=50F16000 A1=00004A2C nib=68973
  $06AFEC  and.l   $31a.w, D1                           D0=FFFFFFBF D1=40A0B69E D2=0003003B A0=50F16000 A1=00004A2C nib=68973
  $06AFF0  cmpi.l  #$86cebe, D1                         D0=FFFFFFBF D1=00A0B69E D2=0003003B A0=50F16000 A1=00004A2C nib=68973
  $06AFF6  bne     $6affa                               D0=FFFFFFBF D1=00A0B69E D2=0003003B A0=50F16000 A1=00004A2C nib=68973
  $06AFFA  jmp     $40a0b572.l                          D0=FFFFFFBF D1=00A0B69E D2=0003003B A0=50F16000 A1=00004A2C nib=68973
  $A0B572  move.w  D0, -(A7)                            D0=FFFFFFBF D1=00A0B69E D2=0003003B A0=50F16000 A1=00004A2C nib=68973
  $A0B574  move.l  D0, -(A7)                            D0=FFFFFFBF D1=00A0B69E D2=0003003B A0=50F16000 A1=00004A2C nib=68973
  $A0B576  move.l  A1, D0                               D0=FFFFFFBF D1=00A0B69E D2=0003003B A0=50F16000 A1=00004A2C nib=68973
  $A0B578  dc.w    $a055; opcode 1010                   D0=00004A2C D1=00A0B69E D2=0003003B A0=50F16000 A1=00004A2C nib=68973
  $A099B0  move.l  A2, -(A7)                            D0=00004A2C D1=00A0B69E D2=0003003B A0=50F16000 A1=00004A2C nib=68973
  $A099B2  move.l  D2, -(A7)                            D0=00004A2C D1=00A0B69E D2=0003003B A0=50F16000 A1=00004A2C nib=68973
  $A099B4  movea.l ($a,A7), A2                          D0=00004A2C D1=00A0B69E D2=0003003B A0=50F16000 A1=00004A2C nib=68973
  $A099B8  move.w  (A2)+, D2                            D0=00004A2C D1=00A0B69E D2=0003003B A0=50F16000 A1=00004A2C nib=68973
  $A099BA  cmpi.w  #-$5800, D2                          D0=00004A2C D1=00A0B69E D2=0003A055 A0=50F16000 A1=00004A2C nib=68973
  $A099BE  bcs     $a099f0                              D0=00004A2C D1=00A0B69E D2=0003A055 A0=50F16000 A1=00004A2C nib=68973
  $A099F0  move.l  D1, -(A7)                            D0=00004A2C D1=00A0B69E D2=0003A055 A0=50F16000 A1=00004A2C nib=68973
  $A099F2  move.l  A1, -(A7)                            D0=00004A2C D1=00A0B69E D2=0003A055 A0=50F16000 A1=00004A2C nib=68973
  $A099F4  move.w  D2, D1                               D0=00004A2C D1=00A0B69E D2=0003A055 A0=50F16000 A1=00004A2C nib=68973
  $A099F6  move.l  A2, ($14,A7)                         D0=00004A2C D1=00A0A055 D2=0003A055 A0=50F16000 A1=00004A2C nib=68973
  $A099FA  andi.w  #$100, D2                            D0=00004A2C D1=00A0A055 D2=0003A055 A0=50F16000 A1=00004A2C nib=68973
  $A099FE  bne     $a09a20                              D0=00004A2C D1=00A0A055 D2=00030000 A0=50F16000 A1=00004A2C nib=68973
  $A09A00  move.b  D1, D2                               D0=00004A2C D1=00A0A055 D2=00030000 A0=50F16000 A1=00004A2C nib=68973
  $A09A02  move.l  A0, -(A7)                            D0=00004A2C D1=00A0A055 D2=00030055 A0=50F16000 A1=00004A2C nib=68973
  $A09A04  jsr     ([$400, D2.w*4], $0)                 D0=00004A2C D1=00A0A055 D2=00030055 A0=50F16000 A1=00004A2C nib=68973
  $A0D76C  and.l   $31a.w, D0                           D0=00004A2C D1=00A0A055 D2=00030055 A0=50F16000 A1=00004A2C nib=68973
  $A0D770  rts                                          D0=00004A2C D1=00A0A055 D2=00030055 A0=50F16000 A1=00004A2C nib=68973
  $A09A0A  movea.l (A7)+, A0                            D0=00004A2C D1=00A0A055 D2=00030055 A0=50F16000 A1=00004A2C nib=68973
  $A09A0C  movea.l (A7)+, A1                            D0=00004A2C D1=00A0A055 D2=00030055 A0=50F16000 A1=00004A2C nib=68973
  $A09A0E  move.l  (A7)+, D1                            D0=00004A2C D1=00A0A055 D2=00030055 A0=50F16000 A1=00004A2C nib=68973
  $A09A10  move.l  (A7)+, D2                            D0=00004A2C D1=00A0B69E D2=00030055 A0=50F16000 A1=00004A2C nib=68973
  $A09A12  movea.l (A7)+, A2                            D0=00004A2C D1=00A0B69E D2=0003003B A0=50F16000 A1=00004A2C nib=68973
  $A09A14  tst.w   D0                                   D0=00004A2C D1=00A0B69E D2=0003003B A0=50F16000 A1=00004A2C nib=68973
  $A09A16  addq.w  #$4, A7                              D0=00004A2C D1=00A0B69E D2=0003003B A0=50F16000 A1=00004A2C nib=68973
  $A09A18  rts                                          D0=00004A2C D1=00A0B69E D2=0003003B A0=50F16000 A1=00004A2C nib=68973
  $A0B57A  movea.l D0, A1                               D0=00004A2C D1=00A0B69E D2=0003003B A0=50F16000 A1=00004A2C nib=68973
  $A0B57C  move.l  (A7)+, D0                            D0=00004A2C D1=00A0B69E D2=0003003B A0=50F16000 A1=00004A2C nib=68973
  $A0B57E  bsr     $a0b584                              D0=FFFFFFBF D1=00A0B69E D2=0003003B A0=50F16000 A1=00004A2C nib=68973
  $A0B584  move.l  ($8,A1), D1                          D0=FFFFFFBF D1=00A0B69E D2=0003003B A0=50F16000 A1=00004A2C nib=68973
  $A0B588  beq     $a0b5aa                              D0=FFFFFFBF D1=000003A4 D2=0003003B A0=50F16000 A1=00004A2C nib=68973
  $A0B58A  move.w  SR, -(A7)                            D0=FFFFFFBF D1=000003A4 D2=0003003B A0=50F16000 A1=00004A2C nib=68973
  $A0B58C  move.w  SR, D1                               D0=FFFFFFBF D1=000003A4 D2=0003003B A0=50F16000 A1=00004A2C nib=68973
  $A0B58E  ori.w   #$700, SR                            D0=FFFFFFBF D1=00002000 D2=0003003B A0=50F16000 A1=00004A2C nib=68973
  $A0B592  bsr     $a0b5a4                              D0=FFFFFFBF D1=00002000 D2=0003003B A0=50F16000 A1=00004A2C nib=68973
  $A0B5A4  bclr    #$7, ($5,A1)                         D0=FFFFFFBF D1=00002000 D2=0003003B A0=50F16000 A1=00004A2C nib=68973
  $A0B5AA  btst    #$6, ($4,A1)                         D0=FFFFFFBF D1=00002000 D2=0003003B A0=50F16000 A1=00004A2C nib=68973
  $A0B5B0  bne     $a0b5c0                              D0=FFFFFFBF D1=00002000 D2=0003003B A0=50F16000 A1=00004A2C nib=68973
  $A0B5C0  rts                                          D0=FFFFFFBF D1=00002000 D2=0003003B A0=50F16000 A1=00004A2C nib=68973
  $A0B594  bsr     $a0b5c2                              D0=FFFFFFBF D1=00002000 D2=0003003B A0=50F16000 A1=00004A2C nib=68973
  $A0B5C2  movea.l ($8,A1), A0                          D0=FFFFFFBF D1=00002000 D2=0003003B A0=50F16000 A1=00004A2C nib=68973
  $A0B5C6  cmpi.w  #$2, ($4,A0)                         D0=FFFFFFBF D1=00002000 D2=0003003B A0=000003A4 A1=00004A2C nib=68973
  $A0B5CC  bne     $a0b566                              D0=FFFFFFBF D1=00002000 D2=0003003B A0=000003A4 A1=00004A2C nib=68973
  $A0B5CE  move.l  (A0), ($8,A1)                        D0=FFFFFFBF D1=00002000 D2=0003003B A0=000003A4 A1=00004A2C nib=68973
  $A0B5D2  bne     $a0b5d8                              D0=FFFFFFBF D1=00002000 D2=0003003B A0=000003A4 A1=00004A2C nib=68973
  $A0B5D4  clr.l   ($c,A1)                              D0=FFFFFFBF D1=00002000 D2=0003003B A0=000003A4 A1=00004A2C nib=68973
  $A0B5D8  move.w  D1, SR                               D0=FFFFFFBF D1=00002000 D2=0003003B A0=000003A4 A1=00004A2C nib=68973
  $A0B5DA  move.w  D0, ($10,A0)                         D0=FFFFFFBF D1=00002000 D2=0003003B A0=000003A4 A1=00004A2C nib=68973
[4186466939] PRIME #3 READ off=$400 (sector 2) req=$200 buf=$9EDE00 posMode=1 pb=$0003A4 caller=$A0B69E track=0
[4186470626] PRIME #3 -> -65 offLinErr  (3687 machine cycles, nib +0, polls +0, hits +0, lost +0, track 0 -> 0)
             mid-data-field losses: 0
             buffer diverges at +$0:
               image : 42 44 D3 F2 2E 9A D3 F2 30 56 01 00 00 04 00 03 02 9D 0B 3A 00 00 02 00
               buffer: 00 00 00 67 00 00 00 00 00 04 00 08 00 00 25 01 06 13 4A 6F 49 4E 49 54
[4186476584] _MountVol RETURNED -65 offLinErr

== summary: 3 primes, 0 controls, 3 failures
   result   -400 ?            x1
   result    -65 offLinErr    x2
== MountVol: returned (-65 offLinErr)
== IWM: polls 9156 hits 2002 (21.9%) overwritten 68257 reReads 200
== drive: track 0, motor on, CSTIN=0, nibbles 68973, personality ISM
== top IWM poll sites (pc: polls, hits):
   $A6E1CE  move.b  (A4), D5                         3156 polls, 292 hits
   $A6D41C  tst.b   ($600,A0)                        215 polls, 207 hits
   $A6D418  tst.b   ($200,A0)                        215 polls, 207 hits
   $A6D468  tst.b   ($1800,A0)                       211 polls, 108 hits
   $A6D424  tst.b   ($a00,A0)                        208 polls, 28 hits
   $A6D444  tst.b   (A0)                             208 polls, 68 hits
   $A6E248  move.b  (A4), D5                         20 polls, 2 hits
   $A6E212  move.b  (A4), D5                         10 polls, 1 hits
== DUPLICATE nibbles (re-read inside the 14-tick hold; 200 total):
   $A6D41C  tst.b   ($600,A0)                        193 duplicates
   $A6D424  tst.b   ($a00,A0)                        3 duplicates
   $A6EB18  move.b  D0, ($800,A0)                    2 duplicates
   $A6D44A  tst.b   ($400,A0)                        1 duplicates
   $A6D74E  tst.b   ($1200,A0)                       1 duplicates
== WHERE nibbles were lost (pc the CPU was at, 68257 total, 342 sites):
   $A0BB8C  move.w  ($10,A0), D0                     35025 lost (51.3%)
   $A0BB90  bgt     $a0bb8c                          29795 lost (43.7%)
   $033CF2  sub.b   (A1), D2                         146 lost (0.2%)
   $A09B84  movem.l (A7)+, D0-D3/A0-A3               85 lost (0.1%)
   $A6D5DE  movem.l (A7)+, D0-D7/A0-A6               84 lost (0.1%)
   $A6D5D2  movem.l ($d0,A1), D3-D7/A3-A6            66 lost (0.1%)
   $A09B60  movem.l D0-D3/A0-A3, -(A7)               63 lost (0.1%)
   $A0AF3E  bset    #$7, ($4,A0)                     58 lost (0.1%)
   $A0B0A6  move.b  D2, (A2)                         58 lost (0.1%)
   $A6D5C6  bra     $a6d3f2                          48 lost (0.1%)
   $033CC2  move.w  SR, D3                           46 lost (0.1%)
   $A6D3FA  movea.l $134.w, A1                       45 lost (0.1%)
   $A14908  tst.b   (A1)                             44 lost (0.1%)
   $A6D5CA  movem.l D0-D7/A0-A6, -(A7)               41 lost (0.1%)
   $08B49E  movem.l D0-D1/A0-A1, -(A7)               40 lost (0.1%)
   $A0B076  clr.l   ($c,A2)                          39 lost (0.1%)
== screen: icon strip delta 0 px, centre white 0.65 -> no verdict
