version	Set up job	﻿2026-09-07T18:25:26.7316987Z Current runner version: '2.337.0'
version	Set up job	2026-09-07T18:25:26.7339367Z ##[group]Runner Image Provisioner
version	Set up job	2026-09-07T18:25:26.7340237Z Hosted Compute Agent
version	Set up job	2026-09-07T18:25:26.7341293Z Version: 20260828.587
version	Set up job	2026-09-07T18:25:26.7341913Z Commit: abac92662cab4cc7352de4f9f9d2e2419aad9c29
version	Set up job	2026-09-07T18:25:26.7342572Z Build Date: 2026-08-28T16:44:25Z
version	Set up job	2026-09-07T18:25:26.7343213Z Worker ID: {0c4907af-4175-4769-976e-f943d700b866}
version	Set up job	2026-09-07T18:25:26.7343886Z Azure Region: westus3
version	Set up job	2026-09-07T18:25:26.7344404Z ##[endgroup]
version	Set up job	2026-09-07T18:25:26.7345798Z ##[group]Operating System
version	Set up job	2026-09-07T18:25:26.7346373Z Ubuntu
version	Set up job	2026-09-07T18:25:26.7346899Z 24.04.4
version	Set up job	2026-09-07T18:25:26.7347364Z LTS
version	Set up job	2026-09-07T18:25:26.7347833Z ##[endgroup]
version	Set up job	2026-09-07T18:25:26.7348356Z ##[group]Runner Image
version	Set up job	2026-09-07T18:25:26.7348891Z Image: ubuntu-24.04
version	Set up job	2026-09-07T18:25:26.7349399Z Version: 20260831.293.1
version	Set up job	2026-09-07T18:25:26.7350345Z Included Software: https://github.com/actions/runner-images/blob/ubuntu24/20260831.293/images/ubuntu/Ubuntu2404-Readme.md
version	Set up job	2026-09-07T18:25:26.7352081Z Image Release: https://github.com/actions/runner-images/releases/tag/ubuntu24%2F20260831.293
version	Set up job	2026-09-07T18:25:26.7352946Z ##[endgroup]
version	Set up job	2026-09-07T18:25:26.7353989Z ##[group]GITHUB_TOKEN Permissions
version	Set up job	2026-09-07T18:25:26.7356129Z Contents: write
version	Set up job	2026-09-07T18:25:26.7356680Z Metadata: read
version	Set up job	2026-09-07T18:25:26.7357186Z ##[endgroup]
version	Set up job	2026-09-07T18:25:26.7358973Z Secret source: Actions
version	Set up job	2026-09-07T18:25:26.7360075Z Prepare workflow directory
version	Set up job	2026-09-07T18:25:26.7709534Z Prepare all required actions
version	Set up job	2026-09-07T18:25:26.7772752Z Complete job name: version
version	Run set -eu	﻿2026-09-07T18:25:26.8389950Z ##[group]Run set -eu
version	Run set -eu	2026-09-07T18:25:26.8390635Z ^[[36;1mset -eu^[[0m
version	Run set -eu	2026-09-07T18:25:26.8391723Z ^[[36;1mif [ "$REF_TYPE" = "tag" ]; then^[[0m
version	Run set -eu	2026-09-07T18:25:26.8392566Z ^[[36;1m    echo "pom68k_version=${REF_NAME#v}" >> "$GITHUB_OUTPUT"^[[0m
version	Run set -eu	2026-09-07T18:25:26.8393274Z ^[[36;1melse^[[0m
version	Run set -eu	2026-09-07T18:25:26.8393943Z ^[[36;1m    echo "pom68k_version=" >> "$GITHUB_OUTPUT"^[[0m
version	Run set -eu	2026-09-07T18:25:26.8394563Z ^[[36;1mfi^[[0m
version	Run set -eu	2026-09-07T18:25:27.0105593Z shell: /usr/bin/bash -e {0}
version	Run set -eu	2026-09-07T18:25:27.0106526Z env:
version	Run set -eu	2026-09-07T18:25:27.0107057Z   IMGUI_TAG: v1.92.8-docking
version	Run set -eu	2026-09-07T18:25:27.0107668Z   REF_TYPE: branch
version	Run set -eu	2026-09-07T18:25:27.0108168Z   REF_NAME: main
version	Run set -eu	2026-09-07T18:25:27.0108718Z ##[endgroup]
version	Complete job	﻿2026-09-07T18:25:27.0536909Z Evaluate and set job outputs
version	Complete job	2026-09-07T18:25:27.0544598Z Cleaning up orphan processes
macos	Set up job	﻿2026-09-07T18:25:37.1294550Z Current runner version: '2.337.0'
macos	Set up job	2026-09-07T18:25:37.1311500Z ##[group]Runner Image Provisioner
macos	Set up job	2026-09-07T18:25:37.1312070Z Hosted Compute Agent
macos	Set up job	2026-09-07T18:25:37.1323980Z Version: 20260828.587
macos	Set up job	2026-09-07T18:25:37.1324540Z Commit: abac92662cab4cc7352de4f9f9d2e2419aad9c29
macos	Set up job	2026-09-07T18:25:37.1325200Z Build Date: 2026-08-28T16:44:25Z
macos	Set up job	2026-09-07T18:25:37.1325820Z Worker ID: {2ad5111a-e181-4645-b2c6-7defe34eab38}
macos	Set up job	2026-09-07T18:25:37.1326430Z Azure Region: westus
macos	Set up job	2026-09-07T18:25:37.1326970Z ##[endgroup]
macos	Set up job	2026-09-07T18:25:37.1328670Z ##[group]Operating System
macos	Set up job	2026-09-07T18:25:37.1329230Z macOS
macos	Set up job	2026-09-07T18:25:37.1329620Z 15.7.9
macos	Set up job	2026-09-07T18:25:37.1330040Z 24G830
macos	Set up job	2026-09-07T18:25:37.1330530Z ##[endgroup]
macos	Set up job	2026-09-07T18:25:37.1331060Z ##[group]Runner Image
macos	Set up job	2026-09-07T18:25:37.1331550Z Image: macos-15-arm64
macos	Set up job	2026-09-07T18:25:37.1332130Z Version: 20260829.0321.1
macos	Set up job	2026-09-07T18:25:37.1333260Z Included Software: https://github.com/actions/runner-images/blob/macos-15-arm64/20260829.0321/images/macos/macos-15-arm64-Readme.md
macos	Set up job	2026-09-07T18:25:37.1334770Z Image Release: https://github.com/actions/runner-images/releases/tag/macos-15-arm64%2F20260829.0321
macos	Set up job	2026-09-07T18:25:37.1335720Z ##[endgroup]
macos	Set up job	2026-09-07T18:25:37.1336770Z ##[group]GITHUB_TOKEN Permissions
macos	Set up job	2026-09-07T18:25:37.1338600Z Contents: write
macos	Set up job	2026-09-07T18:25:37.1339240Z Metadata: read
macos	Set up job	2026-09-07T18:25:37.1339760Z ##[endgroup]
macos	Set up job	2026-09-07T18:25:37.1342720Z Secret source: Actions
macos	Set up job	2026-09-07T18:25:37.1343800Z Prepare workflow directory
macos	Set up job	2026-09-07T18:25:37.2874240Z Prepare all required actions
macos	Set up job	2026-09-07T18:25:37.2909200Z Getting action download info
macos	Set up job	2026-09-07T18:25:37.6679330Z Download action repository 'actions/checkout@v5' (SHA:fbc6f3992d24b796d5a048ff273f7fcc4a7b6c09)
macos	Set up job	2026-09-07T18:25:37.8722030Z Download action repository 'actions/upload-artifact@v5' (SHA:330a01c490aca151604b8cf639adc76d48f6c5d4)
macos	Set up job	2026-09-07T18:25:38.0542710Z Complete job name: macos
macos	Run actions/checkout@v5	﻿2026-09-07T18:25:38.1295830Z ##[group]Run actions/checkout@v5
macos	Run actions/checkout@v5	2026-09-07T18:25:38.1296670Z with:
macos	Run actions/checkout@v5	2026-09-07T18:25:38.1297130Z   repository: habib256/pom68k
macos	Run actions/checkout@v5	2026-09-07T18:25:38.1299970Z   token: ***
macos	Run actions/checkout@v5	2026-09-07T18:25:38.1300290Z   ssh-strict: true
macos	Run actions/checkout@v5	2026-09-07T18:25:38.1300610Z   ssh-user: git
macos	Run actions/checkout@v5	2026-09-07T18:25:38.1301000Z   persist-credentials: true
macos	Run actions/checkout@v5	2026-09-07T18:25:38.1301430Z   clean: true
macos	Run actions/checkout@v5	2026-09-07T18:25:38.1301760Z   sparse-checkout-cone-mode: true
macos	Run actions/checkout@v5	2026-09-07T18:25:38.1302130Z   fetch-depth: 1
macos	Run actions/checkout@v5	2026-09-07T18:25:38.1302440Z   fetch-tags: false
macos	Run actions/checkout@v5	2026-09-07T18:25:38.1302770Z   show-progress: true
macos	Run actions/checkout@v5	2026-09-07T18:25:38.1303170Z   lfs: false
macos	Run actions/checkout@v5	2026-09-07T18:25:38.1303510Z   submodules: false
macos	Run actions/checkout@v5	2026-09-07T18:25:38.1303840Z   set-safe-directory: true
macos	Run actions/checkout@v5	2026-09-07T18:25:38.1304210Z   allow-unsafe-pr-checkout: false
macos	Run actions/checkout@v5	2026-09-07T18:25:38.1304970Z env:
macos	Run actions/checkout@v5	2026-09-07T18:25:38.1305310Z   IMGUI_TAG: v1.92.8-docking
macos	Run actions/checkout@v5	2026-09-07T18:25:38.1305670Z ##[endgroup]
macos	Run actions/checkout@v5	2026-09-07T18:25:38.3732500Z Syncing repository: habib256/pom68k
macos	Run actions/checkout@v5	2026-09-07T18:25:38.3734020Z ##[group]Getting Git version info
macos	Run actions/checkout@v5	2026-09-07T18:25:38.3734630Z Working directory is '/Users/runner/work/pom68k/pom68k'
macos	Run actions/checkout@v5	2026-09-07T18:25:38.3735390Z [command]/opt/homebrew/bin/git version
macos	Run actions/checkout@v5	2026-09-07T18:25:38.3945360Z git version 2.55.0
macos	Run actions/checkout@v5	2026-09-07T18:25:38.3958670Z ##[endgroup]
macos	Run actions/checkout@v5	2026-09-07T18:25:38.3964800Z Copying '/Users/runner/.gitconfig' to '/Users/runner/work/_temp/941ab288-b005-4ecc-b5be-b970bb252da3/.gitconfig'
macos	Run actions/checkout@v5	2026-09-07T18:25:38.3971010Z Temporarily overriding HOME='/Users/runner/work/_temp/941ab288-b005-4ecc-b5be-b970bb252da3' before making global git config changes
macos	Run actions/checkout@v5	2026-09-07T18:25:38.3972000Z Adding repository directory to the temporary git global config as a safe directory
macos	Run actions/checkout@v5	2026-09-07T18:25:38.3974770Z [command]/opt/homebrew/bin/git config --global --add safe.directory /Users/runner/work/pom68k/pom68k
macos	Run actions/checkout@v5	2026-09-07T18:25:38.4072330Z Deleting the contents of '/Users/runner/work/pom68k/pom68k'
macos	Run actions/checkout@v5	2026-09-07T18:25:38.4074760Z ##[group]Initializing the repository
macos	Run actions/checkout@v5	2026-09-07T18:25:38.4078200Z [command]/opt/homebrew/bin/git init /Users/runner/work/pom68k/pom68k
macos	Run actions/checkout@v5	2026-09-07T18:25:38.4266640Z hint: Using 'master' as the name for the initial branch. This default branch name
macos	Run actions/checkout@v5	2026-09-07T18:25:38.4268020Z hint: will change to "main" in Git 3.0. To configure the initial branch name
macos	Run actions/checkout@v5	2026-09-07T18:25:38.4268860Z hint: to use in all of your new repositories, which will suppress this warning,
macos	Run actions/checkout@v5	2026-09-07T18:25:38.4269440Z hint: call:
macos	Run actions/checkout@v5	2026-09-07T18:25:38.4269910Z hint:
macos	Run actions/checkout@v5	2026-09-07T18:25:38.4270380Z hint: 	git config --global init.defaultBranch <name>
macos	Run actions/checkout@v5	2026-09-07T18:25:38.4270850Z hint:
macos	Run actions/checkout@v5	2026-09-07T18:25:38.4271320Z hint: Names commonly chosen instead of 'master' are 'main', 'trunk' and
macos	Run actions/checkout@v5	2026-09-07T18:25:38.4272000Z hint: 'development'. The just-created branch can be renamed via this command:
macos	Run actions/checkout@v5	2026-09-07T18:25:38.4272540Z hint:
macos	Run actions/checkout@v5	2026-09-07T18:25:38.4272870Z hint: 	git branch -m <name>
macos	Run actions/checkout@v5	2026-09-07T18:25:38.4273330Z hint:
macos	Run actions/checkout@v5	2026-09-07T18:25:38.4273800Z hint: Disable this message with "git config set advice.defaultBranchName false"
macos	Run actions/checkout@v5	2026-09-07T18:25:38.4274670Z Initialized empty Git repository in /Users/runner/work/pom68k/pom68k/.git/
macos	Run actions/checkout@v5	2026-09-07T18:25:38.4292150Z [command]/opt/homebrew/bin/git remote add origin https://github.com/habib256/pom68k
macos	Run actions/checkout@v5	2026-09-07T18:25:38.4346160Z ##[endgroup]
macos	Run actions/checkout@v5	2026-09-07T18:25:38.4346950Z ##[group]Disabling automatic garbage collection
macos	Run actions/checkout@v5	2026-09-07T18:25:38.4348590Z [command]/opt/homebrew/bin/git config --local gc.auto 0
macos	Run actions/checkout@v5	2026-09-07T18:25:38.4411300Z ##[endgroup]
macos	Run actions/checkout@v5	2026-09-07T18:25:38.4412040Z ##[group]Setting up auth
macos	Run actions/checkout@v5	2026-09-07T18:25:38.4415510Z [command]/opt/homebrew/bin/git config --local --name-only --get-regexp core\.sshCommand
macos	Run actions/checkout@v5	2026-09-07T18:25:38.4482770Z [command]/opt/homebrew/bin/git submodule foreach --recursive sh -c "git config --local --name-only --get-regexp 'core\.sshCommand' && git config --local --unset-all 'core.sshCommand' || :"
macos	Run actions/checkout@v5	2026-09-07T18:25:38.5378370Z [command]/opt/homebrew/bin/git config --local --name-only --get-regexp http\.https\:\/\/github\.com\/\.extraheader
macos	Run actions/checkout@v5	2026-09-07T18:25:38.5397010Z [command]/opt/homebrew/bin/git submodule foreach --recursive sh -c "git config --local --name-only --get-regexp 'http\.https\:\/\/github\.com\/\.extraheader' && git config --local --unset-all 'http.https://github.com/.extraheader' || :"
macos	Run actions/checkout@v5	2026-09-07T18:25:38.6088940Z [command]/opt/homebrew/bin/git config --local --name-only --get-regexp ^includeIf\.gitdir:
macos	Run actions/checkout@v5	2026-09-07T18:25:38.6145890Z [command]/opt/homebrew/bin/git submodule foreach --recursive git config --local --show-origin --name-only --get-regexp remote.origin.url
macos	Run actions/checkout@v5	2026-09-07T18:25:38.6938100Z [command]/opt/homebrew/bin/git config --local http.https://github.com/.extraheader AUTHORIZATION: basic ***
macos	Run actions/checkout@v5	2026-09-07T18:25:38.7017160Z ##[endgroup]
macos	Run actions/checkout@v5	2026-09-07T18:25:38.7017880Z ##[group]Fetching the repository
macos	Run actions/checkout@v5	2026-09-07T18:25:38.7018870Z [command]/opt/homebrew/bin/git -c protocol.version=2 fetch --no-tags --prune --no-recurse-submodules --depth=1 origin +46f58f4588079ef34b1c110f430299b76731962a:refs/remotes/origin/main
macos	Run actions/checkout@v5	2026-09-07T18:25:39.9412240Z From https://github.com/habib256/pom68k
macos	Run actions/checkout@v5	2026-09-07T18:25:39.9413350Z  * [new ref]         46f58f4588079ef34b1c110f430299b76731962a -> origin/main
macos	Run actions/checkout@v5	2026-09-07T18:25:39.9415740Z ##[endgroup]
macos	Run actions/checkout@v5	2026-09-07T18:25:39.9416580Z ##[group]Determining the checkout info
macos	Run actions/checkout@v5	2026-09-07T18:25:39.9417580Z ##[endgroup]
macos	Run actions/checkout@v5	2026-09-07T18:25:39.9418550Z [command]/opt/homebrew/bin/git sparse-checkout disable
macos	Run actions/checkout@v5	2026-09-07T18:25:39.9493830Z [command]/opt/homebrew/bin/git config --local --unset-all extensions.worktreeConfig
macos	Run actions/checkout@v5	2026-09-07T18:25:39.9552790Z ##[group]Checking out the ref
macos	Run actions/checkout@v5	2026-09-07T18:25:39.9555020Z [command]/opt/homebrew/bin/git checkout --progress --force -B main refs/remotes/origin/main
macos	Run actions/checkout@v5	2026-09-07T18:25:40.3436500Z Switched to a new branch 'main'
macos	Run actions/checkout@v5	2026-09-07T18:25:40.3441660Z branch 'main' set up to track 'origin/main'.
macos	Run actions/checkout@v5	2026-09-07T18:25:40.3451720Z ##[endgroup]
macos	Run actions/checkout@v5	2026-09-07T18:25:40.3542470Z [command]/opt/homebrew/bin/git log -1 --format=%H
macos	Run actions/checkout@v5	2026-09-07T18:25:40.3616660Z 46f58f4588079ef34b1c110f430299b76731962a
macos	Build universal static GLFW (arm64 + x86_64)	﻿2026-09-07T18:25:40.3780900Z ##[group]Run packaging/macos/build_universal_deps.sh --out build-universal-deps
macos	Build universal static GLFW (arm64 + x86_64)	2026-09-07T18:25:40.3782160Z ^[[36;1mpackaging/macos/build_universal_deps.sh --out build-universal-deps^[[0m
macos	Build universal static GLFW (arm64 + x86_64)	2026-09-07T18:25:40.3821400Z shell: /bin/bash -e {0}
macos	Build universal static GLFW (arm64 + x86_64)	2026-09-07T18:25:40.3822170Z env:
macos	Build universal static GLFW (arm64 + x86_64)	2026-09-07T18:25:40.3822930Z   IMGUI_TAG: v1.92.8-docking
macos	Build universal static GLFW (arm64 + x86_64)	2026-09-07T18:25:40.3823680Z ##[endgroup]
macos	Build universal static GLFW (arm64 + x86_64)	2026-09-07T18:25:41.0081340Z glfw.tar.gz: OK
macos	Build universal static GLFW (arm64 + x86_64)	2026-09-07T18:25:42.0938070Z -- The C compiler identification is AppleClang 17.0.0.17000013
macos	Build universal static GLFW (arm64 + x86_64)	2026-09-07T18:25:42.5297510Z -- Detecting C compiler ABI info
macos	Build universal static GLFW (arm64 + x86_64)	2026-09-07T18:25:43.1776460Z -- Detecting C compiler ABI info - done
macos	Build universal static GLFW (arm64 + x86_64)	2026-09-07T18:25:43.1939710Z -- Check for working C compiler: /usr/bin/cc - skipped
macos	Build universal static GLFW (arm64 + x86_64)	2026-09-07T18:25:43.1944870Z -- Detecting C compile features
macos	Build universal static GLFW (arm64 + x86_64)	2026-09-07T18:25:43.1950680Z -- Detecting C compile features - done
macos	Build universal static GLFW (arm64 + x86_64)	2026-09-07T18:25:43.2035030Z -- Performing Test CMAKE_HAVE_LIBC_PTHREAD
macos	Build universal static GLFW (arm64 + x86_64)	2026-09-07T18:25:43.4214240Z -- Performing Test CMAKE_HAVE_LIBC_PTHREAD - Success
macos	Build universal static GLFW (arm64 + x86_64)	2026-09-07T18:25:43.4227050Z -- Found Threads: TRUE
macos	Build universal static GLFW (arm64 + x86_64)	2026-09-07T18:25:43.4227490Z -- Using Cocoa for window creation
macos	Build universal static GLFW (arm64 + x86_64)	2026-09-07T18:25:43.4263160Z -- Configuring done (2.4s)
macos	Build universal static GLFW (arm64 + x86_64)	2026-09-07T18:25:43.4370880Z -- Generating done (0.0s)
macos	Build universal static GLFW (arm64 + x86_64)	2026-09-07T18:25:43.4374920Z -- Build files have been written to: /Users/runner/work/pom68k/pom68k/build-universal-deps/glfw-src/build
macos	Build universal static GLFW (arm64 + x86_64)	2026-09-07T18:25:43.5771410Z [ 12%] Building C object src/CMakeFiles/glfw.dir/context.c.o
macos	Build universal static GLFW (arm64 + x86_64)	2026-09-07T18:25:43.5790210Z [ 12%] Building C object src/CMakeFiles/glfw.dir/init.c.o
macos	Build universal static GLFW (arm64 + x86_64)	2026-09-07T18:25:43.5826370Z [ 18%] Building C object src/CMakeFiles/glfw.dir/input.c.o
macos	Build universal static GLFW (arm64 + x86_64)	2026-09-07T18:25:44.9091200Z [ 25%] Building C object src/CMakeFiles/glfw.dir/monitor.c.o
macos	Build universal static GLFW (arm64 + x86_64)	2026-09-07T18:25:44.9145900Z [ 31%] Building C object src/CMakeFiles/glfw.dir/vulkan.c.o
macos	Build universal static GLFW (arm64 + x86_64)	2026-09-07T18:25:45.1488190Z [ 37%] Building C object src/CMakeFiles/glfw.dir/window.c.o
macos	Build universal static GLFW (arm64 + x86_64)	2026-09-07T18:25:45.4893870Z [ 43%] Building C object src/CMakeFiles/glfw.dir/cocoa_init.m.o
macos	Build universal static GLFW (arm64 + x86_64)	2026-09-07T18:25:45.5153730Z [ 50%] Building C object src/CMakeFiles/glfw.dir/cocoa_joystick.m.o
macos	Build universal static GLFW (arm64 + x86_64)	2026-09-07T18:25:45.7117100Z [ 56%] Building C object src/CMakeFiles/glfw.dir/cocoa_monitor.m.o
macos	Build universal static GLFW (arm64 + x86_64)	2026-09-07T18:25:46.8208190Z [ 62%] Building C object src/CMakeFiles/glfw.dir/cocoa_window.m.o
macos	Build universal static GLFW (arm64 + x86_64)	2026-09-07T18:25:46.8322800Z [ 68%] Building C object src/CMakeFiles/glfw.dir/cocoa_time.c.o
macos	Build universal static GLFW (arm64 + x86_64)	2026-09-07T18:25:46.8511840Z [ 75%] Building C object src/CMakeFiles/glfw.dir/posix_thread.c.o
macos	Build universal static GLFW (arm64 + x86_64)	2026-09-07T18:25:47.2481590Z [ 81%] Building C object src/CMakeFiles/glfw.dir/nsgl_context.m.o
macos	Build universal static GLFW (arm64 + x86_64)	2026-09-07T18:25:47.2705250Z [ 87%] Building C object src/CMakeFiles/glfw.dir/egl_context.c.o
macos	Build universal static GLFW (arm64 + x86_64)	2026-09-07T18:25:47.7381350Z [ 93%] Building C object src/CMakeFiles/glfw.dir/osmesa_context.c.o
macos	Build universal static GLFW (arm64 + x86_64)	2026-09-07T18:25:48.1692080Z [100%] Linking C static library libglfw3.a
macos	Build universal static GLFW (arm64 + x86_64)	2026-09-07T18:25:49.0092920Z [100%] Built target glfw
macos	Build universal static GLFW (arm64 + x86_64)	2026-09-07T18:25:49.0262000Z Install the project...
macos	Build universal static GLFW (arm64 + x86_64)	2026-09-07T18:25:49.0322020Z -- Install configuration: "Release"
macos	Build universal static GLFW (arm64 + x86_64)	2026-09-07T18:25:49.0323730Z -- Installing: /Users/runner/work/pom68k/pom68k/build-universal-deps/glfw/lib/libglfw3.a
macos	Build universal static GLFW (arm64 + x86_64)	2026-09-07T18:25:49.0624790Z -- Installing: /Users/runner/work/pom68k/pom68k/build-universal-deps/glfw/include/GLFW
macos	Build universal static GLFW (arm64 + x86_64)	2026-09-07T18:25:49.0625820Z -- Installing: /Users/runner/work/pom68k/pom68k/build-universal-deps/glfw/include/GLFW/glfw3.h
macos	Build universal static GLFW (arm64 + x86_64)	2026-09-07T18:25:49.0627010Z -- Installing: /Users/runner/work/pom68k/pom68k/build-universal-deps/glfw/include/GLFW/glfw3native.h
macos	Build universal static GLFW (arm64 + x86_64)	2026-09-07T18:25:49.0629570Z -- Installing: /Users/runner/work/pom68k/pom68k/build-universal-deps/glfw/lib/cmake/glfw3/glfw3Config.cmake
macos	Build universal static GLFW (arm64 + x86_64)	2026-09-07T18:25:49.0630950Z -- Installing: /Users/runner/work/pom68k/pom68k/build-universal-deps/glfw/lib/cmake/glfw3/glfw3ConfigVersion.cmake
macos	Build universal static GLFW (arm64 + x86_64)	2026-09-07T18:25:49.0632710Z -- Installing: /Users/runner/work/pom68k/pom68k/build-universal-deps/glfw/lib/cmake/glfw3/glfw3Targets.cmake
macos	Build universal static GLFW (arm64 + x86_64)	2026-09-07T18:25:49.0634450Z -- Installing: /Users/runner/work/pom68k/pom68k/build-universal-deps/glfw/lib/cmake/glfw3/glfw3Targets-release.cmake
macos	Build universal static GLFW (arm64 + x86_64)	2026-09-07T18:25:49.0636160Z -- Installing: /Users/runner/work/pom68k/pom68k/build-universal-deps/glfw/lib/pkgconfig/glfw3.pc
macos	Build universal static GLFW (arm64 + x86_64)	2026-09-07T18:25:49.4679150Z Architectures in the fat file: /Users/runner/work/pom68k/pom68k/build-universal-deps/glfw/lib/libglfw3.a are: x86_64 arm64 
macos	Build universal static GLFW (arm64 + x86_64)	2026-09-07T18:25:49.4879740Z OK: universal static GLFW at /Users/runner/work/pom68k/pom68k/build-universal-deps/glfw
macos	Package universal .app + .dmg	﻿2026-09-07T18:25:49.4945710Z ##[group]Run ./package_macos_release.sh
macos	Package universal .app + .dmg	2026-09-07T18:25:49.4946120Z ^[[36;1m./package_macos_release.sh^[[0m
macos	Package universal .app + .dmg	2026-09-07T18:25:49.4977220Z shell: /bin/bash -e {0}
macos	Package universal .app + .dmg	2026-09-07T18:25:49.4977410Z env:
macos	Package universal .app + .dmg	2026-09-07T18:25:49.4977570Z   IMGUI_TAG: v1.92.8-docking
macos	Package universal .app + .dmg	2026-09-07T18:25:49.4977760Z   POM68K_VERSION: 
macos	Package universal .app + .dmg	2026-09-07T18:25:49.4977950Z   POM68K_MACOS_ARCHS: arm64;x86_64
macos	Package universal .app + .dmg	2026-09-07T18:25:49.4978270Z   CMAKE_PREFIX_PATH: /Users/runner/work/pom68k/pom68k/build-universal-deps/glfw
macos	Package universal .app + .dmg	2026-09-07T18:25:49.4978590Z ##[endgroup]
macos	Package universal .app + .dmg	2026-09-07T18:25:49.5360310Z ============================================
macos	Package universal .app + .dmg	2026-09-07T18:25:49.5362800Z  POM68K — macOS distribution package (v0.1.0)
macos	Package universal .app + .dmg	2026-09-07T18:25:49.5363110Z ============================================
macos	Package universal .app + .dmg	2026-09-07T18:25:49.5418230Z Cloning into 'imgui'...
macos	Package universal .app + .dmg	2026-09-07T18:25:50.3842800Z warning: refs/tags/v1.92.8-docking 572f249ce1975f98ad9f8aabce512ffa12a52d6c is not a commit!
macos	Package universal .app + .dmg	2026-09-07T18:25:50.9269370Z -- The CXX compiler identification is AppleClang 17.0.0.17000013
macos	Package universal .app + .dmg	2026-09-07T18:25:50.9567370Z -- Detecting CXX compiler ABI info
macos	Package universal .app + .dmg	2026-09-07T18:25:51.1275250Z -- Detecting CXX compiler ABI info - done
macos	Package universal .app + .dmg	2026-09-07T18:25:51.1445800Z -- Check for working CXX compiler: /usr/bin/c++ - skipped
macos	Package universal .app + .dmg	2026-09-07T18:25:51.1447510Z -- Detecting CXX compile features
macos	Package universal .app + .dmg	2026-09-07T18:25:51.1451940Z -- Detecting CXX compile features - done
macos	Package universal .app + .dmg	2026-09-07T18:25:51.5572640Z -- The C compiler identification is AppleClang 17.0.0.17000013
macos	Package universal .app + .dmg	2026-09-07T18:25:51.5624410Z -- Detecting C compiler ABI info
macos	Package universal .app + .dmg	2026-09-07T18:25:51.7365130Z -- Detecting C compiler ABI info - done
macos	Package universal .app + .dmg	2026-09-07T18:25:51.7533450Z -- Check for working C compiler: /usr/bin/cc - skipped
macos	Package universal .app + .dmg	2026-09-07T18:25:51.7535540Z -- Detecting C compile features
macos	Package universal .app + .dmg	2026-09-07T18:25:51.7538470Z -- Detecting C compile features - done
macos	Package universal .app + .dmg	2026-09-07T18:25:51.7559110Z -- POM68K JIT: threaded backend + aarch64 code generator
macos	Package universal .app + .dmg	2026-09-07T18:25:51.9198680Z -- Found OpenGL: /Applications/Xcode_16.4.app/Contents/Developer/Platforms/MacOSX.platform/Developer/SDKs/MacOSX.sdk/System/Library/Frameworks/OpenGL.framework
macos	Package universal .app + .dmg	2026-09-07T18:25:51.9285160Z -- POM68K warnings: -Wall -Wextra (-Werror: OFF)
macos	Package universal .app + .dmg	2026-09-07T18:25:51.9285700Z -- Configuring done (1.5s)
macos	Package universal .app + .dmg	2026-09-07T18:25:51.9555470Z -- Generating done (0.0s)
macos	Package universal .app + .dmg	2026-09-07T18:25:51.9559450Z -- Build files have been written to: /Users/runner/work/pom68k/pom68k/build-release
macos	Package universal .app + .dmg	2026-09-07T18:25:52.0214630Z [  0%] Building CXX object CMakeFiles/pom68k_app.dir/src/ProcessEnvironment.cpp.o
macos	Package universal .app + .dmg	2026-09-07T18:25:52.0215180Z [  2%] Building C object extern/softfloat/CMakeFiles/softfloat68k.dir/softfloat.c.o
macos	Package universal .app + .dmg	2026-09-07T18:25:52.0215610Z [  2%] Building CXX object CMakeFiles/pom68k_app.dir/src/RuntimeConfig.cpp.o
macos	Package universal .app + .dmg	2026-09-07T18:25:52.3925610Z [  3%] Building C object extern/softfloat/CMakeFiles/softfloat68k.dir/softfloat_decimal.c.o
macos	Package universal .app + .dmg	2026-09-07T18:25:52.5490220Z [  4%] Building C object extern/softfloat/CMakeFiles/softfloat68k.dir/softfloat_fpsp.c.o
macos	Package universal .app + .dmg	2026-09-07T18:25:52.7568340Z [  5%] Linking C static library libsoftfloat68k.a
macos	Package universal .app + .dmg	2026-09-07T18:25:52.8729440Z [  5%] Built target softfloat68k
macos	Package universal .app + .dmg	2026-09-07T18:25:52.9140510Z [  6%] Building CXX object CMakeFiles/moira.dir/extern/moira/Moira/Moira.cpp.o
macos	Package universal .app + .dmg	2026-09-07T18:25:54.4312040Z [  7%] Building CXX object CMakeFiles/moira.dir/extern/moira/Moira/MoiraDebugger.cpp.o
macos	Package universal .app + .dmg	2026-09-07T18:25:55.5485910Z [  8%] Building CXX object CMakeFiles/pom68k_app.dir/src/RuntimeConfigProduct.cpp.o
macos	Package universal .app + .dmg	2026-09-07T18:25:56.0730440Z [  9%] Building CXX object CMakeFiles/pom68k_app.dir/src/RuntimeConfigCore.cpp.o
macos	Package universal .app + .dmg	2026-09-07T18:25:58.5660730Z [ 10%] Building CXX object CMakeFiles/pom68k_app.dir/src/RuntimeConfigMachine.cpp.o
macos	Package universal .app + .dmg	2026-09-07T18:25:59.3726710Z [ 11%] Building CXX object CMakeFiles/pom68k_app.dir/src/MachineFactory.cpp.o
macos	Package universal .app + .dmg	2026-09-07T18:26:01.7456460Z [ 12%] Building CXX object CMakeFiles/pom68k_app.dir/src/MachineSession.cpp.o
macos	Package universal .app + .dmg	2026-09-07T18:26:03.8583070Z [ 13%] Linking CXX static library libpom68k_app.a
macos	Package universal .app + .dmg	2026-09-07T18:26:04.0189430Z [ 13%] Built target pom68k_app
macos	Package universal .app + .dmg	2026-09-07T18:27:00.3884350Z [ 14%] Linking CXX static library libmoira.a
macos	Package universal .app + .dmg	2026-09-07T18:27:00.7138240Z [ 14%] Built target moira
macos	Package universal .app + .dmg	2026-09-07T18:27:00.7659270Z [ 14%] Building CXX object CMakeFiles/pom68k_core.dir/src/jit/JitEngineCensus.cpp.o
macos	Package universal .app + .dmg	2026-09-07T18:27:00.7761690Z [ 15%] Building CXX object CMakeFiles/pom68k_core.dir/src/jit/JitEngine.cpp.o
macos	Package universal .app + .dmg	2026-09-07T18:27:00.7819420Z [ 16%] Building CXX object CMakeFiles/pom68k_core.dir/src/jit/JitBlockCache.cpp.o
macos	Package universal .app + .dmg	2026-09-07T18:27:03.0309710Z [ 17%] Building CXX object CMakeFiles/pom68k_core.dir/src/jit/JitShiftVersions.cpp.o
macos	Package universal .app + .dmg	2026-09-07T18:27:03.3593720Z [ 18%] Building CXX object CMakeFiles/pom68k_core.dir/src/jit/JitBackend.cpp.o
macos	Package universal .app + .dmg	2026-09-07T18:27:05.1802060Z [ 19%] Building CXX object CMakeFiles/pom68k_core.dir/src/jit/JitCodeBuffer.cpp.o
macos	Package universal .app + .dmg	2026-09-07T18:27:05.3160800Z [ 20%] Building CXX object CMakeFiles/pom68k_core.dir/src/jit/JitRuntime.cpp.o
macos	Package universal .app + .dmg	2026-09-07T18:27:05.4476420Z [ 21%] Building CXX object CMakeFiles/pom68k_core.dir/src/jit/backends/JitBackendThreaded.cpp.o
macos	Package universal .app + .dmg	2026-09-07T18:27:05.8675450Z [ 22%] Building CXX object CMakeFiles/pom68k_core.dir/src/jit/backends/JitBackendA64.cpp.o
macos	Package universal .app + .dmg	2026-09-07T18:27:06.5178720Z [ 23%] Building CXX object CMakeFiles/pom68k_core.dir/src/SaveState.cpp.o
macos	Package universal .app + .dmg	2026-09-07T18:27:06.7855140Z [ 23%] Building CXX object CMakeFiles/pom68k_core.dir/src/SaveStateMachines.cpp.o
macos	Package universal .app + .dmg	2026-09-07T18:27:08.7724370Z [ 24%] Building CXX object CMakeFiles/pom68k_core.dir/src/Cpu68k.cpp.o
macos	Package universal .app + .dmg	2026-09-07T18:27:10.5208940Z [ 25%] Building CXX object CMakeFiles/pom68k_core.dir/src/MacMemory.cpp.o
macos	Package universal .app + .dmg	2026-09-07T18:27:11.6712560Z [ 26%] Building CXX object CMakeFiles/pom68k_core.dir/src/Via6522.cpp.o
macos	Package universal .app + .dmg	2026-09-07T18:27:12.7485200Z [ 27%] Building CXX object CMakeFiles/pom68k_core.dir/src/Rtc.cpp.o
macos	Package universal .app + .dmg	2026-09-07T18:27:12.8926600Z [ 28%] Building CXX object CMakeFiles/pom68k_core.dir/src/Iwm.cpp.o
macos	Package universal .app + .dmg	2026-09-07T18:27:13.3989690Z [ 29%] Building CXX object CMakeFiles/pom68k_core.dir/src/SonyDrive.cpp.o
macos	Package universal .app + .dmg	2026-09-07T18:27:13.9518360Z [ 30%] Building CXX object CMakeFiles/pom68k_core.dir/src/Scc8530.cpp.o
macos	Package universal .app + .dmg	2026-09-07T18:27:14.0152650Z [ 31%] Building CXX object CMakeFiles/pom68k_core.dir/src/M68hc05.cpp.o
macos	Package universal .app + .dmg	2026-09-07T18:27:15.4532710Z [ 32%] Building CXX object CMakeFiles/pom68k_core.dir/src/R65c02.cpp.o
macos	Package universal .app + .dmg	2026-09-07T18:27:15.7795970Z [ 32%] Building CXX object CMakeFiles/pom68k_core.dir/src/ApplePic.cpp.o
macos	Package universal .app + .dmg	2026-09-07T18:27:16.3451920Z [ 33%] Building CXX object CMakeFiles/pom68k_core.dir/src/IIfxMemory.cpp.o
macos	Package universal .app + .dmg	2026-09-07T18:27:18.5653000Z [ 34%] Building CXX object CMakeFiles/pom68k_core.dir/src/IIfxCpu.cpp.o
macos	Package universal .app + .dmg	2026-09-07T18:27:18.8821440Z [ 35%] Building CXX object CMakeFiles/pom68k_core.dir/src/CudaLle.cpp.o
macos	Package universal .app + .dmg	2026-09-07T18:27:21.8931880Z [ 36%] Building CXX object CMakeFiles/pom68k_core.dir/src/LtoUdp.cpp.o
macos	Package universal .app + .dmg	2026-09-07T18:27:22.1590360Z [ 37%] Building CXX object CMakeFiles/pom68k_core.dir/src/AtalkStack.cpp.o
macos	Package universal .app + .dmg	2026-09-07T18:27:22.3066660Z [ 38%] Building CXX object CMakeFiles/pom68k_core.dir/src/AfpServer.cpp.o
macos	Package universal .app + .dmg	2026-09-07T18:27:23.4172470Z [ 39%] Building CXX object CMakeFiles/pom68k_core.dir/src/PapServer.cpp.o
macos	Package universal .app + .dmg	2026-09-07T18:27:26.0879290Z [ 40%] Building CXX object CMakeFiles/pom68k_core.dir/src/MacIpGateway.cpp.o
macos	Package universal .app + .dmg	2026-09-07T18:27:27.2744910Z [ 40%] Building CXX object CMakeFiles/pom68k_core.dir/src/MacInput.cpp.o
macos	Package universal .app + .dmg	2026-09-07T18:27:27.4550630Z [ 41%] Building CXX object CMakeFiles/pom68k_core.dir/src/ScsiDisk.cpp.o
macos	Package universal .app + .dmg	2026-09-07T18:27:28.8988550Z [ 42%] Building CXX object CMakeFiles/pom68k_core.dir/src/DaynaPort.cpp.o
macos	Package universal .app + .dmg	2026-09-07T18:27:29.5514670Z [ 43%] Building CXX object CMakeFiles/pom68k_core.dir/src/EtherLink.cpp.o
macos	Package universal .app + .dmg	2026-09-07T18:27:30.7492240Z [ 44%] Building CXX object CMakeFiles/pom68k_core.dir/src/Ncr5380.cpp.o
macos	Package universal .app + .dmg	2026-09-07T18:27:31.2136920Z [ 45%] Building CXX object CMakeFiles/pom68k_core.dir/src/Ncr53c96.cpp.o
macos	Package universal .app + .dmg	2026-09-07T18:27:32.0167510Z [ 46%] Building CXX object CMakeFiles/pom68k_core.dir/src/PseudoVia.cpp.o
macos	Package universal .app + .dmg	2026-09-07T18:27:33.3189560Z [ 47%] Building CXX object CMakeFiles/pom68k_core.dir/src/V8Memory.cpp.o
macos	Package universal .app + .dmg	2026-09-07T18:27:33.8262670Z [ 48%] Building CXX object CMakeFiles/pom68k_core.dir/src/Cpu030.cpp.o
macos	Package universal .app + .dmg	2026-09-07T18:27:33.8766710Z [ 48%] Building CXX object CMakeFiles/pom68k_core.dir/src/Egret.cpp.o
macos	Package universal .app + .dmg	2026-09-07T18:27:36.2449550Z [ 49%] Building CXX object CMakeFiles/pom68k_core.dir/src/AdbBus.cpp.o
macos	Package universal .app + .dmg	2026-09-07T18:27:37.2643840Z [ 50%] Building CXX object CMakeFiles/pom68k_core.dir/src/Asc.cpp.o
macos	Package universal .app + .dmg	2026-09-07T18:27:38.1649970Z [ 51%] Building CXX object CMakeFiles/pom68k_core.dir/src/Swim1.cpp.o
macos	Package universal .app + .dmg	2026-09-07T18:27:39.1541010Z [ 52%] Building CXX object CMakeFiles/pom68k_core.dir/src/Swim2.cpp.o
macos	Package universal .app + .dmg	2026-09-07T18:27:40.0149010Z [ 53%] Building CXX object CMakeFiles/pom68k_core.dir/src/SonoraMemory.cpp.o
macos	Package universal .app + .dmg	2026-09-07T18:27:40.1935050Z [ 54%] Building CXX object CMakeFiles/pom68k_core.dir/src/SonoraCpu.cpp.o
macos	Package universal .app + .dmg	2026-09-07T18:27:41.0538300Z [ 55%] Building CXX object CMakeFiles/pom68k_core.dir/src/VaspMemory.cpp.o
macos	Package universal .app + .dmg	2026-09-07T18:27:43.3505080Z [ 56%] Building CXX object CMakeFiles/pom68k_core.dir/src/VaspCpu.cpp.o
macos	Package universal .app + .dmg	2026-09-07T18:27:44.2132870Z [ 57%] Building CXX object CMakeFiles/pom68k_core.dir/src/MscMemory.cpp.o
macos	Package universal .app + .dmg	2026-09-07T18:27:45.5218300Z [ 57%] Building CXX object CMakeFiles/pom68k_core.dir/src/MscCpu.cpp.o
macos	Package universal .app + .dmg	2026-09-07T18:27:46.2366960Z [ 58%] Building CXX object CMakeFiles/pom68k_core.dir/src/M68hc05Pge.cpp.o
macos	Package universal .app + .dmg	2026-09-07T18:27:48.7760160Z [ 59%] Building CXX object CMakeFiles/pom68k_core.dir/src/PgePmu.cpp.o
macos	Package universal .app + .dmg	2026-09-07T18:27:48.8672880Z [ 60%] Building CXX object CMakeFiles/pom68k_core.dir/src/RbvMemory.cpp.o
macos	Package universal .app + .dmg	2026-09-07T18:27:48.8993870Z [ 61%] Building CXX object CMakeFiles/pom68k_core.dir/src/RbvCpu.cpp.o
macos	Package universal .app + .dmg	2026-09-07T18:27:52.0466640Z [ 62%] Building CXX object CMakeFiles/pom68k_core.dir/src/CentrisMemory.cpp.o
macos	Package universal .app + .dmg	2026-09-07T18:27:52.5353980Z [ 63%] Building CXX object CMakeFiles/pom68k_core.dir/src/CentrisCpu.cpp.o
macos	Package universal .app + .dmg	2026-09-07T18:27:53.8705710Z [ 64%] Building CXX object CMakeFiles/pom68k_core.dir/src/Q630Memory.cpp.o
macos	Package universal .app + .dmg	2026-09-07T18:27:56.5125790Z [ 65%] Building CXX object CMakeFiles/pom68k_core.dir/src/Q630Cpu.cpp.o
macos	Package universal .app + .dmg	2026-09-07T18:27:56.7840760Z [ 65%] Building CXX object CMakeFiles/pom68k_core.dir/src/Valkyrie.cpp.o
macos	Package universal .app + .dmg	2026-09-07T18:27:58.6886820Z [ 66%] Building CXX object CMakeFiles/pom68k_core.dir/src/Q700Memory.cpp.o
macos	Package universal .app + .dmg	2026-09-07T18:27:59.4800540Z [ 67%] Building CXX object CMakeFiles/pom68k_core.dir/src/Q700Cpu.cpp.o
macos	Package universal .app + .dmg	2026-09-07T18:28:00.1275280Z [ 68%] Building CXX object CMakeFiles/pom68k_core.dir/src/Q605Memory.cpp.o
macos	Package universal .app + .dmg	2026-09-07T18:28:02.6502060Z [ 69%] Building CXX object CMakeFiles/pom68k_core.dir/src/Dafb.cpp.o
macos	Package universal .app + .dmg	2026-09-07T18:28:04.0144110Z [ 70%] Building CXX object CMakeFiles/pom68k_core.dir/src/Cpu040.cpp.o
macos	Package universal .app + .dmg	2026-09-07T18:28:04.5093000Z [ 71%] Building CXX object CMakeFiles/pom68k_core.dir/src/DeclRom.cpp.o
macos	Package universal .app + .dmg	2026-09-07T18:28:04.9751580Z [ 72%] Building CXX object CMakeFiles/pom68k_core.dir/src/NuBus.cpp.o
macos	Package universal .app + .dmg	2026-09-07T18:28:06.4475520Z [ 73%] Building CXX object CMakeFiles/pom68k_core.dir/src/TobyVideo.cpp.o
macos	Package universal .app + .dmg	2026-09-07T18:28:06.6577070Z [ 73%] Building CXX object CMakeFiles/pom68k_core.dir/src/MacIIMemory.cpp.o
macos	Package universal .app + .dmg	2026-09-07T18:28:07.0412650Z [ 74%] Building CXX object CMakeFiles/pom68k_core.dir/src/Cpu020.cpp.o
macos	Package universal .app + .dmg	2026-09-07T18:28:07.9651550Z [ 75%] Building CXX object CMakeFiles/pom68k_core.dir/src/AdbVia.cpp.o
macos	Package universal .app + .dmg	2026-09-07T18:28:10.1884670Z [ 76%] Building CXX object CMakeFiles/pom68k_core.dir/src/Pic1654s.cpp.o
macos	Package universal .app + .dmg	2026-09-07T18:28:10.8513890Z [ 77%] Building CXX object CMakeFiles/pom68k_core.dir/src/AdbLine.cpp.o
macos	Package universal .app + .dmg	2026-09-07T18:28:12.5827390Z [ 78%] Linking CXX static library libpom68k_core.a
macos	Package universal .app + .dmg	2026-09-07T18:28:13.1569570Z [ 78%] Built target pom68k_core
macos	Package universal .app + .dmg	2026-09-07T18:28:13.1927850Z [ 78%] Building CXX object CMakeFiles/POM68K.dir/src/main.cpp.o
macos	Package universal .app + .dmg	2026-09-07T18:28:13.1930310Z [ 80%] Building CXX object CMakeFiles/POM68K.dir/src/GuiHostServices.cpp.o
macos	Package universal .app + .dmg	2026-09-07T18:28:13.2020430Z [ 80%] Building CXX object CMakeFiles/POM68K.dir/src/GuiMachineRuntime.cpp.o
macos	Package universal .app + .dmg	2026-09-07T18:28:16.1224950Z [ 81%] Building CXX object CMakeFiles/POM68K.dir/src/GuiShell.cpp.o
macos	Package universal .app + .dmg	2026-09-07T18:28:17.8885980Z [ 82%] Building CXX object CMakeFiles/POM68K.dir/src/GuiSmokeScenario.cpp.o
macos	Package universal .app + .dmg	2026-09-07T18:28:18.1112020Z [ 83%] Building CXX object CMakeFiles/POM68K.dir/src/PlatformComposers.cpp.o
macos	Package universal .app + .dmg	2026-09-07T18:28:21.3204360Z [ 84%] Building CXX object CMakeFiles/POM68K.dir/src/PlatformCompact.cpp.o
macos	Package universal .app + .dmg	2026-09-07T18:28:22.1189660Z [ 85%] Building CXX object CMakeFiles/POM68K.dir/src/PlatformToby.cpp.o
macos	Package universal .app + .dmg	2026-09-07T18:28:22.9063610Z [ 86%] Building CXX object CMakeFiles/POM68K.dir/src/PlatformV8.cpp.o
macos	Package universal .app + .dmg	2026-09-07T18:28:31.0834360Z [ 86%] Building CXX object CMakeFiles/POM68K.dir/src/PlatformSonora.cpp.o
macos	Package universal .app + .dmg	2026-09-07T18:28:32.9161600Z [ 87%] Building CXX object CMakeFiles/POM68K.dir/src/PlatformDafb.cpp.o
macos	Package universal .app + .dmg	2026-09-07T18:28:34.6402990Z [ 88%] Building CXX object CMakeFiles/POM68K.dir/src/PlatformDuo.cpp.o
macos	Package universal .app + .dmg	2026-09-07T18:28:41.9083600Z [ 89%] Building CXX object CMakeFiles/POM68K.dir/src/miniaudio_impl.cpp.o
macos	Package universal .app + .dmg	2026-09-07T18:28:45.1681990Z [ 90%] Building CXX object CMakeFiles/POM68K.dir/src/FloppySound.cpp.o
macos	Package universal .app + .dmg	2026-09-07T18:28:47.3969770Z [ 91%] Building CXX object CMakeFiles/POM68K.dir/src/DiskBays.cpp.o
macos	Package universal .app + .dmg	2026-09-07T18:28:50.1430060Z [ 92%] Building CXX object CMakeFiles/POM68K.dir/src/PeripheralWindow.cpp.o
macos	Package universal .app + .dmg	2026-09-07T18:28:50.1737010Z [ 93%] Building CXX object CMakeFiles/POM68K.dir/src/DockLayout.cpp.o
macos	Package universal .app + .dmg	2026-09-07T18:28:51.6635820Z [ 94%] Building CXX object CMakeFiles/POM68K.dir/imgui/imgui.cpp.o
macos	Package universal .app + .dmg	2026-09-07T18:28:51.6840980Z [ 94%] Building CXX object CMakeFiles/POM68K.dir/imgui/imgui_demo.cpp.o
macos	Package universal .app + .dmg	2026-09-07T18:28:53.2521070Z [ 95%] Building CXX object CMakeFiles/POM68K.dir/imgui/imgui_draw.cpp.o
macos	Package universal .app + .dmg	2026-09-07T18:28:53.3721820Z [ 96%] Building CXX object CMakeFiles/POM68K.dir/imgui/imgui_tables.cpp.o
macos	Package universal .app + .dmg	2026-09-07T18:28:54.5988000Z [ 97%] Building CXX object CMakeFiles/POM68K.dir/imgui/imgui_widgets.cpp.o
macos	Package universal .app + .dmg	2026-09-07T18:28:55.9783360Z [ 98%] Building CXX object CMakeFiles/POM68K.dir/imgui/backends/imgui_impl_glfw.cpp.o
macos	Package universal .app + .dmg	2026-09-07T18:28:56.8612990Z [ 99%] Building CXX object CMakeFiles/POM68K.dir/imgui/backends/imgui_impl_opengl3.cpp.o
macos	Package universal .app + .dmg	2026-09-07T18:28:57.7784410Z [100%] Linking CXX executable POM68K
macos	Package universal .app + .dmg	2026-09-07T18:31:11.1910680Z [100%] Built target POM68K
macos	Package universal .app + .dmg	2026-09-07T18:31:11.2211590Z ==> Staging dist/POM68K.app
macos	Package universal .app + .dmg	2026-09-07T18:31:13.3665190Z dist/POM68K.app/Contents/MacOS/POM68K-bin (architecture x86_64):
macos	Package universal .app + .dmg	2026-09-07T18:31:13.3666590Z 	/System/Library/Frameworks/OpenGL.framework/Versions/A/OpenGL (compatibility version 1.0.0, current version 1.0.0)
macos	Package universal .app + .dmg	2026-09-07T18:31:13.3667400Z 	/System/Library/Frameworks/Cocoa.framework/Versions/A/Cocoa (compatibility version 1.0.0, current version 24.0.0)
macos	Package universal .app + .dmg	2026-09-07T18:31:13.3668230Z 	/System/Library/Frameworks/IOKit.framework/Versions/A/IOKit (compatibility version 1.0.0, current version 275.0.0)
macos	Package universal .app + .dmg	2026-09-07T18:31:13.3669170Z 	/System/Library/Frameworks/CoreFoundation.framework/Versions/A/CoreFoundation (compatibility version 150.0.0, current version 3502.1.255)
macos	Package universal .app + .dmg	2026-09-07T18:31:13.3670070Z 	/usr/lib/libc++.1.dylib (compatibility version 1.0.0, current version 1900.180.0)
macos	Package universal .app + .dmg	2026-09-07T18:31:13.3670590Z 	/usr/lib/libSystem.B.dylib (compatibility version 1.0.0, current version 1351.0.0)
macos	Package universal .app + .dmg	2026-09-07T18:31:13.3671550Z 	/System/Library/Frameworks/AppKit.framework/Versions/C/AppKit (compatibility version 45.0.0, current version 2575.60.5)
macos	Package universal .app + .dmg	2026-09-07T18:31:13.3672380Z 	/System/Library/Frameworks/CoreGraphics.framework/Versions/A/CoreGraphics (compatibility version 64.0.0, current version 1889.5.3)
macos	Package universal .app + .dmg	2026-09-07T18:31:13.3673460Z 	/System/Library/Frameworks/CoreServices.framework/Versions/A/CoreServices (compatibility version 1.0.0, current version 1226.0.0)
macos	Package universal .app + .dmg	2026-09-07T18:31:13.3674300Z 	/System/Library/Frameworks/Foundation.framework/Versions/C/Foundation (compatibility version 300.0.0, current version 3502.1.255)
macos	Package universal .app + .dmg	2026-09-07T18:31:13.3675070Z 	/usr/lib/libobjc.A.dylib (compatibility version 1.0.0, current version 228.0.0)
macos	Package universal .app + .dmg	2026-09-07T18:31:13.3675600Z dist/POM68K.app/Contents/MacOS/POM68K-bin (architecture arm64):
macos	Package universal .app + .dmg	2026-09-07T18:31:13.3676340Z 	/System/Library/Frameworks/OpenGL.framework/Versions/A/OpenGL (compatibility version 1.0.0, current version 1.0.0)
macos	Package universal .app + .dmg	2026-09-07T18:31:13.3678500Z 	/System/Library/Frameworks/Cocoa.framework/Versions/A/Cocoa (compatibility version 1.0.0, current version 24.0.0)
macos	Package universal .app + .dmg	2026-09-07T18:31:13.3679260Z 	/System/Library/Frameworks/IOKit.framework/Versions/A/IOKit (compatibility version 1.0.0, current version 275.0.0)
macos	Package universal .app + .dmg	2026-09-07T18:31:13.3686560Z 	/System/Library/Frameworks/CoreFoundation.framework/Versions/A/CoreFoundation (compatibility version 150.0.0, current version 3502.1.255)
macos	Package universal .app + .dmg	2026-09-07T18:31:13.3688620Z 	/usr/lib/libc++.1.dylib (compatibility version 1.0.0, current version 1900.180.0)
macos	Package universal .app + .dmg	2026-09-07T18:31:13.3689630Z 	/usr/lib/libSystem.B.dylib (compatibility version 1.0.0, current version 1351.0.0)
macos	Package universal .app + .dmg	2026-09-07T18:31:13.3690720Z 	/System/Library/Frameworks/AppKit.framework/Versions/C/AppKit (compatibility version 45.0.0, current version 2575.60.5)
macos	Package universal .app + .dmg	2026-09-07T18:31:13.3691640Z 	/System/Library/Frameworks/CoreGraphics.framework/Versions/A/CoreGraphics (compatibility version 64.0.0, current version 1889.5.3)
macos	Package universal .app + .dmg	2026-09-07T18:31:13.3692660Z 	/System/Library/Frameworks/CoreServices.framework/Versions/A/CoreServices (compatibility version 1.0.0, current version 1226.0.0)
macos	Package universal .app + .dmg	2026-09-07T18:31:13.3693720Z 	/System/Library/Frameworks/Foundation.framework/Versions/C/Foundation (compatibility version 300.0.0, current version 3502.1.255)
macos	Package universal .app + .dmg	2026-09-07T18:31:13.3694640Z 	/usr/lib/libobjc.A.dylib (compatibility version 1.0.0, current version 228.0.0)
macos	Package universal .app + .dmg	2026-09-07T18:31:13.3864550Z Architectures in the fat file: dist/POM68K.app/Contents/MacOS/POM68K-bin are: x86_64 arm64 
macos	Package universal .app + .dmg	2026-09-07T18:31:13.4641920Z OK: bundle binary is self-contained
macos	Package universal .app + .dmg	2026-09-07T18:31:18.8585940Z created: /Users/runner/work/pom68k/pom68k/dist/POM68K-macOS-v0.1.0.dmg
macos	Package universal .app + .dmg	2026-09-07T18:31:18.8686840Z OK: dist/POM68K-macOS-v0.1.0.dmg
macos	Run the asset-free tier in the release configuration	﻿2026-09-07T18:31:18.8818710Z ##[group]Run set -euo pipefail
macos	Run the asset-free tier in the release configuration	2026-09-07T18:31:18.8819430Z ^[[36;1mset -euo pipefail^[[0m
macos	Run the asset-free tier in the release configuration	2026-09-07T18:31:18.8819790Z ^[[36;1mcmake -S . -B build-tests -DCMAKE_BUILD_TYPE=Release \^[[0m
macos	Run the asset-free tier in the release configuration	2026-09-07T18:31:18.8820260Z ^[[36;1m    -DPOM68K_NATIVE=OFF -DPOM68K_LTO=OFF -DPOM68K_TESTS=ON^[[0m
macos	Run the asset-free tier in the release configuration	2026-09-07T18:31:18.8820700Z ^[[36;1mcmake --build build-tests -j"$(sysctl -n hw.ncpu)"^[[0m
macos	Run the asset-free tier in the release configuration	2026-09-07T18:31:18.8821220Z ^[[36;1mctest --test-dir build-tests -L asset-none -j 4 --output-on-failure \^[[0m
macos	Run the asset-free tier in the release configuration	2026-09-07T18:31:18.8821720Z ^[[36;1m    -E '^(gui_smoke_test|ltoudp_test)$'^[[0m
macos	Run the asset-free tier in the release configuration	2026-09-07T18:31:18.9013510Z shell: /bin/bash -e {0}
macos	Run the asset-free tier in the release configuration	2026-09-07T18:31:18.9013890Z env:
macos	Run the asset-free tier in the release configuration	2026-09-07T18:31:18.9014110Z   IMGUI_TAG: v1.92.8-docking
macos	Run the asset-free tier in the release configuration	2026-09-07T18:31:18.9014520Z   CMAKE_PREFIX_PATH: /Users/runner/work/pom68k/pom68k/build-universal-deps/glfw
macos	Run the asset-free tier in the release configuration	2026-09-07T18:31:18.9014960Z ##[endgroup]
macos	Run the asset-free tier in the release configuration	2026-09-07T18:31:19.2793730Z -- The CXX compiler identification is AppleClang 17.0.0.17000013
macos	Run the asset-free tier in the release configuration	2026-09-07T18:31:19.3378830Z -- Detecting CXX compiler ABI info
macos	Run the asset-free tier in the release configuration	2026-09-07T18:31:19.5382100Z -- Detecting CXX compiler ABI info - done
macos	Run the asset-free tier in the release configuration	2026-09-07T18:31:19.5601730Z -- Check for working CXX compiler: /usr/bin/c++ - skipped
macos	Run the asset-free tier in the release configuration	2026-09-07T18:31:19.5610050Z -- Detecting CXX compile features
macos	Run the asset-free tier in the release configuration	2026-09-07T18:31:19.5617400Z -- Detecting CXX compile features - done
macos	Run the asset-free tier in the release configuration	2026-09-07T18:31:19.6781140Z -- The C compiler identification is AppleClang 17.0.0.17000013
macos	Run the asset-free tier in the release configuration	2026-09-07T18:31:19.6837630Z -- Detecting C compiler ABI info
macos	Run the asset-free tier in the release configuration	2026-09-07T18:31:19.8580820Z -- Detecting C compiler ABI info - done
macos	Run the asset-free tier in the release configuration	2026-09-07T18:31:19.8742330Z -- Check for working C compiler: /usr/bin/cc - skipped
macos	Run the asset-free tier in the release configuration	2026-09-07T18:31:19.8744680Z -- Detecting C compile features
macos	Run the asset-free tier in the release configuration	2026-09-07T18:31:19.8748310Z -- Detecting C compile features - done
macos	Run the asset-free tier in the release configuration	2026-09-07T18:31:19.8779540Z -- POM68K JIT: threaded backend + aarch64 code generator
macos	Run the asset-free tier in the release configuration	2026-09-07T18:31:19.9783570Z -- Found OpenGL: /Applications/Xcode_16.4.app/Contents/Developer/Platforms/MacOSX.platform/Developer/SDKs/MacOSX.sdk/System/Library/Frameworks/OpenGL.framework
macos	Run the asset-free tier in the release configuration	2026-09-07T18:31:20.0300610Z -- POM68K warnings: -Wall -Wextra (-Werror: OFF)
macos	Run the asset-free tier in the release configuration	2026-09-07T18:31:20.0301160Z -- Configuring done (1.0s)
macos	Run the asset-free tier in the release configuration	2026-09-07T18:31:20.4435000Z -- Generating done (0.4s)
macos	Run the asset-free tier in the release configuration	2026-09-07T18:31:20.4440290Z -- Build files have been written to: /Users/runner/work/pom68k/pom68k/build-tests
macos	Run the asset-free tier in the release configuration	2026-09-07T18:31:20.5290070Z [  0%] Building C object extern/softfloat/CMakeFiles/softfloat68k.dir/softfloat.c.o
macos	Run the asset-free tier in the release configuration	2026-09-07T18:31:20.5291540Z [  1%] Building CXX object CMakeFiles/pom68k_app.dir/src/ProcessEnvironment.cpp.o
macos	Run the asset-free tier in the release configuration	2026-09-07T18:31:20.5312980Z [  1%] Building CXX object CMakeFiles/asset_fingerprint_test.dir/tests/asset_fingerprint_test.cpp.o
macos	Run the asset-free tier in the release configuration	2026-09-07T18:31:21.0487880Z [  1%] Building C object extern/softfloat/CMakeFiles/softfloat68k.dir/softfloat_decimal.c.o
macos	Run the asset-free tier in the release configuration	2026-09-07T18:31:21.1934410Z [  1%] Building C object extern/softfloat/CMakeFiles/softfloat68k.dir/softfloat_fpsp.c.o
macos	Run the asset-free tier in the release configuration	2026-09-07T18:31:21.4772260Z [  1%] Linking C static library libsoftfloat68k.a
macos	Run the asset-free tier in the release configuration	2026-09-07T18:31:21.5728790Z [  1%] Built target softfloat68k
macos	Run the asset-free tier in the release configuration	2026-09-07T18:31:21.5930980Z [  1%] Building CXX object CMakeFiles/pom68k_app.dir/src/RuntimeConfig.cpp.o
macos	Run the asset-free tier in the release configuration	2026-09-07T18:31:21.9919560Z [  1%] Building CXX object CMakeFiles/pom68k_app.dir/src/RuntimeConfigProduct.cpp.o
macos	Run the asset-free tier in the release configuration	2026-09-07T18:31:22.1915300Z [  1%] Linking CXX executable asset_fingerprint_test
macos	Run the asset-free tier in the release configuration	2026-09-07T18:31:22.2755030Z [  1%] Built target asset_fingerprint_test
macos	Run the asset-free tier in the release configuration	2026-09-07T18:31:22.3260910Z [  1%] Building CXX object CMakeFiles/fixture_store_test.dir/tests/fixture_store_test.cpp.o
macos	Run the asset-free tier in the release configuration	2026-09-07T18:31:23.5701530Z [  2%] Building CXX object CMakeFiles/pom68k_app.dir/src/RuntimeConfigCore.cpp.o
macos	Run the asset-free tier in the release configuration	2026-09-07T18:31:23.7248890Z [  2%] Linking CXX executable fixture_store_test
macos	Run the asset-free tier in the release configuration	2026-09-07T18:31:23.8157020Z [  2%] Built target fixture_store_test
macos	Run the asset-free tier in the release configuration	2026-09-07T18:31:23.8360740Z [  2%] Building CXX object CMakeFiles/pom68k_app.dir/src/RuntimeConfigMachine.cpp.o
macos	Run the asset-free tier in the release configuration	2026-09-07T18:31:23.8679380Z [  2%] Building CXX object CMakeFiles/config_test.dir/tests/config_test.cpp.o
macos	Run the asset-free tier in the release configuration	2026-09-07T18:31:25.2412460Z [  2%] Building CXX object CMakeFiles/pom68k_app.dir/src/MachineFactory.cpp.o
macos	Run the asset-free tier in the release configuration	2026-09-07T18:31:25.4241590Z [  2%] Building CXX object CMakeFiles/pom68k_app.dir/src/MachineSession.cpp.o
macos	Run the asset-free tier in the release configuration	2026-09-07T18:31:25.8369910Z [  2%] Linking CXX executable config_test
macos	Run the asset-free tier in the release configuration	2026-09-07T18:31:25.9234350Z [  2%] Built target config_test
macos	Run the asset-free tier in the release configuration	2026-09-07T18:31:25.9737800Z [  2%] Building CXX object CMakeFiles/store_inventory_test.dir/tests/store_inventory_test.cpp.o
macos	Run the asset-free tier in the release configuration	2026-09-07T18:31:26.7694240Z [  2%] Building CXX object CMakeFiles/folderprobe_test.dir/tests/folderprobe_test.cpp.o
macos	Run the asset-free tier in the release configuration	2026-09-07T18:31:26.8515890Z [  2%] Linking CXX static library libpom68k_app.a
macos	Run the asset-free tier in the release configuration	2026-09-07T18:31:26.9373180Z [  2%] Built target pom68k_app
macos	Run the asset-free tier in the release configuration	2026-09-07T18:31:26.9767580Z [  2%] Building CXX object CMakeFiles/moira.dir/extern/moira/Moira/Moira.cpp.o
macos	Run the asset-free tier in the release configuration	2026-09-07T18:31:27.6519310Z [  2%] Linking CXX executable folderprobe_test
macos	Run the asset-free tier in the release configuration	2026-09-07T18:31:27.7552840Z [  2%] Built target folderprobe_test
macos	Run the asset-free tier in the release configuration	2026-09-07T18:31:27.8057420Z [  2%] Building CXX object CMakeFiles/docs_test.dir/tests/docs_test.cpp.o
macos	Run the asset-free tier in the release configuration	2026-09-07T18:31:28.7031970Z [  3%] Linking CXX executable store_inventory_test
macos	Run the asset-free tier in the release configuration	2026-09-07T18:31:28.7990180Z [  3%] Built target store_inventory_test
macos	Run the asset-free tier in the release configuration	2026-09-07T18:31:28.8194860Z [  3%] Building CXX object CMakeFiles/moira.dir/extern/moira/Moira/MoiraDebugger.cpp.o
macos	Run the asset-free tier in the release configuration	2026-09-07T18:31:36.0338300Z [  4%] Linking CXX executable docs_test
macos	Run the asset-free tier in the release configuration	2026-09-07T18:31:36.1455150Z [  4%] Built target docs_test
macos	Run the asset-free tier in the release configuration	2026-09-07T18:33:02.1306770Z [  4%] Linking CXX static library libmoira.a
macos	Run the asset-free tier in the release configuration	2026-09-07T18:33:02.2858400Z [  4%] Built target moira
macos	Run the asset-free tier in the release configuration	2026-09-07T18:33:02.3380170Z [  4%] Building CXX object CMakeFiles/sst68000.dir/tests/sst68000.cpp.o
macos	Run the asset-free tier in the release configuration	2026-09-07T18:33:02.3428170Z [  5%] Building CXX object CMakeFiles/sst68030.dir/tests/sst68030.cpp.o
macos	Run the asset-free tier in the release configuration	2026-09-07T18:33:02.3484460Z [  6%] Building CXX object CMakeFiles/pom68k_core.dir/src/jit/JitEngine.cpp.o
macos	Run the asset-free tier in the release configuration	2026-09-07T18:33:04.5872050Z [  6%] Linking CXX executable sst68000
macos	Run the asset-free tier in the release configuration	2026-09-07T18:33:04.7698340Z [  6%] Linking CXX executable sst68030
macos	Run the asset-free tier in the release configuration	2026-09-07T18:33:04.8563540Z [  6%] Built target sst68000
macos	Run the asset-free tier in the release configuration	2026-09-07T18:33:04.9108200Z [  6%] Building CXX object CMakeFiles/pom68k_core.dir/src/jit/JitEngineCensus.cpp.o
macos	Run the asset-free tier in the release configuration	2026-09-07T18:33:04.9786490Z [  6%] Built target sst68030
macos	Run the asset-free tier in the release configuration	2026-09-07T18:33:05.0360430Z [  6%] Building CXX object CMakeFiles/sst68040.dir/tests/sst68040.cpp.o
macos	Run the asset-free tier in the release configuration	2026-09-07T18:33:06.2585910Z [  6%] Building CXX object CMakeFiles/pom68k_core.dir/src/jit/JitBlockCache.cpp.o
macos	Run the asset-free tier in the release configuration	2026-09-07T18:33:06.5726410Z [  6%] Building CXX object CMakeFiles/pom68k_core.dir/src/jit/JitShiftVersions.cpp.o
macos	Run the asset-free tier in the release configuration	2026-09-07T18:33:07.0604440Z [  6%] Linking CXX executable sst68040
macos	Run the asset-free tier in the release configuration	2026-09-07T18:33:07.1961210Z [  6%] Built target sst68040
macos	Run the asset-free tier in the release configuration	2026-09-07T18:33:07.2427580Z [  6%] Building CXX object CMakeFiles/berr030_test.dir/tests/berr030_test.cpp.o
macos	Run the asset-free tier in the release configuration	2026-09-07T18:33:07.8352040Z [  6%] Building CXX object CMakeFiles/pom68k_core.dir/src/jit/JitBackend.cpp.o
macos	Run the asset-free tier in the release configuration	2026-09-07T18:33:08.0346380Z [  7%] Building CXX object CMakeFiles/pom68k_core.dir/src/jit/JitCodeBuffer.cpp.o
macos	Run the asset-free tier in the release configuration	2026-09-07T18:33:08.1542180Z [  7%] Building CXX object CMakeFiles/pom68k_core.dir/src/jit/JitRuntime.cpp.o
macos	Run the asset-free tier in the release configuration	2026-09-07T18:33:08.4742310Z [  9%] Linking CXX executable berr030_test
macos	Run the asset-free tier in the release configuration	2026-09-07T18:33:08.6225670Z [  9%] Built target berr030_test
macos	Run the asset-free tier in the release configuration	2026-09-07T18:33:08.6721150Z [  9%] Building CXX object CMakeFiles/cache040_test.dir/tests/cache040_test.cpp.o
macos	Run the asset-free tier in the release configuration	2026-09-07T18:33:08.9138980Z [ 10%] Building CXX object CMakeFiles/fpu_sanity.dir/tests/fpu_sanity.cpp.o
macos	Run the asset-free tier in the release configuration	2026-09-07T18:33:09.0258880Z [ 10%] Building CXX object CMakeFiles/pom68k_core.dir/src/jit/backends/JitBackendThreaded.cpp.o
macos	Run the asset-free tier in the release configuration	2026-09-07T18:33:09.8446050Z [ 10%] Linking CXX executable fpu_sanity
macos	Run the asset-free tier in the release configuration	2026-09-07T18:33:09.8547410Z [ 10%] Building CXX object CMakeFiles/pom68k_core.dir/src/jit/backends/JitBackendA64.cpp.o
macos	Run the asset-free tier in the release configuration	2026-09-07T18:33:09.9700540Z [ 10%] Built target fpu_sanity
macos	Run the asset-free tier in the release configuration	2026-09-07T18:33:09.9801080Z [ 10%] Building CXX object CMakeFiles/pom68k_core.dir/src/SaveState.cpp.o
macos	Run the asset-free tier in the release configuration	2026-09-07T18:33:10.3682840Z [ 11%] Linking CXX executable cache040_test
macos	Run the asset-free tier in the release configuration	2026-09-07T18:33:10.4907540Z [ 11%] Built target cache040_test
macos	Run the asset-free tier in the release configuration	2026-09-07T18:33:10.5319820Z [ 11%] Building CXX object CMakeFiles/fpu040_test.dir/tests/fpu040_test.cpp.o
macos	Run the asset-free tier in the release configuration	2026-09-07T18:33:10.7183970Z [ 12%] Building CXX object CMakeFiles/pom68k_core.dir/src/SaveStateMachines.cpp.o
macos	Run the asset-free tier in the release configuration	2026-09-07T18:33:11.3273590Z [ 12%] Linking CXX executable fpu040_test
macos	Run the asset-free tier in the release configuration	2026-09-07T18:33:11.4316580Z [ 12%] Built target fpu040_test
macos	Run the asset-free tier in the release configuration	2026-09-07T18:33:11.4786030Z [ 12%] Building CXX object CMakeFiles/callm_rtm_test.dir/tests/callm_rtm_test.cpp.o
macos	Run the asset-free tier in the release configuration	2026-09-07T18:33:12.4813330Z [ 12%] Linking CXX executable callm_rtm_test
macos	Run the asset-free tier in the release configuration	2026-09-07T18:33:12.6210980Z [ 12%] Built target callm_rtm_test
macos	Run the asset-free tier in the release configuration	2026-09-07T18:33:12.6451360Z [ 12%] Building CXX object CMakeFiles/pom68k_core.dir/src/Cpu68k.cpp.o
macos	Run the asset-free tier in the release configuration	2026-09-07T18:33:12.9301560Z [ 12%] Building CXX object CMakeFiles/pom68k_core.dir/src/MacMemory.cpp.o
macos	Run the asset-free tier in the release configuration	2026-09-07T18:33:14.4545270Z [ 12%] Building CXX object CMakeFiles/pom68k_core.dir/src/Via6522.cpp.o
macos	Run the asset-free tier in the release configuration	2026-09-07T18:33:14.8549350Z [ 12%] Building CXX object CMakeFiles/pom68k_core.dir/src/Rtc.cpp.o
macos	Run the asset-free tier in the release configuration	2026-09-07T18:33:15.0555120Z [ 13%] Building CXX object CMakeFiles/pom68k_core.dir/src/Iwm.cpp.o
macos	Run the asset-free tier in the release configuration	2026-09-07T18:33:15.4864160Z [ 13%] Building CXX object CMakeFiles/pom68k_core.dir/src/SonyDrive.cpp.o
macos	Run the asset-free tier in the release configuration	2026-09-07T18:33:15.5769320Z [ 13%] Building CXX object CMakeFiles/pom68k_core.dir/src/Scc8530.cpp.o
macos	Run the asset-free tier in the release configuration	2026-09-07T18:33:15.9679360Z [ 13%] Building CXX object CMakeFiles/pom68k_core.dir/src/M68hc05.cpp.o
macos	Run the asset-free tier in the release configuration	2026-09-07T18:33:16.5492510Z [ 13%] Building CXX object CMakeFiles/pom68k_core.dir/src/R65c02.cpp.o
macos	Run the asset-free tier in the release configuration	2026-09-07T18:33:16.6740640Z [ 14%] Building CXX object CMakeFiles/pom68k_core.dir/src/ApplePic.cpp.o
macos	Run the asset-free tier in the release configuration	2026-09-07T18:33:16.8010570Z [ 14%] Building CXX object CMakeFiles/pom68k_core.dir/src/IIfxMemory.cpp.o
macos	Run the asset-free tier in the release configuration	2026-09-07T18:33:17.5360320Z [ 14%] Building CXX object CMakeFiles/pom68k_core.dir/src/IIfxCpu.cpp.o
macos	Run the asset-free tier in the release configuration	2026-09-07T18:33:17.5906580Z [ 14%] Building CXX object CMakeFiles/pom68k_core.dir/src/CudaLle.cpp.o
macos	Run the asset-free tier in the release configuration	2026-09-07T18:33:18.7790020Z [ 14%] Building CXX object CMakeFiles/pom68k_core.dir/src/LtoUdp.cpp.o
macos	Run the asset-free tier in the release configuration	2026-09-07T18:33:18.9360600Z [ 15%] Building CXX object CMakeFiles/pom68k_core.dir/src/AtalkStack.cpp.o
macos	Run the asset-free tier in the release configuration	2026-09-07T18:33:19.0954240Z [ 15%] Building CXX object CMakeFiles/pom68k_core.dir/src/AfpServer.cpp.o
macos	Run the asset-free tier in the release configuration	2026-09-07T18:33:19.4920410Z [ 15%] Building CXX object CMakeFiles/pom68k_core.dir/src/PapServer.cpp.o
macos	Run the asset-free tier in the release configuration	2026-09-07T18:33:20.6569570Z [ 15%] Building CXX object CMakeFiles/pom68k_core.dir/src/MacIpGateway.cpp.o
macos	Run the asset-free tier in the release configuration	2026-09-07T18:33:20.9885650Z [ 15%] Building CXX object CMakeFiles/pom68k_core.dir/src/MacInput.cpp.o
macos	Run the asset-free tier in the release configuration	2026-09-07T18:33:21.5657800Z [ 17%] Building CXX object CMakeFiles/pom68k_core.dir/src/ScsiDisk.cpp.o
macos	Run the asset-free tier in the release configuration	2026-09-07T18:33:21.7884730Z [ 17%] Building CXX object CMakeFiles/pom68k_core.dir/src/DaynaPort.cpp.o
macos	Run the asset-free tier in the release configuration	2026-09-07T18:33:22.4000750Z [ 17%] Building CXX object CMakeFiles/pom68k_core.dir/src/EtherLink.cpp.o
macos	Run the asset-free tier in the release configuration	2026-09-07T18:33:22.9078110Z [ 17%] Building CXX object CMakeFiles/pom68k_core.dir/src/Ncr5380.cpp.o
macos	Run the asset-free tier in the release configuration	2026-09-07T18:33:23.4281260Z [ 17%] Building CXX object CMakeFiles/pom68k_core.dir/src/Ncr53c96.cpp.o
macos	Run the asset-free tier in the release configuration	2026-09-07T18:33:23.5548720Z [ 18%] Building CXX object CMakeFiles/pom68k_core.dir/src/PseudoVia.cpp.o
macos	Run the asset-free tier in the release configuration	2026-09-07T18:33:23.8481500Z [ 18%] Building CXX object CMakeFiles/pom68k_core.dir/src/V8Memory.cpp.o
macos	Run the asset-free tier in the release configuration	2026-09-07T18:33:24.0957880Z [ 18%] Building CXX object CMakeFiles/pom68k_core.dir/src/Cpu030.cpp.o
macos	Run the asset-free tier in the release configuration	2026-09-07T18:33:24.3581930Z [ 18%] Building CXX object CMakeFiles/pom68k_core.dir/src/Egret.cpp.o
macos	Run the asset-free tier in the release configuration	2026-09-07T18:33:25.4921510Z [ 19%] Building CXX object CMakeFiles/pom68k_core.dir/src/AdbBus.cpp.o
macos	Run the asset-free tier in the release configuration	2026-09-07T18:33:25.6257210Z [ 19%] Building CXX object CMakeFiles/pom68k_core.dir/src/Asc.cpp.o
macos	Run the asset-free tier in the release configuration	2026-09-07T18:33:26.3205630Z [ 19%] Building CXX object CMakeFiles/pom68k_core.dir/src/Swim1.cpp.o
macos	Run the asset-free tier in the release configuration	2026-09-07T18:33:26.4254140Z [ 19%] Building CXX object CMakeFiles/pom68k_core.dir/src/Swim2.cpp.o
macos	Run the asset-free tier in the release configuration	2026-09-07T18:33:26.8271930Z [ 19%] Building CXX object CMakeFiles/pom68k_core.dir/src/SonoraMemory.cpp.o
macos	Run the asset-free tier in the release configuration	2026-09-07T18:33:26.9742120Z [ 20%] Building CXX object CMakeFiles/pom68k_core.dir/src/SonoraCpu.cpp.o
macos	Run the asset-free tier in the release configuration	2026-09-07T18:33:27.0484990Z [ 20%] Building CXX object CMakeFiles/pom68k_core.dir/src/VaspMemory.cpp.o
macos	Run the asset-free tier in the release configuration	2026-09-07T18:33:28.3464950Z [ 20%] Building CXX object CMakeFiles/pom68k_core.dir/src/VaspCpu.cpp.o
macos	Run the asset-free tier in the release configuration	2026-09-07T18:33:28.8544230Z [ 20%] Building CXX object CMakeFiles/pom68k_core.dir/src/MscMemory.cpp.o
macos	Run the asset-free tier in the release configuration	2026-09-07T18:33:29.1510470Z [ 20%] Building CXX object CMakeFiles/pom68k_core.dir/src/MscCpu.cpp.o
macos	Run the asset-free tier in the release configuration	2026-09-07T18:33:29.5282420Z [ 21%] Building CXX object CMakeFiles/pom68k_core.dir/src/M68hc05Pge.cpp.o
macos	Run the asset-free tier in the release configuration	2026-09-07T18:33:30.2189440Z [ 21%] Building CXX object CMakeFiles/pom68k_core.dir/src/PgePmu.cpp.o
macos	Run the asset-free tier in the release configuration	2026-09-07T18:33:30.4469090Z [ 21%] Building CXX object CMakeFiles/pom68k_core.dir/src/RbvMemory.cpp.o
macos	Run the asset-free tier in the release configuration	2026-09-07T18:33:30.5216330Z [ 21%] Building CXX object CMakeFiles/pom68k_core.dir/src/RbvCpu.cpp.o
macos	Run the asset-free tier in the release configuration	2026-09-07T18:33:31.9293630Z [ 21%] Building CXX object CMakeFiles/pom68k_core.dir/src/CentrisMemory.cpp.o
macos	Run the asset-free tier in the release configuration	2026-09-07T18:33:31.9977310Z [ 22%] Building CXX object CMakeFiles/pom68k_core.dir/src/CentrisCpu.cpp.o
macos	Run the asset-free tier in the release configuration	2026-09-07T18:33:32.6974080Z [ 22%] Building CXX object CMakeFiles/pom68k_core.dir/src/Q630Memory.cpp.o
macos	Run the asset-free tier in the release configuration	2026-09-07T18:33:33.3517200Z [ 22%] Building CXX object CMakeFiles/pom68k_core.dir/src/Q630Cpu.cpp.o
macos	Run the asset-free tier in the release configuration	2026-09-07T18:33:33.6993190Z [ 22%] Building CXX object CMakeFiles/pom68k_core.dir/src/Valkyrie.cpp.o
macos	Run the asset-free tier in the release configuration	2026-09-07T18:33:34.6017160Z [ 22%] Building CXX object CMakeFiles/pom68k_core.dir/src/Q700Memory.cpp.o
macos	Run the asset-free tier in the release configuration	2026-09-07T18:33:35.1045420Z [ 23%] Building CXX object CMakeFiles/pom68k_core.dir/src/Q700Cpu.cpp.o
macos	Run the asset-free tier in the release configuration	2026-09-07T18:33:35.1965470Z [ 23%] Building CXX object CMakeFiles/pom68k_core.dir/src/Q605Memory.cpp.o
macos	Run the asset-free tier in the release configuration	2026-09-07T18:33:36.6639930Z [ 23%] Building CXX object CMakeFiles/pom68k_core.dir/src/Dafb.cpp.o
macos	Run the asset-free tier in the release configuration	2026-09-07T18:33:37.3523310Z [ 23%] Building CXX object CMakeFiles/pom68k_core.dir/src/Cpu040.cpp.o
macos	Run the asset-free tier in the release configuration	2026-09-07T18:33:37.5756870Z [ 23%] Building CXX object CMakeFiles/pom68k_core.dir/src/DeclRom.cpp.o
macos	Run the asset-free tier in the release configuration	2026-09-07T18:33:37.8822620Z [ 25%] Building CXX object CMakeFiles/pom68k_core.dir/src/NuBus.cpp.o
macos	Run the asset-free tier in the release configuration	2026-09-07T18:33:38.8290490Z [ 25%] Building CXX object CMakeFiles/pom68k_core.dir/src/TobyVideo.cpp.o
macos	Run the asset-free tier in the release configuration	2026-09-07T18:33:38.9205940Z [ 25%] Building CXX object CMakeFiles/pom68k_core.dir/src/MacIIMemory.cpp.o
macos	Run the asset-free tier in the release configuration	2026-09-07T18:33:38.9977650Z [ 25%] Building CXX object CMakeFiles/pom68k_core.dir/src/Cpu020.cpp.o
macos	Run the asset-free tier in the release configuration	2026-09-07T18:33:39.7510060Z [ 25%] Building CXX object CMakeFiles/pom68k_core.dir/src/AdbVia.cpp.o
macos	Run the asset-free tier in the release configuration	2026-09-07T18:33:40.5663070Z [ 26%] Building CXX object CMakeFiles/pom68k_core.dir/src/Pic1654s.cpp.o
macos	Run the asset-free tier in the release configuration	2026-09-07T18:33:41.1376020Z [ 26%] Building CXX object CMakeFiles/pom68k_core.dir/src/AdbLine.cpp.o
macos	Run the asset-free tier in the release configuration	2026-09-07T18:33:41.9382060Z [ 26%] Linking CXX static library libpom68k_core.a
macos	Run the asset-free tier in the release configuration	2026-09-07T18:33:42.0477110Z [ 26%] Built target pom68k_core
macos	Run the asset-free tier in the release configuration	2026-09-07T18:33:42.0945630Z [ 26%] Building CXX object CMakeFiles/cpu_smoke.dir/tests/cpu_smoke.cpp.o
macos	Run the asset-free tier in the release configuration	2026-09-07T18:33:42.1049720Z [ 27%] Building CXX object CMakeFiles/demo_screenshot.dir/tests/demo_screenshot.cpp.o
macos	Run the asset-free tier in the release configuration	2026-09-07T18:33:42.1152660Z [ 27%] Building CXX object CMakeFiles/POM68K.dir/src/main.cpp.o
macos	Run the asset-free tier in the release configuration	2026-09-07T18:33:43.2517290Z [ 27%] Building CXX object CMakeFiles/POM68K.dir/src/GuiMachineRuntime.cpp.o
macos	Run the asset-free tier in the release configuration	2026-09-07T18:33:43.6051070Z [ 27%] Linking CXX executable cpu_smoke
macos	Run the asset-free tier in the release configuration	2026-09-07T18:33:43.7655260Z [ 27%] Linking CXX executable demo_screenshot
macos	Run the asset-free tier in the release configuration	2026-09-07T18:33:43.7757300Z [ 27%] Built target cpu_smoke
macos	Run the asset-free tier in the release configuration	2026-09-07T18:33:43.8429960Z [ 27%] Building CXX object CMakeFiles/contention_test.dir/tests/contention_test.cpp.o
macos	Run the asset-free tier in the release configuration	2026-09-07T18:33:43.9214660Z [ 27%] Built target demo_screenshot
macos	Run the asset-free tier in the release configuration	2026-09-07T18:33:43.9856160Z [ 27%] Building CXX object CMakeFiles/rom_boot_etalon.dir/tests/rom_boot_etalon.cpp.o
macos	Run the asset-free tier in the release configuration	2026-09-07T18:33:45.1617150Z [ 28%] Linking CXX executable contention_test
macos	Run the asset-free tier in the release configuration	2026-09-07T18:33:45.2763610Z [ 28%] Built target contention_test
macos	Run the asset-free tier in the release configuration	2026-09-07T18:33:45.3267270Z [ 28%] Building CXX object CMakeFiles/gcr_test.dir/tests/gcr_test.cpp.o
macos	Run the asset-free tier in the release configuration	2026-09-07T18:33:45.9305250Z [ 28%] Building CXX object CMakeFiles/POM68K.dir/src/GuiHostServices.cpp.o
macos	Run the asset-free tier in the release configuration	2026-09-07T18:33:46.1919210Z [ 28%] Linking CXX executable rom_boot_etalon
macos	Run the asset-free tier in the release configuration	2026-09-07T18:33:46.2875160Z [ 28%] Built target rom_boot_etalon
macos	Run the asset-free tier in the release configuration	2026-09-07T18:33:46.3276440Z [ 28%] Building CXX object CMakeFiles/iwm_write_test.dir/tests/iwm_write_test.cpp.o
macos	Run the asset-free tier in the release configuration	2026-09-07T18:33:46.4281010Z [ 28%] Linking CXX executable gcr_test
macos	Run the asset-free tier in the release configuration	2026-09-07T18:33:46.5299550Z [ 28%] Built target gcr_test
macos	Run the asset-free tier in the release configuration	2026-09-07T18:33:46.5848410Z [ 28%] Building CXX object CMakeFiles/iwm_read_test.dir/tests/iwm_read_test.cpp.o
macos	Run the asset-free tier in the release configuration	2026-09-07T18:33:47.3306570Z [ 28%] Linking CXX executable iwm_write_test
macos	Run the asset-free tier in the release configuration	2026-09-07T18:33:47.4416480Z [ 28%] Built target iwm_write_test
macos	Run the asset-free tier in the release configuration	2026-09-07T18:33:47.4924570Z [ 28%] Building CXX object CMakeFiles/swim1_test.dir/tests/swim1_test.cpp.o
macos	Run the asset-free tier in the release configuration	2026-09-07T18:33:47.6390190Z [ 29%] Linking CXX executable iwm_read_test
macos	Run the asset-free tier in the release configuration	2026-09-07T18:33:47.7510970Z [ 29%] Built target iwm_read_test
macos	Run the asset-free tier in the release configuration	2026-09-07T18:33:47.8012720Z [ 29%] Building CXX object CMakeFiles/savestate_test.dir/tests/savestate_test.cpp.o
macos	Run the asset-free tier in the release configuration	2026-09-07T18:33:48.0833520Z [ 29%] Building CXX object CMakeFiles/POM68K.dir/src/GuiShell.cpp.o
macos	Run the asset-free tier in the release configuration	2026-09-07T18:33:48.7386870Z [ 29%] Linking CXX executable swim1_test
macos	Run the asset-free tier in the release configuration	2026-09-07T18:33:48.8509840Z [ 29%] Built target swim1_test
macos	Run the asset-free tier in the release configuration	2026-09-07T18:33:48.8711560Z [ 30%] Building CXX object CMakeFiles/POM68K.dir/src/GuiSmokeScenario.cpp.o
macos	Run the asset-free tier in the release configuration	2026-09-07T18:33:49.0739720Z [ 31%] Linking CXX executable savestate_test
macos	Run the asset-free tier in the release configuration	2026-09-07T18:33:49.1973690Z [ 31%] Built target savestate_test
macos	Run the asset-free tier in the release configuration	2026-09-07T18:33:49.2494300Z [ 31%] Building CXX object CMakeFiles/savestate_v8_test.dir/tests/savestate_v8_test.cpp.o
macos	Run the asset-free tier in the release configuration	2026-09-07T18:33:50.0631530Z [ 31%] Building CXX object CMakeFiles/POM68K.dir/src/PlatformComposers.cpp.o
macos	Run the asset-free tier in the release configuration	2026-09-07T18:33:50.5280980Z [ 31%] Building CXX object CMakeFiles/POM68K.dir/src/PlatformCompact.cpp.o
macos	Run the asset-free tier in the release configuration	2026-09-07T18:33:50.9989360Z [ 31%] Linking CXX executable savestate_v8_test
macos	Run the asset-free tier in the release configuration	2026-09-07T18:33:51.1439340Z [ 31%] Built target savestate_v8_test
macos	Run the asset-free tier in the release configuration	2026-09-07T18:33:51.1940550Z [ 31%] Building CXX object CMakeFiles/savestate_030_test.dir/tests/savestate_030_test.cpp.o
macos	Run the asset-free tier in the release configuration	2026-09-07T18:33:51.6635030Z [ 31%] Building CXX object CMakeFiles/POM68K.dir/src/PlatformToby.cpp.o
macos	Run the asset-free tier in the release configuration	2026-09-07T18:33:52.8732150Z [ 31%] Linking CXX executable savestate_030_test
macos	Run the asset-free tier in the release configuration	2026-09-07T18:33:52.9753040Z [ 31%] Built target savestate_030_test
macos	Run the asset-free tier in the release configuration	2026-09-07T18:33:53.0195360Z [ 32%] Building CXX object CMakeFiles/savestate_040_test.dir/tests/savestate_040_test.cpp.o
macos	Run the asset-free tier in the release configuration	2026-09-07T18:33:53.5882930Z [ 32%] Building CXX object CMakeFiles/POM68K.dir/src/PlatformV8.cpp.o
macos	Run the asset-free tier in the release configuration	2026-09-07T18:33:54.4657180Z [ 32%] Linking CXX executable savestate_040_test
macos	Run the asset-free tier in the release configuration	2026-09-07T18:33:54.5762980Z [ 32%] Built target savestate_040_test
macos	Run the asset-free tier in the release configuration	2026-09-07T18:33:54.6186110Z [ 32%] Building CXX object CMakeFiles/savestate_68k_test.dir/tests/savestate_68k_test.cpp.o
macos	Run the asset-free tier in the release configuration	2026-09-07T18:33:56.3231130Z [ 32%] Linking CXX executable savestate_68k_test
macos	Run the asset-free tier in the release configuration	2026-09-07T18:33:56.4588450Z [ 32%] Built target savestate_68k_test
macos	Run the asset-free tier in the release configuration	2026-09-07T18:33:56.5061750Z [ 34%] Building CXX object CMakeFiles/q605_cudalle_key_etalon.dir/tests/q605_cudalle_key_etalon.cpp.o
macos	Run the asset-free tier in the release configuration	2026-09-07T18:33:56.5470490Z [ 35%] Building CXX object CMakeFiles/POM68K.dir/src/PlatformSonora.cpp.o
macos	Run the asset-free tier in the release configuration	2026-09-07T18:33:58.0093260Z [ 35%] Building CXX object CMakeFiles/POM68K.dir/src/PlatformDafb.cpp.o
macos	Run the asset-free tier in the release configuration	2026-09-07T18:33:58.6010500Z [ 35%] Linking CXX executable q605_cudalle_key_etalon
macos	Run the asset-free tier in the release configuration	2026-09-07T18:33:58.6935760Z [ 35%] Built target q605_cudalle_key_etalon
macos	Run the asset-free tier in the release configuration	2026-09-07T18:33:58.7136310Z [ 35%] Building CXX object CMakeFiles/POM68K.dir/src/PlatformDuo.cpp.o
macos	Run the asset-free tier in the release configuration	2026-09-07T18:34:01.6863080Z [ 35%] Building CXX object CMakeFiles/POM68K.dir/src/miniaudio_impl.cpp.o
macos	Run the asset-free tier in the release configuration	2026-09-07T18:34:03.0530850Z [ 35%] Building CXX object CMakeFiles/POM68K.dir/src/FloppySound.cpp.o
macos	Run the asset-free tier in the release configuration	2026-09-07T18:34:03.7804790Z [ 36%] Building CXX object CMakeFiles/POM68K.dir/src/DiskBays.cpp.o
macos	Run the asset-free tier in the release configuration	2026-09-07T18:34:05.0391090Z [ 36%] Building CXX object CMakeFiles/POM68K.dir/src/PeripheralWindow.cpp.o
macos	Run the asset-free tier in the release configuration	2026-09-07T18:34:05.9556720Z [ 36%] Building CXX object CMakeFiles/POM68K.dir/src/DockLayout.cpp.o
macos	Run the asset-free tier in the release configuration	2026-09-07T18:34:06.1357300Z [ 36%] Building CXX object CMakeFiles/POM68K.dir/imgui/imgui.cpp.o
macos	Run the asset-free tier in the release configuration	2026-09-07T18:34:06.4561780Z [ 36%] Building CXX object CMakeFiles/POM68K.dir/imgui/imgui_demo.cpp.o
macos	Run the asset-free tier in the release configuration	2026-09-07T18:34:07.8564750Z [ 36%] Building CXX object CMakeFiles/disk_boot_etalon.dir/tests/disk_boot_etalon.cpp.o
macos	Run the asset-free tier in the release configuration	2026-09-07T18:34:07.8766530Z [ 37%] Building CXX object CMakeFiles/POM68K.dir/imgui/imgui_draw.cpp.o
macos	Run the asset-free tier in the release configuration	2026-09-07T18:34:09.3861240Z [ 37%] Linking CXX executable disk_boot_etalon
macos	Run the asset-free tier in the release configuration	2026-09-07T18:34:09.5023710Z [ 37%] Built target disk_boot_etalon
macos	Run the asset-free tier in the release configuration	2026-09-07T18:34:09.5427690Z [ 37%] Building CXX object CMakeFiles/system_boot_etalon.dir/tests/system_boot_etalon.cpp.o
macos	Run the asset-free tier in the release configuration	2026-09-07T18:34:10.7436030Z [ 38%] Building CXX object CMakeFiles/scsi_disk_test.dir/tests/scsi_disk_test.cpp.o
macos	Run the asset-free tier in the release configuration	2026-09-07T18:34:10.8794460Z [ 38%] Building CXX object CMakeFiles/POM68K.dir/imgui/imgui_tables.cpp.o
macos	Run the asset-free tier in the release configuration	2026-09-07T18:34:11.3870340Z [ 38%] Linking CXX executable system_boot_etalon
macos	Run the asset-free tier in the release configuration	2026-09-07T18:34:11.5081050Z [ 38%] Built target system_boot_etalon
macos	Run the asset-free tier in the release configuration	2026-09-07T18:34:11.5507980Z [ 38%] Building CXX object CMakeFiles/scsi_target_test.dir/tests/scsi_target_test.cpp.o
macos	Run the asset-free tier in the release configuration	2026-09-07T18:34:11.6373740Z [ 38%] Building CXX object CMakeFiles/POM68K.dir/imgui/imgui_widgets.cpp.o
macos	Run the asset-free tier in the release configuration	2026-09-07T18:34:11.8929810Z [ 38%] Linking CXX executable scsi_disk_test
macos	Run the asset-free tier in the release configuration	2026-09-07T18:34:12.0102680Z [ 38%] Built target scsi_disk_test
macos	Run the asset-free tier in the release configuration	2026-09-07T18:34:12.0615560Z [ 38%] Building CXX object CMakeFiles/sound_test.dir/tests/sound_test.cpp.o
macos	Run the asset-free tier in the release configuration	2026-09-07T18:34:12.6416210Z [ 38%] Linking CXX executable scsi_target_test
macos	Run the asset-free tier in the release configuration	2026-09-07T18:34:12.7253710Z [ 38%] Built target scsi_target_test
macos	Run the asset-free tier in the release configuration	2026-09-07T18:34:12.7728470Z [ 38%] Building CXX object CMakeFiles/ncr5380_test.dir/tests/ncr5380_test.cpp.o
macos	Run the asset-free tier in the release configuration	2026-09-07T18:34:13.5914210Z [ 38%] Linking CXX executable sound_test
macos	Run the asset-free tier in the release configuration	2026-09-07T18:34:13.6637320Z [ 38%] Building CXX object CMakeFiles/POM68K.dir/imgui/backends/imgui_impl_glfw.cpp.o
macos	Run the asset-free tier in the release configuration	2026-09-07T18:34:13.7287750Z [ 38%] Built target sound_test
macos	Run the asset-free tier in the release configuration	2026-09-07T18:34:13.7920140Z [ 38%] Building CXX object CMakeFiles/ncr53c96_test.dir/tests/ncr53c96_test.cpp.o
macos	Run the asset-free tier in the release configuration	2026-09-07T18:34:13.8925130Z [ 38%] Linking CXX executable ncr5380_test
macos	Run the asset-free tier in the release configuration	2026-09-07T18:34:13.9851750Z [ 38%] Built target ncr5380_test
macos	Run the asset-free tier in the release configuration	2026-09-07T18:34:14.0219960Z [ 38%] Building CXX object CMakeFiles/scsi_boot_etalon.dir/tests/scsi_boot_etalon.cpp.o
macos	Run the asset-free tier in the release configuration	2026-09-07T18:34:14.5306010Z [ 38%] Building CXX object CMakeFiles/POM68K.dir/imgui/backends/imgui_impl_opengl3.cpp.o
macos	Run the asset-free tier in the release configuration	2026-09-07T18:34:14.6953740Z [ 39%] Linking CXX executable POM68K
macos	Run the asset-free tier in the release configuration	2026-09-07T18:34:15.0375050Z [ 39%] Built target POM68K
macos	Run the asset-free tier in the release configuration	2026-09-07T18:34:15.0870120Z [ 39%] Building CXX object CMakeFiles/scsi_hfs_facade_test.dir/tests/scsi_hfs_facade_test.cpp.o
macos	Run the asset-free tier in the release configuration	2026-09-07T18:34:15.1147670Z [ 39%] Linking CXX executable ncr53c96_test
macos	Run the asset-free tier in the release configuration	2026-09-07T18:34:15.2071860Z [ 39%] Built target ncr53c96_test
macos	Run the asset-free tier in the release configuration	2026-09-07T18:34:15.2375850Z [ 40%] Building CXX object CMakeFiles/input_etalon.dir/tests/input_etalon.cpp.o
macos	Run the asset-free tier in the release configuration	2026-09-07T18:34:15.7050440Z [ 40%] Linking CXX executable scsi_boot_etalon
macos	Run the asset-free tier in the release configuration	2026-09-07T18:34:15.7964400Z [ 40%] Built target scsi_boot_etalon
macos	Run the asset-free tier in the release configuration	2026-09-07T18:34:15.8365800Z [ 40%] Building CXX object CMakeFiles/scc_ext_test.dir/tests/scc_ext_test.cpp.o
macos	Run the asset-free tier in the release configuration	2026-09-07T18:34:16.0252600Z [ 40%] Linking CXX executable scsi_hfs_facade_test
macos	Run the asset-free tier in the release configuration	2026-09-07T18:34:16.1566300Z [ 40%] Built target scsi_hfs_facade_test
macos	Run the asset-free tier in the release configuration	2026-09-07T18:34:16.2087440Z [ 40%] Building CXX object CMakeFiles/llap_loop_test.dir/tests/llap_loop_test.cpp.o
macos	Run the asset-free tier in the release configuration	2026-09-07T18:34:16.8426520Z [ 40%] Linking CXX executable input_etalon
macos	Run the asset-free tier in the release configuration	2026-09-07T18:34:16.9668100Z [ 40%] Built target input_etalon
macos	Run the asset-free tier in the release configuration	2026-09-07T18:34:17.0171520Z [ 42%] Building CXX object CMakeFiles/ltoudp_test.dir/tests/ltoudp_test.cpp.o
macos	Run the asset-free tier in the release configuration	2026-09-07T18:34:17.1445750Z [ 42%] Linking CXX executable scc_ext_test
macos	Run the asset-free tier in the release configuration	2026-09-07T18:34:17.2905960Z [ 42%] Built target scc_ext_test
macos	Run the asset-free tier in the release configuration	2026-09-07T18:34:17.3310790Z [ 42%] Building CXX object CMakeFiles/atalk_stack_test.dir/tests/atalk_stack_test.cpp.o
macos	Run the asset-free tier in the release configuration	2026-09-07T18:34:17.6867170Z [ 42%] Linking CXX executable llap_loop_test
macos	Run the asset-free tier in the release configuration	2026-09-07T18:34:17.7656350Z [ 42%] Built target llap_loop_test
macos	Run the asset-free tier in the release configuration	2026-09-07T18:34:17.8081890Z [ 43%] Building CXX object CMakeFiles/afp_server_test.dir/tests/afp_server_test.cpp.o
macos	Run the asset-free tier in the release configuration	2026-09-07T18:34:18.0116120Z [ 43%] Linking CXX executable ltoudp_test
macos	Run the asset-free tier in the release configuration	2026-09-07T18:34:18.1157750Z [ 43%] Built target ltoudp_test
macos	Run the asset-free tier in the release configuration	2026-09-07T18:34:18.1651200Z [ 44%] Building CXX object CMakeFiles/pap_server_test.dir/tests/pap_server_test.cpp.o
macos	Run the asset-free tier in the release configuration	2026-09-07T18:34:18.6448110Z [ 44%] Linking CXX executable atalk_stack_test
macos	Run the asset-free tier in the release configuration	2026-09-07T18:34:18.7526370Z [ 44%] Built target atalk_stack_test
macos	Run the asset-free tier in the release configuration	2026-09-07T18:34:18.8275240Z [ 44%] Building CXX object CMakeFiles/macip_gw_test.dir/tests/macip_gw_test.cpp.o
macos	Run the asset-free tier in the release configuration	2026-09-07T18:34:19.6428530Z [ 44%] Linking CXX executable afp_server_test
macos	Run the asset-free tier in the release configuration	2026-09-07T18:34:19.7296890Z [ 44%] Built target afp_server_test
macos	Run the asset-free tier in the release configuration	2026-09-07T18:34:19.7599830Z [ 44%] Building CXX object CMakeFiles/daynaport_test.dir/tests/daynaport_test.cpp.o
macos	Run the asset-free tier in the release configuration	2026-09-07T18:34:19.8643630Z [ 44%] Linking CXX executable pap_server_test
macos	Run the asset-free tier in the release configuration	2026-09-07T18:34:19.9516860Z [ 44%] Built target pap_server_test
macos	Run the asset-free tier in the release configuration	2026-09-07T18:34:19.9919500Z [ 45%] Building CXX object CMakeFiles/machinehost_test.dir/tests/machinehost_test.cpp.o
macos	Run the asset-free tier in the release configuration	2026-09-07T18:34:20.0626630Z [ 45%] Linking CXX executable macip_gw_test
macos	Run the asset-free tier in the release configuration	2026-09-07T18:34:20.1415730Z [ 45%] Built target macip_gw_test
macos	Run the asset-free tier in the release configuration	2026-09-07T18:34:20.1851390Z [ 45%] Building CXX object CMakeFiles/input_journal_test.dir/tests/input_journal_test.cpp.o
macos	Run the asset-free tier in the release configuration	2026-09-07T18:34:20.8715720Z [ 45%] Linking CXX executable daynaport_test
macos	Run the asset-free tier in the release configuration	2026-09-07T18:34:20.9615910Z [ 45%] Built target daynaport_test
macos	Run the asset-free tier in the release configuration	2026-09-07T18:34:21.0018180Z [ 45%] Building CXX object CMakeFiles/peripheral_lle_test.dir/tests/peripheral_lle_test.cpp.o
macos	Run the asset-free tier in the release configuration	2026-09-07T18:34:21.6745300Z [ 45%] Linking CXX executable input_journal_test
macos	Run the asset-free tier in the release configuration	2026-09-07T18:34:21.7863280Z [ 45%] Built target input_journal_test
macos	Run the asset-free tier in the release configuration	2026-09-07T18:34:21.8296560Z [ 45%] Building CXX object CMakeFiles/llap_two_system_etalon.dir/tests/llap_two_system_etalon.cpp.o
macos	Run the asset-free tier in the release configuration	2026-09-07T18:34:22.0816780Z [ 45%] Linking CXX executable machinehost_test
macos	Run the asset-free tier in the release configuration	2026-09-07T18:34:22.2286210Z [ 45%] Built target machinehost_test
macos	Run the asset-free tier in the release configuration	2026-09-07T18:34:22.2789560Z [ 45%] Building CXX object CMakeFiles/cpu_wrapper_smoke.dir/tests/cpu_wrapper_smoke.cpp.o
macos	Run the asset-free tier in the release configuration	2026-09-07T18:34:22.4441290Z [ 45%] Linking CXX executable peripheral_lle_test
macos	Run the asset-free tier in the release configuration	2026-09-07T18:34:22.5579720Z [ 45%] Built target peripheral_lle_test
macos	Run the asset-free tier in the release configuration	2026-09-07T18:34:22.6002990Z [ 45%] Building CXX object CMakeFiles/pseudovia_test.dir/tests/pseudovia_test.cpp.o
macos	Run the asset-free tier in the release configuration	2026-09-07T18:34:23.5188680Z [ 45%] Linking CXX executable pseudovia_test
macos	Run the asset-free tier in the release configuration	2026-09-07T18:34:23.5637940Z [ 45%] Linking CXX executable llap_two_system_etalon
macos	Run the asset-free tier in the release configuration	2026-09-07T18:34:23.6247320Z [ 45%] Built target pseudovia_test
macos	Run the asset-free tier in the release configuration	2026-09-07T18:34:23.6952000Z [ 45%] Building CXX object CMakeFiles/v8_ramsize.dir/tests/v8_ramsize.cpp.o
macos	Run the asset-free tier in the release configuration	2026-09-07T18:34:23.7054100Z [ 45%] Built target llap_two_system_etalon
macos	Run the asset-free tier in the release configuration	2026-09-07T18:34:23.7934960Z [ 45%] Building CXX object CMakeFiles/flux_pll_test.dir/tests/flux_pll_test.cpp.o
macos	Run the asset-free tier in the release configuration	2026-09-07T18:34:24.2612690Z [ 45%] Linking CXX executable cpu_wrapper_smoke
macos	Run the asset-free tier in the release configuration	2026-09-07T18:34:24.4347120Z [ 45%] Built target cpu_wrapper_smoke
macos	Run the asset-free tier in the release configuration	2026-09-07T18:34:24.5193680Z [ 45%] Building CXX object CMakeFiles/valkyrie_i2c_test.dir/tests/valkyrie_i2c_test.cpp.o
macos	Run the asset-free tier in the release configuration	2026-09-07T18:34:24.8350440Z [ 46%] Linking CXX executable flux_pll_test
macos	Run the asset-free tier in the release configuration	2026-09-07T18:34:24.9283630Z [ 46%] Built target flux_pll_test
macos	Run the asset-free tier in the release configuration	2026-09-07T18:34:24.9698690Z [ 46%] Building CXX object CMakeFiles/valkyrie_test.dir/tests/valkyrie_test.cpp.o
macos	Run the asset-free tier in the release configuration	2026-09-07T18:34:25.1134130Z [ 46%] Linking CXX executable valkyrie_i2c_test
macos	Run the asset-free tier in the release configuration	2026-09-07T18:34:25.1916640Z [ 46%] Built target valkyrie_i2c_test
macos	Run the asset-free tier in the release configuration	2026-09-07T18:34:25.2228160Z [ 46%] Building CXX object CMakeFiles/scc_int_test.dir/tests/scc_int_test.cpp.o
macos	Run the asset-free tier in the release configuration	2026-09-07T18:34:25.3085320Z [ 46%] Linking CXX executable v8_ramsize
macos	Run the asset-free tier in the release configuration	2026-09-07T18:34:25.3930440Z [ 46%] Built target v8_ramsize
macos	Run the asset-free tier in the release configuration	2026-09-07T18:34:25.4336970Z [ 46%] Building CXX object CMakeFiles/via6522_parity_test.dir/tests/via6522_parity_test.cpp.o
macos	Run the asset-free tier in the release configuration	2026-09-07T18:34:25.5650520Z [ 47%] Linking CXX executable valkyrie_test
macos	Run the asset-free tier in the release configuration	2026-09-07T18:34:25.6444570Z [ 47%] Built target valkyrie_test
macos	Run the asset-free tier in the release configuration	2026-09-07T18:34:25.6863440Z [ 47%] Building CXX object CMakeFiles/rtc_pram_test.dir/tests/rtc_pram_test.cpp.o
macos	Run the asset-free tier in the release configuration	2026-09-07T18:34:25.8664260Z [ 48%] Linking CXX executable scc_int_test
macos	Run the asset-free tier in the release configuration	2026-09-07T18:34:25.9469690Z [ 48%] Built target scc_int_test
macos	Run the asset-free tier in the release configuration	2026-09-07T18:34:25.9973170Z [ 48%] Building CXX object CMakeFiles/ncr53c96_queue_test.dir/tests/ncr53c96_queue_test.cpp.o
macos	Run the asset-free tier in the release configuration	2026-09-07T18:34:26.0704000Z [ 48%] Linking CXX executable via6522_parity_test
macos	Run the asset-free tier in the release configuration	2026-09-07T18:34:26.1589470Z [ 48%] Built target via6522_parity_test
macos	Run the asset-free tier in the release configuration	2026-09-07T18:34:26.2007990Z [ 50%] Building CXX object CMakeFiles/msc_parity_test.dir/tests/msc_parity_test.cpp.o
macos	Run the asset-free tier in the release configuration	2026-09-07T18:34:26.7966690Z [ 50%] Linking CXX executable rtc_pram_test
macos	Run the asset-free tier in the release configuration	2026-09-07T18:34:26.8951410Z [ 50%] Built target rtc_pram_test
macos	Run the asset-free tier in the release configuration	2026-09-07T18:34:26.9393550Z [ 50%] Building CXX object CMakeFiles/asc_easc_test.dir/tests/asc_easc_test.cpp.o
macos	Run the asset-free tier in the release configuration	2026-09-07T18:34:26.9810070Z [ 51%] Linking CXX executable ncr53c96_queue_test
macos	Run the asset-free tier in the release configuration	2026-09-07T18:34:27.0717250Z [ 51%] Built target ncr53c96_queue_test
macos	Run the asset-free tier in the release configuration	2026-09-07T18:34:27.1133020Z [ 51%] Building CXX object CMakeFiles/q700_turboscsi_test.dir/tests/q700_turboscsi_test.cpp.o
macos	Run the asset-free tier in the release configuration	2026-09-07T18:34:27.6042290Z [ 51%] Linking CXX executable asc_easc_test
macos	Run the asset-free tier in the release configuration	2026-09-07T18:34:27.6421370Z [ 51%] Linking CXX executable msc_parity_test
macos	Run the asset-free tier in the release configuration	2026-09-07T18:34:27.6794740Z [ 51%] Built target asc_easc_test
macos	Run the asset-free tier in the release configuration	2026-09-07T18:34:27.7306820Z [ 51%] Building CXX object CMakeFiles/asc_test.dir/tests/asc_test.cpp.o
macos	Run the asset-free tier in the release configuration	2026-09-07T18:34:27.7447830Z [ 51%] Built target msc_parity_test
macos	Run the asset-free tier in the release configuration	2026-09-07T18:34:27.7809780Z [ 51%] Building CXX object CMakeFiles/q605_asc_test.dir/tests/q605_asc_test.cpp.o
macos	Run the asset-free tier in the release configuration	2026-09-07T18:34:28.1372140Z [ 52%] Linking CXX executable q700_turboscsi_test
macos	Run the asset-free tier in the release configuration	2026-09-07T18:34:28.2614220Z [ 52%] Built target q700_turboscsi_test
macos	Run the asset-free tier in the release configuration	2026-09-07T18:34:28.3314430Z [ 52%] Building CXX object CMakeFiles/q605_boot_etalon.dir/tests/q605_boot_etalon.cpp.o
macos	Run the asset-free tier in the release configuration	2026-09-07T18:34:28.6028020Z [ 52%] Linking CXX executable asc_test
macos	Run the asset-free tier in the release configuration	2026-09-07T18:34:28.7111810Z [ 52%] Built target asc_test
macos	Run the asset-free tier in the release configuration	2026-09-07T18:34:28.7516580Z [ 52%] Building CXX object CMakeFiles/family_input_etalon.dir/tests/family_input_etalon.cpp.o
macos	Run the asset-free tier in the release configuration	2026-09-07T18:34:28.9031180Z [ 52%] Linking CXX executable q605_asc_test
macos	Run the asset-free tier in the release configuration	2026-09-07T18:34:29.0242780Z [ 52%] Built target q605_asc_test
macos	Run the asset-free tier in the release configuration	2026-09-07T18:34:29.0804520Z [ 52%] Building CXX object CMakeFiles/q605_ot_bind_etalon.dir/tests/q605_ot_bind_etalon.cpp.o
macos	Run the asset-free tier in the release configuration	2026-09-07T18:34:30.5500610Z [ 53%] Linking CXX executable q605_boot_etalon
macos	Run the asset-free tier in the release configuration	2026-09-07T18:34:30.6620160Z [ 53%] Built target q605_boot_etalon
macos	Run the asset-free tier in the release configuration	2026-09-07T18:34:30.7023160Z [ 53%] Building CXX object CMakeFiles/q605_nofpu_boot_etalon.dir/tests/q605_nofpu_boot_etalon.cpp.o
macos	Run the asset-free tier in the release configuration	2026-09-07T18:34:30.9396920Z [ 53%] Linking CXX executable family_input_etalon
macos	Run the asset-free tier in the release configuration	2026-09-07T18:34:31.0431620Z [ 53%] Built target family_input_etalon
macos	Run the asset-free tier in the release configuration	2026-09-07T18:34:31.0873910Z [ 53%] Building CXX object CMakeFiles/q605_barefpu_boot_etalon.dir/tests/q605_barefpu_boot_etalon.cpp.o
macos	Run the asset-free tier in the release configuration	2026-09-07T18:34:31.3834330Z [ 54%] Linking CXX executable q605_ot_bind_etalon
macos	Run the asset-free tier in the release configuration	2026-09-07T18:34:31.4739780Z [ 54%] Built target q605_ot_bind_etalon
macos	Run the asset-free tier in the release configuration	2026-09-07T18:34:31.5162190Z [ 55%] Building CXX object CMakeFiles/lc475_boot_etalon.dir/tests/lc475_boot_etalon.cpp.o
macos	Run the asset-free tier in the release configuration	2026-09-07T18:34:32.1377050Z [ 55%] Linking CXX executable q605_nofpu_boot_etalon
macos	Run the asset-free tier in the release configuration	2026-09-07T18:34:32.2360990Z [ 55%] Built target q605_nofpu_boot_etalon
macos	Run the asset-free tier in the release configuration	2026-09-07T18:34:32.2789570Z [ 55%] Building CXX object CMakeFiles/lc575_boot_etalon.dir/tests/lc575_boot_etalon.cpp.o
macos	Run the asset-free tier in the release configuration	2026-09-07T18:34:32.4041290Z [ 56%] Linking CXX executable q605_barefpu_boot_etalon
macos	Run the asset-free tier in the release configuration	2026-09-07T18:34:32.5115610Z [ 56%] Built target q605_barefpu_boot_etalon
macos	Run the asset-free tier in the release configuration	2026-09-07T18:34:32.5542640Z [ 57%] Building CXX object CMakeFiles/swim2_test.dir/tests/swim2_test.cpp.o
macos	Run the asset-free tier in the release configuration	2026-09-07T18:34:32.9417880Z [ 57%] Linking CXX executable lc475_boot_etalon
macos	Run the asset-free tier in the release configuration	2026-09-07T18:34:33.0808000Z [ 57%] Built target lc475_boot_etalon
macos	Run the asset-free tier in the release configuration	2026-09-07T18:34:33.1311140Z [ 57%] Building CXX object CMakeFiles/swim2_media_test.dir/tests/swim2_media_test.cpp.o
macos	Run the asset-free tier in the release configuration	2026-09-07T18:34:33.9629620Z [ 57%] Linking CXX executable lc575_boot_etalon
macos	Run the asset-free tier in the release configuration	2026-09-07T18:34:33.9942930Z [ 57%] Linking CXX executable swim2_test
macos	Run the asset-free tier in the release configuration	2026-09-07T18:34:34.0827330Z [ 57%] Built target lc575_boot_etalon
macos	Run the asset-free tier in the release configuration	2026-09-07T18:34:34.1230400Z [ 59%] Building CXX object CMakeFiles/floppy_sound_test.dir/tests/floppy_sound_test.cpp.o
macos	Run the asset-free tier in the release configuration	2026-09-07T18:34:34.1332330Z [ 59%] Built target swim2_test
macos	Run the asset-free tier in the release configuration	2026-09-07T18:34:34.1655340Z [ 59%] Building CXX object CMakeFiles/q605_floppy_boot_etalon.dir/tests/q605_floppy_boot_etalon.cpp.o
macos	Run the asset-free tier in the release configuration	2026-09-07T18:34:34.4236350Z [ 59%] Linking CXX executable swim2_media_test
macos	Run the asset-free tier in the release configuration	2026-09-07T18:34:34.5111320Z [ 59%] Built target swim2_media_test
macos	Run the asset-free tier in the release configuration	2026-09-07T18:34:34.5540030Z [ 60%] Building CXX object CMakeFiles/egret_test.dir/tests/egret_test.cpp.o
macos	Run the asset-free tier in the release configuration	2026-09-07T18:34:34.6598990Z [ 60%] Building CXX object CMakeFiles/floppy_sound_test.dir/src/FloppySound.cpp.o
macos	Run the asset-free tier in the release configuration	2026-09-07T18:34:35.1384550Z [ 60%] Linking CXX executable egret_test
macos	Run the asset-free tier in the release configuration	2026-09-07T18:34:35.2128720Z [ 60%] Built target egret_test
macos	Run the asset-free tier in the release configuration	2026-09-07T18:34:35.2637120Z [ 60%] Building CXX object CMakeFiles/pic1654s_test.dir/tests/pic1654s_test.cpp.o
macos	Run the asset-free tier in the release configuration	2026-09-07T18:34:35.4307630Z [ 60%] Linking CXX executable q605_floppy_boot_etalon
macos	Run the asset-free tier in the release configuration	2026-09-07T18:34:35.4896820Z [ 60%] Building CXX object CMakeFiles/floppy_sound_test.dir/src/miniaudio_impl.cpp.o
macos	Run the asset-free tier in the release configuration	2026-09-07T18:34:35.5471890Z [ 60%] Built target q605_floppy_boot_etalon
macos	Run the asset-free tier in the release configuration	2026-09-07T18:34:35.5894180Z [ 60%] Building CXX object CMakeFiles/adbline_test.dir/tests/adbline_test.cpp.o
macos	Run the asset-free tier in the release configuration	2026-09-07T18:34:35.9682250Z [ 61%] Linking CXX executable pic1654s_test
macos	Run the asset-free tier in the release configuration	2026-09-07T18:34:36.0580090Z [ 61%] Built target pic1654s_test
macos	Run the asset-free tier in the release configuration	2026-09-07T18:34:36.0981980Z [ 61%] Building CXX object CMakeFiles/video_beam_test.dir/tests/video_beam_test.cpp.o
macos	Run the asset-free tier in the release configuration	2026-09-07T18:34:36.2804140Z [ 61%] Linking CXX executable adbline_test
macos	Run the asset-free tier in the release configuration	2026-09-07T18:34:36.3674460Z [ 61%] Built target adbline_test
macos	Run the asset-free tier in the release configuration	2026-09-07T18:34:36.4077660Z [ 62%] Building CXX object CMakeFiles/v8_video_test.dir/tests/v8_video_test.cpp.o
macos	Run the asset-free tier in the release configuration	2026-09-07T18:34:36.9099370Z [ 63%] Linking CXX executable video_beam_test
macos	Run the asset-free tier in the release configuration	2026-09-07T18:34:37.0031030Z [ 63%] Built target video_beam_test
macos	Run the asset-free tier in the release configuration	2026-09-07T18:34:37.0475000Z [ 63%] Building CXX object CMakeFiles/cuda_restart_test.dir/tests/cuda_restart_test.cpp.o
macos	Run the asset-free tier in the release configuration	2026-09-07T18:34:37.4279690Z [ 63%] Linking CXX executable v8_video_test
macos	Run the asset-free tier in the release configuration	2026-09-07T18:34:37.5313200Z [ 63%] Built target v8_video_test
macos	Run the asset-free tier in the release configuration	2026-09-07T18:34:37.5615710Z [ 63%] Building CXX object CMakeFiles/sonora_video_test.dir/tests/sonora_video_test.cpp.o
macos	Run the asset-free tier in the release configuration	2026-09-07T18:34:38.2789190Z [ 63%] Linking CXX executable cuda_restart_test
macos	Run the asset-free tier in the release configuration	2026-09-07T18:34:38.4095140Z [ 63%] Built target cuda_restart_test
macos	Run the asset-free tier in the release configuration	2026-09-07T18:34:38.4501910Z [ 63%] Building CXX object CMakeFiles/raster_equiv_test.dir/tests/raster_equiv_test.cpp.o
macos	Run the asset-free tier in the release configuration	2026-09-07T18:34:38.5040120Z [ 63%] Linking CXX executable sonora_video_test
macos	Run the asset-free tier in the release configuration	2026-09-07T18:34:38.6472040Z [ 63%] Built target sonora_video_test
macos	Run the asset-free tier in the release configuration	2026-09-07T18:34:38.6955240Z [ 63%] Building CXX object CMakeFiles/v8_raster_test.dir/tests/v8_raster_test.cpp.o
macos	Run the asset-free tier in the release configuration	2026-09-07T18:34:39.6667030Z [ 63%] Linking CXX executable raster_equiv_test
macos	Run the asset-free tier in the release configuration	2026-09-07T18:34:39.6877700Z [ 63%] Linking CXX executable v8_raster_test
macos	Run the asset-free tier in the release configuration	2026-09-07T18:34:39.7770480Z [ 63%] Built target raster_equiv_test
macos	Run the asset-free tier in the release configuration	2026-09-07T18:34:39.8096580Z [ 63%] Built target v8_raster_test
macos	Run the asset-free tier in the release configuration	2026-09-07T18:34:39.8204740Z [ 63%] Building CXX object CMakeFiles/q605_dafb_test.dir/tests/q605_dafb_test.cpp.o
macos	Run the asset-free tier in the release configuration	2026-09-07T18:34:39.8897820Z [ 63%] Building CXX object CMakeFiles/q605_event_scheduler_test.dir/tests/q605_event_scheduler_test.cpp.o
macos	Run the asset-free tier in the release configuration	2026-09-07T18:34:41.0328730Z [ 63%] Linking CXX executable q605_event_scheduler_test
macos	Run the asset-free tier in the release configuration	2026-09-07T18:34:41.1393980Z [ 63%] Built target q605_event_scheduler_test
macos	Run the asset-free tier in the release configuration	2026-09-07T18:34:41.1841340Z [ 64%] Linking CXX executable q605_dafb_test
macos	Run the asset-free tier in the release configuration	2026-09-07T18:34:41.1943050Z [ 64%] Building CXX object CMakeFiles/quadra_event_scheduler_test.dir/tests/quadra_event_scheduler_test.cpp.o
macos	Run the asset-free tier in the release configuration	2026-09-07T18:34:41.2938570Z [ 64%] Built target q605_dafb_test
macos	Run the asset-free tier in the release configuration	2026-09-07T18:34:41.3342130Z [ 64%] Building CXX object CMakeFiles/q605_turboscsi_test.dir/tests/q605_turboscsi_test.cpp.o
macos	Run the asset-free tier in the release configuration	2026-09-07T18:34:42.1264460Z [ 64%] Linking CXX executable quadra_event_scheduler_test
macos	Run the asset-free tier in the release configuration	2026-09-07T18:34:42.2109020Z [ 64%] Built target quadra_event_scheduler_test
macos	Run the asset-free tier in the release configuration	2026-09-07T18:34:42.2503930Z [ 64%] Building CXX object CMakeFiles/scc_baud_test.dir/tests/scc_baud_test.cpp.o
macos	Run the asset-free tier in the release configuration	2026-09-07T18:34:42.2909270Z [ 64%] Linking CXX executable floppy_sound_test
macos	Run the asset-free tier in the release configuration	2026-09-07T18:34:42.3691050Z [ 64%] Built target floppy_sound_test
macos	Run the asset-free tier in the release configuration	2026-09-07T18:34:42.4092840Z [ 65%] Building CXX object CMakeFiles/scc_engine_test.dir/tests/scc_engine_test.cpp.o
macos	Run the asset-free tier in the release configuration	2026-09-07T18:34:42.5140520Z [ 67%] Linking CXX executable q605_turboscsi_test
macos	Run the asset-free tier in the release configuration	2026-09-07T18:34:42.6270500Z [ 67%] Built target q605_turboscsi_test
macos	Run the asset-free tier in the release configuration	2026-09-07T18:34:42.6604490Z [ 67%] Building CXX object CMakeFiles/r65c02_test.dir/tests/r65c02_test.cpp.o
macos	Run the asset-free tier in the release configuration	2026-09-07T18:34:42.8850740Z [ 67%] Linking CXX executable scc_baud_test
macos	Run the asset-free tier in the release configuration	2026-09-07T18:34:42.9802820Z [ 67%] Built target scc_baud_test
macos	Run the asset-free tier in the release configuration	2026-09-07T18:34:43.0222130Z [ 67%] Building CXX object CMakeFiles/applepic_test.dir/tests/applepic_test.cpp.o
macos	Run the asset-free tier in the release configuration	2026-09-07T18:34:43.1770100Z [ 67%] Linking CXX executable scc_engine_test
macos	Run the asset-free tier in the release configuration	2026-09-07T18:34:43.2872140Z [ 67%] Built target scc_engine_test
macos	Run the asset-free tier in the release configuration	2026-09-07T18:34:43.3398460Z [ 67%] Building CXX object CMakeFiles/m68hc05_test.dir/tests/m68hc05_test.cpp.o
macos	Run the asset-free tier in the release configuration	2026-09-07T18:34:43.7526290Z [ 68%] Linking CXX executable r65c02_test
macos	Run the asset-free tier in the release configuration	2026-09-07T18:34:43.8732190Z [ 68%] Built target r65c02_test
macos	Run the asset-free tier in the release configuration	2026-09-07T18:34:43.9133500Z [ 69%] Building CXX object CMakeFiles/cuda_lle_test.dir/tests/cuda_lle_test.cpp.o
macos	Run the asset-free tier in the release configuration	2026-09-07T18:34:44.0787050Z [ 70%] Linking CXX executable applepic_test
macos	Run the asset-free tier in the release configuration	2026-09-07T18:34:44.1598210Z [ 70%] Built target applepic_test
macos	Run the asset-free tier in the release configuration	2026-09-07T18:34:44.1979210Z [ 70%] Building CXX object CMakeFiles/q605_cudalle_boot_etalon.dir/tests/q605_cudalle_boot_etalon.cpp.o
macos	Run the asset-free tier in the release configuration	2026-09-07T18:34:44.4612360Z [ 70%] Linking CXX executable m68hc05_test
macos	Run the asset-free tier in the release configuration	2026-09-07T18:34:44.5380950Z [ 70%] Built target m68hc05_test
macos	Run the asset-free tier in the release configuration	2026-09-07T18:34:44.5782560Z [ 70%] Building CXX object CMakeFiles/q605_cudalle_mouse_etalon.dir/tests/q605_cudalle_mouse_etalon.cpp.o
macos	Run the asset-free tier in the release configuration	2026-09-07T18:34:44.8328850Z [ 70%] Linking CXX executable cuda_lle_test
macos	Run the asset-free tier in the release configuration	2026-09-07T18:34:44.9538470Z [ 70%] Built target cuda_lle_test
macos	Run the asset-free tier in the release configuration	2026-09-07T18:34:44.9974720Z [ 70%] Building CXX object CMakeFiles/egret_lle_test.dir/tests/egret_lle_test.cpp.o
macos	Run the asset-free tier in the release configuration	2026-09-07T18:34:45.7260750Z [ 70%] Linking CXX executable q605_cudalle_boot_etalon
macos	Run the asset-free tier in the release configuration	2026-09-07T18:34:45.8647270Z [ 70%] Built target q605_cudalle_boot_etalon
macos	Run the asset-free tier in the release configuration	2026-09-07T18:34:45.9195610Z [ 70%] Building CXX object CMakeFiles/scsi_pdma_test.dir/tests/scsi_pdma_test.cpp.o
macos	Run the asset-free tier in the release configuration	2026-09-07T18:34:46.0718870Z [ 70%] Linking CXX executable egret_lle_test
macos	Run the asset-free tier in the release configuration	2026-09-07T18:34:46.1214170Z [ 70%] Linking CXX executable q605_cudalle_mouse_etalon
macos	Run the asset-free tier in the release configuration	2026-09-07T18:34:46.1946750Z [ 70%] Built target egret_lle_test
macos	Run the asset-free tier in the release configuration	2026-09-07T18:34:46.2396010Z [ 70%] Built target q605_cudalle_mouse_etalon
macos	Run the asset-free tier in the release configuration	2026-09-07T18:34:46.2497790Z [ 70%] Building CXX object CMakeFiles/lcii_boot_etalon.dir/tests/lcii_boot_etalon.cpp.o
macos	Run the asset-free tier in the release configuration	2026-09-07T18:34:46.2812140Z [ 70%] Building CXX object CMakeFiles/lcii_sys7_boot_etalon.dir/tests/lcii_sys7_boot_etalon.cpp.o
macos	Run the asset-free tier in the release configuration	2026-09-07T18:34:47.3476950Z [ 71%] Linking CXX executable scsi_pdma_test
macos	Run the asset-free tier in the release configuration	2026-09-07T18:34:47.4693830Z [ 71%] Built target scsi_pdma_test
macos	Run the asset-free tier in the release configuration	2026-09-07T18:34:47.5114270Z [ 72%] Building CXX object CMakeFiles/lcii_savestate_etalon.dir/tests/lcii_savestate_etalon.cpp.o
macos	Run the asset-free tier in the release configuration	2026-09-07T18:34:47.6676940Z [ 72%] Linking CXX executable lcii_sys7_boot_etalon
macos	Run the asset-free tier in the release configuration	2026-09-07T18:34:47.7678790Z [ 72%] Built target lcii_sys7_boot_etalon
macos	Run the asset-free tier in the release configuration	2026-09-07T18:34:47.8190350Z [ 72%] Building CXX object CMakeFiles/q605_savestate_etalon.dir/tests/q605_savestate_etalon.cpp.o
macos	Run the asset-free tier in the release configuration	2026-09-07T18:34:47.8833530Z [ 73%] Linking CXX executable lcii_boot_etalon
macos	Run the asset-free tier in the release configuration	2026-09-07T18:34:48.0177750Z [ 73%] Built target lcii_boot_etalon
macos	Run the asset-free tier in the release configuration	2026-09-07T18:34:48.0705510Z [ 73%] Building CXX object CMakeFiles/q605_beyond_etalon.dir/tests/q605_beyond_etalon.cpp.o
macos	Run the asset-free tier in the release configuration	2026-09-07T18:34:49.1343070Z [ 73%] Linking CXX executable lcii_savestate_etalon
macos	Run the asset-free tier in the release configuration	2026-09-07T18:34:49.2433370Z [ 73%] Built target lcii_savestate_etalon
macos	Run the asset-free tier in the release configuration	2026-09-07T18:34:49.2736510Z [ 75%] Building CXX object CMakeFiles/q605_hotfloppy_etalon.dir/tests/q605_hotfloppy_probe.cpp.o
macos	Run the asset-free tier in the release configuration	2026-09-07T18:34:49.3511970Z [ 75%] Linking CXX executable q605_savestate_etalon
macos	Run the asset-free tier in the release configuration	2026-09-07T18:34:49.4474600Z [ 75%] Built target q605_savestate_etalon
macos	Run the asset-free tier in the release configuration	2026-09-07T18:34:49.4877350Z [ 75%] Building CXX object CMakeFiles/iivx_beyond_etalon.dir/tests/iivx_beyond_etalon.cpp.o
macos	Run the asset-free tier in the release configuration	2026-09-07T18:34:49.6253870Z [ 75%] Linking CXX executable q605_beyond_etalon
macos	Run the asset-free tier in the release configuration	2026-09-07T18:34:49.7256800Z [ 75%] Built target q605_beyond_etalon
macos	Run the asset-free tier in the release configuration	2026-09-07T18:34:49.7665430Z [ 75%] Building CXX object CMakeFiles/rbv_beyond_etalon.dir/tests/rbv_beyond_etalon.cpp.o
macos	Run the asset-free tier in the release configuration	2026-09-07T18:34:50.8323080Z [ 75%] Linking CXX executable q605_hotfloppy_etalon
macos	Run the asset-free tier in the release configuration	2026-09-07T18:34:50.9250950Z [ 75%] Built target q605_hotfloppy_etalon
macos	Run the asset-free tier in the release configuration	2026-09-07T18:34:50.9605870Z [ 76%] Building CXX object CMakeFiles/sonora_beyond_etalon.dir/tests/sonora_beyond_etalon.cpp.o
macos	Run the asset-free tier in the release configuration	2026-09-07T18:34:51.1269650Z [ 77%] Linking CXX executable iivx_beyond_etalon
macos	Run the asset-free tier in the release configuration	2026-09-07T18:34:51.2084170Z [ 77%] Built target iivx_beyond_etalon
macos	Run the asset-free tier in the release configuration	2026-09-07T18:34:51.2407380Z [ 77%] Building CXX object CMakeFiles/centris_beyond_etalon.dir/tests/centris_beyond_etalon.cpp.o
macos	Run the asset-free tier in the release configuration	2026-09-07T18:34:51.4595380Z [ 77%] Linking CXX executable rbv_beyond_etalon
macos	Run the asset-free tier in the release configuration	2026-09-07T18:34:51.5576940Z [ 77%] Built target rbv_beyond_etalon
macos	Run the asset-free tier in the release configuration	2026-09-07T18:34:51.5934640Z [ 78%] Building CXX object CMakeFiles/q700_beyond_etalon.dir/tests/q700_beyond_etalon.cpp.o
macos	Run the asset-free tier in the release configuration	2026-09-07T18:34:53.1264920Z [ 79%] Linking CXX executable centris_beyond_etalon
macos	Run the asset-free tier in the release configuration	2026-09-07T18:34:53.1710050Z [ 79%] Linking CXX executable sonora_beyond_etalon
macos	Run the asset-free tier in the release configuration	2026-09-07T18:34:53.2260670Z [ 79%] Built target centris_beyond_etalon
macos	Run the asset-free tier in the release configuration	2026-09-07T18:34:53.2674180Z [ 79%] Building CXX object CMakeFiles/q630_beyond_etalon.dir/tests/q630_beyond_etalon.cpp.o
macos	Run the asset-free tier in the release configuration	2026-09-07T18:34:53.2779370Z [ 79%] Built target sonora_beyond_etalon
macos	Run the asset-free tier in the release configuration	2026-09-07T18:34:53.3087280Z [ 79%] Building CXX object CMakeFiles/duo_beyond_etalon.dir/tests/duo_beyond_etalon.cpp.o
macos	Run the asset-free tier in the release configuration	2026-09-07T18:34:53.5168490Z [ 79%] Linking CXX executable q700_beyond_etalon
macos	Run the asset-free tier in the release configuration	2026-09-07T18:34:53.6151230Z [ 79%] Built target q700_beyond_etalon
macos	Run the asset-free tier in the release configuration	2026-09-07T18:34:53.6556950Z [ 79%] Building CXX object CMakeFiles/macii_beyond_etalon.dir/tests/macii_beyond_etalon.cpp.o
macos	Run the asset-free tier in the release configuration	2026-09-07T18:34:54.9762420Z [ 79%] Linking CXX executable q630_beyond_etalon
macos	Run the asset-free tier in the release configuration	2026-09-07T18:34:55.0772900Z [ 79%] Built target q630_beyond_etalon
macos	Run the asset-free tier in the release configuration	2026-09-07T18:34:55.1203360Z [ 79%] Building CXX object CMakeFiles/iifx_beyond_etalon.dir/tests/iifx_beyond_etalon.cpp.o
macos	Run the asset-free tier in the release configuration	2026-09-07T18:34:55.3707720Z [ 80%] Linking CXX executable duo_beyond_etalon
macos	Run the asset-free tier in the release configuration	2026-09-07T18:34:55.3808770Z [ 80%] Linking CXX executable macii_beyond_etalon
macos	Run the asset-free tier in the release configuration	2026-09-07T18:34:55.4730930Z [ 80%] Built target duo_beyond_etalon
macos	Run the asset-free tier in the release configuration	2026-09-07T18:34:55.4830390Z [ 80%] Built target macii_beyond_etalon
macos	Run the asset-free tier in the release configuration	2026-09-07T18:34:55.5132240Z [ 80%] Building CXX object CMakeFiles/compact_beyond_etalon.dir/tests/compact_beyond_etalon.cpp.o
macos	Run the asset-free tier in the release configuration	2026-09-07T18:34:55.5233710Z [ 81%] Building CXX object CMakeFiles/q605_afp_live_etalon.dir/tests/q605_afp_live_etalon.cpp.o
macos	Run the asset-free tier in the release configuration	2026-09-07T18:34:56.6983840Z [ 81%] Linking CXX executable iifx_beyond_etalon
macos	Run the asset-free tier in the release configuration	2026-09-07T18:34:56.7951360Z [ 81%] Built target iifx_beyond_etalon
macos	Run the asset-free tier in the release configuration	2026-09-07T18:34:56.8273610Z [ 81%] Building CXX object CMakeFiles/aio_beyond_etalon.dir/tests/aio_beyond_etalon.cpp.o
macos	Run the asset-free tier in the release configuration	2026-09-07T18:34:57.1430810Z [ 81%] Linking CXX executable compact_beyond_etalon
macos	Run the asset-free tier in the release configuration	2026-09-07T18:34:57.2349910Z [ 81%] Built target compact_beyond_etalon
macos	Run the asset-free tier in the release configuration	2026-09-07T18:34:57.2758260Z [ 81%] Building CXX object CMakeFiles/lc_boot_etalon.dir/tests/lc_boot_etalon.cpp.o
macos	Run the asset-free tier in the release configuration	2026-09-07T18:34:57.4056190Z [ 81%] Linking CXX executable q605_afp_live_etalon
macos	Run the asset-free tier in the release configuration	2026-09-07T18:34:57.5192200Z [ 81%] Built target q605_afp_live_etalon
macos	Run the asset-free tier in the release configuration	2026-09-07T18:34:57.5795530Z [ 81%] Building CXX object CMakeFiles/classic2_boot_etalon.dir/tests/classic2_boot_etalon.cpp.o
macos	Run the asset-free tier in the release configuration	2026-09-07T18:34:58.6996250Z [ 81%] Linking CXX executable lc_boot_etalon
macos	Run the asset-free tier in the release configuration	2026-09-07T18:34:58.7691560Z [ 81%] Linking CXX executable aio_beyond_etalon
macos	Run the asset-free tier in the release configuration	2026-09-07T18:34:58.7893100Z [ 81%] Built target lc_boot_etalon
macos	Run the asset-free tier in the release configuration	2026-09-07T18:34:58.8009230Z [ 81%] Linking CXX executable classic2_boot_etalon
macos	Run the asset-free tier in the release configuration	2026-09-07T18:34:58.8338790Z [ 82%] Building CXX object CMakeFiles/cclassic_boot_etalon.dir/tests/cclassic_boot_etalon.cpp.o
macos	Run the asset-free tier in the release configuration	2026-09-07T18:34:58.8685660Z [ 82%] Built target aio_beyond_etalon
macos	Run the asset-free tier in the release configuration	2026-09-07T18:34:58.8990510Z [ 82%] Built target classic2_boot_etalon
macos	Run the asset-free tier in the release configuration	2026-09-07T18:34:58.9091930Z [ 84%] Building CXX object CMakeFiles/lc3_boot_etalon.dir/tests/lc3_boot_etalon.cpp.o
macos	Run the asset-free tier in the release configuration	2026-09-07T18:34:58.9304320Z [ 84%] Building CXX object CMakeFiles/lc3plus_boot_etalon.dir/tests/lc3plus_boot_etalon.cpp.o
macos	Run the asset-free tier in the release configuration	2026-09-07T18:35:00.1235580Z [ 84%] Linking CXX executable cclassic_boot_etalon
macos	Run the asset-free tier in the release configuration	2026-09-07T18:35:00.1534700Z [ 84%] Linking CXX executable lc3plus_boot_etalon
macos	Run the asset-free tier in the release configuration	2026-09-07T18:35:00.2256780Z [ 84%] Built target cclassic_boot_etalon
macos	Run the asset-free tier in the release configuration	2026-09-07T18:35:00.2566300Z [ 84%] Built target lc3plus_boot_etalon
macos	Run the asset-free tier in the release configuration	2026-09-07T18:35:00.2670320Z [ 84%] Building CXX object CMakeFiles/lc520_boot_etalon.dir/tests/lc520_boot_etalon.cpp.o
macos	Run the asset-free tier in the release configuration	2026-09-07T18:35:00.2927830Z [ 84%] Building CXX object CMakeFiles/lc550_boot_etalon.dir/tests/lc550_boot_etalon.cpp.o
macos	Run the asset-free tier in the release configuration	2026-09-07T18:35:00.3373970Z [ 84%] Linking CXX executable lc3_boot_etalon
macos	Run the asset-free tier in the release configuration	2026-09-07T18:35:00.4300570Z [ 84%] Built target lc3_boot_etalon
macos	Run the asset-free tier in the release configuration	2026-09-07T18:35:00.4602900Z [ 84%] Building CXX object CMakeFiles/cclassic2_boot_etalon.dir/tests/cclassic2_boot_etalon.cpp.o
macos	Run the asset-free tier in the release configuration	2026-09-07T18:35:01.5072790Z [ 85%] Linking CXX executable lc550_boot_etalon
macos	Run the asset-free tier in the release configuration	2026-09-07T18:35:01.5181370Z [ 85%] Linking CXX executable lc520_boot_etalon
macos	Run the asset-free tier in the release configuration	2026-09-07T18:35:01.6199850Z [ 85%] Built target lc550_boot_etalon
macos	Run the asset-free tier in the release configuration	2026-09-07T18:35:01.6302970Z [ 85%] Built target lc520_boot_etalon
macos	Run the asset-free tier in the release configuration	2026-09-07T18:35:01.6786280Z [ 85%] Building CXX object CMakeFiles/iivx_boot_etalon.dir/tests/iivx_boot_etalon.cpp.o
macos	Run the asset-free tier in the release configuration	2026-09-07T18:35:01.6888600Z [ 85%] Building CXX object CMakeFiles/iisi_boot_etalon.dir/tests/iisi_boot_etalon.cpp.o
macos	Run the asset-free tier in the release configuration	2026-09-07T18:35:01.7005880Z [ 85%] Linking CXX executable cclassic2_boot_etalon
macos	Run the asset-free tier in the release configuration	2026-09-07T18:35:01.7869610Z [ 85%] Built target cclassic2_boot_etalon
macos	Run the asset-free tier in the release configuration	2026-09-07T18:35:01.8272300Z [ 85%] Building CXX object CMakeFiles/iix_boot_etalon.dir/tests/iix_boot_etalon.cpp.o
macos	Run the asset-free tier in the release configuration	2026-09-07T18:35:03.1691260Z [ 85%] Linking CXX executable iix_boot_etalon
macos	Run the asset-free tier in the release configuration	2026-09-07T18:35:03.2581920Z [ 85%] Linking CXX executable iisi_boot_etalon
macos	Run the asset-free tier in the release configuration	2026-09-07T18:35:03.2691550Z [ 85%] Built target iix_boot_etalon
macos	Run the asset-free tier in the release configuration	2026-09-07T18:35:03.3142860Z [ 85%] Building CXX object CMakeFiles/se30_boot_etalon.dir/tests/se30_boot_etalon.cpp.o
macos	Run the asset-free tier in the release configuration	2026-09-07T18:35:03.3260570Z [ 85%] Linking CXX executable iivx_boot_etalon
macos	Run the asset-free tier in the release configuration	2026-09-07T18:35:03.3468260Z [ 85%] Built target iisi_boot_etalon
macos	Run the asset-free tier in the release configuration	2026-09-07T18:35:03.4052940Z [ 85%] Building CXX object CMakeFiles/iici_boot_etalon.dir/tests/iici_boot_etalon.cpp.o
macos	Run the asset-free tier in the release configuration	2026-09-07T18:35:03.4255260Z [ 85%] Built target iivx_boot_etalon
macos	Run the asset-free tier in the release configuration	2026-09-07T18:35:03.4558960Z [ 86%] Building CXX object CMakeFiles/mactv_boot_etalon.dir/tests/mactv_boot_etalon.cpp.o
macos	Run the asset-free tier in the release configuration	2026-09-07T18:35:04.6954360Z [ 87%] Linking CXX executable iici_boot_etalon
macos	Run the asset-free tier in the release configuration	2026-09-07T18:35:04.7054620Z [ 88%] Linking CXX executable se30_boot_etalon
macos	Run the asset-free tier in the release configuration	2026-09-07T18:35:04.7968200Z [ 88%] Built target iici_boot_etalon
macos	Run the asset-free tier in the release configuration	2026-09-07T18:35:04.8068450Z [ 88%] Built target se30_boot_etalon
macos	Run the asset-free tier in the release configuration	2026-09-07T18:35:04.8370780Z [ 88%] Building CXX object CMakeFiles/centris650_boot_etalon.dir/tests/centris650_boot_etalon.cpp.o
macos	Run the asset-free tier in the release configuration	2026-09-07T18:35:04.8470850Z [ 88%] Building CXX object CMakeFiles/q630_boot_etalon.dir/tests/q630_boot_etalon.cpp.o
macos	Run the asset-free tier in the release configuration	2026-09-07T18:35:04.9815250Z [ 88%] Linking CXX executable mactv_boot_etalon
macos	Run the asset-free tier in the release configuration	2026-09-07T18:35:05.0652590Z [ 88%] Built target mactv_boot_etalon
macos	Run the asset-free tier in the release configuration	2026-09-07T18:35:05.1053690Z [ 89%] Building CXX object CMakeFiles/compact_boot_etalon.dir/tests/compact_boot_etalon.cpp.o
macos	Run the asset-free tier in the release configuration	2026-09-07T18:35:06.2636850Z [ 89%] Linking CXX executable q630_boot_etalon
macos	Run the asset-free tier in the release configuration	2026-09-07T18:35:06.2751950Z [ 89%] Linking CXX executable centris650_boot_etalon
macos	Run the asset-free tier in the release configuration	2026-09-07T18:35:06.3665990Z [ 89%] Built target q630_boot_etalon
macos	Run the asset-free tier in the release configuration	2026-09-07T18:35:06.3872530Z [ 89%] Built target centris650_boot_etalon
macos	Run the asset-free tier in the release configuration	2026-09-07T18:35:06.4076120Z [ 89%] Building CXX object CMakeFiles/q700_boot_etalon.dir/tests/q700_boot_etalon.cpp.o
macos	Run the asset-free tier in the release configuration	2026-09-07T18:35:06.4277710Z [ 89%] Building CXX object CMakeFiles/q605_cdrom_etalon.dir/tests/q605_cdrom_etalon.cpp.o
macos	Run the asset-free tier in the release configuration	2026-09-07T18:35:06.4578700Z [ 89%] Linking CXX executable compact_boot_etalon
macos	Run the asset-free tier in the release configuration	2026-09-07T18:35:06.5382260Z [ 89%] Built target compact_boot_etalon
macos	Run the asset-free tier in the release configuration	2026-09-07T18:35:06.5783580Z [ 89%] Building CXX object CMakeFiles/scsi_cdrom_test.dir/tests/scsi_cdrom_test.cpp.o
macos	Run the asset-free tier in the release configuration	2026-09-07T18:35:07.2714610Z [ 89%] Linking CXX executable scsi_cdrom_test
macos	Run the asset-free tier in the release configuration	2026-09-07T18:35:07.3441590Z [ 89%] Built target scsi_cdrom_test
macos	Run the asset-free tier in the release configuration	2026-09-07T18:35:07.3883420Z [ 89%] Building CXX object CMakeFiles/floppy_persist_test.dir/tests/floppy_persist_test.cpp.o
macos	Run the asset-free tier in the release configuration	2026-09-07T18:35:07.5965310Z [ 89%] Linking CXX executable q605_cdrom_etalon
macos	Run the asset-free tier in the release configuration	2026-09-07T18:35:07.6850360Z [ 89%] Built target q605_cdrom_etalon
macos	Run the asset-free tier in the release configuration	2026-09-07T18:35:07.7200090Z [ 89%] Building CXX object CMakeFiles/lcii_beyond_etalon.dir/tests/lcii_beyond_etalon.cpp.o
macos	Run the asset-free tier in the release configuration	2026-09-07T18:35:07.8856500Z [ 89%] Linking CXX executable q700_boot_etalon
macos	Run the asset-free tier in the release configuration	2026-09-07T18:35:07.9864480Z [ 89%] Built target q700_boot_etalon
macos	Run the asset-free tier in the release configuration	2026-09-07T18:35:08.0238470Z [ 89%] Building CXX object CMakeFiles/lcii_simcity_etalon.dir/tests/lcii_simcity_etalon.cpp.o
macos	Run the asset-free tier in the release configuration	2026-09-07T18:35:08.0669270Z [ 89%] Linking CXX executable floppy_persist_test
macos	Run the asset-free tier in the release configuration	2026-09-07T18:35:08.1421980Z [ 89%] Built target floppy_persist_test
macos	Run the asset-free tier in the release configuration	2026-09-07T18:35:08.1826760Z [ 89%] Building CXX object CMakeFiles/lcii_restart_etalon.dir/tests/lcii_restart_etalon.cpp.o
macos	Run the asset-free tier in the release configuration	2026-09-07T18:35:09.0948770Z [ 89%] Linking CXX executable lcii_beyond_etalon
macos	Run the asset-free tier in the release configuration	2026-09-07T18:35:09.1936250Z [ 89%] Built target lcii_beyond_etalon
macos	Run the asset-free tier in the release configuration	2026-09-07T18:35:09.2337700Z [ 90%] Building CXX object CMakeFiles/lcii_asc_chime_etalon.dir/tests/lcii_asc_chime_etalon.cpp.o
macos	Run the asset-free tier in the release configuration	2026-09-07T18:35:09.6333480Z [ 90%] Linking CXX executable lcii_restart_etalon
macos	Run the asset-free tier in the release configuration	2026-09-07T18:35:09.6778190Z [ 90%] Linking CXX executable lcii_simcity_etalon
macos	Run the asset-free tier in the release configuration	2026-09-07T18:35:09.7297310Z [ 90%] Built target lcii_restart_etalon
macos	Run the asset-free tier in the release configuration	2026-09-07T18:35:09.7610240Z [ 90%] Building CXX object CMakeFiles/jit_restart_write_030_test.dir/tests/jit_restart_write_030_test.cpp.o
macos	Run the asset-free tier in the release configuration	2026-09-07T18:35:09.7711710Z [ 90%] Built target lcii_simcity_etalon
macos	Run the asset-free tier in the release configuration	2026-09-07T18:35:09.8113700Z [ 90%] Building CXX object CMakeFiles/declrom_test.dir/tests/declrom_test.cpp.o
macos	Run the asset-free tier in the release configuration	2026-09-07T18:35:10.4802470Z [ 90%] Linking CXX executable declrom_test
macos	Run the asset-free tier in the release configuration	2026-09-07T18:35:10.5561780Z [ 90%] Built target declrom_test
macos	Run the asset-free tier in the release configuration	2026-09-07T18:35:10.5948600Z [ 90%] Building CXX object CMakeFiles/nubus_test.dir/tests/nubus_test.cpp.o
macos	Run the asset-free tier in the release configuration	2026-09-07T18:35:10.7027540Z [ 90%] Linking CXX executable lcii_asc_chime_etalon
macos	Run the asset-free tier in the release configuration	2026-09-07T18:35:10.7864190Z [ 90%] Built target lcii_asc_chime_etalon
macos	Run the asset-free tier in the release configuration	2026-09-07T18:35:10.8265540Z [ 90%] Building CXX object CMakeFiles/toby_test.dir/tests/toby_test.cpp.o
macos	Run the asset-free tier in the release configuration	2026-09-07T18:35:11.1294510Z [ 90%] Linking CXX executable nubus_test
macos	Run the asset-free tier in the release configuration	2026-09-07T18:35:11.1996180Z [ 90%] Built target nubus_test
macos	Run the asset-free tier in the release configuration	2026-09-07T18:35:11.2341580Z [ 90%] Building CXX object CMakeFiles/macii_post_etalon.dir/tests/macii_post_etalon.cpp.o
macos	Run the asset-free tier in the release configuration	2026-09-07T18:35:11.3325810Z [ 92%] Linking CXX executable toby_test
macos	Run the asset-free tier in the release configuration	2026-09-07T18:35:11.4065080Z [ 92%] Built target toby_test
macos	Run the asset-free tier in the release configuration	2026-09-07T18:35:11.4479420Z [ 92%] Building CXX object CMakeFiles/macii_boot_etalon.dir/tests/macii_boot_etalon.cpp.o
macos	Run the asset-free tier in the release configuration	2026-09-07T18:35:11.9029610Z [ 92%] Linking CXX executable jit_restart_write_030_test
macos	Run the asset-free tier in the release configuration	2026-09-07T18:35:11.9874780Z [ 92%] Built target jit_restart_write_030_test
macos	Run the asset-free tier in the release configuration	2026-09-07T18:35:12.0260860Z [ 92%] Building CXX object CMakeFiles/macii_sys7_boot_etalon.dir/tests/macii_sys7_boot_etalon.cpp.o
macos	Run the asset-free tier in the release configuration	2026-09-07T18:35:12.3105520Z [ 92%] Linking CXX executable macii_post_etalon
macos	Run the asset-free tier in the release configuration	2026-09-07T18:35:12.4098730Z [ 92%] Built target macii_post_etalon
macos	Run the asset-free tier in the release configuration	2026-09-07T18:35:12.4415130Z [ 93%] Building CXX object CMakeFiles/macii_mouse_trace.dir/tests/macii_mouse_trace.cpp.o
macos	Run the asset-free tier in the release configuration	2026-09-07T18:35:12.7179590Z [ 94%] Linking CXX executable macii_boot_etalon
macos	Run the asset-free tier in the release configuration	2026-09-07T18:35:12.8174470Z [ 94%] Built target macii_boot_etalon
macos	Run the asset-free tier in the release configuration	2026-09-07T18:35:12.8489890Z [ 94%] Building CXX object CMakeFiles/iifx_post_etalon.dir/tests/iifx_post_etalon.cpp.o
macos	Run the asset-free tier in the release configuration	2026-09-07T18:35:13.1149590Z [ 95%] Linking CXX executable macii_sys7_boot_etalon
macos	Run the asset-free tier in the release configuration	2026-09-07T18:35:13.1958510Z [ 95%] Built target macii_sys7_boot_etalon
macos	Run the asset-free tier in the release configuration	2026-09-07T18:35:13.2311800Z [ 95%] Building CXX object CMakeFiles/iifx_boot_etalon.dir/tests/iifx_boot_etalon.cpp.o
macos	Run the asset-free tier in the release configuration	2026-09-07T18:35:13.6008840Z [ 95%] Linking CXX executable macii_mouse_trace
macos	Run the asset-free tier in the release configuration	2026-09-07T18:35:13.7172220Z [ 95%] Built target macii_mouse_trace
macos	Run the asset-free tier in the release configuration	2026-09-07T18:35:13.7474270Z [ 96%] Building CXX object CMakeFiles/iifx_input_etalon.dir/tests/iifx_input_etalon.cpp.o
macos	Run the asset-free tier in the release configuration	2026-09-07T18:35:14.1994000Z [ 96%] Linking CXX executable iifx_post_etalon
macos	Run the asset-free tier in the release configuration	2026-09-07T18:35:14.3183800Z [ 96%] Built target iifx_post_etalon
macos	Run the asset-free tier in the release configuration	2026-09-07T18:35:14.3687370Z [ 96%] Building CXX object CMakeFiles/duo230_boot_etalon.dir/tests/duo230_boot_etalon.cpp.o
macos	Run the asset-free tier in the release configuration	2026-09-07T18:35:14.9330510Z [ 96%] Linking CXX executable iifx_boot_etalon
macos	Run the asset-free tier in the release configuration	2026-09-07T18:35:15.0484770Z [ 96%] Built target iifx_boot_etalon
macos	Run the asset-free tier in the release configuration	2026-09-07T18:35:15.0920870Z [ 96%] Building CXX object CMakeFiles/jit_asset_free_lockstep_test.dir/tests/jit_asset_free_lockstep_test.cpp.o
macos	Run the asset-free tier in the release configuration	2026-09-07T18:35:15.2227230Z [ 96%] Linking CXX executable iifx_input_etalon
macos	Run the asset-free tier in the release configuration	2026-09-07T18:35:15.3401470Z [ 96%] Built target iifx_input_etalon
macos	Run the asset-free tier in the release configuration	2026-09-07T18:35:15.3825840Z [ 96%] Building CXX object CMakeFiles/jit_copyback_write_040_test.dir/tests/jit_copyback_write_040_test.cpp.o
macos	Run the asset-free tier in the release configuration	2026-09-07T18:35:15.9873940Z [ 96%] Linking CXX executable duo230_boot_etalon
macos	Run the asset-free tier in the release configuration	2026-09-07T18:35:16.0818790Z [ 96%] Built target duo230_boot_etalon
macos	Run the asset-free tier in the release configuration	2026-09-07T18:35:16.1226890Z [ 96%] Building CXX object CMakeFiles/jit_store_guard_a64_test.dir/tests/jit_store_guard_a64_test.cpp.o
macos	Run the asset-free tier in the release configuration	2026-09-07T18:35:16.5932200Z [ 96%] Linking CXX executable jit_copyback_write_040_test
macos	Run the asset-free tier in the release configuration	2026-09-07T18:35:16.6875820Z [ 96%] Built target jit_copyback_write_040_test
macos	Run the asset-free tier in the release configuration	2026-09-07T18:35:16.7311610Z [ 96%] Building CXX object CMakeFiles/jit_backend_test.dir/tests/jit_backend_test.cpp.o
macos	Run the asset-free tier in the release configuration	2026-09-07T18:35:17.0826770Z [ 96%] Linking CXX executable jit_store_guard_a64_test
macos	Run the asset-free tier in the release configuration	2026-09-07T18:35:17.1734300Z [ 96%] Built target jit_store_guard_a64_test
macos	Run the asset-free tier in the release configuration	2026-09-07T18:35:17.2156790Z [ 97%] Building CXX object CMakeFiles/jit_backend_parity_test.dir/tests/jit_backend_parity_test.cpp.o
macos	Run the asset-free tier in the release configuration	2026-09-07T18:35:17.3178710Z [ 97%] Linking CXX executable jit_asset_free_lockstep_test
macos	Run the asset-free tier in the release configuration	2026-09-07T18:35:17.4190080Z [ 97%] Built target jit_asset_free_lockstep_test
macos	Run the asset-free tier in the release configuration	2026-09-07T18:35:17.4503120Z [ 97%] Building CXX object CMakeFiles/jit_lockstep_test.dir/tests/jit_lockstep_test.cpp.o
macos	Run the asset-free tier in the release configuration	2026-09-07T18:35:17.7682780Z [ 97%] Building CXX object CMakeFiles/jit_backend_parity_test.dir/src/jit/backends/JitBackendX64.cpp.o
macos	Run the asset-free tier in the release configuration	2026-09-07T18:35:18.4131660Z [ 97%] Linking CXX executable jit_backend_test
macos	Run the asset-free tier in the release configuration	2026-09-07T18:35:18.4946200Z [ 97%] Built target jit_backend_test
macos	Run the asset-free tier in the release configuration	2026-09-07T18:35:18.5267230Z [ 97%] Building CXX object CMakeFiles/jit_lockstep_68000_test.dir/tests/jit_lockstep_68000_test.cpp.o
macos	Run the asset-free tier in the release configuration	2026-09-07T18:35:18.8744750Z [ 98%] Linking CXX executable jit_lockstep_test
macos	Run the asset-free tier in the release configuration	2026-09-07T18:35:18.9725310Z [ 98%] Built target jit_lockstep_test
macos	Run the asset-free tier in the release configuration	2026-09-07T18:35:19.0027820Z [100%] Building CXX object CMakeFiles/jit_lockstep_030_test.dir/tests/jit_lockstep_030_test.cpp.o
macos	Run the asset-free tier in the release configuration	2026-09-07T18:35:19.8963600Z [100%] Linking CXX executable jit_lockstep_68000_test
macos	Run the asset-free tier in the release configuration	2026-09-07T18:35:19.9766080Z [100%] Built target jit_lockstep_68000_test
macos	Run the asset-free tier in the release configuration	2026-09-07T18:35:20.1375080Z [100%] Linking CXX executable jit_backend_parity_test
macos	Run the asset-free tier in the release configuration	2026-09-07T18:35:20.2444480Z [100%] Built target jit_backend_parity_test
macos	Run the asset-free tier in the release configuration	2026-09-07T18:35:20.5570360Z [100%] Linking CXX executable jit_lockstep_030_test
macos	Run the asset-free tier in the release configuration	2026-09-07T18:35:20.6347690Z [100%] Built target jit_lockstep_030_test
macos	Run the asset-free tier in the release configuration	2026-09-07T18:35:20.6965700Z Test project /Users/runner/work/pom68k/pom68k/build-tests
macos	Run the asset-free tier in the release configuration	2026-09-07T18:35:20.7034630Z       Start   1: cpu_smoke
macos	Run the asset-free tier in the release configuration	2026-09-07T18:35:20.7045060Z       Start   2: demo_screenshot
macos	Run the asset-free tier in the release configuration	2026-09-07T18:35:20.7051220Z       Start   3: contention_test
macos	Run the asset-free tier in the release configuration	2026-09-07T18:35:20.7072890Z       Start   5: gcr_test
macos	Run the asset-free tier in the release configuration	2026-09-07T18:35:20.7202660Z  1/84 Test   #3: contention_test .......................   Passed    0.00 sec
macos	Run the asset-free tier in the release configuration	2026-09-07T18:35:20.7312560Z       Start   6: iwm_write_test
macos	Run the asset-free tier in the release configuration	2026-09-07T18:35:20.7423450Z  2/84 Test   #6: iwm_write_test ........................   Passed    0.01 sec
macos	Run the asset-free tier in the release configuration	2026-09-07T18:35:20.7525120Z       Start   7: iwm_read_test
macos	Run the asset-free tier in the release configuration	2026-09-07T18:35:20.7631970Z  3/84 Test   #5: gcr_test ..............................   Passed    0.03 sec
macos	Run the asset-free tier in the release configuration	2026-09-07T18:35:20.7747010Z       Start   8: swim1_test
macos	Run the asset-free tier in the release configuration	2026-09-07T18:35:20.7848360Z  4/84 Test   #1: cpu_smoke .............................   Passed    0.04 sec
macos	Run the asset-free tier in the release configuration	2026-09-07T18:35:20.8047510Z       Start   9: savestate_test
macos	Run the asset-free tier in the release configuration	2026-09-07T18:35:20.8166160Z  5/84 Test   #9: savestate_test ........................   Passed    0.02 sec
macos	Run the asset-free tier in the release configuration	2026-09-07T18:35:20.8296820Z       Start  10: savestate_v8_test
macos	Run the asset-free tier in the release configuration	2026-09-07T18:35:20.8418050Z  6/84 Test   #8: swim1_test ............................   Passed    0.03 sec
macos	Run the asset-free tier in the release configuration	2026-09-07T18:35:20.8540250Z       Start  12: savestate_040_test
macos	Run the asset-free tier in the release configuration	2026-09-07T18:35:20.8655090Z  7/84 Test   #7: iwm_read_test .........................   Passed    0.05 sec
macos	Run the asset-free tier in the release configuration	2026-09-07T18:35:20.8655480Z       Start  18: scsi_target_test
macos	Run the asset-free tier in the release configuration	2026-09-07T18:35:20.8771510Z  8/84 Test  #18: scsi_target_test ......................   Passed    0.01 sec
macos	Run the asset-free tier in the release configuration	2026-09-07T18:35:20.8902650Z       Start  24: dir2hfs_selftest
macos	Run the asset-free tier in the release configuration	2026-09-07T18:35:20.9018910Z  9/84 Test   #2: demo_screenshot .......................   Passed    0.11 sec
macos	Run the asset-free tier in the release configuration	2026-09-07T18:35:20.9128170Z       Start  26: scc_ext_test
macos	Run the asset-free tier in the release configuration	2026-09-07T18:35:20.9276790Z 10/84 Test  #26: scc_ext_test ..........................   Passed    0.04 sec
macos	Run the asset-free tier in the release configuration	2026-09-07T18:35:20.9377790Z       Start  27: llap_loop_test
macos	Run the asset-free tier in the release configuration	2026-09-07T18:35:20.9480400Z 11/84 Test  #27: llap_loop_test ........................   Passed    0.00 sec
macos	Run the asset-free tier in the release configuration	2026-09-07T18:35:20.9550540Z       Start  28: atalk_stack_test
macos	Run the asset-free tier in the release configuration	2026-09-07T18:35:20.9551460Z 12/84 Test  #28: atalk_stack_test ......................   Passed    0.01 sec
macos	Run the asset-free tier in the release configuration	2026-09-07T18:35:20.9551830Z       Start  29: afp_server_test
macos	Run the asset-free tier in the release configuration	2026-09-07T18:35:20.9553080Z 13/84 Test  #29: afp_server_test .......................   Passed    0.02 sec
macos	Run the asset-free tier in the release configuration	2026-09-07T18:35:20.9554400Z       Start  30: pap_server_test
macos	Run the asset-free tier in the release configuration	2026-09-07T18:35:20.9557420Z 14/84 Test  #10: savestate_v8_test .....................   Passed    0.17 sec
macos	Run the asset-free tier in the release configuration	2026-09-07T18:35:20.9558180Z       Start  31: macip_gw_test
macos	Run the asset-free tier in the release configuration	2026-09-07T18:35:20.9560540Z 15/84 Test  #30: pap_server_test .......................   Passed    0.04 sec
macos	Run the asset-free tier in the release configuration	2026-09-07T18:35:20.9561680Z       Start  32: daynaport_test
macos	Run the asset-free tier in the release configuration	2026-09-07T18:35:20.9562720Z 16/84 Test  #32: daynaport_test ........................   Passed    0.00 sec
macos	Run the asset-free tier in the release configuration	2026-09-07T18:35:20.9563600Z       Start  33: asset_fingerprint_test
macos	Run the asset-free tier in the release configuration	2026-09-07T18:35:20.9670050Z 17/84 Test  #33: asset_fingerprint_test ................   Passed    0.01 sec
macos	Run the asset-free tier in the release configuration	2026-09-07T18:35:20.9671150Z       Start  34: fixture_store_test
macos	Run the asset-free tier in the release configuration	2026-09-07T18:35:20.9742480Z 18/84 Test  #34: fixture_store_test ....................   Passed    0.01 sec
macos	Run the asset-free tier in the release configuration	2026-09-07T18:35:20.9760710Z       Start  35: asset_lock_test
macos	Run the asset-free tier in the release configuration	2026-09-07T18:35:21.0577500Z 19/84 Test  #24: dir2hfs_selftest ......................   Passed    0.25 sec
macos	Run the asset-free tier in the release configuration	2026-09-07T18:35:21.0578130Z       Start  36: machinehost_test
macos	Run the asset-free tier in the release configuration	2026-09-07T18:35:21.0683100Z 20/84 Test  #31: macip_gw_test .........................   Passed    0.12 sec
macos	Run the asset-free tier in the release configuration	2026-09-07T18:35:21.0793780Z       Start  37: input_journal_test
macos	Run the asset-free tier in the release configuration	2026-09-07T18:35:21.0917390Z 21/84 Test  #35: asset_lock_test .......................   Passed    0.11 sec
macos	Run the asset-free tier in the release configuration	2026-09-07T18:35:21.1028690Z       Start  38: docs_test
macos	Run the asset-free tier in the release configuration	2026-09-07T18:35:21.1850780Z 22/84 Test  #37: input_journal_test ....................   Passed    0.11 sec
macos	Run the asset-free tier in the release configuration	2026-09-07T18:35:21.1951780Z       Start  39: config_test
macos	Run the asset-free tier in the release configuration	2026-09-07T18:35:21.2354350Z 23/84 Test  #12: savestate_040_test ....................   Passed    0.46 sec
macos	Run the asset-free tier in the release configuration	2026-09-07T18:35:21.2455200Z       Start  40: store_inventory_test
macos	Run the asset-free tier in the release configuration	2026-09-07T18:35:21.2546200Z 24/84 Test  #40: store_inventory_test ..................   Passed    0.02 sec
macos	Run the asset-free tier in the release configuration	2026-09-07T18:35:21.2547110Z       Start  41: folderprobe_test
macos	Run the asset-free tier in the release configuration	2026-09-07T18:35:21.2569720Z 25/84 Test  #39: config_test ...........................   Passed    0.08 sec
macos	Run the asset-free tier in the release configuration	2026-09-07T18:35:21.2570320Z       Start  42: peripheral_lle_test
macos	Run the asset-free tier in the release configuration	2026-09-07T18:35:21.2578710Z 26/84 Test  #41: folderprobe_test ......................   Passed    0.00 sec
macos	Run the asset-free tier in the release configuration	2026-09-07T18:35:21.2603420Z       Start  47: cpu_wrapper_smoke
macos	Run the asset-free tier in the release configuration	2026-09-07T18:35:21.2623270Z 27/84 Test  #42: peripheral_lle_test ...................   Passed    0.00 sec
macos	Run the asset-free tier in the release configuration	2026-09-07T18:35:21.2623810Z       Start  48: pseudovia_test
macos	Run the asset-free tier in the release configuration	2026-09-07T18:35:21.2624440Z 28/84 Test  #48: pseudovia_test ........................   Passed    0.00 sec
macos	Run the asset-free tier in the release configuration	2026-09-07T18:35:21.2751370Z       Start  49: v8_ramsize
macos	Run the asset-free tier in the release configuration	2026-09-07T18:35:21.2877180Z 29/84 Test  #36: machinehost_test ......................   Passed    0.22 sec
macos	Run the asset-free tier in the release configuration	2026-09-07T18:35:21.3002070Z       Start  50: flux_pll_test
macos	Run the asset-free tier in the release configuration	2026-09-07T18:35:21.3126880Z 30/84 Test  #50: flux_pll_test .........................   Passed    0.01 sec
macos	Run the asset-free tier in the release configuration	2026-09-07T18:35:21.3206890Z       Start  51: valkyrie_i2c_test
macos	Run the asset-free tier in the release configuration	2026-09-07T18:35:21.3293110Z 31/84 Test  #51: valkyrie_i2c_test .....................   Passed    0.01 sec
macos	Run the asset-free tier in the release configuration	2026-09-07T18:35:21.3415250Z       Start  52: valkyrie_test
macos	Run the asset-free tier in the release configuration	2026-09-07T18:35:21.3537640Z 32/84 Test  #52: valkyrie_test .........................   Passed    0.01 sec
macos	Run the asset-free tier in the release configuration	2026-09-07T18:35:21.3638700Z       Start  53: scc_int_test
macos	Run the asset-free tier in the release configuration	2026-09-07T18:35:21.3741640Z 33/84 Test  #53: scc_int_test ..........................   Passed    0.01 sec
macos	Run the asset-free tier in the release configuration	2026-09-07T18:35:21.3844000Z       Start  54: via6522_parity_test
macos	Run the asset-free tier in the release configuration	2026-09-07T18:35:21.3945390Z 34/84 Test  #49: v8_ramsize ............................   Passed    0.06 sec
macos	Run the asset-free tier in the release configuration	2026-09-07T18:35:21.4046440Z       Start  55: rtc_pram_test
macos	Run the asset-free tier in the release configuration	2026-09-07T18:35:21.4109590Z 35/84 Test  #54: via6522_parity_test ...................   Passed    0.01 sec
macos	Run the asset-free tier in the release configuration	2026-09-07T18:35:21.4210620Z       Start  56: ncr53c96_queue_test
macos	Run the asset-free tier in the release configuration	2026-09-07T18:35:21.4311470Z 36/84 Test  #47: cpu_wrapper_smoke .....................   Passed    0.07 sec
macos	Run the asset-free tier in the release configuration	2026-09-07T18:35:21.4412330Z       Start  57: msc_parity_test
macos	Run the asset-free tier in the release configuration	2026-09-07T18:35:21.4412690Z 37/84 Test  #56: ncr53c96_queue_test ...................   Passed    0.01 sec
macos	Run the asset-free tier in the release configuration	2026-09-07T18:35:21.4513340Z       Start  58: asc_easc_test
macos	Run the asset-free tier in the release configuration	2026-09-07T18:35:21.4614070Z 38/84 Test  #58: asc_easc_test .........................   Passed    0.01 sec
macos	Run the asset-free tier in the release configuration	2026-09-07T18:35:21.4715000Z       Start  59: q700_turboscsi_test
macos	Run the asset-free tier in the release configuration	2026-09-07T18:35:21.4832670Z 39/84 Test  #55: rtc_pram_test .........................   Passed    0.04 sec
macos	Run the asset-free tier in the release configuration	2026-09-07T18:35:21.4933240Z       Start  60: asc_test
macos	Run the asset-free tier in the release configuration	2026-09-07T18:35:21.5033930Z 40/84 Test  #60: asc_test ..............................   Passed    0.01 sec
macos	Run the asset-free tier in the release configuration	2026-09-07T18:35:21.5135090Z       Start  61: q605_asc_test
macos	Run the asset-free tier in the release configuration	2026-09-07T18:35:21.5236300Z 41/84 Test  #57: msc_parity_test .......................   Passed    0.04 sec
macos	Run the asset-free tier in the release configuration	2026-09-07T18:35:21.5336890Z       Start  73: swim2_test
macos	Run the asset-free tier in the release configuration	2026-09-07T18:35:21.5437570Z 42/84 Test  #59: q700_turboscsi_test ...................   Passed    0.04 sec
macos	Run the asset-free tier in the release configuration	2026-09-07T18:35:21.5538350Z       Start  74: swim2_media_test
macos	Run the asset-free tier in the release configuration	2026-09-07T18:35:21.5639410Z 43/84 Test  #61: q605_asc_test .........................   Passed    0.03 sec
macos	Run the asset-free tier in the release configuration	2026-09-07T18:35:21.5740450Z       Start  75: floppy_sound_test
macos	Run the asset-free tier in the release configuration	2026-09-07T18:35:21.5841830Z 44/84 Test  #75: floppy_sound_test .....................   Passed    0.01 sec
macos	Run the asset-free tier in the release configuration	2026-09-07T18:35:21.5941890Z       Start  77: egret_test
macos	Run the asset-free tier in the release configuration	2026-09-07T18:35:21.6043260Z 45/84 Test  #73: swim2_test ............................   Passed    0.04 sec
macos	Run the asset-free tier in the release configuration	2026-09-07T18:35:21.6143750Z       Start  78: pic1654s_test
macos	Run the asset-free tier in the release configuration	2026-09-07T18:35:21.6244650Z 46/84 Test  #77: egret_test ............................   Passed    0.00 sec
macos	Run the asset-free tier in the release configuration	2026-09-07T18:35:21.6345520Z       Start  79: adbline_test
macos	Run the asset-free tier in the release configuration	2026-09-07T18:35:21.6445900Z 47/84 Test  #78: pic1654s_test .........................   Passed    0.00 sec
macos	Run the asset-free tier in the release configuration	2026-09-07T18:35:21.6547170Z       Start  80: video_beam_test
macos	Run the asset-free tier in the release configuration	2026-09-07T18:35:21.6648310Z 48/84 Test  #79: adbline_test ..........................   Passed    0.00 sec
macos	Run the asset-free tier in the release configuration	2026-09-07T18:35:21.6748300Z       Start  81: v8_video_test
macos	Run the asset-free tier in the release configuration	2026-09-07T18:35:21.6849030Z 49/84 Test  #80: video_beam_test .......................   Passed    0.00 sec
macos	Run the asset-free tier in the release configuration	2026-09-07T18:35:21.6949910Z       Start  83: sonora_video_test
macos	Run the asset-free tier in the release configuration	2026-09-07T18:35:21.7050260Z 50/84 Test  #74: swim2_media_test ......................   Passed    0.05 sec
macos	Run the asset-free tier in the release configuration	2026-09-07T18:35:21.7151170Z       Start  84: raster_equiv_test
macos	Run the asset-free tier in the release configuration	2026-09-07T18:35:21.7251640Z 51/84 Test  #81: v8_video_test .........................   Passed    0.03 sec
macos	Run the asset-free tier in the release configuration	2026-09-07T18:35:21.7351910Z       Start  85: v8_raster_test
macos	Run the asset-free tier in the release configuration	2026-09-07T18:35:21.7452670Z 52/84 Test  #83: sonora_video_test .....................   Passed    0.03 sec
macos	Run the asset-free tier in the release configuration	2026-09-07T18:35:21.7581870Z       Start  86: q605_dafb_test
macos	Run the asset-free tier in the release configuration	2026-09-07T18:35:21.7714920Z 53/84 Test  #86: q605_dafb_test ........................   Passed    0.03 sec
macos	Run the asset-free tier in the release configuration	2026-09-07T18:35:21.7836420Z       Start  87: q605_event_scheduler_test
macos	Run the asset-free tier in the release configuration	2026-09-07T18:35:21.7957930Z 54/84 Test  #85: v8_raster_test ........................   Passed    0.03 sec
macos	Run the asset-free tier in the release configuration	2026-09-07T18:35:21.8068930Z       Start  88: quadra_event_scheduler_test
macos	Run the asset-free tier in the release configuration	2026-09-07T18:35:21.8196360Z 55/84 Test  #84: raster_equiv_test .....................   Passed    0.05 sec
macos	Run the asset-free tier in the release configuration	2026-09-07T18:35:21.8318050Z       Start  89: q605_turboscsi_test
macos	Run the asset-free tier in the release configuration	2026-09-07T18:35:21.8439490Z 56/84 Test  #87: q605_event_scheduler_test .............   Passed    0.03 sec
macos	Run the asset-free tier in the release configuration	2026-09-07T18:35:21.8552880Z       Start  90: scc_baud_test
macos	Run the asset-free tier in the release configuration	2026-09-07T18:35:21.8663160Z 57/84 Test  #88: quadra_event_scheduler_test ...........   Passed    0.03 sec
macos	Run the asset-free tier in the release configuration	2026-09-07T18:35:21.8784390Z       Start  91: scc_engine_test
macos	Run the asset-free tier in the release configuration	2026-09-07T18:35:21.8885230Z 58/84 Test  #90: scc_baud_test .........................   Passed    0.00 sec
macos	Run the asset-free tier in the release configuration	2026-09-07T18:35:21.8985180Z       Start  92: r65c02_test
macos	Run the asset-free tier in the release configuration	2026-09-07T18:35:21.9085750Z 59/84 Test  #91: scc_engine_test .......................   Passed    0.00 sec
macos	Run the asset-free tier in the release configuration	2026-09-07T18:35:21.9186090Z       Start  93: applepic_test
macos	Run the asset-free tier in the release configuration	2026-09-07T18:35:21.9286810Z 60/84 Test  #93: applepic_test .........................   Passed    0.00 sec
macos	Run the asset-free tier in the release configuration	2026-09-07T18:35:21.9387770Z       Start 167: scsi_cdrom_test
macos	Run the asset-free tier in the release configuration	2026-09-07T18:35:21.9488680Z 61/84 Test  #89: q605_turboscsi_test ...................   Passed    0.03 sec
macos	Run the asset-free tier in the release configuration	2026-09-07T18:35:21.9589620Z       Start 168: floppy_persist_test
macos	Run the asset-free tier in the release configuration	2026-09-07T18:35:21.9690500Z 62/84 Test #167: scsi_cdrom_test .......................   Passed    0.00 sec
macos	Run the asset-free tier in the release configuration	2026-09-07T18:35:21.9788810Z       Start 176: berr030_test
macos	Run the asset-free tier in the release configuration	2026-09-07T18:35:21.9889600Z 63/84 Test #168: floppy_persist_test ...................   Passed    0.03 sec
macos	Run the asset-free tier in the release configuration	2026-09-07T18:35:21.9990300Z       Start 177: jit_restart_write_030_test
macos	Run the asset-free tier in the release configuration	2026-09-07T18:35:22.0091050Z 64/84 Test  #38: docs_test .............................   Passed    0.46 sec
macos	Run the asset-free tier in the release configuration	2026-09-07T18:35:22.0192880Z       Start 178: declrom_test
macos	Run the asset-free tier in the release configuration	2026-09-07T18:35:22.0292830Z 65/84 Test #178: declrom_test ..........................   Passed    0.00 sec
macos	Run the asset-free tier in the release configuration	2026-09-07T18:35:22.0393560Z       Start 179: nubus_test
macos	Run the asset-free tier in the release configuration	2026-09-07T18:35:22.0494210Z 66/84 Test #179: nubus_test ............................   Passed    0.00 sec
macos	Run the asset-free tier in the release configuration	2026-09-07T18:35:22.0594830Z       Start 180: toby_test
macos	Run the asset-free tier in the release configuration	2026-09-07T18:35:22.0797420Z 67/84 Test #180: toby_test .............................   Passed    0.00 sec
macos	Run the asset-free tier in the release configuration	2026-09-07T18:35:22.0797840Z       Start 189: jit_asset_free_lockstep_test
macos	Run the asset-free tier in the release configuration	2026-09-07T18:35:22.0905420Z 68/84 Test #176: berr030_test ..........................   Passed    0.06 sec
macos	Run the asset-free tier in the release configuration	2026-09-07T18:35:22.1006350Z       Start 190: jit_copyback_write_040_test
macos	Run the asset-free tier in the release configuration	2026-09-07T18:35:22.1107330Z 69/84 Test #190: jit_copyback_write_040_test ...........   Passed    0.13 sec
macos	Run the asset-free tier in the release configuration	2026-09-07T18:35:22.1208690Z       Start 191: jit_copyback_write_040_control_test
macos	Run the asset-free tier in the release configuration	2026-09-07T18:35:22.1309670Z 70/84 Test #191: jit_copyback_write_040_control_test ...   Passed    0.04 sec
macos	Run the asset-free tier in the release configuration	2026-09-07T18:35:22.1410630Z       Start 192: jit_copyback_bsr_040_test
macos	Run the asset-free tier in the release configuration	2026-09-07T18:35:22.1511520Z 71/84 Test #192: jit_copyback_bsr_040_test .............   Passed    0.05 sec
macos	Run the asset-free tier in the release configuration	2026-09-07T18:35:22.1612440Z       Start 193: jit_copyback_pair_040_test
macos	Run the asset-free tier in the release configuration	2026-09-07T18:35:22.1732320Z 72/84 Test #193: jit_copyback_pair_040_test ............   Passed    0.05 sec
macos	Run the asset-free tier in the release configuration	2026-09-07T18:35:22.1833510Z       Start 194: jit_copyback_pair_040_control_test
macos	Run the asset-free tier in the release configuration	2026-09-07T18:35:22.1934680Z 73/84 Test #194: jit_copyback_pair_040_control_test ....   Passed    0.04 sec
macos	Run the asset-free tier in the release configuration	2026-09-07T18:35:22.2035640Z       Start 195: jit_store_guard_a64_test
macos	Run the asset-free tier in the release configuration	2026-09-07T18:35:22.2136490Z 74/84 Test #195: jit_store_guard_a64_test ..............   Passed    0.05 sec
macos	Run the asset-free tier in the release configuration	2026-09-07T18:35:22.2237420Z       Start 196: cache040_test
macos	Run the asset-free tier in the release configuration	2026-09-07T18:35:22.2339130Z 75/84 Test #196: cache040_test .........................   Passed    0.04 sec
macos	Run the asset-free tier in the release configuration	2026-09-07T18:35:22.2440060Z       Start 197: fpu_sanity
macos	Run the asset-free tier in the release configuration	2026-09-07T18:35:22.2540970Z 76/84 Test #197: fpu_sanity ............................   Passed    0.04 sec
macos	Run the asset-free tier in the release configuration	2026-09-07T18:35:22.2642260Z       Start 198: fpu040_test
macos	Run the asset-free tier in the release configuration	2026-09-07T18:35:22.2743220Z 77/84 Test #198: fpu040_test ...........................   Passed    0.03 sec
macos	Run the asset-free tier in the release configuration	2026-09-07T18:35:22.2844250Z       Start 199: callm_rtm_test
macos	Run the asset-free tier in the release configuration	2026-09-07T18:35:22.2945070Z 78/84 Test #199: callm_rtm_test ........................   Passed    0.03 sec
macos	Run the asset-free tier in the release configuration	2026-09-07T18:35:22.3045900Z       Start 200: jit_backend_test
macos	Run the asset-free tier in the release configuration	2026-09-07T18:35:22.3136940Z 79/84 Test #200: jit_backend_test ......................   Passed    0.04 sec
macos	Run the asset-free tier in the release configuration	2026-09-07T18:35:22.3237910Z       Start 201: jit_backend_parity_test
macos	Run the asset-free tier in the release configuration	2026-09-07T18:35:22.3338880Z 80/84 Test #201: jit_backend_parity_test ...............   Passed    0.03 sec
macos	Run the asset-free tier in the release configuration	2026-09-07T18:35:22.3440030Z       Start 238: file_size_budget_test
macos	Run the asset-free tier in the release configuration	2026-09-07T18:35:22.3637800Z 81/84 Test #177: jit_restart_write_030_test ............   Passed    0.82 sec
macos	Run the asset-free tier in the release configuration	2026-09-07T18:35:22.4564460Z 82/84 Test  #92: r65c02_test ...........................   Passed    0.95 sec
macos	Run the asset-free tier in the release configuration	2026-09-07T18:35:23.2024310Z 83/84 Test #238: file_size_budget_test .................   Passed    1.05 sec
macos	Run the asset-free tier in the release configuration	2026-09-07T18:35:30.5802410Z 84/84 Test #189: jit_asset_free_lockstep_test ..........   Passed    9.02 sec
macos	Run the asset-free tier in the release configuration	2026-09-07T18:35:30.5809440Z 
macos	Run the asset-free tier in the release configuration	2026-09-07T18:35:30.5809820Z 100% tests passed out of 84
macos	Run the asset-free tier in the release configuration	2026-09-07T18:35:30.5810050Z 
macos	Run the asset-free tier in the release configuration	2026-09-07T18:35:30.5810120Z Label Time Summary:
macos	Run the asset-free tier in the release configuration	2026-09-07T18:35:30.5810760Z asset-none          =  15.69 sec*proc (84 tests)
macos	Run the asset-free tier in the release configuration	2026-09-07T18:35:30.5811060Z host-a64            =   0.05 sec*proc (1 test)
macos	Run the asset-free tier in the release configuration	2026-09-07T18:35:30.5811370Z host-any            =   6.30 sec*proc (77 tests)
macos	Run the asset-free tier in the release configuration	2026-09-07T18:35:30.5811660Z host-native         =   9.34 sec*proc (6 tests)
macos	Run the asset-free tier in the release configuration	2026-09-07T18:35:30.5811930Z jit                 =  10.27 sec*proc (10 tests)
macos	Run the asset-free tier in the release configuration	2026-09-07T18:35:30.5812190Z jit-fast            =   9.85 sec*proc (8 tests)
macos	Run the asset-free tier in the release configuration	2026-09-07T18:35:30.5812570Z m030                =   0.07 sec*proc (2 tests)
macos	Run the asset-free tier in the release configuration	2026-09-07T18:35:30.5812940Z m040                =   0.28 sec*proc (8 tests)
macos	Run the asset-free tier in the release configuration	2026-09-07T18:35:30.5813390Z scope-component     =   4.87 sec*proc (71 tests)
macos	Run the asset-free tier in the release configuration	2026-09-07T18:35:30.5814160Z scope-engine        =  10.27 sec*proc (10 tests)
macos	Run the asset-free tier in the release configuration	2026-09-07T18:35:30.5814460Z scope-repository    =   0.56 sec*proc (3 tests)
macos	Run the asset-free tier in the release configuration	2026-09-07T18:35:30.5814720Z smoke               =   0.04 sec*proc (1 test)
macos	Run the asset-free tier in the release configuration	2026-09-07T18:35:30.5815000Z tier-daily          =  15.69 sec*proc (84 tests)
macos	Run the asset-free tier in the release configuration	2026-09-07T18:35:30.5815290Z unit                =  15.69 sec*proc (84 tests)
macos	Run the asset-free tier in the release configuration	2026-09-07T18:35:30.5815480Z 
macos	Run the asset-free tier in the release configuration	2026-09-07T18:35:30.5815570Z Total Test time (real) =   9.88 sec
macos	Smoke-launch the packaged .app binary (--version)	﻿2026-09-07T18:35:30.5931670Z ##[group]Run set -euo pipefail
macos	Smoke-launch the packaged .app binary (--version)	2026-09-07T18:35:30.5932240Z ^[[36;1mset -euo pipefail^[[0m
macos	Smoke-launch the packaged .app binary (--version)	2026-09-07T18:35:30.5932580Z ^[[36;1mOUT=$(dist/POM68K.app/Contents/MacOS/POM68K-bin --version)^[[0m
macos	Smoke-launch the packaged .app binary (--version)	2026-09-07T18:35:30.5932980Z ^[[36;1mecho "$OUT"^[[0m
macos	Smoke-launch the packaged .app binary (--version)	2026-09-07T18:35:30.5933230Z ^[[36;1mgrep -q "Macintosh 68k emulator" <<<"$OUT" \^[[0m
macos	Smoke-launch the packaged .app binary (--version)	2026-09-07T18:35:30.5933620Z ^[[36;1m  || { echo "ERROR: .app binary did not print the version banner"; exit 1; }^[[0m
macos	Smoke-launch the packaged .app binary (--version)	2026-09-07T18:35:30.6108030Z shell: /bin/bash -e {0}
macos	Smoke-launch the packaged .app binary (--version)	2026-09-07T18:35:30.6108330Z env:
macos	Smoke-launch the packaged .app binary (--version)	2026-09-07T18:35:30.6108520Z   IMGUI_TAG: v1.92.8-docking
macos	Smoke-launch the packaged .app binary (--version)	2026-09-07T18:35:30.6108790Z ##[endgroup]
macos	Smoke-launch the packaged .app binary (--version)	2026-09-07T18:35:30.6904460Z POM68K 0.1.0 — Macintosh 68k emulator (37 profiles, Mac Plus to Quadra 950)
macos	Run actions/upload-artifact@v5	﻿2026-09-07T18:35:30.7001290Z Node 20 is being deprecated. This workflow is running with Node 24 by default. If you need to temporarily use Node 20, you can set the ACTIONS_ALLOW_USE_UNSECURE_NODE_VERSION=true environment variable. For more information see: https://github.blog/changelog/2025-09-19-deprecation-of-node-20-on-github-actions-runners/
macos	Run actions/upload-artifact@v5	2026-09-07T18:35:30.7003350Z ##[group]Run actions/upload-artifact@v5
macos	Run actions/upload-artifact@v5	2026-09-07T18:35:30.7003720Z with:
macos	Run actions/upload-artifact@v5	2026-09-07T18:35:30.7003950Z   name: POM68K-macOS-dmg
macos	Run actions/upload-artifact@v5	2026-09-07T18:35:30.7004240Z   path: dist/*.dmg
macos	Run actions/upload-artifact@v5	2026-09-07T18:35:30.7004520Z   if-no-files-found: error
macos	Run actions/upload-artifact@v5	2026-09-07T18:35:30.7004800Z   compression-level: 6
macos	Run actions/upload-artifact@v5	2026-09-07T18:35:30.7005100Z   overwrite: false
macos	Run actions/upload-artifact@v5	2026-09-07T18:35:30.7005350Z   include-hidden-files: false
macos	Run actions/upload-artifact@v5	2026-09-07T18:35:30.7005760Z env:
macos	Run actions/upload-artifact@v5	2026-09-07T18:35:30.7006010Z   IMGUI_TAG: v1.92.8-docking
macos	Run actions/upload-artifact@v5	2026-09-07T18:35:30.7006340Z ##[endgroup]
macos	Run actions/upload-artifact@v5	2026-09-07T18:35:31.0679370Z (node:14507) [DEP0040] DeprecationWarning: The `punycode` module is deprecated. Please use a userland alternative instead.
macos	Run actions/upload-artifact@v5	2026-09-07T18:35:31.0680250Z (Use `node --trace-deprecation ...` to show where the warning was created)
macos	Run actions/upload-artifact@v5	2026-09-07T18:35:31.0729980Z With the provided path, there will be 1 file uploaded
macos	Run actions/upload-artifact@v5	2026-09-07T18:35:31.0732890Z Artifact name is valid!
macos	Run actions/upload-artifact@v5	2026-09-07T18:35:31.0733460Z Root directory input is valid!
macos	Run actions/upload-artifact@v5	2026-09-07T18:35:31.4393300Z Beginning upload of artifact content to blob storage
macos	Run actions/upload-artifact@v5	2026-09-07T18:35:31.6096590Z (node:14507) [DEP0169] DeprecationWarning: `url.parse()` behavior is not standardized and prone to errors that have security implications. Use the WHATWG URL API instead. CVEs are not issued for `url.parse()` vulnerabilities.
macos	Run actions/upload-artifact@v5	2026-09-07T18:35:32.4564200Z Uploaded bytes 6216655
macos	Run actions/upload-artifact@v5	2026-09-07T18:35:32.5279780Z Finished uploading artifact content to blob storage!
macos	Run actions/upload-artifact@v5	2026-09-07T18:35:32.5280430Z SHA256 digest of uploaded artifact zip is 322ad5659129f37c5848f9700ad846d4d6eca9ed09c27c37ca72481f7405b8f1
macos	Run actions/upload-artifact@v5	2026-09-07T18:35:32.5280930Z Finalizing artifact upload
macos	Run actions/upload-artifact@v5	2026-09-07T18:35:32.7859320Z Artifact POM68K-macOS-dmg.zip successfully finalized. Artifact ID 10029744641
macos	Run actions/upload-artifact@v5	2026-09-07T18:35:32.7859950Z Artifact POM68K-macOS-dmg has been successfully uploaded! Final size is 6216655 bytes. Artifact ID is 10029744641
macos	Run actions/upload-artifact@v5	2026-09-07T18:35:32.7865950Z Artifact download URL: https://github.com/habib256/pom68k/actions/runs/34151560976/artifacts/10029744641
macos	Post Run actions/checkout@v5	﻿2026-09-07T18:35:32.8009570Z Post job cleanup.
macos	Post Run actions/checkout@v5	2026-09-07T18:35:32.9039830Z [command]/opt/homebrew/bin/git version
macos	Post Run actions/checkout@v5	2026-09-07T18:35:32.9230580Z git version 2.55.0
macos	Post Run actions/checkout@v5	2026-09-07T18:35:32.9248480Z Copying '/Users/runner/.gitconfig' to '/Users/runner/work/_temp/14680040-0f25-4f03-98ed-5706772bb83a/.gitconfig'
macos	Post Run actions/checkout@v5	2026-09-07T18:35:32.9255600Z Temporarily overriding HOME='/Users/runner/work/_temp/14680040-0f25-4f03-98ed-5706772bb83a' before making global git config changes
macos	Post Run actions/checkout@v5	2026-09-07T18:35:32.9256520Z Adding repository directory to the temporary git global config as a safe directory
macos	Post Run actions/checkout@v5	2026-09-07T18:35:32.9259500Z [command]/opt/homebrew/bin/git config --global --add safe.directory /Users/runner/work/pom68k/pom68k
macos	Post Run actions/checkout@v5	2026-09-07T18:35:32.9355500Z [command]/opt/homebrew/bin/git config --local --name-only --get-regexp core\.sshCommand
macos	Post Run actions/checkout@v5	2026-09-07T18:35:32.9418080Z [command]/opt/homebrew/bin/git submodule foreach --recursive sh -c "git config --local --name-only --get-regexp 'core\.sshCommand' && git config --local --unset-all 'core.sshCommand' || :"
macos	Post Run actions/checkout@v5	2026-09-07T18:35:33.0255680Z [command]/opt/homebrew/bin/git config --local --name-only --get-regexp http\.https\:\/\/github\.com\/\.extraheader
macos	Post Run actions/checkout@v5	2026-09-07T18:35:33.0305260Z http.https://github.com/.extraheader
macos	Post Run actions/checkout@v5	2026-09-07T18:35:33.0311540Z [command]/opt/homebrew/bin/git config --local --unset-all http.https://github.com/.extraheader
macos	Post Run actions/checkout@v5	2026-09-07T18:35:33.0368540Z [command]/opt/homebrew/bin/git submodule foreach --recursive sh -c "git config --local --name-only --get-regexp 'http\.https\:\/\/github\.com\/\.extraheader' && git config --local --unset-all 'http.https://github.com/.extraheader' || :"
macos	Post Run actions/checkout@v5	2026-09-07T18:35:33.1085710Z [command]/opt/homebrew/bin/git config --local --name-only --get-regexp ^includeIf\.gitdir:
macos	Post Run actions/checkout@v5	2026-09-07T18:35:33.1141960Z [command]/opt/homebrew/bin/git submodule foreach --recursive git config --local --show-origin --name-only --get-regexp remote.origin.url
macos	Complete job	﻿2026-09-07T18:35:33.1965450Z Cleaning up orphan processes
macos	Complete job	2026-09-07T18:35:34.5248770Z ##[warning]Node.js 20 is deprecated. The following actions target Node.js 20 but are being forced to run on Node.js 24: actions/upload-artifact@v5. For more information see: https://github.blog/changelog/2025-09-19-deprecation-of-node-20-on-github-actions-runners/
linux-arm64	Set up job	﻿2026-09-07T18:25:35.8140656Z Current runner version: '2.337.0'
linux-arm64	Set up job	2026-09-07T18:25:35.8173506Z ##[group]Runner Image Provisioner
linux-arm64	Set up job	2026-09-07T18:25:35.8174791Z Hosted Compute Agent
linux-arm64	Set up job	2026-09-07T18:25:35.8175431Z Version: 20260828.587
linux-arm64	Set up job	2026-09-07T18:25:35.8176173Z Commit: abac92662cab4cc7352de4f9f9d2e2419aad9c29
linux-arm64	Set up job	2026-09-07T18:25:35.8176931Z Build Date: 2026-08-28T16:44:25Z
linux-arm64	Set up job	2026-09-07T18:25:35.8177669Z Worker ID: {8d2d2463-b240-486f-b245-81efa280d244}
linux-arm64	Set up job	2026-09-07T18:25:35.8178907Z Azure Region: southcentralus
linux-arm64	Set up job	2026-09-07T18:25:35.8179567Z ##[endgroup]
linux-arm64	Set up job	2026-09-07T18:25:35.8182212Z ##[group]Operating System
linux-arm64	Set up job	2026-09-07T18:25:35.8183085Z Ubuntu
linux-arm64	Set up job	2026-09-07T18:25:35.8183687Z 24.04.4
linux-arm64	Set up job	2026-09-07T18:25:35.8184299Z LTS
linux-arm64	Set up job	2026-09-07T18:25:35.8184815Z ##[endgroup]
linux-arm64	Set up job	2026-09-07T18:25:35.8185365Z ##[group]Runner Image
linux-arm64	Set up job	2026-09-07T18:25:35.8186157Z Image: ubuntu-24.04-arm
linux-arm64	Set up job	2026-09-07T18:25:35.8186767Z Version: 20260831.111.1
linux-arm64	Set up job	2026-09-07T18:25:35.8187943Z Included Software: https://github.com/actions/runner-images/blob/ubuntu24-arm64/20260831.111/images/ubuntu/Ubuntu2404-Arm64-Readme.md
linux-arm64	Set up job	2026-09-07T18:25:35.8190172Z Image Release: https://github.com/actions/runner-images/releases/tag/ubuntu24-arm64%2F20260831.111
linux-arm64	Set up job	2026-09-07T18:25:35.8191306Z ##[endgroup]
linux-arm64	Set up job	2026-09-07T18:25:35.8192549Z ##[group]GITHUB_TOKEN Permissions
linux-arm64	Set up job	2026-09-07T18:25:35.8195890Z Contents: read
linux-arm64	Set up job	2026-09-07T18:25:35.8196551Z Metadata: read
linux-arm64	Set up job	2026-09-07T18:25:35.8197291Z Packages: read
linux-arm64	Set up job	2026-09-07T18:25:35.8197916Z ##[endgroup]
linux-arm64	Set up job	2026-09-07T18:25:35.8201263Z Secret source: Actions
linux-arm64	Set up job	2026-09-07T18:25:35.8203379Z Prepare workflow directory
linux-arm64	Set up job	2026-09-07T18:25:35.8695436Z Prepare all required actions
linux-arm64	Set up job	2026-09-07T18:25:35.8747451Z Getting action download info
linux-arm64	Set up job	2026-09-07T18:25:36.1346265Z Download action repository 'actions/checkout@v5' (SHA:fbc6f3992d24b796d5a048ff273f7fcc4a7b6c09)
linux-arm64	Set up job	2026-09-07T18:25:36.5088756Z Download action repository 'actions/upload-artifact@v5' (SHA:330a01c490aca151604b8cf639adc76d48f6c5d4)
linux-arm64	Set up job	2026-09-07T18:25:36.7287955Z Complete job name: linux-arm64
linux-arm64	Run actions/checkout@v5	﻿2026-09-07T18:25:36.8177518Z ##[group]Run actions/checkout@v5
linux-arm64	Run actions/checkout@v5	2026-09-07T18:25:36.8179389Z with:
linux-arm64	Run actions/checkout@v5	2026-09-07T18:25:36.8180068Z   repository: habib256/pom68k
linux-arm64	Run actions/checkout@v5	2026-09-07T18:25:36.8184299Z   token: ***
linux-arm64	Run actions/checkout@v5	2026-09-07T18:25:36.8184849Z   ssh-strict: true
linux-arm64	Run actions/checkout@v5	2026-09-07T18:25:36.8185536Z   ssh-user: git
linux-arm64	Run actions/checkout@v5	2026-09-07T18:25:36.8186189Z   persist-credentials: true
linux-arm64	Run actions/checkout@v5	2026-09-07T18:25:36.8186790Z   clean: true
linux-arm64	Run actions/checkout@v5	2026-09-07T18:25:36.8187540Z   sparse-checkout-cone-mode: true
linux-arm64	Run actions/checkout@v5	2026-09-07T18:25:36.8188441Z   fetch-depth: 1
linux-arm64	Run actions/checkout@v5	2026-09-07T18:25:36.8189135Z   fetch-tags: false
linux-arm64	Run actions/checkout@v5	2026-09-07T18:25:36.8189725Z   show-progress: true
linux-arm64	Run actions/checkout@v5	2026-09-07T18:25:36.8190648Z   lfs: false
linux-arm64	Run actions/checkout@v5	2026-09-07T18:25:36.8191264Z   submodules: false
linux-arm64	Run actions/checkout@v5	2026-09-07T18:25:36.8191841Z   set-safe-directory: true
linux-arm64	Run actions/checkout@v5	2026-09-07T18:25:36.8192489Z   allow-unsafe-pr-checkout: false
linux-arm64	Run actions/checkout@v5	2026-09-07T18:25:36.8193770Z env:
linux-arm64	Run actions/checkout@v5	2026-09-07T18:25:36.8194360Z   IMGUI_TAG: v1.92.8-docking
linux-arm64	Run actions/checkout@v5	2026-09-07T18:25:36.8195307Z   BUILDER_IMAGE: ghcr.io/habib256/pom68k-bionic-builder:bionic-aarch64
linux-arm64	Run actions/checkout@v5	2026-09-07T18:25:36.8196136Z ##[endgroup]
linux-arm64	Run actions/checkout@v5	2026-09-07T18:25:36.9090322Z Syncing repository: habib256/pom68k
linux-arm64	Run actions/checkout@v5	2026-09-07T18:25:36.9093079Z ##[group]Getting Git version info
linux-arm64	Run actions/checkout@v5	2026-09-07T18:25:36.9094454Z Working directory is '/home/runner/work/pom68k/pom68k'
linux-arm64	Run actions/checkout@v5	2026-09-07T18:25:36.9095926Z [command]/usr/bin/git version
linux-arm64	Run actions/checkout@v5	2026-09-07T18:25:36.9102228Z git version 2.55.0
linux-arm64	Run actions/checkout@v5	2026-09-07T18:25:36.9121753Z ##[endgroup]
linux-arm64	Run actions/checkout@v5	2026-09-07T18:25:36.9160571Z Temporarily overriding HOME='/home/runner/work/_temp/fdec5134-0382-4133-807b-986df751f418' before making global git config changes
linux-arm64	Run actions/checkout@v5	2026-09-07T18:25:36.9180056Z Adding repository directory to the temporary git global config as a safe directory
linux-arm64	Run actions/checkout@v5	2026-09-07T18:25:36.9181443Z [command]/usr/bin/git config --global --add safe.directory /home/runner/work/pom68k/pom68k
linux-arm64	Run actions/checkout@v5	2026-09-07T18:25:36.9183353Z Deleting the contents of '/home/runner/work/pom68k/pom68k'
linux-arm64	Run actions/checkout@v5	2026-09-07T18:25:36.9185239Z ##[group]Initializing the repository
linux-arm64	Run actions/checkout@v5	2026-09-07T18:25:36.9190144Z [command]/usr/bin/git init /home/runner/work/pom68k/pom68k
linux-arm64	Run actions/checkout@v5	2026-09-07T18:25:36.9259439Z hint: Using 'master' as the name for the initial branch. This default branch name
linux-arm64	Run actions/checkout@v5	2026-09-07T18:25:36.9261670Z hint: will change to "main" in Git 3.0. To configure the initial branch name
linux-arm64	Run actions/checkout@v5	2026-09-07T18:25:36.9263023Z hint: to use in all of your new repositories, which will suppress this warning,
linux-arm64	Run actions/checkout@v5	2026-09-07T18:25:36.9263953Z hint: call:
linux-arm64	Run actions/checkout@v5	2026-09-07T18:25:36.9264490Z hint:
linux-arm64	Run actions/checkout@v5	2026-09-07T18:25:36.9265303Z hint: 	git config --global init.defaultBranch <name>
linux-arm64	Run actions/checkout@v5	2026-09-07T18:25:36.9266031Z hint:
linux-arm64	Run actions/checkout@v5	2026-09-07T18:25:36.9266796Z hint: Names commonly chosen instead of 'master' are 'main', 'trunk' and
linux-arm64	Run actions/checkout@v5	2026-09-07T18:25:36.9267821Z hint: 'development'. The just-created branch can be renamed via this command:
linux-arm64	Run actions/checkout@v5	2026-09-07T18:25:36.9269249Z hint:
linux-arm64	Run actions/checkout@v5	2026-09-07T18:25:36.9269917Z hint: 	git branch -m <name>
linux-arm64	Run actions/checkout@v5	2026-09-07T18:25:36.9270542Z hint:
linux-arm64	Run actions/checkout@v5	2026-09-07T18:25:36.9271292Z hint: Disable this message with "git config set advice.defaultBranchName false"
linux-arm64	Run actions/checkout@v5	2026-09-07T18:25:36.9272543Z Initialized empty Git repository in /home/runner/work/pom68k/pom68k/.git/
linux-arm64	Run actions/checkout@v5	2026-09-07T18:25:36.9281581Z [command]/usr/bin/git remote add origin https://github.com/habib256/pom68k
linux-arm64	Run actions/checkout@v5	2026-09-07T18:25:36.9307665Z ##[endgroup]
linux-arm64	Run actions/checkout@v5	2026-09-07T18:25:36.9308939Z ##[group]Disabling automatic garbage collection
linux-arm64	Run actions/checkout@v5	2026-09-07T18:25:36.9311935Z [command]/usr/bin/git config --local gc.auto 0
linux-arm64	Run actions/checkout@v5	2026-09-07T18:25:36.9346586Z ##[endgroup]
linux-arm64	Run actions/checkout@v5	2026-09-07T18:25:36.9347596Z ##[group]Setting up auth
linux-arm64	Run actions/checkout@v5	2026-09-07T18:25:36.9360684Z [command]/usr/bin/git config --local --name-only --get-regexp core\.sshCommand
linux-arm64	Run actions/checkout@v5	2026-09-07T18:25:36.9391036Z [command]/usr/bin/git submodule foreach --recursive sh -c "git config --local --name-only --get-regexp 'core\.sshCommand' && git config --local --unset-all 'core.sshCommand' || :"
linux-arm64	Run actions/checkout@v5	2026-09-07T18:25:36.9680177Z [command]/usr/bin/git config --local --name-only --get-regexp http\.https\:\/\/github\.com\/\.extraheader
linux-arm64	Run actions/checkout@v5	2026-09-07T18:25:36.9711029Z [command]/usr/bin/git submodule foreach --recursive sh -c "git config --local --name-only --get-regexp 'http\.https\:\/\/github\.com\/\.extraheader' && git config --local --unset-all 'http.https://github.com/.extraheader' || :"
linux-arm64	Run actions/checkout@v5	2026-09-07T18:25:36.9910978Z [command]/usr/bin/git config --local --name-only --get-regexp ^includeIf\.gitdir:
linux-arm64	Run actions/checkout@v5	2026-09-07T18:25:36.9941553Z [command]/usr/bin/git submodule foreach --recursive git config --local --show-origin --name-only --get-regexp remote.origin.url
linux-arm64	Run actions/checkout@v5	2026-09-07T18:25:37.0142656Z [command]/usr/bin/git config --local http.https://github.com/.extraheader AUTHORIZATION: basic ***
linux-arm64	Run actions/checkout@v5	2026-09-07T18:25:37.0178973Z ##[endgroup]
linux-arm64	Run actions/checkout@v5	2026-09-07T18:25:37.0180242Z ##[group]Fetching the repository
linux-arm64	Run actions/checkout@v5	2026-09-07T18:25:37.0187713Z [command]/usr/bin/git -c protocol.version=2 fetch --no-tags --prune --no-recurse-submodules --depth=1 origin +46f58f4588079ef34b1c110f430299b76731962a:refs/remotes/origin/main
linux-arm64	Run actions/checkout@v5	2026-09-07T18:25:38.5848958Z From https://github.com/habib256/pom68k
linux-arm64	Run actions/checkout@v5	2026-09-07T18:25:38.5850654Z  * [new ref]         46f58f4588079ef34b1c110f430299b76731962a -> origin/main
linux-arm64	Run actions/checkout@v5	2026-09-07T18:25:38.5853367Z ##[endgroup]
linux-arm64	Run actions/checkout@v5	2026-09-07T18:25:38.5854626Z ##[group]Determining the checkout info
linux-arm64	Run actions/checkout@v5	2026-09-07T18:25:38.5856018Z ##[endgroup]
linux-arm64	Run actions/checkout@v5	2026-09-07T18:25:38.5860680Z [command]/usr/bin/git sparse-checkout disable
linux-arm64	Run actions/checkout@v5	2026-09-07T18:25:38.5899470Z [command]/usr/bin/git config --local --unset-all extensions.worktreeConfig
linux-arm64	Run actions/checkout@v5	2026-09-07T18:25:38.5927373Z ##[group]Checking out the ref
linux-arm64	Run actions/checkout@v5	2026-09-07T18:25:38.5930372Z [command]/usr/bin/git checkout --progress --force -B main refs/remotes/origin/main
linux-arm64	Run actions/checkout@v5	2026-09-07T18:25:38.7807002Z Switched to a new branch 'main'
linux-arm64	Run actions/checkout@v5	2026-09-07T18:25:38.7811481Z branch 'main' set up to track 'origin/main'.
linux-arm64	Run actions/checkout@v5	2026-09-07T18:25:38.7815058Z ##[endgroup]
linux-arm64	Run actions/checkout@v5	2026-09-07T18:25:38.7859728Z [command]/usr/bin/git log -1 --format=%H
linux-arm64	Run actions/checkout@v5	2026-09-07T18:25:38.7882675Z 46f58f4588079ef34b1c110f430299b76731962a
linux-arm64	Log in to GHCR (pull the builder image)	﻿2026-09-07T18:25:38.8172060Z ##[group]Run echo "***" | docker login ghcr.io -u "habib256" --password-stdin
linux-arm64	Log in to GHCR (pull the builder image)	2026-09-07T18:25:38.8181281Z ^[[36;1mecho "***" | docker login ghcr.io -u "habib256" --password-stdin^[[0m
linux-arm64	Log in to GHCR (pull the builder image)	2026-09-07T18:25:38.8273101Z shell: /usr/bin/bash -e {0}
linux-arm64	Log in to GHCR (pull the builder image)	2026-09-07T18:25:38.8274491Z env:
linux-arm64	Log in to GHCR (pull the builder image)	2026-09-07T18:25:38.8275339Z   IMGUI_TAG: v1.92.8-docking
linux-arm64	Log in to GHCR (pull the builder image)	2026-09-07T18:25:38.8276367Z   BUILDER_IMAGE: ghcr.io/habib256/pom68k-bionic-builder:bionic-aarch64
linux-arm64	Log in to GHCR (pull the builder image)	2026-09-07T18:25:38.8277537Z ##[endgroup]
linux-arm64	Log in to GHCR (pull the builder image)	2026-09-07T18:25:39.3041038Z 
linux-arm64	Log in to GHCR (pull the builder image)	2026-09-07T18:25:39.3042336Z Login Succeeded
linux-arm64	Log in to GHCR (pull the builder image)	2026-09-07T18:25:39.3044710Z WARNING! Your credentials are stored unencrypted in '/home/runner/.docker/config.json'.
linux-arm64	Log in to GHCR (pull the builder image)	2026-09-07T18:25:39.3046502Z Configure a credential helper to remove this warning. See
linux-arm64	Log in to GHCR (pull the builder image)	2026-09-07T18:25:39.3047929Z https://docs.docker.com/go/credential-store/
linux-arm64	Log in to GHCR (pull the builder image)	2026-09-07T18:25:39.3048802Z 
linux-arm64	Build POM68K + AppImage in the pinned bionic builder (aarch64)	﻿2026-09-07T18:25:39.3136188Z ##[group]Run IMAGE="$(echo "$BUILDER_IMAGE" | tr '[:upper:]' '[:lower:]')"
linux-arm64	Build POM68K + AppImage in the pinned bionic builder (aarch64)	2026-09-07T18:25:39.3137909Z ^[[36;1mIMAGE="$(echo "$BUILDER_IMAGE" | tr '[:upper:]' '[:lower:]')"^[[0m
linux-arm64	Build POM68K + AppImage in the pinned bionic builder (aarch64)	2026-09-07T18:25:39.3139435Z ^[[36;1mdocker pull "$IMAGE"^[[0m
linux-arm64	Build POM68K + AppImage in the pinned bionic builder (aarch64)	2026-09-07T18:25:39.3140431Z ^[[36;1mdocker run --rm \^[[0m
linux-arm64	Build POM68K + AppImage in the pinned bionic builder (aarch64)	2026-09-07T18:25:39.3141383Z ^[[36;1m  -v "$PWD":/work -w /work \^[[0m
linux-arm64	Build POM68K + AppImage in the pinned bionic builder (aarch64)	2026-09-07T18:25:39.3142394Z ^[[36;1m  -e POM68K_VERSION -e IMGUI_TAG \^[[0m
linux-arm64	Build POM68K + AppImage in the pinned bionic builder (aarch64)	2026-09-07T18:25:39.3143436Z ^[[36;1m  "$IMAGE" \^[[0m
linux-arm64	Build POM68K + AppImage in the pinned bionic builder (aarch64)	2026-09-07T18:25:39.3144344Z ^[[36;1m  bash /work/packaging/linux/build_in_bionic.sh^[[0m
linux-arm64	Build POM68K + AppImage in the pinned bionic builder (aarch64)	2026-09-07T18:25:39.3197105Z shell: /usr/bin/bash -e {0}
linux-arm64	Build POM68K + AppImage in the pinned bionic builder (aarch64)	2026-09-07T18:25:39.3198458Z env:
linux-arm64	Build POM68K + AppImage in the pinned bionic builder (aarch64)	2026-09-07T18:25:39.3199205Z   IMGUI_TAG: v1.92.8-docking
linux-arm64	Build POM68K + AppImage in the pinned bionic builder (aarch64)	2026-09-07T18:25:39.3200333Z   BUILDER_IMAGE: ghcr.io/habib256/pom68k-bionic-builder:bionic-aarch64
linux-arm64	Build POM68K + AppImage in the pinned bionic builder (aarch64)	2026-09-07T18:25:39.3201644Z   POM68K_VERSION: 
linux-arm64	Build POM68K + AppImage in the pinned bionic builder (aarch64)	2026-09-07T18:25:39.3202351Z ##[endgroup]
linux-arm64	Build POM68K + AppImage in the pinned bionic builder (aarch64)	2026-09-07T18:25:39.9375285Z bionic-aarch64: Pulling from habib256/pom68k-bionic-builder
linux-arm64	Build POM68K + AppImage in the pinned bionic builder (aarch64)	2026-09-07T18:25:39.9381633Z 7f8ef08e85ad: Pulling fs layer
linux-arm64	Build POM68K + AppImage in the pinned bionic builder (aarch64)	2026-09-07T18:25:39.9384157Z 8fecfa3a4db1: Pulling fs layer
linux-arm64	Build POM68K + AppImage in the pinned bionic builder (aarch64)	2026-09-07T18:25:39.9386103Z 2665863b7946: Pulling fs layer
linux-arm64	Build POM68K + AppImage in the pinned bionic builder (aarch64)	2026-09-07T18:25:39.9387148Z 26e8f2a00307: Pulling fs layer
linux-arm64	Build POM68K + AppImage in the pinned bionic builder (aarch64)	2026-09-07T18:25:39.9388029Z 43fedc75ac00: Pulling fs layer
linux-arm64	Build POM68K + AppImage in the pinned bionic builder (aarch64)	2026-09-07T18:25:39.9389189Z 2dfdd4d38051: Pulling fs layer
linux-arm64	Build POM68K + AppImage in the pinned bionic builder (aarch64)	2026-09-07T18:25:39.9390140Z fa6d3d755ed7: Pulling fs layer
linux-arm64	Build POM68K + AppImage in the pinned bionic builder (aarch64)	2026-09-07T18:25:39.9391141Z 26e8f2a00307: Waiting
linux-arm64	Build POM68K + AppImage in the pinned bionic builder (aarch64)	2026-09-07T18:25:39.9391931Z 43fedc75ac00: Waiting
linux-arm64	Build POM68K + AppImage in the pinned bionic builder (aarch64)	2026-09-07T18:25:39.9392704Z 2dfdd4d38051: Waiting
linux-arm64	Build POM68K + AppImage in the pinned bionic builder (aarch64)	2026-09-07T18:25:39.9393521Z fa6d3d755ed7: Waiting
linux-arm64	Build POM68K + AppImage in the pinned bionic builder (aarch64)	2026-09-07T18:25:40.5892807Z 7f8ef08e85ad: Download complete
linux-arm64	Build POM68K + AppImage in the pinned bionic builder (aarch64)	2026-09-07T18:25:41.2003686Z 2665863b7946: Verifying Checksum
linux-arm64	Build POM68K + AppImage in the pinned bionic builder (aarch64)	2026-09-07T18:25:41.2006971Z 2665863b7946: Download complete
linux-arm64	Build POM68K + AppImage in the pinned bionic builder (aarch64)	2026-09-07T18:25:41.3142523Z 7f8ef08e85ad: Pull complete
linux-arm64	Build POM68K + AppImage in the pinned bionic builder (aarch64)	2026-09-07T18:25:41.4504200Z 43fedc75ac00: Verifying Checksum
linux-arm64	Build POM68K + AppImage in the pinned bionic builder (aarch64)	2026-09-07T18:25:41.4505477Z 43fedc75ac00: Download complete
linux-arm64	Build POM68K + AppImage in the pinned bionic builder (aarch64)	2026-09-07T18:25:42.0781365Z 26e8f2a00307: Verifying Checksum
linux-arm64	Build POM68K + AppImage in the pinned bionic builder (aarch64)	2026-09-07T18:25:42.0782381Z 26e8f2a00307: Download complete
linux-arm64	Build POM68K + AppImage in the pinned bionic builder (aarch64)	2026-09-07T18:25:42.3019375Z fa6d3d755ed7: Verifying Checksum
linux-arm64	Build POM68K + AppImage in the pinned bionic builder (aarch64)	2026-09-07T18:25:42.3020385Z fa6d3d755ed7: Download complete
linux-arm64	Build POM68K + AppImage in the pinned bionic builder (aarch64)	2026-09-07T18:25:42.4287892Z 2dfdd4d38051: Verifying Checksum
linux-arm64	Build POM68K + AppImage in the pinned bionic builder (aarch64)	2026-09-07T18:25:42.4288952Z 2dfdd4d38051: Download complete
linux-arm64	Build POM68K + AppImage in the pinned bionic builder (aarch64)	2026-09-07T18:25:42.9752740Z 8fecfa3a4db1: Download complete
linux-arm64	Build POM68K + AppImage in the pinned bionic builder (aarch64)	2026-09-07T18:25:48.7551671Z 8fecfa3a4db1: Pull complete
linux-arm64	Build POM68K + AppImage in the pinned bionic builder (aarch64)	2026-09-07T18:25:49.9754904Z 2665863b7946: Pull complete
linux-arm64	Build POM68K + AppImage in the pinned bionic builder (aarch64)	2026-09-07T18:25:52.4206260Z 26e8f2a00307: Pull complete
linux-arm64	Build POM68K + AppImage in the pinned bionic builder (aarch64)	2026-09-07T18:25:52.4406613Z 43fedc75ac00: Pull complete
linux-arm64	Build POM68K + AppImage in the pinned bionic builder (aarch64)	2026-09-07T18:25:53.0622249Z 2dfdd4d38051: Pull complete
linux-arm64	Build POM68K + AppImage in the pinned bionic builder (aarch64)	2026-09-07T18:25:53.0706658Z fa6d3d755ed7: Pull complete
linux-arm64	Build POM68K + AppImage in the pinned bionic builder (aarch64)	2026-09-07T18:25:53.0734441Z Digest: sha256:c49bda93066b3131c9e65c6a6707ecb2475e1addcd9164910604a06bc78fdfc6
linux-arm64	Build POM68K + AppImage in the pinned bionic builder (aarch64)	2026-09-07T18:25:53.0750564Z Status: Downloaded newer image for ghcr.io/habib256/pom68k-bionic-builder:bionic-aarch64
linux-arm64	Build POM68K + AppImage in the pinned bionic builder (aarch64)	2026-09-07T18:25:53.0758939Z ghcr.io/habib256/pom68k-bionic-builder:bionic-aarch64
linux-arm64	Build POM68K + AppImage in the pinned bionic builder (aarch64)	2026-09-07T18:25:53.2095930Z + git config --global --add safe.directory '*'
linux-arm64	Build POM68K + AppImage in the pinned bionic builder (aarch64)	2026-09-07T18:25:53.2114190Z + rm -rf imgui
linux-arm64	Build POM68K + AppImage in the pinned bionic builder (aarch64)	2026-09-07T18:25:53.2120150Z + git clone --depth 1 --branch v1.92.8-docking https://github.com/ocornut/imgui.git imgui
linux-arm64	Build POM68K + AppImage in the pinned bionic builder (aarch64)	2026-09-07T18:25:53.2128373Z Cloning into 'imgui'...
linux-arm64	Build POM68K + AppImage in the pinned bionic builder (aarch64)	2026-09-07T18:25:54.0999084Z Note: checking out 'b61e56346a92cfcaf1f43a545ca37b0b32239654'.
linux-arm64	Build POM68K + AppImage in the pinned bionic builder (aarch64)	2026-09-07T18:25:54.0999997Z 
linux-arm64	Build POM68K + AppImage in the pinned bionic builder (aarch64)	2026-09-07T18:25:54.1000417Z You are in 'detached HEAD' state. You can look around, make experimental
linux-arm64	Build POM68K + AppImage in the pinned bionic builder (aarch64)	2026-09-07T18:25:54.1001178Z changes and commit them, and you can discard any commits you make in this
linux-arm64	Build POM68K + AppImage in the pinned bionic builder (aarch64)	2026-09-07T18:25:54.1002189Z state without impacting any branches by performing another checkout.
linux-arm64	Build POM68K + AppImage in the pinned bionic builder (aarch64)	2026-09-07T18:25:54.1002685Z 
linux-arm64	Build POM68K + AppImage in the pinned bionic builder (aarch64)	2026-09-07T18:25:54.1003346Z If you want to create a new branch to retain commits you create, you may
linux-arm64	Build POM68K + AppImage in the pinned bionic builder (aarch64)	2026-09-07T18:25:54.1004718Z do so (now or later) by using -b with the checkout command again. Example:
linux-arm64	Build POM68K + AppImage in the pinned bionic builder (aarch64)	2026-09-07T18:25:54.1005215Z 
linux-arm64	Build POM68K + AppImage in the pinned bionic builder (aarch64)	2026-09-07T18:25:54.1005344Z   git checkout -b <new-branch-name>
linux-arm64	Build POM68K + AppImage in the pinned bionic builder (aarch64)	2026-09-07T18:25:54.1006035Z 
linux-arm64	Build POM68K + AppImage in the pinned bionic builder (aarch64)	2026-09-07T18:25:54.1287899Z + TUNE=
linux-arm64	Build POM68K + AppImage in the pinned bionic builder (aarch64)	2026-09-07T18:25:54.1288614Z + case "$(uname -m)" in
linux-arm64	Build POM68K + AppImage in the pinned bionic builder (aarch64)	2026-09-07T18:25:54.1289955Z ++ uname -m
linux-arm64	Build POM68K + AppImage in the pinned bionic builder (aarch64)	2026-09-07T18:25:54.1298000Z + TUNE=-DPOM68K_TUNE=cortex-a72
linux-arm64	Build POM68K + AppImage in the pinned bionic builder (aarch64)	2026-09-07T18:25:54.1300635Z + cmake -S . -B build-release -DCMAKE_BUILD_TYPE=Release -DPOM68K_NATIVE=OFF -DPOM68K_LTO=ON -DPOM68K_TESTS=OFF -DPOM68K_TUNE=cortex-a72 '-DCMAKE_EXE_LINKER_FLAGS=-static-libstdc++ -static-libgcc'
linux-arm64	Build POM68K + AppImage in the pinned bionic builder (aarch64)	2026-09-07T18:25:54.1783724Z -- The CXX compiler identification is GNU 11.4.0
linux-arm64	Build POM68K + AppImage in the pinned bionic builder (aarch64)	2026-09-07T18:25:54.1900048Z -- Detecting CXX compiler ABI info
linux-arm64	Build POM68K + AppImage in the pinned bionic builder (aarch64)	2026-09-07T18:25:54.2396856Z -- Detecting CXX compiler ABI info - done
linux-arm64	Build POM68K + AppImage in the pinned bionic builder (aarch64)	2026-09-07T18:25:54.2481691Z -- Check for working CXX compiler: /usr/bin/c++ - skipped
linux-arm64	Build POM68K + AppImage in the pinned bionic builder (aarch64)	2026-09-07T18:25:54.2490646Z -- Detecting CXX compile features
linux-arm64	Build POM68K + AppImage in the pinned bionic builder (aarch64)	2026-09-07T18:25:54.2490993Z -- Detecting CXX compile features - done
linux-arm64	Build POM68K + AppImage in the pinned bionic builder (aarch64)	2026-09-07T18:25:54.2507420Z -- Performing Test pom68k_tune_ok
linux-arm64	Build POM68K + AppImage in the pinned bionic builder (aarch64)	2026-09-07T18:25:54.2970189Z -- Performing Test pom68k_tune_ok - Success
linux-arm64	Build POM68K + AppImage in the pinned bionic builder (aarch64)	2026-09-07T18:25:54.2970749Z -- POM68K: tuned for cortex-a72 (ISA floor unchanged)
linux-arm64	Build POM68K + AppImage in the pinned bionic builder (aarch64)	2026-09-07T18:25:54.4803619Z -- The C compiler identification is GNU 11.4.0
linux-arm64	Build POM68K + AppImage in the pinned bionic builder (aarch64)	2026-09-07T18:25:54.4898810Z -- Detecting C compiler ABI info
linux-arm64	Build POM68K + AppImage in the pinned bionic builder (aarch64)	2026-09-07T18:25:54.5386356Z -- Detecting C compiler ABI info - done
linux-arm64	Build POM68K + AppImage in the pinned bionic builder (aarch64)	2026-09-07T18:25:54.5465295Z -- Check for working C compiler: /usr/bin/cc - skipped
linux-arm64	Build POM68K + AppImage in the pinned bionic builder (aarch64)	2026-09-07T18:25:54.5468684Z -- Detecting C compile features
linux-arm64	Build POM68K + AppImage in the pinned bionic builder (aarch64)	2026-09-07T18:25:54.5472642Z -- Detecting C compile features - done
linux-arm64	Build POM68K + AppImage in the pinned bionic builder (aarch64)	2026-09-07T18:25:54.5485773Z -- POM68K JIT: threaded backend + aarch64 code generator
linux-arm64	Build POM68K + AppImage in the pinned bionic builder (aarch64)	2026-09-07T18:25:54.5534004Z -- Found OpenGL: /usr/lib/aarch64-linux-gnu/libOpenGL.so   
linux-arm64	Build POM68K + AppImage in the pinned bionic builder (aarch64)	2026-09-07T18:25:54.5551265Z -- Performing Test CMAKE_HAVE_LIBC_PTHREAD
linux-arm64	Build POM68K + AppImage in the pinned bionic builder (aarch64)	2026-09-07T18:25:54.6015229Z -- Performing Test CMAKE_HAVE_LIBC_PTHREAD - Failed
linux-arm64	Build POM68K + AppImage in the pinned bionic builder (aarch64)	2026-09-07T18:25:54.6015720Z -- Looking for pthread_create in pthreads
linux-arm64	Build POM68K + AppImage in the pinned bionic builder (aarch64)	2026-09-07T18:25:54.6406566Z -- Looking for pthread_create in pthreads - not found
linux-arm64	Build POM68K + AppImage in the pinned bionic builder (aarch64)	2026-09-07T18:25:54.6420490Z -- Looking for pthread_create in pthread
linux-arm64	Build POM68K + AppImage in the pinned bionic builder (aarch64)	2026-09-07T18:25:54.6852998Z -- Looking for pthread_create in pthread - found
linux-arm64	Build POM68K + AppImage in the pinned bionic builder (aarch64)	2026-09-07T18:25:54.6861371Z -- Found Threads: TRUE  
linux-arm64	Build POM68K + AppImage in the pinned bionic builder (aarch64)	2026-09-07T18:25:54.6864865Z -- POM68K warnings: -Wall -Wextra (-Werror: OFF)
linux-arm64	Build POM68K + AppImage in the pinned bionic builder (aarch64)	2026-09-07T18:25:54.6866383Z -- Configuring done (0.6s)
linux-arm64	Build POM68K + AppImage in the pinned bionic builder (aarch64)	2026-09-07T18:25:54.7027126Z -- Generating done (0.0s)
linux-arm64	Build POM68K + AppImage in the pinned bionic builder (aarch64)	2026-09-07T18:25:54.7036813Z -- Build files have been written to: /work/build-release
linux-arm64	Build POM68K + AppImage in the pinned bionic builder (aarch64)	2026-09-07T18:25:54.7070095Z ++ nproc
linux-arm64	Build POM68K + AppImage in the pinned bionic builder (aarch64)	2026-09-07T18:25:54.7076231Z + cmake --build build-release -j4 --target POM68K
linux-arm64	Build POM68K + AppImage in the pinned bionic builder (aarch64)	2026-09-07T18:25:54.7270541Z [  0%] Building CXX object CMakeFiles/pom68k_app.dir/src/ProcessEnvironment.cpp.o
linux-arm64	Build POM68K + AppImage in the pinned bionic builder (aarch64)	2026-09-07T18:25:54.7271258Z [  1%] Building C object extern/softfloat/CMakeFiles/softfloat68k.dir/softfloat.c.o
linux-arm64	Build POM68K + AppImage in the pinned bionic builder (aarch64)	2026-09-07T18:25:54.7272026Z [  2%] Building CXX object CMakeFiles/pom68k_app.dir/src/RuntimeConfig.cpp.o
linux-arm64	Build POM68K + AppImage in the pinned bionic builder (aarch64)	2026-09-07T18:25:54.7277485Z [  3%] Building C object extern/softfloat/CMakeFiles/softfloat68k.dir/softfloat_decimal.c.o
linux-arm64	Build POM68K + AppImage in the pinned bionic builder (aarch64)	2026-09-07T18:25:54.7661655Z [  4%] Building C object extern/softfloat/CMakeFiles/softfloat68k.dir/softfloat_fpsp.c.o
linux-arm64	Build POM68K + AppImage in the pinned bionic builder (aarch64)	2026-09-07T18:25:54.8480133Z [  5%] Building CXX object CMakeFiles/pom68k_app.dir/src/RuntimeConfigProduct.cpp.o
linux-arm64	Build POM68K + AppImage in the pinned bionic builder (aarch64)	2026-09-07T18:25:54.8648650Z [  6%] Linking C static library libsoftfloat68k.a
linux-arm64	Build POM68K + AppImage in the pinned bionic builder (aarch64)	2026-09-07T18:25:54.8759626Z [  6%] Built target softfloat68k
linux-arm64	Build POM68K + AppImage in the pinned bionic builder (aarch64)	2026-09-07T18:25:54.8817252Z [  7%] Building CXX object CMakeFiles/moira.dir/extern/moira/Moira/Moira.cpp.o
linux-arm64	Build POM68K + AppImage in the pinned bionic builder (aarch64)	2026-09-07T18:25:55.5188694Z [  8%] Building CXX object CMakeFiles/pom68k_app.dir/src/RuntimeConfigCore.cpp.o
linux-arm64	Build POM68K + AppImage in the pinned bionic builder (aarch64)	2026-09-07T18:25:56.0565689Z [  9%] Building CXX object CMakeFiles/moira.dir/extern/moira/Moira/MoiraDebugger.cpp.o
linux-arm64	Build POM68K + AppImage in the pinned bionic builder (aarch64)	2026-09-07T18:25:56.0754795Z [ 10%] Building CXX object CMakeFiles/pom68k_app.dir/src/RuntimeConfigMachine.cpp.o
linux-arm64	Build POM68K + AppImage in the pinned bionic builder (aarch64)	2026-09-07T18:25:56.8126434Z [ 11%] Building CXX object CMakeFiles/pom68k_app.dir/src/MachineFactory.cpp.o
linux-arm64	Build POM68K + AppImage in the pinned bionic builder (aarch64)	2026-09-07T18:25:56.8223293Z [ 12%] Building CXX object CMakeFiles/pom68k_app.dir/src/MachineSession.cpp.o
linux-arm64	Build POM68K + AppImage in the pinned bionic builder (aarch64)	2026-09-07T18:25:58.3450420Z [ 13%] Linking CXX static library libpom68k_app.a
linux-arm64	Build POM68K + AppImage in the pinned bionic builder (aarch64)	2026-09-07T18:25:58.3620173Z [ 13%] Built target pom68k_app
linux-arm64	Build POM68K + AppImage in the pinned bionic builder (aarch64)	2026-09-07T18:26:22.2880451Z [ 14%] Linking CXX static library libmoira.a
linux-arm64	Build POM68K + AppImage in the pinned bionic builder (aarch64)	2026-09-07T18:26:22.3912494Z [ 14%] Built target moira
linux-arm64	Build POM68K + AppImage in the pinned bionic builder (aarch64)	2026-09-07T18:26:22.3992203Z [ 15%] Building CXX object CMakeFiles/pom68k_core.dir/src/jit/JitEngine.cpp.o
linux-arm64	Build POM68K + AppImage in the pinned bionic builder (aarch64)	2026-09-07T18:26:22.3993087Z [ 15%] Building CXX object CMakeFiles/pom68k_core.dir/src/jit/JitEngineCensus.cpp.o
linux-arm64	Build POM68K + AppImage in the pinned bionic builder (aarch64)	2026-09-07T18:26:22.3993637Z [ 16%] Building CXX object CMakeFiles/pom68k_core.dir/src/jit/JitBlockCache.cpp.o
linux-arm64	Build POM68K + AppImage in the pinned bionic builder (aarch64)	2026-09-07T18:26:22.3994211Z [ 17%] Building CXX object CMakeFiles/pom68k_core.dir/src/jit/JitShiftVersions.cpp.o
linux-arm64	Build POM68K + AppImage in the pinned bionic builder (aarch64)	2026-09-07T18:26:23.5087581Z [ 18%] Building CXX object CMakeFiles/pom68k_core.dir/src/jit/JitBackend.cpp.o
linux-arm64	Build POM68K + AppImage in the pinned bionic builder (aarch64)	2026-09-07T18:26:23.6440848Z [ 19%] Building CXX object CMakeFiles/pom68k_core.dir/src/jit/JitCodeBuffer.cpp.o
linux-arm64	Build POM68K + AppImage in the pinned bionic builder (aarch64)	2026-09-07T18:26:23.6865007Z [ 20%] Building CXX object CMakeFiles/pom68k_core.dir/src/jit/JitRuntime.cpp.o
linux-arm64	Build POM68K + AppImage in the pinned bionic builder (aarch64)	2026-09-07T18:26:23.6910730Z [ 21%] Building CXX object CMakeFiles/pom68k_core.dir/src/jit/backends/JitBackendThreaded.cpp.o
linux-arm64	Build POM68K + AppImage in the pinned bionic builder (aarch64)	2026-09-07T18:26:24.3141402Z [ 22%] Building CXX object CMakeFiles/pom68k_core.dir/src/jit/backends/JitBackendA64.cpp.o
linux-arm64	Build POM68K + AppImage in the pinned bionic builder (aarch64)	2026-09-07T18:26:24.3276640Z [ 23%] Building CXX object CMakeFiles/pom68k_core.dir/src/SaveState.cpp.o
linux-arm64	Build POM68K + AppImage in the pinned bionic builder (aarch64)	2026-09-07T18:26:24.4452095Z [ 23%] Building CXX object CMakeFiles/pom68k_core.dir/src/SaveStateMachines.cpp.o
linux-arm64	Build POM68K + AppImage in the pinned bionic builder (aarch64)	2026-09-07T18:26:24.5707254Z [ 24%] Building CXX object CMakeFiles/pom68k_core.dir/src/Cpu68k.cpp.o
linux-arm64	Build POM68K + AppImage in the pinned bionic builder (aarch64)	2026-09-07T18:26:24.7492934Z [ 25%] Building CXX object CMakeFiles/pom68k_core.dir/src/MacMemory.cpp.o
linux-arm64	Build POM68K + AppImage in the pinned bionic builder (aarch64)	2026-09-07T18:26:25.9280129Z [ 26%] Building CXX object CMakeFiles/pom68k_core.dir/src/Via6522.cpp.o
linux-arm64	Build POM68K + AppImage in the pinned bionic builder (aarch64)	2026-09-07T18:26:26.0732744Z [ 27%] Building CXX object CMakeFiles/pom68k_core.dir/src/Rtc.cpp.o
linux-arm64	Build POM68K + AppImage in the pinned bionic builder (aarch64)	2026-09-07T18:26:26.4178451Z [ 28%] Building CXX object CMakeFiles/pom68k_core.dir/src/Iwm.cpp.o
linux-arm64	Build POM68K + AppImage in the pinned bionic builder (aarch64)	2026-09-07T18:26:26.4682743Z [ 29%] Building CXX object CMakeFiles/pom68k_core.dir/src/SonyDrive.cpp.o
linux-arm64	Build POM68K + AppImage in the pinned bionic builder (aarch64)	2026-09-07T18:26:26.5797827Z [ 30%] Building CXX object CMakeFiles/pom68k_core.dir/src/Scc8530.cpp.o
linux-arm64	Build POM68K + AppImage in the pinned bionic builder (aarch64)	2026-09-07T18:26:26.7961052Z [ 31%] Building CXX object CMakeFiles/pom68k_core.dir/src/M68hc05.cpp.o
linux-arm64	Build POM68K + AppImage in the pinned bionic builder (aarch64)	2026-09-07T18:26:27.2118285Z [ 32%] Building CXX object CMakeFiles/pom68k_core.dir/src/R65c02.cpp.o
linux-arm64	Build POM68K + AppImage in the pinned bionic builder (aarch64)	2026-09-07T18:26:27.2789572Z [ 32%] Building CXX object CMakeFiles/pom68k_core.dir/src/ApplePic.cpp.o
linux-arm64	Build POM68K + AppImage in the pinned bionic builder (aarch64)	2026-09-07T18:26:27.4120159Z [ 33%] Building CXX object CMakeFiles/pom68k_core.dir/src/IIfxMemory.cpp.o
linux-arm64	Build POM68K + AppImage in the pinned bionic builder (aarch64)	2026-09-07T18:26:27.5020213Z [ 34%] Building CXX object CMakeFiles/pom68k_core.dir/src/IIfxCpu.cpp.o
linux-arm64	Build POM68K + AppImage in the pinned bionic builder (aarch64)	2026-09-07T18:26:27.8508495Z [ 35%] Building CXX object CMakeFiles/pom68k_core.dir/src/CudaLle.cpp.o
linux-arm64	Build POM68K + AppImage in the pinned bionic builder (aarch64)	2026-09-07T18:26:27.8868125Z [ 36%] Building CXX object CMakeFiles/pom68k_core.dir/src/LtoUdp.cpp.o
linux-arm64	Build POM68K + AppImage in the pinned bionic builder (aarch64)	2026-09-07T18:26:28.1614258Z [ 37%] Building CXX object CMakeFiles/pom68k_core.dir/src/AtalkStack.cpp.o
linux-arm64	Build POM68K + AppImage in the pinned bionic builder (aarch64)	2026-09-07T18:26:28.8235712Z [ 38%] Building CXX object CMakeFiles/pom68k_core.dir/src/AfpServer.cpp.o
linux-arm64	Build POM68K + AppImage in the pinned bionic builder (aarch64)	2026-09-07T18:26:29.0318717Z [ 39%] Building CXX object CMakeFiles/pom68k_core.dir/src/PapServer.cpp.o
linux-arm64	Build POM68K + AppImage in the pinned bionic builder (aarch64)	2026-09-07T18:26:29.2185020Z [ 40%] Building CXX object CMakeFiles/pom68k_core.dir/src/MacIpGateway.cpp.o
linux-arm64	Build POM68K + AppImage in the pinned bionic builder (aarch64)	2026-09-07T18:26:29.4348787Z [ 40%] Building CXX object CMakeFiles/pom68k_core.dir/src/MacInput.cpp.o
linux-arm64	Build POM68K + AppImage in the pinned bionic builder (aarch64)	2026-09-07T18:26:29.9638700Z [ 41%] Building CXX object CMakeFiles/pom68k_core.dir/src/ScsiDisk.cpp.o
linux-arm64	Build POM68K + AppImage in the pinned bionic builder (aarch64)	2026-09-07T18:26:30.4505569Z [ 42%] Building CXX object CMakeFiles/pom68k_core.dir/src/DaynaPort.cpp.o
linux-arm64	Build POM68K + AppImage in the pinned bionic builder (aarch64)	2026-09-07T18:26:30.4525308Z [ 43%] Building CXX object CMakeFiles/pom68k_core.dir/src/EtherLink.cpp.o
linux-arm64	Build POM68K + AppImage in the pinned bionic builder (aarch64)	2026-09-07T18:26:30.7361377Z [ 44%] Building CXX object CMakeFiles/pom68k_core.dir/src/Ncr5380.cpp.o
linux-arm64	Build POM68K + AppImage in the pinned bionic builder (aarch64)	2026-09-07T18:26:30.8491637Z [ 45%] Building CXX object CMakeFiles/pom68k_core.dir/src/Ncr53c96.cpp.o
linux-arm64	Build POM68K + AppImage in the pinned bionic builder (aarch64)	2026-09-07T18:26:31.2064886Z [ 46%] Building CXX object CMakeFiles/pom68k_core.dir/src/PseudoVia.cpp.o
linux-arm64	Build POM68K + AppImage in the pinned bionic builder (aarch64)	2026-09-07T18:26:31.2449389Z [ 47%] Building CXX object CMakeFiles/pom68k_core.dir/src/V8Memory.cpp.o
linux-arm64	Build POM68K + AppImage in the pinned bionic builder (aarch64)	2026-09-07T18:26:31.6448507Z [ 48%] Building CXX object CMakeFiles/pom68k_core.dir/src/Cpu030.cpp.o
linux-arm64	Build POM68K + AppImage in the pinned bionic builder (aarch64)	2026-09-07T18:26:31.6704545Z [ 48%] Building CXX object CMakeFiles/pom68k_core.dir/src/Egret.cpp.o
linux-arm64	Build POM68K + AppImage in the pinned bionic builder (aarch64)	2026-09-07T18:26:31.8492481Z [ 49%] Building CXX object CMakeFiles/pom68k_core.dir/src/AdbBus.cpp.o
linux-arm64	Build POM68K + AppImage in the pinned bionic builder (aarch64)	2026-09-07T18:26:32.4458693Z [ 50%] Building CXX object CMakeFiles/pom68k_core.dir/src/Asc.cpp.o
linux-arm64	Build POM68K + AppImage in the pinned bionic builder (aarch64)	2026-09-07T18:26:32.4911584Z [ 51%] Building CXX object CMakeFiles/pom68k_core.dir/src/Swim1.cpp.o
linux-arm64	Build POM68K + AppImage in the pinned bionic builder (aarch64)	2026-09-07T18:26:33.0220191Z [ 52%] Building CXX object CMakeFiles/pom68k_core.dir/src/Swim2.cpp.o
linux-arm64	Build POM68K + AppImage in the pinned bionic builder (aarch64)	2026-09-07T18:26:33.1516412Z [ 53%] Building CXX object CMakeFiles/pom68k_core.dir/src/SonoraMemory.cpp.o
linux-arm64	Build POM68K + AppImage in the pinned bionic builder (aarch64)	2026-09-07T18:26:33.2758435Z [ 54%] Building CXX object CMakeFiles/pom68k_core.dir/src/SonoraCpu.cpp.o
linux-arm64	Build POM68K + AppImage in the pinned bionic builder (aarch64)	2026-09-07T18:26:33.5840432Z [ 55%] Building CXX object CMakeFiles/pom68k_core.dir/src/VaspMemory.cpp.o
linux-arm64	Build POM68K + AppImage in the pinned bionic builder (aarch64)	2026-09-07T18:26:33.6447307Z [ 56%] Building CXX object CMakeFiles/pom68k_core.dir/src/VaspCpu.cpp.o
linux-arm64	Build POM68K + AppImage in the pinned bionic builder (aarch64)	2026-09-07T18:26:34.7756399Z [ 57%] Building CXX object CMakeFiles/pom68k_core.dir/src/MscMemory.cpp.o
linux-arm64	Build POM68K + AppImage in the pinned bionic builder (aarch64)	2026-09-07T18:26:35.1765403Z [ 57%] Building CXX object CMakeFiles/pom68k_core.dir/src/MscCpu.cpp.o
linux-arm64	Build POM68K + AppImage in the pinned bionic builder (aarch64)	2026-09-07T18:26:35.2437855Z [ 58%] Building CXX object CMakeFiles/pom68k_core.dir/src/M68hc05Pge.cpp.o
linux-arm64	Build POM68K + AppImage in the pinned bionic builder (aarch64)	2026-09-07T18:26:35.6605200Z [ 59%] Building CXX object CMakeFiles/pom68k_core.dir/src/PgePmu.cpp.o
linux-arm64	Build POM68K + AppImage in the pinned bionic builder (aarch64)	2026-09-07T18:26:36.2337514Z [ 60%] Building CXX object CMakeFiles/pom68k_core.dir/src/RbvMemory.cpp.o
linux-arm64	Build POM68K + AppImage in the pinned bionic builder (aarch64)	2026-09-07T18:26:36.6114971Z [ 61%] Building CXX object CMakeFiles/pom68k_core.dir/src/RbvCpu.cpp.o
linux-arm64	Build POM68K + AppImage in the pinned bionic builder (aarch64)	2026-09-07T18:26:36.7399262Z [ 62%] Building CXX object CMakeFiles/pom68k_core.dir/src/CentrisMemory.cpp.o
linux-arm64	Build POM68K + AppImage in the pinned bionic builder (aarch64)	2026-09-07T18:26:36.8590095Z [ 63%] Building CXX object CMakeFiles/pom68k_core.dir/src/CentrisCpu.cpp.o
linux-arm64	Build POM68K + AppImage in the pinned bionic builder (aarch64)	2026-09-07T18:26:38.1257191Z [ 64%] Building CXX object CMakeFiles/pom68k_core.dir/src/Q630Memory.cpp.o
linux-arm64	Build POM68K + AppImage in the pinned bionic builder (aarch64)	2026-09-07T18:26:38.3450070Z [ 65%] Building CXX object CMakeFiles/pom68k_core.dir/src/Q630Cpu.cpp.o
linux-arm64	Build POM68K + AppImage in the pinned bionic builder (aarch64)	2026-09-07T18:26:38.3906333Z [ 65%] Building CXX object CMakeFiles/pom68k_core.dir/src/Valkyrie.cpp.o
linux-arm64	Build POM68K + AppImage in the pinned bionic builder (aarch64)	2026-09-07T18:26:38.4927193Z [ 66%] Building CXX object CMakeFiles/pom68k_core.dir/src/Q700Memory.cpp.o
linux-arm64	Build POM68K + AppImage in the pinned bionic builder (aarch64)	2026-09-07T18:26:38.9080591Z [ 67%] Building CXX object CMakeFiles/pom68k_core.dir/src/Q700Cpu.cpp.o
linux-arm64	Build POM68K + AppImage in the pinned bionic builder (aarch64)	2026-09-07T18:26:39.8349814Z [ 68%] Building CXX object CMakeFiles/pom68k_core.dir/src/Q605Memory.cpp.o
linux-arm64	Build POM68K + AppImage in the pinned bionic builder (aarch64)	2026-09-07T18:26:40.2081228Z [ 69%] Building CXX object CMakeFiles/pom68k_core.dir/src/Dafb.cpp.o
linux-arm64	Build POM68K + AppImage in the pinned bionic builder (aarch64)	2026-09-07T18:26:40.4522041Z [ 70%] Building CXX object CMakeFiles/pom68k_core.dir/src/Cpu040.cpp.o
linux-arm64	Build POM68K + AppImage in the pinned bionic builder (aarch64)	2026-09-07T18:26:40.4809639Z [ 71%] Building CXX object CMakeFiles/pom68k_core.dir/src/DeclRom.cpp.o
linux-arm64	Build POM68K + AppImage in the pinned bionic builder (aarch64)	2026-09-07T18:26:40.7784383Z [ 72%] Building CXX object CMakeFiles/pom68k_core.dir/src/NuBus.cpp.o
linux-arm64	Build POM68K + AppImage in the pinned bionic builder (aarch64)	2026-09-07T18:26:41.1839810Z [ 73%] Building CXX object CMakeFiles/pom68k_core.dir/src/TobyVideo.cpp.o
linux-arm64	Build POM68K + AppImage in the pinned bionic builder (aarch64)	2026-09-07T18:26:41.3998074Z [ 73%] Building CXX object CMakeFiles/pom68k_core.dir/src/MacIIMemory.cpp.o
linux-arm64	Build POM68K + AppImage in the pinned bionic builder (aarch64)	2026-09-07T18:26:41.8592576Z [ 74%] Building CXX object CMakeFiles/pom68k_core.dir/src/Cpu020.cpp.o
linux-arm64	Build POM68K + AppImage in the pinned bionic builder (aarch64)	2026-09-07T18:26:41.9733203Z [ 75%] Building CXX object CMakeFiles/pom68k_core.dir/src/AdbVia.cpp.o
linux-arm64	Build POM68K + AppImage in the pinned bionic builder (aarch64)	2026-09-07T18:26:42.0155544Z [ 76%] Building CXX object CMakeFiles/pom68k_core.dir/src/Pic1654s.cpp.o
linux-arm64	Build POM68K + AppImage in the pinned bionic builder (aarch64)	2026-09-07T18:26:42.3177955Z [ 77%] Building CXX object CMakeFiles/pom68k_core.dir/src/AdbLine.cpp.o
linux-arm64	Build POM68K + AppImage in the pinned bionic builder (aarch64)	2026-09-07T18:26:43.3726573Z [ 78%] Linking CXX static library libpom68k_core.a
linux-arm64	Build POM68K + AppImage in the pinned bionic builder (aarch64)	2026-09-07T18:26:43.4607874Z [ 78%] Built target pom68k_core
linux-arm64	Build POM68K + AppImage in the pinned bionic builder (aarch64)	2026-09-07T18:26:43.4686957Z [ 78%] Building CXX object CMakeFiles/POM68K.dir/src/main.cpp.o
linux-arm64	Build POM68K + AppImage in the pinned bionic builder (aarch64)	2026-09-07T18:26:43.4687619Z [ 79%] Building CXX object CMakeFiles/POM68K.dir/src/GuiMachineRuntime.cpp.o
linux-arm64	Build POM68K + AppImage in the pinned bionic builder (aarch64)	2026-09-07T18:26:43.4688695Z [ 80%] Building CXX object CMakeFiles/POM68K.dir/src/GuiHostServices.cpp.o
linux-arm64	Build POM68K + AppImage in the pinned bionic builder (aarch64)	2026-09-07T18:26:43.4690534Z [ 81%] Building CXX object CMakeFiles/POM68K.dir/src/GuiShell.cpp.o
linux-arm64	Build POM68K + AppImage in the pinned bionic builder (aarch64)	2026-09-07T18:26:44.7061908Z [ 82%] Building CXX object CMakeFiles/POM68K.dir/src/GuiSmokeScenario.cpp.o
linux-arm64	Build POM68K + AppImage in the pinned bionic builder (aarch64)	2026-09-07T18:26:45.3049410Z [ 83%] Building CXX object CMakeFiles/POM68K.dir/src/PlatformComposers.cpp.o
linux-arm64	Build POM68K + AppImage in the pinned bionic builder (aarch64)	2026-09-07T18:26:45.7087665Z [ 84%] Building CXX object CMakeFiles/POM68K.dir/src/PlatformCompact.cpp.o
linux-arm64	Build POM68K + AppImage in the pinned bionic builder (aarch64)	2026-09-07T18:26:45.7424590Z [ 85%] Building CXX object CMakeFiles/POM68K.dir/src/PlatformToby.cpp.o
linux-arm64	Build POM68K + AppImage in the pinned bionic builder (aarch64)	2026-09-07T18:26:46.1888578Z [ 86%] Building CXX object CMakeFiles/POM68K.dir/src/PlatformV8.cpp.o
linux-arm64	Build POM68K + AppImage in the pinned bionic builder (aarch64)	2026-09-07T18:26:47.0800051Z [ 86%] Building CXX object CMakeFiles/POM68K.dir/src/PlatformSonora.cpp.o
linux-arm64	Build POM68K + AppImage in the pinned bionic builder (aarch64)	2026-09-07T18:26:49.0486964Z [ 87%] Building CXX object CMakeFiles/POM68K.dir/src/PlatformDafb.cpp.o
linux-arm64	Build POM68K + AppImage in the pinned bionic builder (aarch64)	2026-09-07T18:26:49.6606744Z [ 88%] Building CXX object CMakeFiles/POM68K.dir/src/PlatformDuo.cpp.o
linux-arm64	Build POM68K + AppImage in the pinned bionic builder (aarch64)	2026-09-07T18:26:49.7543000Z [ 89%] Building CXX object CMakeFiles/POM68K.dir/src/miniaudio_impl.cpp.o
linux-arm64	Build POM68K + AppImage in the pinned bionic builder (aarch64)	2026-09-07T18:26:51.8784687Z [ 90%] Building CXX object CMakeFiles/POM68K.dir/src/FloppySound.cpp.o
linux-arm64	Build POM68K + AppImage in the pinned bionic builder (aarch64)	2026-09-07T18:26:52.6789274Z [ 91%] Building CXX object CMakeFiles/POM68K.dir/src/DiskBays.cpp.o
linux-arm64	Build POM68K + AppImage in the pinned bionic builder (aarch64)	2026-09-07T18:26:52.9660879Z [ 92%] Building CXX object CMakeFiles/POM68K.dir/src/PeripheralWindow.cpp.o
linux-arm64	Build POM68K + AppImage in the pinned bionic builder (aarch64)	2026-09-07T18:26:53.0892557Z [ 93%] Building CXX object CMakeFiles/POM68K.dir/src/DockLayout.cpp.o
linux-arm64	Build POM68K + AppImage in the pinned bionic builder (aarch64)	2026-09-07T18:26:53.5402827Z [ 94%] Building CXX object CMakeFiles/POM68K.dir/imgui/imgui.cpp.o
linux-arm64	Build POM68K + AppImage in the pinned bionic builder (aarch64)	2026-09-07T18:26:53.9440544Z [ 94%] Building CXX object CMakeFiles/POM68K.dir/imgui/imgui_demo.cpp.o
linux-arm64	Build POM68K + AppImage in the pinned bionic builder (aarch64)	2026-09-07T18:26:54.4040298Z [ 95%] Building CXX object CMakeFiles/POM68K.dir/imgui/imgui_draw.cpp.o
linux-arm64	Build POM68K + AppImage in the pinned bionic builder (aarch64)	2026-09-07T18:26:54.6375096Z [ 96%] Building CXX object CMakeFiles/POM68K.dir/imgui/imgui_tables.cpp.o
linux-arm64	Build POM68K + AppImage in the pinned bionic builder (aarch64)	2026-09-07T18:26:54.6739767Z [ 97%] Building CXX object CMakeFiles/POM68K.dir/imgui/imgui_widgets.cpp.o
linux-arm64	Build POM68K + AppImage in the pinned bionic builder (aarch64)	2026-09-07T18:26:55.1689625Z [ 98%] Building CXX object CMakeFiles/POM68K.dir/imgui/backends/imgui_impl_glfw.cpp.o
linux-arm64	Build POM68K + AppImage in the pinned bionic builder (aarch64)	2026-09-07T18:26:55.2840152Z [ 99%] Building CXX object CMakeFiles/POM68K.dir/imgui/backends/imgui_impl_opengl3.cpp.o
linux-arm64	Build POM68K + AppImage in the pinned bionic builder (aarch64)	2026-09-07T18:26:55.7201846Z [100%] Linking CXX executable POM68K
linux-arm64	Build POM68K + AppImage in the pinned bionic builder (aarch64)	2026-09-07T18:27:42.9696994Z In function '__copy_m',
linux-arm64	Build POM68K + AppImage in the pinned bionic builder (aarch64)	2026-09-07T18:27:42.9697556Z     inlined from '__copy_move_a2' at /usr/include/c++/11/bits/stl_algobase.h:495:30,
linux-arm64	Build POM68K + AppImage in the pinned bionic builder (aarch64)	2026-09-07T18:27:42.9698144Z     inlined from '__copy_move_a1' at /usr/include/c++/11/bits/stl_algobase.h:522:42,
linux-arm64	Build POM68K + AppImage in the pinned bionic builder (aarch64)	2026-09-07T18:27:42.9698998Z     inlined from '__copy_move_dit' at /usr/include/c++/11/bits/deque.tcc:1025:42,
linux-arm64	Build POM68K + AppImage in the pinned bionic builder (aarch64)	2026-09-07T18:27:42.9699544Z     inlined from '__copy_move_a1' at /usr/include/c++/11/bits/deque.tcc:1035:38,
linux-arm64	Build POM68K + AppImage in the pinned bionic builder (aarch64)	2026-09-07T18:27:42.9700046Z     inlined from '__copy_move_a' at /usr/include/c++/11/bits/stl_algobase.h:529:31,
linux-arm64	Build POM68K + AppImage in the pinned bionic builder (aarch64)	2026-09-07T18:27:42.9700583Z     inlined from 'copy' at /usr/include/c++/11/bits/stl_algobase.h:620:7,
linux-arm64	Build POM68K + AppImage in the pinned bionic builder (aarch64)	2026-09-07T18:27:42.9701119Z     inlined from '_M_range_insert' at /usr/include/c++/11/bits/vector.tcc:762:16,
linux-arm64	Build POM68K + AppImage in the pinned bionic builder (aarch64)	2026-09-07T18:27:42.9701682Z     inlined from '_M_insert_dispatch' at /usr/include/c++/11/bits/stl_vector.h:1665:19,
linux-arm64	Build POM68K + AppImage in the pinned bionic builder (aarch64)	2026-09-07T18:27:42.9702212Z     inlined from 'insert' at /usr/include/c++/11/bits/stl_vector.h:1383:22,
linux-arm64	Build POM68K + AppImage in the pinned bionic builder (aarch64)	2026-09-07T18:27:42.9702728Z     inlined from 'flushClientRead' at /work/src/PapServer.cpp:236:17:
linux-arm64	Build POM68K + AppImage in the pinned bionic builder (aarch64)	2026-09-07T18:27:42.9703934Z /usr/include/c++/11/bits/stl_algobase.h:431:30: warning: '__builtin_memmove' writing 1 or more bytes into a region of size 0 overflows the destination [-Wstringop-overflow=]
linux-arm64	Build POM68K + AppImage in the pinned bionic builder (aarch64)	2026-09-07T18:27:42.9704913Z   431 |             __builtin_memmove(__result, __first, sizeof(_Tp) * _Num);
linux-arm64	Build POM68K + AppImage in the pinned bionic builder (aarch64)	2026-09-07T18:27:42.9706070Z       |                              ^
linux-arm64	Build POM68K + AppImage in the pinned bionic builder (aarch64)	2026-09-07T18:27:42.9706643Z /usr/include/c++/11/bits/stl_algobase.h: In member function 'flushClientRead':
linux-arm64	Build POM68K + AppImage in the pinned bionic builder (aarch64)	2026-09-07T18:27:42.9707438Z /usr/include/c++/11/ext/new_allocator.h:127: note: at offset 4 into destination object of size 4 allocated by 'operator new'
linux-arm64	Build POM68K + AppImage in the pinned bionic builder (aarch64)	2026-09-07T18:27:42.9716526Z   127 |         return static_cast<_Tp*>(::operator new(__n * sizeof(_Tp)));
linux-arm64	Build POM68K + AppImage in the pinned bionic builder (aarch64)	2026-09-07T18:27:42.9717028Z       | 
linux-arm64	Build POM68K + AppImage in the pinned bionic builder (aarch64)	2026-09-07T18:27:48.8326119Z In function 'memcpy',
linux-arm64	Build POM68K + AppImage in the pinned bionic builder (aarch64)	2026-09-07T18:27:48.8327354Z     inlined from 'sendToGuest' at /work/src/EtherLink.cpp:51:16:
linux-arm64	Build POM68K + AppImage in the pinned bionic builder (aarch64)	2026-09-07T18:27:48.8329023Z /usr/include/aarch64-linux-gnu/bits/string_fortified.h:34:33: warning: '__builtin_memcpy' writing 6 bytes into a region of size 0 overflows the destination [-Wstringop-overflow=]
linux-arm64	Build POM68K + AppImage in the pinned bionic builder (aarch64)	2026-09-07T18:27:48.8329965Z    34 |   return __builtin___memcpy_chk (__dest, __src, __len, __bos0 (__dest));
linux-arm64	Build POM68K + AppImage in the pinned bionic builder (aarch64)	2026-09-07T18:27:48.8330539Z       |                                 ^
linux-arm64	Build POM68K + AppImage in the pinned bionic builder (aarch64)	2026-09-07T18:27:59.3535034Z [100%] Built target POM68K
linux-arm64	Build POM68K + AppImage in the pinned bionic builder (aarch64)	2026-09-07T18:27:59.3580133Z + export POM68K_BUILD_DIR=build-release
linux-arm64	Build POM68K + AppImage in the pinned bionic builder (aarch64)	2026-09-07T18:27:59.3580655Z + POM68K_BUILD_DIR=build-release
linux-arm64	Build POM68K + AppImage in the pinned bionic builder (aarch64)	2026-09-07T18:27:59.3581433Z + export APPIMAGE_EXTRACT_AND_RUN=1
linux-arm64	Build POM68K + AppImage in the pinned bionic builder (aarch64)	2026-09-07T18:27:59.3581849Z + APPIMAGE_EXTRACT_AND_RUN=1
linux-arm64	Build POM68K + AppImage in the pinned bionic builder (aarch64)	2026-09-07T18:27:59.3582351Z + packaging/linux/build_appimage.sh
linux-arm64	Build POM68K + AppImage in the pinned bionic builder (aarch64)	2026-09-07T18:27:59.3615678Z [appimage] architecture: aarch64 -> aarch64
linux-arm64	Build POM68K + AppImage in the pinned bionic builder (aarch64)	2026-09-07T18:27:59.3870368Z linuxdeploy version 1-alpha (git commit ID 07333c6), GitHub actions build 367 built on 2026-08-01 02:49:04 UTC
linux-arm64	Build POM68K + AppImage in the pinned bionic builder (aarch64)	2026-09-07T18:27:59.4937647Z 
linux-arm64	Build POM68K + AppImage in the pinned bionic builder (aarch64)	2026-09-07T18:27:59.4938629Z -- Creating basic AppDir structure -- 
linux-arm64	Build POM68K + AppImage in the pinned bionic builder (aarch64)	2026-09-07T18:27:59.4939805Z Creating directory /work/build-appimage/AppDir/usr/bin/ 
linux-arm64	Build POM68K + AppImage in the pinned bionic builder (aarch64)	2026-09-07T18:27:59.4940432Z Creating directory /work/build-appimage/AppDir/usr/lib/ 
linux-arm64	Build POM68K + AppImage in the pinned bionic builder (aarch64)	2026-09-07T18:27:59.4941000Z Creating directory /work/build-appimage/AppDir/usr/share/applications/ 
linux-arm64	Build POM68K + AppImage in the pinned bionic builder (aarch64)	2026-09-07T18:27:59.4941750Z Creating directory /work/build-appimage/AppDir/usr/share/icons/hicolor/ 
linux-arm64	Build POM68K + AppImage in the pinned bionic builder (aarch64)	2026-09-07T18:27:59.4942370Z Creating directory /work/build-appimage/AppDir/usr/share/pixmaps/ 
linux-arm64	Build POM68K + AppImage in the pinned bionic builder (aarch64)	2026-09-07T18:27:59.4943112Z Creating directory /work/build-appimage/AppDir/usr/share/icons/hicolor/16x16/apps/ 
linux-arm64	Build POM68K + AppImage in the pinned bionic builder (aarch64)	2026-09-07T18:27:59.4943807Z Creating directory /work/build-appimage/AppDir/usr/share/icons/hicolor/32x32/apps/ 
linux-arm64	Build POM68K + AppImage in the pinned bionic builder (aarch64)	2026-09-07T18:27:59.4944473Z Creating directory /work/build-appimage/AppDir/usr/share/icons/hicolor/64x64/apps/ 
linux-arm64	Build POM68K + AppImage in the pinned bionic builder (aarch64)	2026-09-07T18:27:59.4945228Z Creating directory /work/build-appimage/AppDir/usr/share/icons/hicolor/128x128/apps/ 
linux-arm64	Build POM68K + AppImage in the pinned bionic builder (aarch64)	2026-09-07T18:27:59.4945970Z Creating directory /work/build-appimage/AppDir/usr/share/icons/hicolor/256x256/apps/ 
linux-arm64	Build POM68K + AppImage in the pinned bionic builder (aarch64)	2026-09-07T18:27:59.4946827Z Creating directory /work/build-appimage/AppDir/usr/share/icons/hicolor/scalable/apps/ 
linux-arm64	Build POM68K + AppImage in the pinned bionic builder (aarch64)	2026-09-07T18:27:59.4947324Z 
linux-arm64	Build POM68K + AppImage in the pinned bionic builder (aarch64)	2026-09-07T18:27:59.4947607Z -- Deploying dependencies for existing files in AppDir -- 
linux-arm64	Build POM68K + AppImage in the pinned bionic builder (aarch64)	2026-09-07T18:27:59.4948496Z Deploying dependencies for ELF file /work/build-appimage/AppDir/usr/bin/POM68K 
linux-arm64	Build POM68K + AppImage in the pinned bionic builder (aarch64)	2026-09-07T18:27:59.5503141Z Skipping deployment of blacklisted library /lib/aarch64-linux-gnu/libc.so.6 
linux-arm64	Build POM68K + AppImage in the pinned bionic builder (aarch64)	2026-09-07T18:27:59.5503764Z Deploying shared library /usr/local/lib/libglfw.so.3
linux-arm64	Build POM68K + AppImage in the pinned bionic builder (aarch64)	2026-09-07T18:27:59.5613200Z WARNING: Could not find copyright files for file /usr/local/lib/libglfw.so.3 using dpkg-query 
linux-arm64	Build POM68K + AppImage in the pinned bionic builder (aarch64)	2026-09-07T18:27:59.5614662Z Skipping deployment of blacklisted library /lib/aarch64-linux-gnu/libdl.so.2 
linux-arm64	Build POM68K + AppImage in the pinned bionic builder (aarch64)	2026-09-07T18:27:59.5615296Z Skipping deployment of blacklisted library /usr/lib/aarch64-linux-gnu/libOpenGL.so.0 
linux-arm64	Build POM68K + AppImage in the pinned bionic builder (aarch64)	2026-09-07T18:27:59.5616092Z Skipping deployment of blacklisted library /lib/aarch64-linux-gnu/libpthread.so.0 
linux-arm64	Build POM68K + AppImage in the pinned bionic builder (aarch64)	2026-09-07T18:27:59.5616652Z Skipping deployment of blacklisted library /lib/aarch64-linux-gnu/libm.so.6 
linux-arm64	Build POM68K + AppImage in the pinned bionic builder (aarch64)	2026-09-07T18:27:59.5617234Z Skipping deployment of blacklisted library /usr/lib/aarch64-linux-gnu/libX11.so.6 
linux-arm64	Build POM68K + AppImage in the pinned bionic builder (aarch64)	2026-09-07T18:27:59.5617912Z Skipping deployment of blacklisted library /usr/lib/aarch64-linux-gnu/libGLdispatch.so.0 
linux-arm64	Build POM68K + AppImage in the pinned bionic builder (aarch64)	2026-09-07T18:27:59.5619150Z Skipping deployment of blacklisted library /usr/lib/aarch64-linux-gnu/libxcb.so.1 
linux-arm64	Build POM68K + AppImage in the pinned bionic builder (aarch64)	2026-09-07T18:27:59.5619764Z Deploying shared library /usr/lib/aarch64-linux-gnu/libXau.so.6
linux-arm64	Build POM68K + AppImage in the pinned bionic builder (aarch64)	2026-09-07T18:27:59.6214858Z Deploying copyright files for file /usr/lib/aarch64-linux-gnu/libXau.so.6 
linux-arm64	Build POM68K + AppImage in the pinned bionic builder (aarch64)	2026-09-07T18:27:59.6239446Z Deploying shared library /usr/lib/aarch64-linux-gnu/libXdmcp.so.6
linux-arm64	Build POM68K + AppImage in the pinned bionic builder (aarch64)	2026-09-07T18:27:59.6818779Z Deploying copyright files for file /usr/lib/aarch64-linux-gnu/libXdmcp.so.6 
linux-arm64	Build POM68K + AppImage in the pinned bionic builder (aarch64)	2026-09-07T18:27:59.6819569Z Deploying shared library /lib/aarch64-linux-gnu/libbsd.so.0
linux-arm64	Build POM68K + AppImage in the pinned bionic builder (aarch64)	2026-09-07T18:27:59.7420190Z Deploying copyright files for file /lib/aarch64-linux-gnu/libbsd.so.0 
linux-arm64	Build POM68K + AppImage in the pinned bionic builder (aarch64)	2026-09-07T18:27:59.7420632Z 
linux-arm64	Build POM68K + AppImage in the pinned bionic builder (aarch64)	2026-09-07T18:27:59.7420753Z -- Copying files into AppDir -- 
linux-arm64	Build POM68K + AppImage in the pinned bionic builder (aarch64)	2026-09-07T18:27:59.7421389Z Copying file /lib/aarch64-linux-gnu/libbsd.so.0 to /work/build-appimage/AppDir/usr/lib/libbsd.so.0 
linux-arm64	Build POM68K + AppImage in the pinned bionic builder (aarch64)	2026-09-07T18:27:59.7422961Z Copying file /usr/lib/aarch64-linux-gnu/libXau.so.6 to /work/build-appimage/AppDir/usr/lib/libXau.so.6 
linux-arm64	Build POM68K + AppImage in the pinned bionic builder (aarch64)	2026-09-07T18:27:59.7424370Z Copying file /usr/lib/aarch64-linux-gnu/libXdmcp.so.6 to /work/build-appimage/AppDir/usr/lib/libXdmcp.so.6 
linux-arm64	Build POM68K + AppImage in the pinned bionic builder (aarch64)	2026-09-07T18:27:59.7425819Z Copying file /usr/local/lib/libglfw.so.3 to /work/build-appimage/AppDir/usr/lib/libglfw.so.3 
linux-arm64	Build POM68K + AppImage in the pinned bionic builder (aarch64)	2026-09-07T18:27:59.7426594Z Copying file /usr/share/doc/libbsd0/copyright to /work/build-appimage/AppDir/usr/share/doc/libbsd0/copyright 
linux-arm64	Build POM68K + AppImage in the pinned bionic builder (aarch64)	2026-09-07T18:27:59.7427453Z Copying file /usr/share/doc/libxau6/copyright to /work/build-appimage/AppDir/usr/share/doc/libxau6/copyright 
linux-arm64	Build POM68K + AppImage in the pinned bionic builder (aarch64)	2026-09-07T18:27:59.7428465Z Copying file /usr/share/doc/libxdmcp6/copyright to /work/build-appimage/AppDir/usr/share/doc/libxdmcp6/copyright 
linux-arm64	Build POM68K + AppImage in the pinned bionic builder (aarch64)	2026-09-07T18:27:59.7435340Z Calling strip on library /work/build-appimage/AppDir/usr/lib/libXau.so.6 
linux-arm64	Build POM68K + AppImage in the pinned bionic builder (aarch64)	2026-09-07T18:27:59.7452058Z Calling strip on library /work/build-appimage/AppDir/usr/lib/libXdmcp.so.6 
linux-arm64	Build POM68K + AppImage in the pinned bionic builder (aarch64)	2026-09-07T18:27:59.7968898Z Calling strip on library /work/build-appimage/AppDir/usr/lib/libbsd.so.0 
linux-arm64	Build POM68K + AppImage in the pinned bionic builder (aarch64)	2026-09-07T18:27:59.8491346Z Calling strip on library /work/build-appimage/AppDir/usr/lib/libglfw.so.3 
linux-arm64	Build POM68K + AppImage in the pinned bionic builder (aarch64)	2026-09-07T18:27:59.9011555Z Setting rpath in ELF file /work/build-appimage/AppDir/usr/bin/POM68K to $ORIGIN/../lib 
linux-arm64	Build POM68K + AppImage in the pinned bionic builder (aarch64)	2026-09-07T18:27:59.9075633Z Setting rpath in ELF file /work/build-appimage/AppDir/usr/lib/libXau.so.6 to $ORIGIN 
linux-arm64	Build POM68K + AppImage in the pinned bionic builder (aarch64)	2026-09-07T18:27:59.9085411Z Setting rpath in ELF file /work/build-appimage/AppDir/usr/lib/libXdmcp.so.6 to $ORIGIN 
linux-arm64	Build POM68K + AppImage in the pinned bionic builder (aarch64)	2026-09-07T18:27:59.9094773Z Setting rpath in ELF file /work/build-appimage/AppDir/usr/lib/libbsd.so.0 to $ORIGIN 
linux-arm64	Build POM68K + AppImage in the pinned bionic builder (aarch64)	2026-09-07T18:27:59.9104145Z Setting rpath in ELF file /work/build-appimage/AppDir/usr/lib/libglfw.so.3 to $ORIGIN 
linux-arm64	Build POM68K + AppImage in the pinned bionic builder (aarch64)	2026-09-07T18:27:59.9115847Z 
linux-arm64	Build POM68K + AppImage in the pinned bionic builder (aarch64)	2026-09-07T18:27:59.9116135Z -- Deploying icons -- 
linux-arm64	Build POM68K + AppImage in the pinned bionic builder (aarch64)	2026-09-07T18:27:59.9116591Z Deploying icon /work/build-appimage/AppDir/usr/share/icons/hicolor/512x512/apps/POM68K.png 
linux-arm64	Build POM68K + AppImage in the pinned bionic builder (aarch64)	2026-09-07T18:27:59.9248945Z WARNING: Could not find copyright files for file /work/build-appimage/AppDir/usr/share/icons/hicolor/512x512/apps/POM68K.png using dpkg-query 
linux-arm64	Build POM68K + AppImage in the pinned bionic builder (aarch64)	2026-09-07T18:27:59.9249647Z 
linux-arm64	Build POM68K + AppImage in the pinned bionic builder (aarch64)	2026-09-07T18:27:59.9249758Z -- Deploying desktop files -- 
linux-arm64	Build POM68K + AppImage in the pinned bionic builder (aarch64)	2026-09-07T18:27:59.9250443Z Deploying desktop file /work/build-appimage/AppDir/usr/share/applications/POM68K.desktop 
linux-arm64	Build POM68K + AppImage in the pinned bionic builder (aarch64)	2026-09-07T18:27:59.9250813Z 
linux-arm64	Build POM68K + AppImage in the pinned bionic builder (aarch64)	2026-09-07T18:27:59.9250936Z -- Copying files into AppDir -- 
linux-arm64	Build POM68K + AppImage in the pinned bionic builder (aarch64)	2026-09-07T18:27:59.9251622Z Copying file /work/build-appimage/AppDir/usr/share/applications/POM68K.desktop to /work/build-appimage/AppDir/usr/share/applications/POM68K.desktop 
linux-arm64	Build POM68K + AppImage in the pinned bionic builder (aarch64)	2026-09-07T18:27:59.9253177Z Copying file /work/build-appimage/AppDir/usr/share/icons/hicolor/512x512/apps/POM68K.png to /work/build-appimage/AppDir/usr/share/icons/hicolor/512x512/apps/POM68K.png 
linux-arm64	Build POM68K + AppImage in the pinned bionic builder (aarch64)	2026-09-07T18:27:59.9254276Z 
linux-arm64	Build POM68K + AppImage in the pinned bionic builder (aarch64)	2026-09-07T18:27:59.9254471Z -- Deploying files into AppDir root directory -- 
linux-arm64	Build POM68K + AppImage in the pinned bionic builder (aarch64)	2026-09-07T18:27:59.9255189Z Deploying files to AppDir root using desktop file: /work/build-appimage/AppDir/usr/share/applications/POM68K.desktop 
linux-arm64	Build POM68K + AppImage in the pinned bionic builder (aarch64)	2026-09-07T18:27:59.9256348Z Deploying desktop file to AppDir root: /work/build-appimage/AppDir/usr/share/applications/POM68K.desktop 
linux-arm64	Build POM68K + AppImage in the pinned bionic builder (aarch64)	2026-09-07T18:27:59.9257141Z Creating symlink for file /work/build-appimage/AppDir/usr/share/applications/POM68K.desktop in/as /work/build-appimage/AppDir 
linux-arm64	Build POM68K + AppImage in the pinned bionic builder (aarch64)	2026-09-07T18:27:59.9258031Z Deploying icon to AppDir root: /work/build-appimage/AppDir/usr/share/icons/hicolor/512x512/apps/POM68K.png 
linux-arm64	Build POM68K + AppImage in the pinned bionic builder (aarch64)	2026-09-07T18:27:59.9259132Z Creating symlink for file /work/build-appimage/AppDir/usr/share/icons/hicolor/512x512/apps/POM68K.png in/as /work/build-appimage/AppDir 
linux-arm64	Build POM68K + AppImage in the pinned bionic builder (aarch64)	2026-09-07T18:27:59.9259889Z WARNING: Existing AppRun detected, skipping deployment of symlink 
linux-arm64	Build POM68K + AppImage in the pinned bionic builder (aarch64)	2026-09-07T18:27:59.9323665Z WARNING: appstreamcli command is missing, please install it if you want to use AppStream metadata
linux-arm64	Build POM68K + AppImage in the pinned bionic builder (aarch64)	2026-09-07T18:27:59.9324439Z appimagetool, continuous build (commit 5735cc5), build <local dev build> built on 2023-03-08 22:51:59 UTC
linux-arm64	Build POM68K + AppImage in the pinned bionic builder (aarch64)	2026-09-07T18:27:59.9341062Z Using architecture aarch64
linux-arm64	Build POM68K + AppImage in the pinned bionic builder (aarch64)	2026-09-07T18:27:59.9341464Z Deleting pre-existing .DirIcon
linux-arm64	Build POM68K + AppImage in the pinned bionic builder (aarch64)	2026-09-07T18:27:59.9342188Z Creating .DirIcon symlink based on information from desktop file
linux-arm64	Build POM68K + AppImage in the pinned bionic builder (aarch64)	2026-09-07T18:27:59.9343854Z WARNING: AppStream upstream metadata is missing, please consider creating it
linux-arm64	Build POM68K + AppImage in the pinned bionic builder (aarch64)	2026-09-07T18:27:59.9344416Z          in usr/share/metainfo/POM68K.appdata.xml
linux-arm64	Build POM68K + AppImage in the pinned bionic builder (aarch64)	2026-09-07T18:27:59.9345185Z          Please see https://www.freedesktop.org/software/appstream/docs/chap-Quickstart.html#sect-Quickstart-DesktopApps
linux-arm64	Build POM68K + AppImage in the pinned bionic builder (aarch64)	2026-09-07T18:27:59.9345944Z          for more information or use the generator at http://output.jsbin.com/qoqukof.
linux-arm64	Build POM68K + AppImage in the pinned bionic builder (aarch64)	2026-09-07T18:27:59.9346422Z Generating squashfs...
linux-arm64	Build POM68K + AppImage in the pinned bionic builder (aarch64)	2026-09-07T18:28:00.0664088Z Parallel mksquashfs: Using 4 processors
linux-arm64	Build POM68K + AppImage in the pinned bionic builder (aarch64)	2026-09-07T18:28:00.0664716Z Creating 4.0 filesystem on /work/dist/POM68K-0.1.0-aarch64.AppImage, block size 131072.
linux-arm64	Build POM68K + AppImage in the pinned bionic builder (aarch64)	2026-09-07T18:28:00.0665258Z 
linux-arm64	Build POM68K + AppImage in the pinned bionic builder (aarch64)	2026-09-07T18:28:00.0670093Z [=================================================================|] 89/89 100%
linux-arm64	Build POM68K + AppImage in the pinned bionic builder (aarch64)	2026-09-07T18:28:00.0670627Z 
linux-arm64	Build POM68K + AppImage in the pinned bionic builder (aarch64)	2026-09-07T18:28:00.0671185Z Exportable Squashfs 4.0 filesystem, gzip compressed, data block size 131072
linux-arm64	Build POM68K + AppImage in the pinned bionic builder (aarch64)	2026-09-07T18:28:00.0671951Z 	compressed data, compressed metadata, compressed fragments,
linux-arm64	Build POM68K + AppImage in the pinned bionic builder (aarch64)	2026-09-07T18:28:00.0672377Z 	compressed xattrs, compressed ids
linux-arm64	Build POM68K + AppImage in the pinned bionic builder (aarch64)	2026-09-07T18:28:00.0672658Z 	duplicates are removed
linux-arm64	Build POM68K + AppImage in the pinned bionic builder (aarch64)	2026-09-07T18:28:00.0673015Z Filesystem size 3500.38 Kbytes (3.42 Mbytes)
linux-arm64	Build POM68K + AppImage in the pinned bionic builder (aarch64)	2026-09-07T18:28:00.0673394Z 	34.30% of uncompressed filesystem size (10206.27 Kbytes)
linux-arm64	Build POM68K + AppImage in the pinned bionic builder (aarch64)	2026-09-07T18:28:00.0673773Z Inode table size 724 bytes (0.71 Kbytes)
linux-arm64	Build POM68K + AppImage in the pinned bionic builder (aarch64)	2026-09-07T18:28:00.0674117Z 	42.39% of uncompressed inode table size (1708 bytes)
linux-arm64	Build POM68K + AppImage in the pinned bionic builder (aarch64)	2026-09-07T18:28:00.0674470Z Directory table size 436 bytes (0.43 Kbytes)
linux-arm64	Build POM68K + AppImage in the pinned bionic builder (aarch64)	2026-09-07T18:28:00.0674906Z 	51.48% of uncompressed directory table size (847 bytes)
linux-arm64	Build POM68K + AppImage in the pinned bionic builder (aarch64)	2026-09-07T18:28:00.0675245Z Number of duplicate files found 0
linux-arm64	Build POM68K + AppImage in the pinned bionic builder (aarch64)	2026-09-07T18:28:00.0675500Z Number of inodes 41
linux-arm64	Build POM68K + AppImage in the pinned bionic builder (aarch64)	2026-09-07T18:28:00.0675773Z Number of files 11
linux-arm64	Build POM68K + AppImage in the pinned bionic builder (aarch64)	2026-09-07T18:28:00.0676002Z Number of fragments 2
linux-arm64	Build POM68K + AppImage in the pinned bionic builder (aarch64)	2026-09-07T18:28:00.0676330Z Number of symbolic links  3
linux-arm64	Build POM68K + AppImage in the pinned bionic builder (aarch64)	2026-09-07T18:28:00.0676604Z Number of device nodes 0
linux-arm64	Build POM68K + AppImage in the pinned bionic builder (aarch64)	2026-09-07T18:28:00.0676842Z Number of fifo nodes 0
linux-arm64	Build POM68K + AppImage in the pinned bionic builder (aarch64)	2026-09-07T18:28:00.0677131Z Number of socket nodes 0
linux-arm64	Build POM68K + AppImage in the pinned bionic builder (aarch64)	2026-09-07T18:28:00.0677378Z Number of directories 27
linux-arm64	Build POM68K + AppImage in the pinned bionic builder (aarch64)	2026-09-07T18:28:00.0677700Z Number of ids (unique uids + gids) 1
linux-arm64	Build POM68K + AppImage in the pinned bionic builder (aarch64)	2026-09-07T18:28:00.0677982Z Number of uids 1
linux-arm64	Build POM68K + AppImage in the pinned bionic builder (aarch64)	2026-09-07T18:28:00.0678449Z 	root (0)
linux-arm64	Build POM68K + AppImage in the pinned bionic builder (aarch64)	2026-09-07T18:28:00.0678733Z Number of gids 1
linux-arm64	Build POM68K + AppImage in the pinned bionic builder (aarch64)	2026-09-07T18:28:00.0678950Z 	root (0)
linux-arm64	Build POM68K + AppImage in the pinned bionic builder (aarch64)	2026-09-07T18:28:00.0699683Z Embedding ELF...
linux-arm64	Build POM68K + AppImage in the pinned bionic builder (aarch64)	2026-09-07T18:28:00.0700069Z Marking the AppImage as executable...
linux-arm64	Build POM68K + AppImage in the pinned bionic builder (aarch64)	2026-09-07T18:28:00.0700379Z Embedding MD5 digest
linux-arm64	Build POM68K + AppImage in the pinned bionic builder (aarch64)	2026-09-07T18:28:00.0766076Z Success
linux-arm64	Build POM68K + AppImage in the pinned bionic builder (aarch64)	2026-09-07T18:28:00.0766275Z 
linux-arm64	Build POM68K + AppImage in the pinned bionic builder (aarch64)	2026-09-07T18:28:00.0766520Z Please consider submitting your AppImage to AppImageHub, the crowd-sourced
linux-arm64	Build POM68K + AppImage in the pinned bionic builder (aarch64)	2026-09-07T18:28:00.0767029Z central directory of available AppImages, by opening a pull request
linux-arm64	Build POM68K + AppImage in the pinned bionic builder (aarch64)	2026-09-07T18:28:00.0767771Z at https://github.com/AppImage/appimage.github.io
linux-arm64	Build POM68K + AppImage in the pinned bionic builder (aarch64)	2026-09-07T18:28:00.0769926Z /work/build-appimage/AppDir should be packaged as /work/dist/POM68K-0.1.0-aarch64.AppImage
linux-arm64	Build POM68K + AppImage in the pinned bionic builder (aarch64)	2026-09-07T18:28:00.0773739Z [appimage] wrote /work/dist/POM68K-0.1.0-aarch64.AppImage
linux-arm64	Verify the AppImage — aarch64, ET_EXEC, glibc floor <= 2.27	﻿2026-09-07T18:28:00.1990654Z ##[group]Run set -euo pipefail
linux-arm64	Verify the AppImage — aarch64, ET_EXEC, glibc floor <= 2.27	2026-09-07T18:28:00.1991177Z ^[[36;1mset -euo pipefail^[[0m
linux-arm64	Verify the AppImage — aarch64, ET_EXEC, glibc floor <= 2.27	2026-09-07T18:28:00.1991548Z ^[[36;1mAPP=$(ls dist/*.AppImage | head -1)^[[0m
linux-arm64	Verify the AppImage — aarch64, ET_EXEC, glibc floor <= 2.27	2026-09-07T18:28:00.1991861Z ^[[36;1mecho "Package: $APP"^[[0m
linux-arm64	Verify the AppImage — aarch64, ET_EXEC, glibc floor <= 2.27	2026-09-07T18:28:00.1992289Z ^[[36;1m# The name must carry the arch — the publish job flattens every^[[0m
linux-arm64	Verify the AppImage — aarch64, ET_EXEC, glibc floor <= 2.27	2026-09-07T18:28:00.1992692Z ^[[36;1m# artifact into one directory.^[[0m
linux-arm64	Verify the AppImage — aarch64, ET_EXEC, glibc floor <= 2.27	2026-09-07T18:28:00.1992974Z ^[[36;1mcase "$APP" in^[[0m
linux-arm64	Verify the AppImage — aarch64, ET_EXEC, glibc floor <= 2.27	2026-09-07T18:28:00.1993255Z ^[[36;1m  *-aarch64.AppImage) ;;^[[0m
linux-arm64	Verify the AppImage — aarch64, ET_EXEC, glibc floor <= 2.27	2026-09-07T18:28:00.1993610Z ^[[36;1m  *) echo "ERROR: $APP is not named -aarch64.AppImage"; exit 1 ;;^[[0m
linux-arm64	Verify the AppImage — aarch64, ET_EXEC, glibc floor <= 2.27	2026-09-07T18:28:00.1993990Z ^[[36;1mesac^[[0m
linux-arm64	Verify the AppImage — aarch64, ET_EXEC, glibc floor <= 2.27	2026-09-07T18:28:00.1994369Z ^[[36;1mTYPE=$(readelf -h "$APP" | awk -F'[ :]+' '/^ *Type:/ {print $3; exit}')^[[0m
linux-arm64	Verify the AppImage — aarch64, ET_EXEC, glibc floor <= 2.27	2026-09-07T18:28:00.1994756Z ^[[36;1mtest "$TYPE" = "EXEC" \^[[0m
linux-arm64	Verify the AppImage — aarch64, ET_EXEC, glibc floor <= 2.27	2026-09-07T18:28:00.1995182Z ^[[36;1m  || { echo "ERROR: AppImage runtime is $TYPE, not EXEC"; exit 1; }^[[0m
linux-arm64	Verify the AppImage — aarch64, ET_EXEC, glibc floor <= 2.27	2026-09-07T18:28:00.1995595Z ^[[36;1mMAGIC=$(xxd -s 8 -l 3 -p "$APP")^[[0m
linux-arm64	Verify the AppImage — aarch64, ET_EXEC, glibc floor <= 2.27	2026-09-07T18:28:00.1996006Z ^[[36;1mtest "$MAGIC" = "414902" \^[[0m
linux-arm64	Verify the AppImage — aarch64, ET_EXEC, glibc floor <= 2.27	2026-09-07T18:28:00.1996339Z ^[[36;1m  || { echo "ERROR: bad AppImage magic $MAGIC"; exit 1; }^[[0m
linux-arm64	Verify the AppImage — aarch64, ET_EXEC, glibc floor <= 2.27	2026-09-07T18:28:00.1996702Z ^[[36;1m"$APP" --appimage-extract >/dev/null^[[0m
linux-arm64	Verify the AppImage — aarch64, ET_EXEC, glibc floor <= 2.27	2026-09-07T18:28:00.1997055Z ^[[36;1mBIN=squashfs-root/usr/bin/POM68K^[[0m
linux-arm64	Verify the AppImage — aarch64, ET_EXEC, glibc floor <= 2.27	2026-09-07T18:28:00.1997469Z ^[[36;1mMACH=$(readelf -h "$BIN" | awk -F': +' '/Machine:/ {print $2; exit}')^[[0m
linux-arm64	Verify the AppImage — aarch64, ET_EXEC, glibc floor <= 2.27	2026-09-07T18:28:00.1997881Z ^[[36;1mecho "POM68K ELF machine: $MACH"^[[0m
linux-arm64	Verify the AppImage — aarch64, ET_EXEC, glibc floor <= 2.27	2026-09-07T18:28:00.1998772Z ^[[36;1mgrep -q AArch64 <<<"$MACH" \^[[0m
linux-arm64	Verify the AppImage — aarch64, ET_EXEC, glibc floor <= 2.27	2026-09-07T18:28:00.1999186Z ^[[36;1m  || { echo "ERROR: POM68K is not an AArch64 binary"; exit 1; }^[[0m
linux-arm64	Verify the AppImage — aarch64, ET_EXEC, glibc floor <= 2.27	2026-09-07T18:28:00.1999605Z ^[[36;1mMAX=$(objdump -T "$BIN" 2>/dev/null \^[[0m
linux-arm64	Verify the AppImage — aarch64, ET_EXEC, glibc floor <= 2.27	2026-09-07T18:28:00.1999961Z ^[[36;1m      | grep -oE 'GLIBC_[0-9]+\.[0-9]+' \^[[0m
linux-arm64	Verify the AppImage — aarch64, ET_EXEC, glibc floor <= 2.27	2026-09-07T18:28:00.2000287Z ^[[36;1m      | sort -V | tail -1)^[[0m
linux-arm64	Verify the AppImage — aarch64, ET_EXEC, glibc floor <= 2.27	2026-09-07T18:28:00.2000669Z ^[[36;1mecho "Highest glibc symbol required by POM68K: ${MAX:-none}"^[[0m
linux-arm64	Verify the AppImage — aarch64, ET_EXEC, glibc floor <= 2.27	2026-09-07T18:28:00.2001167Z ^[[36;1mtest "$(printf '%s\nGLIBC_2.27\n' "$MAX" | sort -V | tail -1)" = "GLIBC_2.27" \^[[0m
linux-arm64	Verify the AppImage — aarch64, ET_EXEC, glibc floor <= 2.27	2026-09-07T18:28:00.2001704Z ^[[36;1m  || { echo "ERROR: AppImage requires ${MAX} > GLIBC_2.27"; exit 1; }^[[0m
linux-arm64	Verify the AppImage — aarch64, ET_EXEC, glibc floor <= 2.27	2026-09-07T18:28:00.2002195Z ^[[36;1mecho "OK: aarch64 + ET_EXEC + magic + glibc floor <= 2.27"^[[0m
linux-arm64	Verify the AppImage — aarch64, ET_EXEC, glibc floor <= 2.27	2026-09-07T18:28:00.2056365Z shell: /usr/bin/bash -e {0}
linux-arm64	Verify the AppImage — aarch64, ET_EXEC, glibc floor <= 2.27	2026-09-07T18:28:00.2056698Z env:
linux-arm64	Verify the AppImage — aarch64, ET_EXEC, glibc floor <= 2.27	2026-09-07T18:28:00.2057111Z   IMGUI_TAG: v1.92.8-docking
linux-arm64	Verify the AppImage — aarch64, ET_EXEC, glibc floor <= 2.27	2026-09-07T18:28:00.2057512Z   BUILDER_IMAGE: ghcr.io/habib256/pom68k-bionic-builder:bionic-aarch64
linux-arm64	Verify the AppImage — aarch64, ET_EXEC, glibc floor <= 2.27	2026-09-07T18:28:00.2057943Z ##[endgroup]
linux-arm64	Verify the AppImage — aarch64, ET_EXEC, glibc floor <= 2.27	2026-09-07T18:28:00.2146694Z Package: dist/POM68K-0.1.0-aarch64.AppImage
linux-arm64	Verify the AppImage — aarch64, ET_EXEC, glibc floor <= 2.27	2026-09-07T18:28:00.2979182Z POM68K ELF machine: AArch64
linux-arm64	Verify the AppImage — aarch64, ET_EXEC, glibc floor <= 2.27	2026-09-07T18:28:00.3238899Z Highest glibc symbol required by POM68K: GLIBC_2.17
linux-arm64	Verify the AppImage — aarch64, ET_EXEC, glibc floor <= 2.27	2026-09-07T18:28:00.3260303Z OK: aarch64 + ET_EXEC + magic + glibc floor <= 2.27
linux-arm64	Install runtime GL/X libs for the launch smoke	﻿2026-09-07T18:28:00.3297937Z ##[group]Run sudo apt-get update -qq
linux-arm64	Install runtime GL/X libs for the launch smoke	2026-09-07T18:28:00.3298724Z ^[[36;1msudo apt-get update -qq^[[0m
linux-arm64	Install runtime GL/X libs for the launch smoke	2026-09-07T18:28:00.3299170Z ^[[36;1msudo apt-get install -y --no-install-recommends \^[[0m
linux-arm64	Install runtime GL/X libs for the launch smoke	2026-09-07T18:28:00.3299540Z ^[[36;1m  libopengl0 libglx0 libgl1 \^[[0m
linux-arm64	Install runtime GL/X libs for the launch smoke	2026-09-07T18:28:00.3299943Z ^[[36;1m  libx11-6 libxext6 libxrandr2 libxinerama1 libxcursor1 libxi6^[[0m
linux-arm64	Install runtime GL/X libs for the launch smoke	2026-09-07T18:28:00.3352670Z shell: /usr/bin/bash -e {0}
linux-arm64	Install runtime GL/X libs for the launch smoke	2026-09-07T18:28:00.3353130Z env:
linux-arm64	Install runtime GL/X libs for the launch smoke	2026-09-07T18:28:00.3353378Z   IMGUI_TAG: v1.92.8-docking
linux-arm64	Install runtime GL/X libs for the launch smoke	2026-09-07T18:28:00.3353791Z   BUILDER_IMAGE: ghcr.io/habib256/pom68k-bionic-builder:bionic-aarch64
linux-arm64	Install runtime GL/X libs for the launch smoke	2026-09-07T18:28:00.3354217Z ##[endgroup]
linux-arm64	Install runtime GL/X libs for the launch smoke	2026-09-07T18:28:10.9651593Z Reading package lists...
linux-arm64	Install runtime GL/X libs for the launch smoke	2026-09-07T18:28:11.2326864Z Building dependency tree...
linux-arm64	Install runtime GL/X libs for the launch smoke	2026-09-07T18:28:11.2334055Z Reading state information...
linux-arm64	Install runtime GL/X libs for the launch smoke	2026-09-07T18:28:11.5608565Z libglx0 is already the newest version (1.7.0-1build1).
linux-arm64	Install runtime GL/X libs for the launch smoke	2026-09-07T18:28:11.5609333Z libglx0 set to manually installed.
linux-arm64	Install runtime GL/X libs for the launch smoke	2026-09-07T18:28:11.5610279Z libgl1 is already the newest version (1.7.0-1build1).
linux-arm64	Install runtime GL/X libs for the launch smoke	2026-09-07T18:28:11.5610828Z libgl1 set to manually installed.
linux-arm64	Install runtime GL/X libs for the launch smoke	2026-09-07T18:28:11.5611234Z libx11-6 is already the newest version (2:1.8.7-1build1).
linux-arm64	Install runtime GL/X libs for the launch smoke	2026-09-07T18:28:11.5611579Z libx11-6 set to manually installed.
linux-arm64	Install runtime GL/X libs for the launch smoke	2026-09-07T18:28:11.5611954Z libxext6 is already the newest version (2:1.3.4-1build2).
linux-arm64	Install runtime GL/X libs for the launch smoke	2026-09-07T18:28:11.5612298Z libxext6 set to manually installed.
linux-arm64	Install runtime GL/X libs for the launch smoke	2026-09-07T18:28:11.5612668Z libxrandr2 is already the newest version (2:1.5.2-2build1).
linux-arm64	Install runtime GL/X libs for the launch smoke	2026-09-07T18:28:11.5613052Z libxrandr2 set to manually installed.
linux-arm64	Install runtime GL/X libs for the launch smoke	2026-09-07T18:28:11.5613400Z libxinerama1 is already the newest version (2:1.1.4-3build1).
linux-arm64	Install runtime GL/X libs for the launch smoke	2026-09-07T18:28:11.5613837Z libxinerama1 set to manually installed.
linux-arm64	Install runtime GL/X libs for the launch smoke	2026-09-07T18:28:11.5614205Z libxcursor1 is already the newest version (1:1.2.1-1build1).
linux-arm64	Install runtime GL/X libs for the launch smoke	2026-09-07T18:28:11.5614584Z libxcursor1 set to manually installed.
linux-arm64	Install runtime GL/X libs for the launch smoke	2026-09-07T18:28:11.5614952Z libxi6 is already the newest version (2:1.8.1-1build1).
linux-arm64	Install runtime GL/X libs for the launch smoke	2026-09-07T18:28:11.5615292Z libxi6 set to manually installed.
linux-arm64	Install runtime GL/X libs for the launch smoke	2026-09-07T18:28:11.5615629Z The following NEW packages will be installed:
linux-arm64	Install runtime GL/X libs for the launch smoke	2026-09-07T18:28:11.5615935Z   libopengl0
linux-arm64	Install runtime GL/X libs for the launch smoke	2026-09-07T18:28:12.0008575Z 0 upgraded, 1 newly installed, 0 to remove and 43 not upgraded.
linux-arm64	Install runtime GL/X libs for the launch smoke	2026-09-07T18:28:12.0009081Z Need to get 35.1 kB of archives.
linux-arm64	Install runtime GL/X libs for the launch smoke	2026-09-07T18:28:12.0009646Z After this operation, 445 kB of additional disk space will be used.
linux-arm64	Install runtime GL/X libs for the launch smoke	2026-09-07T18:28:12.0010236Z Get:1 http://ports.ubuntu.com/ubuntu-ports noble/main arm64 libopengl0 arm64 1.7.0-1build1 [35.1 kB]
linux-arm64	Install runtime GL/X libs for the launch smoke	2026-09-07T18:28:12.4955301Z Fetched 35.1 kB in 1s (54.1 kB/s)
linux-arm64	Install runtime GL/X libs for the launch smoke	2026-09-07T18:28:12.5167422Z Selecting previously unselected package libopengl0:arm64.
linux-arm64	Install runtime GL/X libs for the launch smoke	2026-09-07T18:28:12.5307258Z (Reading database ... 
linux-arm64	Install runtime GL/X libs for the launch smoke	2026-09-07T18:28:12.5308135Z (Reading database ... 5%
linux-arm64	Install runtime GL/X libs for the launch smoke	2026-09-07T18:28:12.5308790Z (Reading database ... 10%
linux-arm64	Install runtime GL/X libs for the launch smoke	2026-09-07T18:28:12.5309267Z (Reading database ... 15%
linux-arm64	Install runtime GL/X libs for the launch smoke	2026-09-07T18:28:12.5309806Z (Reading database ... 20%
linux-arm64	Install runtime GL/X libs for the launch smoke	2026-09-07T18:28:12.5310191Z (Reading database ... 25%
linux-arm64	Install runtime GL/X libs for the launch smoke	2026-09-07T18:28:12.5310528Z (Reading database ... 30%
linux-arm64	Install runtime GL/X libs for the launch smoke	2026-09-07T18:28:12.5310802Z (Reading database ... 35%
linux-arm64	Install runtime GL/X libs for the launch smoke	2026-09-07T18:28:12.5311731Z (Reading database ... 40%
linux-arm64	Install runtime GL/X libs for the launch smoke	2026-09-07T18:28:12.5311991Z (Reading database ... 45%
linux-arm64	Install runtime GL/X libs for the launch smoke	2026-09-07T18:28:12.5312324Z (Reading database ... 50%
linux-arm64	Install runtime GL/X libs for the launch smoke	2026-09-07T18:28:12.5400095Z (Reading database ... 55%
linux-arm64	Install runtime GL/X libs for the launch smoke	2026-09-07T18:28:12.7231734Z (Reading database ... 60%
linux-arm64	Install runtime GL/X libs for the launch smoke	2026-09-07T18:28:12.9133939Z (Reading database ... 65%
linux-arm64	Install runtime GL/X libs for the launch smoke	2026-09-07T18:28:13.0327076Z (Reading database ... 70%
linux-arm64	Install runtime GL/X libs for the launch smoke	2026-09-07T18:28:13.0723305Z (Reading database ... 75%
linux-arm64	Install runtime GL/X libs for the launch smoke	2026-09-07T18:28:13.1676482Z (Reading database ... 80%
linux-arm64	Install runtime GL/X libs for the launch smoke	2026-09-07T18:28:13.4204670Z (Reading database ... 85%
linux-arm64	Install runtime GL/X libs for the launch smoke	2026-09-07T18:28:13.6120523Z (Reading database ... 90%
linux-arm64	Install runtime GL/X libs for the launch smoke	2026-09-07T18:28:13.7810684Z (Reading database ... 95%
linux-arm64	Install runtime GL/X libs for the launch smoke	2026-09-07T18:28:13.7811776Z (Reading database ... 100%
linux-arm64	Install runtime GL/X libs for the launch smoke	2026-09-07T18:28:13.7812246Z (Reading database ... 200999 files and directories currently installed.)
linux-arm64	Install runtime GL/X libs for the launch smoke	2026-09-07T18:28:13.7855048Z Preparing to unpack .../libopengl0_1.7.0-1build1_arm64.deb ...
linux-arm64	Install runtime GL/X libs for the launch smoke	2026-09-07T18:28:13.7925639Z Unpacking libopengl0:arm64 (1.7.0-1build1) ...
linux-arm64	Install runtime GL/X libs for the launch smoke	2026-09-07T18:28:13.8373690Z Setting up libopengl0:arm64 (1.7.0-1build1) ...
linux-arm64	Install runtime GL/X libs for the launch smoke	2026-09-07T18:28:13.8396524Z Processing triggers for libc-bin (2.39-0ubuntu8.8) ...
linux-arm64	Install runtime GL/X libs for the launch smoke	2026-09-07T18:28:16.0457451Z 
linux-arm64	Install runtime GL/X libs for the launch smoke	2026-09-07T18:28:16.0458559Z Running kernel seems to be up-to-date.
linux-arm64	Install runtime GL/X libs for the launch smoke	2026-09-07T18:28:16.0459107Z 
linux-arm64	Install runtime GL/X libs for the launch smoke	2026-09-07T18:28:16.0459261Z No services need to be restarted.
linux-arm64	Install runtime GL/X libs for the launch smoke	2026-09-07T18:28:16.0459464Z 
linux-arm64	Install runtime GL/X libs for the launch smoke	2026-09-07T18:28:16.0459587Z No containers need to be restarted.
linux-arm64	Install runtime GL/X libs for the launch smoke	2026-09-07T18:28:16.0459778Z 
linux-arm64	Install runtime GL/X libs for the launch smoke	2026-09-07T18:28:16.0469294Z No user sessions are running outdated binaries.
linux-arm64	Install runtime GL/X libs for the launch smoke	2026-09-07T18:28:16.0469608Z 
linux-arm64	Install runtime GL/X libs for the launch smoke	2026-09-07T18:28:16.0469839Z No VM guests are running outdated hypervisor (qemu) binaries on this host.
linux-arm64	Smoke-launch the packaged AppImage (--version)	﻿2026-09-07T18:28:17.4764723Z ##[group]Run set -euo pipefail
linux-arm64	Smoke-launch the packaged AppImage (--version)	2026-09-07T18:28:17.4765297Z ^[[36;1mset -euo pipefail^[[0m
linux-arm64	Smoke-launch the packaged AppImage (--version)	2026-09-07T18:28:17.4765598Z ^[[36;1mAPP=$(ls dist/*.AppImage | head -1)^[[0m
linux-arm64	Smoke-launch the packaged AppImage (--version)	2026-09-07T18:28:17.4765960Z ^[[36;1mOUT=$("$APP" --appimage-extract-and-run --version)^[[0m
linux-arm64	Smoke-launch the packaged AppImage (--version)	2026-09-07T18:28:17.4766710Z ^[[36;1mecho "$OUT"^[[0m
linux-arm64	Smoke-launch the packaged AppImage (--version)	2026-09-07T18:28:17.4766992Z ^[[36;1mgrep -q "Macintosh 68k emulator" <<<"$OUT" \^[[0m
linux-arm64	Smoke-launch the packaged AppImage (--version)	2026-09-07T18:28:17.4767474Z ^[[36;1m  || { echo "ERROR: AppImage did not print the version banner"; exit 1; }^[[0m
linux-arm64	Smoke-launch the packaged AppImage (--version)	2026-09-07T18:28:17.4803848Z shell: /usr/bin/bash -e {0}
linux-arm64	Smoke-launch the packaged AppImage (--version)	2026-09-07T18:28:17.4804378Z env:
linux-arm64	Smoke-launch the packaged AppImage (--version)	2026-09-07T18:28:17.4804615Z   IMGUI_TAG: v1.92.8-docking
linux-arm64	Smoke-launch the packaged AppImage (--version)	2026-09-07T18:28:17.4805047Z   BUILDER_IMAGE: ghcr.io/habib256/pom68k-bionic-builder:bionic-aarch64
linux-arm64	Smoke-launch the packaged AppImage (--version)	2026-09-07T18:28:17.4805438Z ##[endgroup]
linux-arm64	Smoke-launch the packaged AppImage (--version)	2026-09-07T18:28:17.5359438Z POM68K: data directory = /home/runner/.local/share/POM68K  (the per-user data directory)
linux-arm64	Smoke-launch the packaged AppImage (--version)	2026-09-07T18:28:17.5405143Z POM68K 0.1.0 — Macintosh 68k emulator (37 profiles, Mac Plus to Quadra 950)
linux-arm64	Smoke-launch the packaged AppImage (--version)	2026-09-07T18:28:17.5406114Z /tmp/appimage_extracted_095edc611242e535f0f388fc32ca3f9e/.DirIcon
linux-arm64	Smoke-launch the packaged AppImage (--version)	2026-09-07T18:28:17.5406554Z /tmp/appimage_extracted_095edc611242e535f0f388fc32ca3f9e/AppRun
linux-arm64	Smoke-launch the packaged AppImage (--version)	2026-09-07T18:28:17.5407082Z /tmp/appimage_extracted_095edc611242e535f0f388fc32ca3f9e/POM68K.desktop
linux-arm64	Smoke-launch the packaged AppImage (--version)	2026-09-07T18:28:17.5407618Z /tmp/appimage_extracted_095edc611242e535f0f388fc32ca3f9e/POM68K.png
linux-arm64	Smoke-launch the packaged AppImage (--version)	2026-09-07T18:28:17.5408083Z /tmp/appimage_extracted_095edc611242e535f0f388fc32ca3f9e/usr
linux-arm64	Smoke-launch the packaged AppImage (--version)	2026-09-07T18:28:17.5408672Z /tmp/appimage_extracted_095edc611242e535f0f388fc32ca3f9e/usr/bin
linux-arm64	Smoke-launch the packaged AppImage (--version)	2026-09-07T18:28:17.5409125Z /tmp/appimage_extracted_095edc611242e535f0f388fc32ca3f9e/usr/bin/POM68K
linux-arm64	Smoke-launch the packaged AppImage (--version)	2026-09-07T18:28:17.5409686Z /tmp/appimage_extracted_095edc611242e535f0f388fc32ca3f9e/usr/lib
linux-arm64	Smoke-launch the packaged AppImage (--version)	2026-09-07T18:28:17.5410193Z /tmp/appimage_extracted_095edc611242e535f0f388fc32ca3f9e/usr/lib/libXau.so.6
linux-arm64	Smoke-launch the packaged AppImage (--version)	2026-09-07T18:28:17.5410742Z /tmp/appimage_extracted_095edc611242e535f0f388fc32ca3f9e/usr/lib/libXdmcp.so.6
linux-arm64	Smoke-launch the packaged AppImage (--version)	2026-09-07T18:28:17.5411272Z /tmp/appimage_extracted_095edc611242e535f0f388fc32ca3f9e/usr/lib/libbsd.so.0
linux-arm64	Smoke-launch the packaged AppImage (--version)	2026-09-07T18:28:17.5411798Z /tmp/appimage_extracted_095edc611242e535f0f388fc32ca3f9e/usr/lib/libglfw.so.3
linux-arm64	Smoke-launch the packaged AppImage (--version)	2026-09-07T18:28:17.5412316Z /tmp/appimage_extracted_095edc611242e535f0f388fc32ca3f9e/usr/share
linux-arm64	Smoke-launch the packaged AppImage (--version)	2026-09-07T18:28:17.5412857Z /tmp/appimage_extracted_095edc611242e535f0f388fc32ca3f9e/usr/share/applications
linux-arm64	Smoke-launch the packaged AppImage (--version)	2026-09-07T18:28:17.5413463Z /tmp/appimage_extracted_095edc611242e535f0f388fc32ca3f9e/usr/share/applications/POM68K.desktop
linux-arm64	Smoke-launch the packaged AppImage (--version)	2026-09-07T18:28:17.5414038Z /tmp/appimage_extracted_095edc611242e535f0f388fc32ca3f9e/usr/share/doc
linux-arm64	Smoke-launch the packaged AppImage (--version)	2026-09-07T18:28:17.5414531Z /tmp/appimage_extracted_095edc611242e535f0f388fc32ca3f9e/usr/share/doc/libbsd0
linux-arm64	Smoke-launch the packaged AppImage (--version)	2026-09-07T18:28:17.5415144Z /tmp/appimage_extracted_095edc611242e535f0f388fc32ca3f9e/usr/share/doc/libbsd0/copyright
linux-arm64	Smoke-launch the packaged AppImage (--version)	2026-09-07T18:28:17.5415705Z /tmp/appimage_extracted_095edc611242e535f0f388fc32ca3f9e/usr/share/doc/libxau6
linux-arm64	Smoke-launch the packaged AppImage (--version)	2026-09-07T18:28:17.5416247Z /tmp/appimage_extracted_095edc611242e535f0f388fc32ca3f9e/usr/share/doc/libxau6/copyright
linux-arm64	Smoke-launch the packaged AppImage (--version)	2026-09-07T18:28:17.5416900Z /tmp/appimage_extracted_095edc611242e535f0f388fc32ca3f9e/usr/share/doc/libxdmcp6
linux-arm64	Smoke-launch the packaged AppImage (--version)	2026-09-07T18:28:17.5417473Z /tmp/appimage_extracted_095edc611242e535f0f388fc32ca3f9e/usr/share/doc/libxdmcp6/copyright
linux-arm64	Smoke-launch the packaged AppImage (--version)	2026-09-07T18:28:17.5418091Z /tmp/appimage_extracted_095edc611242e535f0f388fc32ca3f9e/usr/share/icons
linux-arm64	Smoke-launch the packaged AppImage (--version)	2026-09-07T18:28:17.5419346Z /tmp/appimage_extracted_095edc611242e535f0f388fc32ca3f9e/usr/share/icons/hicolor
linux-arm64	Smoke-launch the packaged AppImage (--version)	2026-09-07T18:28:17.5419904Z /tmp/appimage_extracted_095edc611242e535f0f388fc32ca3f9e/usr/share/icons/hicolor/128x128
linux-arm64	Smoke-launch the packaged AppImage (--version)	2026-09-07T18:28:17.5420762Z /tmp/appimage_extracted_095edc611242e535f0f388fc32ca3f9e/usr/share/icons/hicolor/128x128/apps
linux-arm64	Smoke-launch the packaged AppImage (--version)	2026-09-07T18:28:17.5421426Z /tmp/appimage_extracted_095edc611242e535f0f388fc32ca3f9e/usr/share/icons/hicolor/16x16
linux-arm64	Smoke-launch the packaged AppImage (--version)	2026-09-07T18:28:17.5422103Z /tmp/appimage_extracted_095edc611242e535f0f388fc32ca3f9e/usr/share/icons/hicolor/16x16/apps
linux-arm64	Smoke-launch the packaged AppImage (--version)	2026-09-07T18:28:17.5422696Z /tmp/appimage_extracted_095edc611242e535f0f388fc32ca3f9e/usr/share/icons/hicolor/256x256
linux-arm64	Smoke-launch the packaged AppImage (--version)	2026-09-07T18:28:17.5423788Z /tmp/appimage_extracted_095edc611242e535f0f388fc32ca3f9e/usr/share/icons/hicolor/256x256/apps
linux-arm64	Smoke-launch the packaged AppImage (--version)	2026-09-07T18:28:17.5424387Z /tmp/appimage_extracted_095edc611242e535f0f388fc32ca3f9e/usr/share/icons/hicolor/32x32
linux-arm64	Smoke-launch the packaged AppImage (--version)	2026-09-07T18:28:17.5425229Z /tmp/appimage_extracted_095edc611242e535f0f388fc32ca3f9e/usr/share/icons/hicolor/32x32/apps
linux-arm64	Smoke-launch the packaged AppImage (--version)	2026-09-07T18:28:17.5425880Z /tmp/appimage_extracted_095edc611242e535f0f388fc32ca3f9e/usr/share/icons/hicolor/512x512
linux-arm64	Smoke-launch the packaged AppImage (--version)	2026-09-07T18:28:17.5426490Z /tmp/appimage_extracted_095edc611242e535f0f388fc32ca3f9e/usr/share/icons/hicolor/512x512/apps
linux-arm64	Smoke-launch the packaged AppImage (--version)	2026-09-07T18:28:17.5427215Z /tmp/appimage_extracted_095edc611242e535f0f388fc32ca3f9e/usr/share/icons/hicolor/512x512/apps/POM68K.png
linux-arm64	Smoke-launch the packaged AppImage (--version)	2026-09-07T18:28:17.5427853Z /tmp/appimage_extracted_095edc611242e535f0f388fc32ca3f9e/usr/share/icons/hicolor/64x64
linux-arm64	Smoke-launch the packaged AppImage (--version)	2026-09-07T18:28:17.5428883Z /tmp/appimage_extracted_095edc611242e535f0f388fc32ca3f9e/usr/share/icons/hicolor/64x64/apps
linux-arm64	Smoke-launch the packaged AppImage (--version)	2026-09-07T18:28:17.5429572Z /tmp/appimage_extracted_095edc611242e535f0f388fc32ca3f9e/usr/share/icons/hicolor/scalable
linux-arm64	Smoke-launch the packaged AppImage (--version)	2026-09-07T18:28:17.5430187Z /tmp/appimage_extracted_095edc611242e535f0f388fc32ca3f9e/usr/share/icons/hicolor/scalable/apps
linux-arm64	Smoke-launch the packaged AppImage (--version)	2026-09-07T18:28:17.5430802Z /tmp/appimage_extracted_095edc611242e535f0f388fc32ca3f9e/usr/share/pixmaps
linux-arm64	Run actions/upload-artifact@v5	﻿2026-09-07T18:28:17.5505872Z Node 20 is being deprecated. This workflow is running with Node 24 by default. If you need to temporarily use Node 20, you can set the ACTIONS_ALLOW_USE_UNSECURE_NODE_VERSION=true environment variable. For more information see: https://github.blog/changelog/2025-09-19-deprecation-of-node-20-on-github-actions-runners/
linux-arm64	Run actions/upload-artifact@v5	2026-09-07T18:28:17.5508731Z ##[group]Run actions/upload-artifact@v5
linux-arm64	Run actions/upload-artifact@v5	2026-09-07T18:28:17.5509065Z with:
linux-arm64	Run actions/upload-artifact@v5	2026-09-07T18:28:17.5509398Z   name: POM68K-linux-aarch64-AppImage
linux-arm64	Run actions/upload-artifact@v5	2026-09-07T18:28:17.5509691Z   path: dist/*.AppImage
linux-arm64	Run actions/upload-artifact@v5	2026-09-07T18:28:17.5509926Z   if-no-files-found: error
linux-arm64	Run actions/upload-artifact@v5	2026-09-07T18:28:17.5510256Z   compression-level: 6
linux-arm64	Run actions/upload-artifact@v5	2026-09-07T18:28:17.5510487Z   overwrite: false
linux-arm64	Run actions/upload-artifact@v5	2026-09-07T18:28:17.5510769Z   include-hidden-files: false
linux-arm64	Run actions/upload-artifact@v5	2026-09-07T18:28:17.5511040Z env:
linux-arm64	Run actions/upload-artifact@v5	2026-09-07T18:28:17.5511262Z   IMGUI_TAG: v1.92.8-docking
linux-arm64	Run actions/upload-artifact@v5	2026-09-07T18:28:17.5511662Z   BUILDER_IMAGE: ghcr.io/habib256/pom68k-bionic-builder:bionic-aarch64
linux-arm64	Run actions/upload-artifact@v5	2026-09-07T18:28:17.5512064Z ##[endgroup]
linux-arm64	Run actions/upload-artifact@v5	2026-09-07T18:28:17.6920063Z (node:4574) [DEP0040] DeprecationWarning: The `punycode` module is deprecated. Please use a userland alternative instead.
linux-arm64	Run actions/upload-artifact@v5	2026-09-07T18:28:17.6921028Z (Use `node --trace-deprecation ...` to show where the warning was created)
linux-arm64	Run actions/upload-artifact@v5	2026-09-07T18:28:17.7008116Z With the provided path, there will be 1 file uploaded
linux-arm64	Run actions/upload-artifact@v5	2026-09-07T18:28:17.7039049Z Artifact name is valid!
linux-arm64	Run actions/upload-artifact@v5	2026-09-07T18:28:17.7069123Z Root directory input is valid!
linux-arm64	Run actions/upload-artifact@v5	2026-09-07T18:28:18.0044634Z Beginning upload of artifact content to blob storage
linux-arm64	Run actions/upload-artifact@v5	2026-09-07T18:28:18.1166298Z (node:4574) [DEP0169] DeprecationWarning: `url.parse()` behavior is not standardized and prone to errors that have security implications. Use the WHATWG URL API instead. CVEs are not issued for `url.parse()` vulnerabilities.
linux-arm64	Run actions/upload-artifact@v5	2026-09-07T18:28:18.5374516Z Uploaded bytes 3636336
linux-arm64	Run actions/upload-artifact@v5	2026-09-07T18:28:18.5803580Z Finished uploading artifact content to blob storage!
linux-arm64	Run actions/upload-artifact@v5	2026-09-07T18:28:18.5804488Z SHA256 digest of uploaded artifact zip is 1c3aa1dec66347bc914814cfe540d04a4e798bbd1b7d5d647babac0f30325d06
linux-arm64	Run actions/upload-artifact@v5	2026-09-07T18:28:18.5805321Z Finalizing artifact upload
linux-arm64	Run actions/upload-artifact@v5	2026-09-07T18:28:18.8224986Z Artifact POM68K-linux-aarch64-AppImage.zip successfully finalized. Artifact ID 10029585372
linux-arm64	Run actions/upload-artifact@v5	2026-09-07T18:28:18.8226250Z Artifact POM68K-linux-aarch64-AppImage has been successfully uploaded! Final size is 3636336 bytes. Artifact ID is 10029585372
linux-arm64	Run actions/upload-artifact@v5	2026-09-07T18:28:18.8232001Z Artifact download URL: https://github.com/habib256/pom68k/actions/runs/34151560976/artifacts/10029585372
linux-arm64	Post Run actions/checkout@v5	﻿2026-09-07T18:28:18.8459278Z Post job cleanup.
linux-arm64	Post Run actions/checkout@v5	2026-09-07T18:28:18.9190956Z [command]/usr/bin/git version
linux-arm64	Post Run actions/checkout@v5	2026-09-07T18:28:18.9237326Z git version 2.55.0
linux-arm64	Post Run actions/checkout@v5	2026-09-07T18:28:18.9273657Z Temporarily overriding HOME='/home/runner/work/_temp/c0a873dc-e29b-4ef0-b003-f3365f28868f' before making global git config changes
linux-arm64	Post Run actions/checkout@v5	2026-09-07T18:28:18.9274543Z Adding repository directory to the temporary git global config as a safe directory
linux-arm64	Post Run actions/checkout@v5	2026-09-07T18:28:18.9279145Z [command]/usr/bin/git config --global --add safe.directory /home/runner/work/pom68k/pom68k
linux-arm64	Post Run actions/checkout@v5	2026-09-07T18:28:18.9317151Z [command]/usr/bin/git config --local --name-only --get-regexp core\.sshCommand
linux-arm64	Post Run actions/checkout@v5	2026-09-07T18:28:18.9350077Z [command]/usr/bin/git submodule foreach --recursive sh -c "git config --local --name-only --get-regexp 'core\.sshCommand' && git config --local --unset-all 'core.sshCommand' || :"
linux-arm64	Post Run actions/checkout@v5	2026-09-07T18:28:18.9556776Z [command]/usr/bin/git config --local --name-only --get-regexp http\.https\:\/\/github\.com\/\.extraheader
linux-arm64	Post Run actions/checkout@v5	2026-09-07T18:28:18.9583228Z http.https://github.com/.extraheader
linux-arm64	Post Run actions/checkout@v5	2026-09-07T18:28:18.9600692Z [command]/usr/bin/git config --local --unset-all http.https://github.com/.extraheader
linux-arm64	Post Run actions/checkout@v5	2026-09-07T18:28:18.9649495Z [command]/usr/bin/git submodule foreach --recursive sh -c "git config --local --name-only --get-regexp 'http\.https\:\/\/github\.com\/\.extraheader' && git config --local --unset-all 'http.https://github.com/.extraheader' || :"
linux-arm64	Post Run actions/checkout@v5	2026-09-07T18:28:18.9848989Z [command]/usr/bin/git config --local --name-only --get-regexp ^includeIf\.gitdir:
linux-arm64	Post Run actions/checkout@v5	2026-09-07T18:28:18.9884452Z [command]/usr/bin/git submodule foreach --recursive git config --local --show-origin --name-only --get-regexp remote.origin.url
linux-arm64	Complete job	﻿2026-09-07T18:28:19.0241390Z Cleaning up orphan processes
linux-arm64	Complete job	2026-09-07T18:28:19.0633914Z ##[warning]Node.js 20 is deprecated. The following actions target Node.js 20 but are being forced to run on Node.js 24: actions/upload-artifact@v5. For more information see: https://github.blog/changelog/2025-09-19-deprecation-of-node-20-on-github-actions-runners/
windows	Set up job	﻿2026-09-07T18:25:32.9085034Z Current runner version: '2.337.0'
windows	Set up job	2026-09-07T18:25:32.9139932Z ##[group]Runner Image Provisioner
windows	Set up job	2026-09-07T18:25:32.9140779Z Hosted Compute Agent
windows	Set up job	2026-09-07T18:25:32.9141393Z Version: 20260819.586
windows	Set up job	2026-09-07T18:25:32.9142003Z Commit: 3cc4a88dfa507ef76119ad1bb3eccc6378bb2b76
windows	Set up job	2026-09-07T18:25:32.9142696Z Build Date: 2026-08-18T23:20:18Z
windows	Set up job	2026-09-07T18:25:32.9143364Z Worker ID: {ea94f410-1926-498a-857b-990686fb686e}
windows	Set up job	2026-09-07T18:25:32.9144042Z Azure Region: eastus
windows	Set up job	2026-09-07T18:25:32.9144586Z ##[endgroup]
windows	Set up job	2026-09-07T18:25:32.9145909Z ##[group]Operating System
windows	Set up job	2026-09-07T18:25:32.9146543Z Microsoft Windows Server 2025
windows	Set up job	2026-09-07T18:25:32.9147204Z 10.0.26100
windows	Set up job	2026-09-07T18:25:32.9147689Z Datacenter
windows	Set up job	2026-09-07T18:25:32.9148191Z ##[endgroup]
windows	Set up job	2026-09-07T18:25:32.9148696Z ##[group]Runner Image
windows	Set up job	2026-09-07T18:25:32.9149311Z Image: windows-2025-vs2026
windows	Set up job	2026-09-07T18:25:32.9149910Z Version: 20260824.214.3
windows	Set up job	2026-09-07T18:25:32.9151005Z Included Software: https://github.com/actions/runner-images/blob/win25-vs2026/20260824.214/images/windows/Windows2025-VS2026-Readme.md
windows	Set up job	2026-09-07T18:25:32.9153293Z Image Release: https://github.com/actions/runner-images/releases/tag/win25-vs2026%2F20260824.214
windows	Set up job	2026-09-07T18:25:32.9154255Z ##[endgroup]
windows	Set up job	2026-09-07T18:25:32.9155355Z ##[group]GITHUB_TOKEN Permissions
windows	Set up job	2026-09-07T18:25:32.9158232Z Contents: write
windows	Set up job	2026-09-07T18:25:32.9158863Z Metadata: read
windows	Set up job	2026-09-07T18:25:32.9159423Z ##[endgroup]
windows	Set up job	2026-09-07T18:25:32.9161726Z Secret source: Actions
windows	Set up job	2026-09-07T18:25:32.9162869Z Prepare workflow directory
windows	Set up job	2026-09-07T18:25:32.9607935Z Prepare all required actions
windows	Set up job	2026-09-07T18:25:32.9680434Z Getting action download info
windows	Set up job	2026-09-07T18:25:33.1128383Z Download action repository 'actions/checkout@v5' (SHA:fbc6f3992d24b796d5a048ff273f7fcc4a7b6c09)
windows	Set up job	2026-09-07T18:25:33.2537626Z Download action repository 'actions/upload-artifact@v5' (SHA:330a01c490aca151604b8cf639adc76d48f6c5d4)
windows	Set up job	2026-09-07T18:25:33.5842032Z Complete job name: windows
windows	Run actions/checkout@v5	﻿2026-09-07T18:25:33.7258220Z ##[group]Run actions/checkout@v5
windows	Run actions/checkout@v5	2026-09-07T18:25:33.7259275Z with:
windows	Run actions/checkout@v5	2026-09-07T18:25:33.7259692Z   repository: habib256/pom68k
windows	Run actions/checkout@v5	2026-09-07T18:25:33.7263325Z   token: ***
windows	Run actions/checkout@v5	2026-09-07T18:25:33.7263719Z   ssh-strict: true
windows	Run actions/checkout@v5	2026-09-07T18:25:33.7264116Z   ssh-user: git
windows	Run actions/checkout@v5	2026-09-07T18:25:33.7264525Z   persist-credentials: true
windows	Run actions/checkout@v5	2026-09-07T18:25:33.7264974Z   clean: true
windows	Run actions/checkout@v5	2026-09-07T18:25:33.7265369Z   sparse-checkout-cone-mode: true
windows	Run actions/checkout@v5	2026-09-07T18:25:33.7265847Z   fetch-depth: 1
windows	Run actions/checkout@v5	2026-09-07T18:25:33.7266225Z   fetch-tags: false
windows	Run actions/checkout@v5	2026-09-07T18:25:33.7266618Z   show-progress: true
windows	Run actions/checkout@v5	2026-09-07T18:25:33.7267019Z   lfs: false
windows	Run actions/checkout@v5	2026-09-07T18:25:33.7267386Z   submodules: false
windows	Run actions/checkout@v5	2026-09-07T18:25:33.7267788Z   set-safe-directory: true
windows	Run actions/checkout@v5	2026-09-07T18:25:33.7268243Z   allow-unsafe-pr-checkout: false
windows	Run actions/checkout@v5	2026-09-07T18:25:33.7268901Z env:
windows	Run actions/checkout@v5	2026-09-07T18:25:33.7269277Z   IMGUI_TAG: v1.92.8-docking
windows	Run actions/checkout@v5	2026-09-07T18:25:33.7269715Z ##[endgroup]
windows	Run actions/checkout@v5	2026-09-07T18:25:33.8836348Z Syncing repository: habib256/pom68k
windows	Run actions/checkout@v5	2026-09-07T18:25:33.8838191Z ##[group]Getting Git version info
windows	Run actions/checkout@v5	2026-09-07T18:25:33.8838823Z Working directory is 'D:\a\pom68k\pom68k'
windows	Run actions/checkout@v5	2026-09-07T18:25:34.0058764Z [command]"C:\Program Files\Git\bin\git.exe" version
windows	Run actions/checkout@v5	2026-09-07T18:25:34.3623340Z git version 2.55.0.windows.5
windows	Run actions/checkout@v5	2026-09-07T18:25:34.3675157Z ##[endgroup]
windows	Run actions/checkout@v5	2026-09-07T18:25:34.3697024Z Temporarily overriding HOME='D:\a\_temp\f5a4d049-9b1b-49ae-96eb-f90a6a17ca35' before making global git config changes
windows	Run actions/checkout@v5	2026-09-07T18:25:34.3699063Z Adding repository directory to the temporary git global config as a safe directory
windows	Run actions/checkout@v5	2026-09-07T18:25:34.3707758Z [command]"C:\Program Files\Git\bin\git.exe" config --global --add safe.directory D:\a\pom68k\pom68k
windows	Run actions/checkout@v5	2026-09-07T18:25:34.4276837Z Deleting the contents of 'D:\a\pom68k\pom68k'
windows	Run actions/checkout@v5	2026-09-07T18:25:34.4283779Z ##[group]Initializing the repository
windows	Run actions/checkout@v5	2026-09-07T18:25:34.4293197Z [command]"C:\Program Files\Git\bin\git.exe" init D:\a\pom68k\pom68k
windows	Run actions/checkout@v5	2026-09-07T18:25:34.5097218Z Initialized empty Git repository in D:/a/pom68k/pom68k/.git/
windows	Run actions/checkout@v5	2026-09-07T18:25:34.5141462Z [command]"C:\Program Files\Git\bin\git.exe" remote add origin https://github.com/habib256/pom68k
windows	Run actions/checkout@v5	2026-09-07T18:25:34.5691303Z ##[endgroup]
windows	Run actions/checkout@v5	2026-09-07T18:25:34.5693044Z ##[group]Disabling automatic garbage collection
windows	Run actions/checkout@v5	2026-09-07T18:25:34.5699541Z [command]"C:\Program Files\Git\bin\git.exe" config --local gc.auto 0
windows	Run actions/checkout@v5	2026-09-07T18:25:34.5997339Z ##[endgroup]
windows	Run actions/checkout@v5	2026-09-07T18:25:34.5998607Z ##[group]Setting up auth
windows	Run actions/checkout@v5	2026-09-07T18:25:34.6008782Z [command]"C:\Program Files\Git\bin\git.exe" config --local --name-only --get-regexp core\.sshCommand
windows	Run actions/checkout@v5	2026-09-07T18:25:34.6312878Z [command]"C:\Program Files\Git\bin\git.exe" submodule foreach --recursive "sh -c \"git config --local --name-only --get-regexp 'core\.sshCommand' && git config --local --unset-all 'core.sshCommand' || :\""
windows	Run actions/checkout@v5	2026-09-07T18:25:36.0254329Z [command]"C:\Program Files\Git\bin\git.exe" config --local --name-only --get-regexp http\.https\:\/\/github\.com\/\.extraheader
windows	Run actions/checkout@v5	2026-09-07T18:25:36.0564549Z [command]"C:\Program Files\Git\bin\git.exe" submodule foreach --recursive "sh -c \"git config --local --name-only --get-regexp 'http\.https\:\/\/github\.com\/\.extraheader' && git config --local --unset-all 'http.https://github.com/.extraheader' || :\""
windows	Run actions/checkout@v5	2026-09-07T18:25:36.6147100Z [command]"C:\Program Files\Git\bin\git.exe" config --local --name-only --get-regexp ^includeIf\.gitdir:
windows	Run actions/checkout@v5	2026-09-07T18:25:36.6439261Z [command]"C:\Program Files\Git\bin\git.exe" submodule foreach --recursive "git config --local --show-origin --name-only --get-regexp remote.origin.url"
windows	Run actions/checkout@v5	2026-09-07T18:25:37.1988656Z [command]"C:\Program Files\Git\bin\git.exe" config --local http.https://github.com/.extraheader "AUTHORIZATION: basic ***"
windows	Run actions/checkout@v5	2026-09-07T18:25:37.2300859Z ##[endgroup]
windows	Run actions/checkout@v5	2026-09-07T18:25:37.2301845Z ##[group]Fetching the repository
windows	Run actions/checkout@v5	2026-09-07T18:25:37.2315123Z [command]"C:\Program Files\Git\bin\git.exe" -c protocol.version=2 fetch --no-tags --prune --no-recurse-submodules --depth=1 origin +46f58f4588079ef34b1c110f430299b76731962a:refs/remotes/origin/main
windows	Run actions/checkout@v5	2026-09-07T18:25:39.0268037Z From https://github.com/habib256/pom68k
windows	Run actions/checkout@v5	2026-09-07T18:25:39.0268888Z  * [new ref]         46f58f4588079ef34b1c110f430299b76731962a -> origin/main
windows	Run actions/checkout@v5	2026-09-07T18:25:39.0305825Z ##[endgroup]
windows	Run actions/checkout@v5	2026-09-07T18:25:39.0306499Z ##[group]Determining the checkout info
windows	Run actions/checkout@v5	2026-09-07T18:25:39.0309387Z ##[endgroup]
windows	Run actions/checkout@v5	2026-09-07T18:25:39.0318569Z [command]"C:\Program Files\Git\bin\git.exe" sparse-checkout disable
windows	Run actions/checkout@v5	2026-09-07T18:25:39.0819139Z [command]"C:\Program Files\Git\bin\git.exe" config --local --unset-all extensions.worktreeConfig
windows	Run actions/checkout@v5	2026-09-07T18:25:39.1116344Z ##[group]Checking out the ref
windows	Run actions/checkout@v5	2026-09-07T18:25:39.1125759Z [command]"C:\Program Files\Git\bin\git.exe" checkout --progress --force -B main refs/remotes/origin/main
windows	Run actions/checkout@v5	2026-09-07T18:25:40.0152867Z Switched to a new branch 'main'
windows	Run actions/checkout@v5	2026-09-07T18:25:40.0352506Z branch 'main' set up to track 'origin/main'.
windows	Run actions/checkout@v5	2026-09-07T18:25:40.0425443Z ##[endgroup]
windows	Run actions/checkout@v5	2026-09-07T18:25:40.0802847Z [command]"C:\Program Files\Git\bin\git.exe" log -1 --format=%H
windows	Run actions/checkout@v5	2026-09-07T18:25:40.1613511Z 46f58f4588079ef34b1c110f430299b76731962a
windows	Fetch Dear ImGui (pinned)	﻿2026-09-07T18:25:40.2135017Z ##[group]Run git clone --depth 1 --branch v1.92.8-docking https://github.com/ocornut/imgui.git
windows	Fetch Dear ImGui (pinned)	2026-09-07T18:25:40.2135880Z ^[[36;1mgit clone --depth 1 --branch v1.92.8-docking https://github.com/ocornut/imgui.git^[[0m
windows	Fetch Dear ImGui (pinned)	2026-09-07T18:25:40.3769664Z shell: C:\Program Files\PowerShell\7\pwsh.EXE -command ". '{0}'"
windows	Fetch Dear ImGui (pinned)	2026-09-07T18:25:40.3770161Z env:
windows	Fetch Dear ImGui (pinned)	2026-09-07T18:25:40.3770387Z   IMGUI_TAG: v1.92.8-docking
windows	Fetch Dear ImGui (pinned)	2026-09-07T18:25:40.3770664Z ##[endgroup]
windows	Fetch Dear ImGui (pinned)	2026-09-07T18:25:40.7425432Z Cloning into 'imgui'...
windows	Fetch Dear ImGui (pinned)	2026-09-07T18:25:41.4412046Z warning: refs/tags/v1.92.8-docking 572f249ce1975f98ad9f8aabce512ffa12a52d6c is not a commit!
windows	Fetch Dear ImGui (pinned)	2026-09-07T18:25:41.4465347Z Note: switching to 'b61e56346a92cfcaf1f43a545ca37b0b32239654'.
windows	Fetch Dear ImGui (pinned)	2026-09-07T18:25:41.4465717Z 
windows	Fetch Dear ImGui (pinned)	2026-09-07T18:25:41.4465922Z You are in 'detached HEAD' state. You can look around, make experimental
windows	Fetch Dear ImGui (pinned)	2026-09-07T18:25:41.4466390Z changes and commit them, and you can discard any commits you make in this
windows	Fetch Dear ImGui (pinned)	2026-09-07T18:25:41.4467801Z state without impacting any branches by switching back to a branch.
windows	Fetch Dear ImGui (pinned)	2026-09-07T18:25:41.4468139Z 
windows	Fetch Dear ImGui (pinned)	2026-09-07T18:25:41.4468369Z If you want to create a new branch to retain commits you create, you may
windows	Fetch Dear ImGui (pinned)	2026-09-07T18:25:41.4468805Z do so (now or later) by using -c with the switch command. Example:
windows	Fetch Dear ImGui (pinned)	2026-09-07T18:25:41.4469063Z 
windows	Fetch Dear ImGui (pinned)	2026-09-07T18:25:41.4469173Z   git switch -c <new-branch-name>
windows	Fetch Dear ImGui (pinned)	2026-09-07T18:25:41.4469347Z 
windows	Fetch Dear ImGui (pinned)	2026-09-07T18:25:41.4469433Z Or undo this operation with:
windows	Fetch Dear ImGui (pinned)	2026-09-07T18:25:41.4469585Z 
windows	Fetch Dear ImGui (pinned)	2026-09-07T18:25:41.4469678Z   git switch -
windows	Fetch Dear ImGui (pinned)	2026-09-07T18:25:41.4469800Z 
windows	Fetch Dear ImGui (pinned)	2026-09-07T18:25:41.4470001Z Turn off this advice by setting config variable advice.detachedHead to false
windows	Fetch Dear ImGui (pinned)	2026-09-07T18:25:41.4470305Z 
windows	Install GLFW via vcpkg (manifest mode, static triplet)	﻿2026-09-07T18:25:41.7060860Z ##[group]Run vcpkg install --triplet x64-windows-static
windows	Install GLFW via vcpkg (manifest mode, static triplet)	2026-09-07T18:25:41.7061364Z ^[[36;1mvcpkg install --triplet x64-windows-static^[[0m
windows	Install GLFW via vcpkg (manifest mode, static triplet)	2026-09-07T18:25:41.7167704Z shell: C:\Program Files\PowerShell\7\pwsh.EXE -command ". '{0}'"
windows	Install GLFW via vcpkg (manifest mode, static triplet)	2026-09-07T18:25:41.7168073Z env:
windows	Install GLFW via vcpkg (manifest mode, static triplet)	2026-09-07T18:25:41.7221827Z   IMGUI_TAG: v1.92.8-docking
windows	Install GLFW via vcpkg (manifest mode, static triplet)	2026-09-07T18:25:41.7222098Z ##[endgroup]
windows	Install GLFW via vcpkg (manifest mode, static triplet)	2026-09-07T18:25:44.0389069Z Detecting compiler hash for triplet x64-windows...
windows	Install GLFW via vcpkg (manifest mode, static triplet)	2026-09-07T18:25:52.7471798Z Compiler found: C:/Program Files/Microsoft Visual Studio/18/Enterprise/VC/Tools/MSVC/14.51.36231/bin/Hostx64/x64/cl.exe
windows	Install GLFW via vcpkg (manifest mode, static triplet)	2026-09-07T18:25:52.7658849Z Detecting compiler hash for triplet x64-windows-static...
windows	Install GLFW via vcpkg (manifest mode, static triplet)	2026-09-07T18:25:53.4797044Z Compiler found: C:/Program Files/Microsoft Visual Studio/18/Enterprise/VC/Tools/MSVC/14.51.36231/bin/Hostx64/x64/cl.exe
windows	Install GLFW via vcpkg (manifest mode, static triplet)	2026-09-07T18:25:53.4814388Z The following packages will be built and installed:
windows	Install GLFW via vcpkg (manifest mode, static triplet)	2026-09-07T18:25:53.4814952Z     glfw3:x64-windows-static@3.4#1
windows	Install GLFW via vcpkg (manifest mode, static triplet)	2026-09-07T18:25:53.4815388Z   * vcpkg-cmake:x64-windows@2024-04-23
windows	Install GLFW via vcpkg (manifest mode, static triplet)	2026-09-07T18:25:53.4816003Z   * vcpkg-cmake-config:x64-windows@2024-05-23
windows	Install GLFW via vcpkg (manifest mode, static triplet)	2026-09-07T18:25:53.4816912Z Additional packages (*) will be modified to complete this operation.
windows	Install GLFW via vcpkg (manifest mode, static triplet)	2026-09-07T18:25:53.5984044Z Restored 0 package(s) from C:\Users\runneradmin\AppData\Local\vcpkg\archives in 319 us. Use --debug to see more details.
windows	Install GLFW via vcpkg (manifest mode, static triplet)	2026-09-07T18:25:53.5985182Z Installing 1/3 vcpkg-cmake-config:x64-windows@2024-05-23...
windows	Install GLFW via vcpkg (manifest mode, static triplet)	2026-09-07T18:25:53.5986224Z vcpkg-cmake-config:x64-windows@2024-05-23 package ABI: a924dafd57caec22bfea6c00b38823e81290040d12eb8fddbb37bad2966cadce
windows	Install GLFW via vcpkg (manifest mode, static triplet)	2026-09-07T18:25:53.5986889Z Building vcpkg-cmake-config:x64-windows@2024-05-23...
windows	Install GLFW via vcpkg (manifest mode, static triplet)	2026-09-07T18:25:53.6393076Z -- Installing: C:/vcpkg/packages/vcpkg-cmake-config_x64-windows/share/vcpkg-cmake-config/vcpkg_cmake_config_fixup.cmake
windows	Install GLFW via vcpkg (manifest mode, static triplet)	2026-09-07T18:25:53.6405602Z -- Installing: C:/vcpkg/packages/vcpkg-cmake-config_x64-windows/share/vcpkg-cmake-config/vcpkg-port-config.cmake
windows	Install GLFW via vcpkg (manifest mode, static triplet)	2026-09-07T18:25:53.6418792Z -- Installing: C:/vcpkg/packages/vcpkg-cmake-config_x64-windows/share/vcpkg-cmake-config/copyright
windows	Install GLFW via vcpkg (manifest mode, static triplet)	2026-09-07T18:25:53.6511866Z -- Skipping post-build validation due to VCPKG_POLICY_EMPTY_PACKAGE
windows	Install GLFW via vcpkg (manifest mode, static triplet)	2026-09-07T18:25:53.6591887Z Starting submission of vcpkg-cmake-config:x64-windows@2024-05-23 to 1 binary cache(s) in the background
windows	Install GLFW via vcpkg (manifest mode, static triplet)	2026-09-07T18:25:53.6593329Z Elapsed time to handle vcpkg-cmake-config:x64-windows: 60.8 ms
windows	Install GLFW via vcpkg (manifest mode, static triplet)	2026-09-07T18:25:53.6594344Z Installing 2/3 vcpkg-cmake:x64-windows@2024-04-23...
windows	Install GLFW via vcpkg (manifest mode, static triplet)	2026-09-07T18:25:53.6595663Z vcpkg-cmake:x64-windows@2024-04-23 package ABI: ae7093aa142d286ada3c916796f576de259d9d9e3d079ee1327dfe0aa1895818
windows	Install GLFW via vcpkg (manifest mode, static triplet)	2026-09-07T18:25:53.6596616Z Building vcpkg-cmake:x64-windows@2024-04-23...
windows	Install GLFW via vcpkg (manifest mode, static triplet)	2026-09-07T18:25:53.7020602Z -- Installing: C:/vcpkg/packages/vcpkg-cmake_x64-windows/share/vcpkg-cmake/vcpkg_cmake_configure.cmake
windows	Install GLFW via vcpkg (manifest mode, static triplet)	2026-09-07T18:25:53.7032402Z -- Installing: C:/vcpkg/packages/vcpkg-cmake_x64-windows/share/vcpkg-cmake/vcpkg_cmake_build.cmake
windows	Install GLFW via vcpkg (manifest mode, static triplet)	2026-09-07T18:25:53.7043268Z -- Installing: C:/vcpkg/packages/vcpkg-cmake_x64-windows/share/vcpkg-cmake/vcpkg_cmake_install.cmake
windows	Install GLFW via vcpkg (manifest mode, static triplet)	2026-09-07T18:25:53.7088077Z -- Installing: C:/vcpkg/packages/vcpkg-cmake_x64-windows/share/vcpkg-cmake/vcpkg-port-config.cmake
windows	Install GLFW via vcpkg (manifest mode, static triplet)	2026-09-07T18:25:53.7124046Z -- Installing: C:/vcpkg/packages/vcpkg-cmake_x64-windows/share/vcpkg-cmake/copyright
windows	Install GLFW via vcpkg (manifest mode, static triplet)	2026-09-07T18:25:53.7228803Z -- Performing post-build validation
windows	Install GLFW via vcpkg (manifest mode, static triplet)	2026-09-07T18:25:53.7314516Z Starting submission of vcpkg-cmake:x64-windows@2024-04-23 to 1 binary cache(s) in the background
windows	Install GLFW via vcpkg (manifest mode, static triplet)	2026-09-07T18:25:53.7315125Z Elapsed time to handle vcpkg-cmake:x64-windows: 72.2 ms
windows	Install GLFW via vcpkg (manifest mode, static triplet)	2026-09-07T18:25:53.7315494Z Installing 3/3 glfw3:x64-windows-static@3.4#1...
windows	Install GLFW via vcpkg (manifest mode, static triplet)	2026-09-07T18:25:53.7316038Z glfw3:x64-windows-static@3.4#1 package ABI: 8d334d1d72eaa388592fe8537f5808ad2f3cbf38554ac588afcab29dc8844cca
windows	Install GLFW via vcpkg (manifest mode, static triplet)	2026-09-07T18:25:53.7316572Z Building glfw3:x64-windows-static@3.4#1...
windows	Install GLFW via vcpkg (manifest mode, static triplet)	2026-09-07T18:25:53.7833837Z Downloading https://github.com/glfw/glfw/archive/3.4.tar.gz -> glfw-glfw-3.4.tar.gz
windows	Install GLFW via vcpkg (manifest mode, static triplet)	2026-09-07T18:25:54.1349937Z Successfully downloaded glfw-glfw-3.4.tar.gz
windows	Install GLFW via vcpkg (manifest mode, static triplet)	2026-09-07T18:25:54.1461522Z -- Extracting source C:/vcpkg/downloads/glfw-glfw-3.4.tar.gz
windows	Install GLFW via vcpkg (manifest mode, static triplet)	2026-09-07T18:25:54.6056646Z -- Using source at C:/vcpkg/buildtrees/glfw3/src/3.4-2448ff4533.clean
windows	Install GLFW via vcpkg (manifest mode, static triplet)	2026-09-07T18:25:54.6340332Z -- Configuring x64-windows-static
windows	Install GLFW via vcpkg (manifest mode, static triplet)	2026-09-07T18:25:59.4029274Z -- Building x64-windows-static-dbg
windows	Install GLFW via vcpkg (manifest mode, static triplet)	2026-09-07T18:26:03.0632571Z -- Building x64-windows-static-rel
windows	Install GLFW via vcpkg (manifest mode, static triplet)	2026-09-07T18:26:05.6014617Z -- Fixing pkgconfig file: C:/vcpkg/packages/glfw3_x64-windows-static/lib/pkgconfig/glfw3.pc
windows	Install GLFW via vcpkg (manifest mode, static triplet)	2026-09-07T18:26:05.6235950Z Downloading msys2-mingw-w64-x86_64-pkgconf-1~2.5.1-1-any.pkg.tar.zst, trying https://mirror.msys2.org/mingw/mingw64/mingw-w64-x86_64-pkgconf-1~2.5.1-1-any.pkg.tar.zst
windows	Install GLFW via vcpkg (manifest mode, static triplet)	2026-09-07T18:26:06.2615818Z Successfully downloaded msys2-mingw-w64-x86_64-pkgconf-1~2.5.1-1-any.pkg.tar.zst
windows	Install GLFW via vcpkg (manifest mode, static triplet)	2026-09-07T18:26:06.2755885Z Downloading msys2-msys2-runtime-3.6.5-1-x86_64.pkg.tar.zst, trying https://mirror.msys2.org/msys/x86_64/msys2-runtime-3.6.5-1-x86_64.pkg.tar.zst
windows	Install GLFW via vcpkg (manifest mode, static triplet)	2026-09-07T18:26:06.6559640Z Successfully downloaded msys2-msys2-runtime-3.6.5-1-x86_64.pkg.tar.zst
windows	Install GLFW via vcpkg (manifest mode, static triplet)	2026-09-07T18:26:06.8315034Z -- Using msys root at C:/vcpkg/downloads/tools/msys2/3e71d1f8e22ab23f
windows	Install GLFW via vcpkg (manifest mode, static triplet)	2026-09-07T18:26:06.8562068Z -- Fixing pkgconfig file: C:/vcpkg/packages/glfw3_x64-windows-static/debug/lib/pkgconfig/glfw3.pc
windows	Install GLFW via vcpkg (manifest mode, static triplet)	2026-09-07T18:26:06.8661910Z -- Installing: C:/vcpkg/packages/glfw3_x64-windows-static/share/glfw3/copyright
windows	Install GLFW via vcpkg (manifest mode, static triplet)	2026-09-07T18:26:06.8759117Z -- Performing post-build validation
windows	Install GLFW via vcpkg (manifest mode, static triplet)	2026-09-07T18:26:06.8969788Z Starting submission of glfw3:x64-windows-static@3.4#1 to 1 binary cache(s) in the background
windows	Install GLFW via vcpkg (manifest mode, static triplet)	2026-09-07T18:26:06.8970713Z Elapsed time to handle glfw3:x64-windows-static: 13 s
windows	Install GLFW via vcpkg (manifest mode, static triplet)	2026-09-07T18:26:06.8986303Z Installed contents are licensed to you by owners. Microsoft is not responsible for, nor does it grant any licenses to, third-party packages.
windows	Install GLFW via vcpkg (manifest mode, static triplet)	2026-09-07T18:26:06.8987545Z Packages installed in this vcpkg installation declare the following licenses:
windows	Install GLFW via vcpkg (manifest mode, static triplet)	2026-09-07T18:26:06.8987960Z MIT
windows	Install GLFW via vcpkg (manifest mode, static triplet)	2026-09-07T18:26:06.8988107Z Zlib
windows	Install GLFW via vcpkg (manifest mode, static triplet)	2026-09-07T18:26:06.8992687Z glfw3 provides CMake targets:
windows	Install GLFW via vcpkg (manifest mode, static triplet)	2026-09-07T18:26:06.8993054Z 
windows	Install GLFW via vcpkg (manifest mode, static triplet)	2026-09-07T18:26:06.8993437Z   # this is heuristically generated, and may not be correct
windows	Install GLFW via vcpkg (manifest mode, static triplet)	2026-09-07T18:26:06.8994054Z   find_package(glfw3 CONFIG REQUIRED)
windows	Install GLFW via vcpkg (manifest mode, static triplet)	2026-09-07T18:26:06.8994509Z   target_link_libraries(main PRIVATE glfw)
windows	Install GLFW via vcpkg (manifest mode, static triplet)	2026-09-07T18:26:06.8994838Z 
windows	Install GLFW via vcpkg (manifest mode, static triplet)	2026-09-07T18:26:06.8994983Z glfw3 provides pkg-config modules:
windows	Install GLFW via vcpkg (manifest mode, static triplet)	2026-09-07T18:26:06.8995267Z 
windows	Install GLFW via vcpkg (manifest mode, static triplet)	2026-09-07T18:26:06.8995522Z   # A multi-platform library for OpenGL, window and input
windows	Install GLFW via vcpkg (manifest mode, static triplet)	2026-09-07T18:26:06.8996048Z   glfw3
windows	Install GLFW via vcpkg (manifest mode, static triplet)	2026-09-07T18:26:06.8996215Z 
windows	Install GLFW via vcpkg (manifest mode, static triplet)	2026-09-07T18:26:06.8996697Z Completed submission of vcpkg-cmake-config:x64-windows@2024-05-23 to 1 binary cache(s) in 228 ms
windows	Install GLFW via vcpkg (manifest mode, static triplet)	2026-09-07T18:26:06.8997779Z Completed submission of vcpkg-cmake:x64-windows@2024-04-23 to 1 binary cache(s) in 61.5 ms
windows	Install GLFW via vcpkg (manifest mode, static triplet)	2026-09-07T18:26:06.8998605Z Waiting for 1 remaining binary cache submissions...
windows	Install GLFW via vcpkg (manifest mode, static triplet)	2026-09-07T18:26:07.2297878Z Completed submission of glfw3:x64-windows-static@3.4#1 to 1 binary cache(s) in 333 ms (1/1)
windows	Install GLFW via vcpkg (manifest mode, static triplet)	2026-09-07T18:26:07.2298857Z All requested installations completed successfully in: 13 s
windows	Configure + build (Release, vcpkg toolchain, static CRT)	﻿2026-09-07T18:26:07.7502343Z ##[group]Run # -DPOM68K_LTO=ON is stated: since 2026-09-07 CMakeLists.txt turns
windows	Configure + build (Release, vcpkg toolchain, static CRT)	2026-09-07T18:26:07.7503256Z ^[[36;1m# -DPOM68K_LTO=ON is stated: since 2026-09-07 CMakeLists.txt turns^[[0m
windows	Configure + build (Release, vcpkg toolchain, static CRT)	2026-09-07T18:26:07.7503739Z ^[[36;1m# it into MSVC's /GL + /LTCG through the IPO property, probed with^[[0m
windows	Configure + build (Release, vcpkg toolchain, static CRT)	2026-09-07T18:26:07.7504200Z ^[[36;1m# check_ipo_supported so a toolchain that cannot do it builds^[[0m
windows	Configure + build (Release, vcpkg toolchain, static CRT)	2026-09-07T18:26:07.7504628Z ^[[36;1m# without rather than failing at link. The 2026-09-07 dispatch^[[0m
windows	Configure + build (Release, vcpkg toolchain, static CRT)	2026-09-07T18:26:07.7505035Z ^[[36;1m# (run 34143298273) built this target with it in six minutes.^[[0m
windows	Configure + build (Release, vcpkg toolchain, static CRT)	2026-09-07T18:26:07.7505446Z ^[[36;1m# The shipped artifact is the ONLY thing in this tree: ~130 gate^[[0m
windows	Configure + build (Release, vcpkg toolchain, static CRT)	2026-09-07T18:26:07.7505887Z ^[[36;1m# executables under /GL ran past the job's 90-minute budget on^[[0m
windows	Configure + build (Release, vcpkg toolchain, static CRT)	2026-09-07T18:26:07.7506325Z ^[[36;1m# that same dispatch, so the gates get their own tree below.^[[0m
windows	Configure + build (Release, vcpkg toolchain, static CRT)	2026-09-07T18:26:07.7506664Z ^[[36;1m$cfg = @('-S', '.', '-B', 'build',^[[0m
windows	Configure + build (Release, vcpkg toolchain, static CRT)	2026-09-07T18:26:07.7507105Z ^[[36;1m         "-DCMAKE_TOOLCHAIN_FILE=$env:VCPKG_INSTALLATION_ROOT\scripts\buildsystems\vcpkg.cmake",^[[0m
windows	Configure + build (Release, vcpkg toolchain, static CRT)	2026-09-07T18:26:07.7507650Z ^[[36;1m         '-DVCPKG_TARGET_TRIPLET=x64-windows-static',^[[0m
windows	Configure + build (Release, vcpkg toolchain, static CRT)	2026-09-07T18:26:07.7507950Z ^[[36;1m         '-DPOM68K_LTO=ON',^[[0m
windows	Configure + build (Release, vcpkg toolchain, static CRT)	2026-09-07T18:26:07.7508227Z ^[[36;1m         '-DCMAKE_MSVC_RUNTIME_LIBRARY=MultiThreaded',^[[0m
windows	Configure + build (Release, vcpkg toolchain, static CRT)	2026-09-07T18:26:07.7508570Z ^[[36;1m         '-DPOM68K_NATIVE=OFF', '-DPOM68K_TESTS=OFF')^[[0m
windows	Configure + build (Release, vcpkg toolchain, static CRT)	2026-09-07T18:26:07.7508972Z ^[[36;1mif ($env:POM68K_VERSION) { $cfg += "-DPOM68K_VERSION=$env:POM68K_VERSION" }^[[0m
windows	Configure + build (Release, vcpkg toolchain, static CRT)	2026-09-07T18:26:07.7509351Z ^[[36;1mcmake @cfg^[[0m
windows	Configure + build (Release, vcpkg toolchain, static CRT)	2026-09-07T18:26:07.7509565Z ^[[36;1mif ($LASTEXITCODE -ne 0) { exit 1 }^[[0m
windows	Configure + build (Release, vcpkg toolchain, static CRT)	2026-09-07T18:26:07.7509900Z ^[[36;1mcmake --build build --config Release -j --target POM68K^[[0m
windows	Configure + build (Release, vcpkg toolchain, static CRT)	2026-09-07T18:26:07.7510259Z ^[[36;1mif ($LASTEXITCODE -ne 0) { exit 1 }^[[0m
windows	Configure + build (Release, vcpkg toolchain, static CRT)	2026-09-07T18:26:07.7610952Z shell: C:\Program Files\PowerShell\7\pwsh.EXE -command ". '{0}'"
windows	Configure + build (Release, vcpkg toolchain, static CRT)	2026-09-07T18:26:07.7611320Z env:
windows	Configure + build (Release, vcpkg toolchain, static CRT)	2026-09-07T18:26:07.7611526Z   IMGUI_TAG: v1.92.8-docking
windows	Configure + build (Release, vcpkg toolchain, static CRT)	2026-09-07T18:26:07.7611752Z   POM68K_VERSION: 
windows	Configure + build (Release, vcpkg toolchain, static CRT)	2026-09-07T18:26:07.7611944Z ##[endgroup]
windows	Configure + build (Release, vcpkg toolchain, static CRT)	2026-09-07T18:26:08.0831138Z -- Building for: Visual Studio 18 2026
windows	Configure + build (Release, vcpkg toolchain, static CRT)	2026-09-07T18:26:08.0831710Z -- Running vcpkg install
windows	Configure + build (Release, vcpkg toolchain, static CRT)	2026-09-07T18:26:08.2748399Z Detecting compiler hash for triplet x64-windows...
windows	Configure + build (Release, vcpkg toolchain, static CRT)	2026-09-07T18:26:10.7725731Z Compiler found: C:/Program Files/Microsoft Visual Studio/18/Enterprise/VC/Tools/MSVC/14.51.36231/bin/Hostx64/x64/cl.exe
windows	Configure + build (Release, vcpkg toolchain, static CRT)	2026-09-07T18:26:10.7827606Z Detecting compiler hash for triplet x64-windows-static...
windows	Configure + build (Release, vcpkg toolchain, static CRT)	2026-09-07T18:26:11.4628545Z Compiler found: C:/Program Files/Microsoft Visual Studio/18/Enterprise/VC/Tools/MSVC/14.51.36231/bin/Hostx64/x64/cl.exe
windows	Configure + build (Release, vcpkg toolchain, static CRT)	2026-09-07T18:26:11.4637512Z The following packages will be built and installed:
windows	Configure + build (Release, vcpkg toolchain, static CRT)	2026-09-07T18:26:11.4638080Z     glfw3:x64-windows-static@3.4#1
windows	Configure + build (Release, vcpkg toolchain, static CRT)	2026-09-07T18:26:11.4638529Z   * vcpkg-cmake:x64-windows@2024-04-23
windows	Configure + build (Release, vcpkg toolchain, static CRT)	2026-09-07T18:26:11.4639260Z   * vcpkg-cmake-config:x64-windows@2024-05-23
windows	Configure + build (Release, vcpkg toolchain, static CRT)	2026-09-07T18:26:11.4639990Z Additional packages (*) will be modified to complete this operation.
windows	Configure + build (Release, vcpkg toolchain, static CRT)	2026-09-07T18:26:11.6367313Z Restored 3 package(s) from C:\Users\runneradmin\AppData\Local\vcpkg\archives in 120 ms. Use --debug to see more details.
windows	Configure + build (Release, vcpkg toolchain, static CRT)	2026-09-07T18:26:11.6368022Z Installing 1/3 vcpkg-cmake-config:x64-windows@2024-05-23...
windows	Configure + build (Release, vcpkg toolchain, static CRT)	2026-09-07T18:26:11.6368642Z vcpkg-cmake-config:x64-windows@2024-05-23 package ABI: a924dafd57caec22bfea6c00b38823e81290040d12eb8fddbb37bad2966cadce
windows	Configure + build (Release, vcpkg toolchain, static CRT)	2026-09-07T18:26:11.6409389Z Elapsed time to handle vcpkg-cmake-config:x64-windows: 4.24 ms
windows	Configure + build (Release, vcpkg toolchain, static CRT)	2026-09-07T18:26:11.6409830Z Installing 2/3 vcpkg-cmake:x64-windows@2024-04-23...
windows	Configure + build (Release, vcpkg toolchain, static CRT)	2026-09-07T18:26:11.6410386Z vcpkg-cmake:x64-windows@2024-04-23 package ABI: ae7093aa142d286ada3c916796f576de259d9d9e3d079ee1327dfe0aa1895818
windows	Configure + build (Release, vcpkg toolchain, static CRT)	2026-09-07T18:26:11.6456274Z Elapsed time to handle vcpkg-cmake:x64-windows: 4.61 ms
windows	Configure + build (Release, vcpkg toolchain, static CRT)	2026-09-07T18:26:11.6456670Z Installing 3/3 glfw3:x64-windows-static@3.4#1...
windows	Configure + build (Release, vcpkg toolchain, static CRT)	2026-09-07T18:26:11.6457210Z glfw3:x64-windows-static@3.4#1 package ABI: 8d334d1d72eaa388592fe8537f5808ad2f3cbf38554ac588afcab29dc8844cca
windows	Configure + build (Release, vcpkg toolchain, static CRT)	2026-09-07T18:26:11.6545246Z Elapsed time to handle glfw3:x64-windows-static: 8.87 ms
windows	Configure + build (Release, vcpkg toolchain, static CRT)	2026-09-07T18:26:11.6555906Z Installed contents are licensed to you by owners. Microsoft is not responsible for, nor does it grant any licenses to, third-party packages.
windows	Configure + build (Release, vcpkg toolchain, static CRT)	2026-09-07T18:26:11.6556684Z Packages installed in this vcpkg installation declare the following licenses:
windows	Configure + build (Release, vcpkg toolchain, static CRT)	2026-09-07T18:26:11.6557075Z MIT
windows	Configure + build (Release, vcpkg toolchain, static CRT)	2026-09-07T18:26:11.6557225Z Zlib
windows	Configure + build (Release, vcpkg toolchain, static CRT)	2026-09-07T18:26:11.6558758Z glfw3 provides CMake targets:
windows	Configure + build (Release, vcpkg toolchain, static CRT)	2026-09-07T18:26:11.6559238Z 
windows	Configure + build (Release, vcpkg toolchain, static CRT)	2026-09-07T18:26:11.6559510Z   # this is heuristically generated, and may not be correct
windows	Configure + build (Release, vcpkg toolchain, static CRT)	2026-09-07T18:26:11.6559860Z   find_package(glfw3 CONFIG REQUIRED)
windows	Configure + build (Release, vcpkg toolchain, static CRT)	2026-09-07T18:26:11.6560128Z   target_link_libraries(main PRIVATE glfw)
windows	Configure + build (Release, vcpkg toolchain, static CRT)	2026-09-07T18:26:11.6560368Z 
windows	Configure + build (Release, vcpkg toolchain, static CRT)	2026-09-07T18:26:11.6560508Z glfw3 provides pkg-config modules:
windows	Configure + build (Release, vcpkg toolchain, static CRT)	2026-09-07T18:26:11.6560741Z 
windows	Configure + build (Release, vcpkg toolchain, static CRT)	2026-09-07T18:26:11.6560955Z   # A multi-platform library for OpenGL, window and input
windows	Configure + build (Release, vcpkg toolchain, static CRT)	2026-09-07T18:26:11.6561342Z   glfw3
windows	Configure + build (Release, vcpkg toolchain, static CRT)	2026-09-07T18:26:11.6561434Z 
windows	Configure + build (Release, vcpkg toolchain, static CRT)	2026-09-07T18:26:11.6562906Z All requested installations completed successfully in: 18.9 ms
windows	Configure + build (Release, vcpkg toolchain, static CRT)	2026-09-07T18:26:11.6693291Z -- Running vcpkg install - done
windows	Configure + build (Release, vcpkg toolchain, static CRT)	2026-09-07T18:26:17.4859588Z -- The CXX compiler identification is MSVC 19.51.36256.0
windows	Configure + build (Release, vcpkg toolchain, static CRT)	2026-09-07T18:26:17.7076920Z -- Detecting CXX compiler ABI info
windows	Configure + build (Release, vcpkg toolchain, static CRT)	2026-09-07T18:26:18.7772130Z -- Detecting CXX compiler ABI info - done
windows	Configure + build (Release, vcpkg toolchain, static CRT)	2026-09-07T18:26:18.8149151Z -- Check for working CXX compiler: C:/Program Files/Microsoft Visual Studio/18/Enterprise/VC/Tools/MSVC/14.51.36231/bin/Hostx64/x64/cl.exe - skipped
windows	Configure + build (Release, vcpkg toolchain, static CRT)	2026-09-07T18:26:18.8154625Z -- Detecting CXX compile features
windows	Configure + build (Release, vcpkg toolchain, static CRT)	2026-09-07T18:26:18.8162550Z -- Detecting CXX compile features - done
windows	Configure + build (Release, vcpkg toolchain, static CRT)	2026-09-07T18:26:20.1869281Z -- POM68K: MSVC LTO on (/GL + /LTCG through IPO)
windows	Configure + build (Release, vcpkg toolchain, static CRT)	2026-09-07T18:26:20.8522405Z -- The C compiler identification is MSVC 19.51.36256.0
windows	Configure + build (Release, vcpkg toolchain, static CRT)	2026-09-07T18:26:20.8971528Z -- Detecting C compiler ABI info
windows	Configure + build (Release, vcpkg toolchain, static CRT)	2026-09-07T18:26:21.6525062Z -- Detecting C compiler ABI info - done
windows	Configure + build (Release, vcpkg toolchain, static CRT)	2026-09-07T18:26:21.6908099Z -- Check for working C compiler: C:/Program Files/Microsoft Visual Studio/18/Enterprise/VC/Tools/MSVC/14.51.36231/bin/Hostx64/x64/cl.exe - skipped
windows	Configure + build (Release, vcpkg toolchain, static CRT)	2026-09-07T18:26:21.6913137Z -- Detecting C compile features
windows	Configure + build (Release, vcpkg toolchain, static CRT)	2026-09-07T18:26:21.6919831Z -- Detecting C compile features - done
windows	Configure + build (Release, vcpkg toolchain, static CRT)	2026-09-07T18:26:21.6968897Z -- POM68K JIT: threaded backend + AMD64 (portable only)
windows	Configure + build (Release, vcpkg toolchain, static CRT)	2026-09-07T18:26:21.7140538Z -- Found OpenGL: opengl32
windows	Configure + build (Release, vcpkg toolchain, static CRT)	2026-09-07T18:26:23.7550470Z -- Configuring done (15.7s)
windows	Configure + build (Release, vcpkg toolchain, static CRT)	2026-09-07T18:26:23.8142593Z -- Generating done (0.1s)
windows	Configure + build (Release, vcpkg toolchain, static CRT)	2026-09-07T18:26:23.8153239Z -- Build files have been written to: D:/a/pom68k/pom68k/build
windows	Configure + build (Release, vcpkg toolchain, static CRT)	2026-09-07T18:26:23.9481913Z MSBuild version 18.9.1+a81b43525 for .NET Framework
windows	Configure + build (Release, vcpkg toolchain, static CRT)	2026-09-07T18:26:23.9831034Z 
windows	Configure + build (Release, vcpkg toolchain, static CRT)	2026-09-07T18:26:24.2788090Z   1>Checking Build System
windows	Configure + build (Release, vcpkg toolchain, static CRT)	2026-09-07T18:26:24.9501319Z   Building Custom Rule D:/a/pom68k/pom68k/CMakeLists.txt
windows	Configure + build (Release, vcpkg toolchain, static CRT)	2026-09-07T18:26:24.9502266Z   Building Custom Rule D:/a/pom68k/pom68k/extern/softfloat/CMakeLists.txt
windows	Configure + build (Release, vcpkg toolchain, static CRT)	2026-09-07T18:26:25.1119687Z   softfloat.c
windows	Configure + build (Release, vcpkg toolchain, static CRT)	2026-09-07T18:26:25.1498817Z   softfloat_decimal.c
windows	Configure + build (Release, vcpkg toolchain, static CRT)	2026-09-07T18:26:25.1686733Z   softfloat_fpsp.c
windows	Configure + build (Release, vcpkg toolchain, static CRT)	2026-09-07T18:26:25.1773276Z   ProcessEnvironment.cpp
windows	Configure + build (Release, vcpkg toolchain, static CRT)	2026-09-07T18:26:25.3191196Z   softfloat68k.vcxproj -> D:\a\pom68k\pom68k\build\extern\softfloat\Release\softfloat68k.lib
windows	Configure + build (Release, vcpkg toolchain, static CRT)	2026-09-07T18:26:25.4272816Z   Building Custom Rule D:/a/pom68k/pom68k/CMakeLists.txt
windows	Configure + build (Release, vcpkg toolchain, static CRT)	2026-09-07T18:26:25.5911124Z   Moira.cpp
windows	Configure + build (Release, vcpkg toolchain, static CRT)	2026-09-07T18:26:26.8587657Z   RuntimeConfig.cpp
windows	Configure + build (Release, vcpkg toolchain, static CRT)	2026-09-07T18:26:28.7912845Z   RuntimeConfigProduct.cpp
windows	Configure + build (Release, vcpkg toolchain, static CRT)	2026-09-07T18:26:30.4467373Z   RuntimeConfigCore.cpp
windows	Configure + build (Release, vcpkg toolchain, static CRT)	2026-09-07T18:26:32.1821135Z   RuntimeConfigMachine.cpp
windows	Configure + build (Release, vcpkg toolchain, static CRT)	2026-09-07T18:26:33.8736687Z   MachineFactory.cpp
windows	Configure + build (Release, vcpkg toolchain, static CRT)	2026-09-07T18:26:36.8370388Z   MachineSession.cpp
windows	Configure + build (Release, vcpkg toolchain, static CRT)	2026-09-07T18:26:38.8572473Z   pom68k_app.vcxproj -> D:\a\pom68k\pom68k\build\Release\pom68k_app.lib
windows	Configure + build (Release, vcpkg toolchain, static CRT)	2026-09-07T18:26:50.1429420Z   MoiraDebugger.cpp
windows	Configure + build (Release, vcpkg toolchain, static CRT)	2026-09-07T18:26:51.3378613Z   moira.vcxproj -> D:\a\pom68k\pom68k\build\Release\moira.lib
windows	Configure + build (Release, vcpkg toolchain, static CRT)	2026-09-07T18:26:51.4536127Z   Building Custom Rule D:/a/pom68k/pom68k/CMakeLists.txt
windows	Configure + build (Release, vcpkg toolchain, static CRT)	2026-09-07T18:26:51.6823263Z   JitEngine.cpp
windows	Configure + build (Release, vcpkg toolchain, static CRT)	2026-09-07T18:26:55.1466051Z   JitEngineCensus.cpp
windows	Configure + build (Release, vcpkg toolchain, static CRT)	2026-09-07T18:26:56.6182930Z   JitBlockCache.cpp
windows	Configure + build (Release, vcpkg toolchain, static CRT)	2026-09-07T18:26:58.1752349Z   JitShiftVersions.cpp
windows	Configure + build (Release, vcpkg toolchain, static CRT)	2026-09-07T18:26:59.7148317Z   JitBackend.cpp
windows	Configure + build (Release, vcpkg toolchain, static CRT)	2026-09-07T18:27:00.8661680Z   JitCodeBuffer.cpp
windows	Configure + build (Release, vcpkg toolchain, static CRT)	2026-09-07T18:27:01.1099049Z   JitRuntime.cpp
windows	Configure + build (Release, vcpkg toolchain, static CRT)	2026-09-07T18:27:01.8394931Z   JitBackendThreaded.cpp
windows	Configure + build (Release, vcpkg toolchain, static CRT)	2026-09-07T18:27:02.6778220Z   SaveState.cpp
windows	Configure + build (Release, vcpkg toolchain, static CRT)	2026-09-07T18:27:03.2723407Z   SaveStateMachines.cpp
windows	Configure + build (Release, vcpkg toolchain, static CRT)	2026-09-07T18:27:05.7627397Z   Cpu68k.cpp
windows	Configure + build (Release, vcpkg toolchain, static CRT)	2026-09-07T18:27:07.7170887Z   MacMemory.cpp
windows	Configure + build (Release, vcpkg toolchain, static CRT)	2026-09-07T18:27:09.6723163Z   Via6522.cpp
windows	Configure + build (Release, vcpkg toolchain, static CRT)	2026-09-07T18:27:10.3674500Z   Rtc.cpp
windows	Configure + build (Release, vcpkg toolchain, static CRT)	2026-09-07T18:27:11.1804601Z   Iwm.cpp
windows	Configure + build (Release, vcpkg toolchain, static CRT)	2026-09-07T18:27:11.7546344Z   SonyDrive.cpp
windows	Configure + build (Release, vcpkg toolchain, static CRT)	2026-09-07T18:27:13.0323571Z   Scc8530.cpp
windows	Configure + build (Release, vcpkg toolchain, static CRT)	2026-09-07T18:27:13.7614538Z   M68hc05.cpp
windows	Configure + build (Release, vcpkg toolchain, static CRT)	2026-09-07T18:27:14.4238143Z   R65c02.cpp
windows	Configure + build (Release, vcpkg toolchain, static CRT)	2026-09-07T18:27:15.1727647Z   ApplePic.cpp
windows	Configure + build (Release, vcpkg toolchain, static CRT)	2026-09-07T18:27:16.0873766Z   Compiling...
windows	Configure + build (Release, vcpkg toolchain, static CRT)	2026-09-07T18:27:16.0874073Z   IIfxMemory.cpp
windows	Configure + build (Release, vcpkg toolchain, static CRT)	2026-09-07T18:27:18.1504600Z   IIfxCpu.cpp
windows	Configure + build (Release, vcpkg toolchain, static CRT)	2026-09-07T18:27:20.1155211Z   CudaLle.cpp
windows	Configure + build (Release, vcpkg toolchain, static CRT)	2026-09-07T18:27:21.3604534Z   LtoUdp.cpp
windows	Configure + build (Release, vcpkg toolchain, static CRT)	2026-09-07T18:27:21.8193800Z   AtalkStack.cpp
windows	Configure + build (Release, vcpkg toolchain, static CRT)	2026-09-07T18:27:23.0163680Z   AfpServer.cpp
windows	Configure + build (Release, vcpkg toolchain, static CRT)	2026-09-07T18:27:25.4453778Z   PapServer.cpp
windows	Configure + build (Release, vcpkg toolchain, static CRT)	2026-09-07T18:27:27.6356007Z   MacIpGateway.cpp
windows	Configure + build (Release, vcpkg toolchain, static CRT)	2026-09-07T18:27:28.6993030Z   MacInput.cpp
windows	Configure + build (Release, vcpkg toolchain, static CRT)	2026-09-07T18:27:29.2043090Z   ScsiDisk.cpp
windows	Configure + build (Release, vcpkg toolchain, static CRT)	2026-09-07T18:27:31.3495557Z   DaynaPort.cpp
windows	Configure + build (Release, vcpkg toolchain, static CRT)	2026-09-07T18:27:31.8942448Z   EtherLink.cpp
windows	Configure + build (Release, vcpkg toolchain, static CRT)	2026-09-07T18:27:32.7841052Z   Ncr5380.cpp
windows	Configure + build (Release, vcpkg toolchain, static CRT)	2026-09-07T18:27:33.8863499Z   Ncr53c96.cpp
windows	Configure + build (Release, vcpkg toolchain, static CRT)	2026-09-07T18:27:35.1197063Z   PseudoVia.cpp
windows	Configure + build (Release, vcpkg toolchain, static CRT)	2026-09-07T18:27:35.7933014Z   V8Memory.cpp
windows	Configure + build (Release, vcpkg toolchain, static CRT)	2026-09-07T18:27:38.8932773Z   Cpu030.cpp
windows	Configure + build (Release, vcpkg toolchain, static CRT)	2026-09-07T18:27:40.8768176Z   Egret.cpp
windows	Configure + build (Release, vcpkg toolchain, static CRT)	2026-09-07T18:27:41.9522808Z   AdbBus.cpp
windows	Configure + build (Release, vcpkg toolchain, static CRT)	2026-09-07T18:27:42.6580600Z   Asc.cpp
windows	Configure + build (Release, vcpkg toolchain, static CRT)	2026-09-07T18:27:43.4455689Z   Compiling...
windows	Configure + build (Release, vcpkg toolchain, static CRT)	2026-09-07T18:27:43.4456049Z   Swim1.cpp
windows	Configure + build (Release, vcpkg toolchain, static CRT)	2026-09-07T18:27:44.2639910Z   Swim2.cpp
windows	Configure + build (Release, vcpkg toolchain, static CRT)	2026-09-07T18:27:44.9886118Z   SonoraMemory.cpp
windows	Configure + build (Release, vcpkg toolchain, static CRT)	2026-09-07T18:27:47.9489178Z   SonoraCpu.cpp
windows	Configure + build (Release, vcpkg toolchain, static CRT)	2026-09-07T18:27:49.9152533Z   VaspMemory.cpp
windows	Configure + build (Release, vcpkg toolchain, static CRT)	2026-09-07T18:27:52.8845548Z   VaspCpu.cpp
windows	Configure + build (Release, vcpkg toolchain, static CRT)	2026-09-07T18:27:54.8445270Z   MscMemory.cpp
windows	Configure + build (Release, vcpkg toolchain, static CRT)	2026-09-07T18:27:56.9201892Z   MscCpu.cpp
windows	Configure + build (Release, vcpkg toolchain, static CRT)	2026-09-07T18:27:58.8872923Z   M68hc05Pge.cpp
windows	Configure + build (Release, vcpkg toolchain, static CRT)	2026-09-07T18:28:00.0267726Z   PgePmu.cpp
windows	Configure + build (Release, vcpkg toolchain, static CRT)	2026-09-07T18:28:01.3827495Z   RbvMemory.cpp
windows	Configure + build (Release, vcpkg toolchain, static CRT)	2026-09-07T18:28:04.3971106Z   RbvCpu.cpp
windows	Configure + build (Release, vcpkg toolchain, static CRT)	2026-09-07T18:28:06.3549939Z   CentrisMemory.cpp
windows	Configure + build (Release, vcpkg toolchain, static CRT)	2026-09-07T18:28:08.3540387Z   CentrisCpu.cpp
windows	Configure + build (Release, vcpkg toolchain, static CRT)	2026-09-07T18:28:10.3201657Z   Q630Memory.cpp
windows	Configure + build (Release, vcpkg toolchain, static CRT)	2026-09-07T18:28:13.3139332Z   Q630Cpu.cpp
windows	Configure + build (Release, vcpkg toolchain, static CRT)	2026-09-07T18:28:15.2644120Z   Valkyrie.cpp
windows	Configure + build (Release, vcpkg toolchain, static CRT)	2026-09-07T18:28:15.8402114Z   Q700Memory.cpp
windows	Configure + build (Release, vcpkg toolchain, static CRT)	2026-09-07T18:28:18.9286020Z   Q700Cpu.cpp
windows	Configure + build (Release, vcpkg toolchain, static CRT)	2026-09-07T18:28:20.9187653Z   Q605Memory.cpp
windows	Configure + build (Release, vcpkg toolchain, static CRT)	2026-09-07T18:28:24.2405872Z   Compiling...
windows	Configure + build (Release, vcpkg toolchain, static CRT)	2026-09-07T18:28:24.2406178Z   Dafb.cpp
windows	Configure + build (Release, vcpkg toolchain, static CRT)	2026-09-07T18:28:24.7113202Z   Cpu040.cpp
windows	Configure + build (Release, vcpkg toolchain, static CRT)	2026-09-07T18:28:26.7073636Z   DeclRom.cpp
windows	Configure + build (Release, vcpkg toolchain, static CRT)	2026-09-07T18:28:27.6594057Z   NuBus.cpp
windows	Configure + build (Release, vcpkg toolchain, static CRT)	2026-09-07T18:28:28.2217672Z   TobyVideo.cpp
windows	Configure + build (Release, vcpkg toolchain, static CRT)	2026-09-07T18:28:28.9236042Z   MacIIMemory.cpp
windows	Configure + build (Release, vcpkg toolchain, static CRT)	2026-09-07T18:28:30.9557375Z   Cpu020.cpp
windows	Configure + build (Release, vcpkg toolchain, static CRT)	2026-09-07T18:28:32.9171711Z   AdbVia.cpp
windows	Configure + build (Release, vcpkg toolchain, static CRT)	2026-09-07T18:28:35.1331740Z   Pic1654s.cpp
windows	Configure + build (Release, vcpkg toolchain, static CRT)	2026-09-07T18:28:35.6188921Z   AdbLine.cpp
windows	Configure + build (Release, vcpkg toolchain, static CRT)	2026-09-07T18:28:37.7852094Z   pom68k_core.vcxproj -> D:\a\pom68k\pom68k\build\Release\pom68k_core.lib
windows	Configure + build (Release, vcpkg toolchain, static CRT)	2026-09-07T18:28:37.8715219Z   Building Custom Rule D:/a/pom68k/pom68k/CMakeLists.txt
windows	Configure + build (Release, vcpkg toolchain, static CRT)	2026-09-07T18:28:37.9614892Z   main.cpp
windows	Configure + build (Release, vcpkg toolchain, static CRT)	2026-09-07T18:28:39.5585954Z   GuiMachineRuntime.cpp
windows	Configure + build (Release, vcpkg toolchain, static CRT)	2026-09-07T18:28:43.3169612Z   GuiHostServices.cpp
windows	Configure + build (Release, vcpkg toolchain, static CRT)	2026-09-07T18:28:47.1082767Z   GuiShell.cpp
windows	Configure + build (Release, vcpkg toolchain, static CRT)	2026-09-07T18:28:50.2657466Z   GuiSmokeScenario.cpp
windows	Configure + build (Release, vcpkg toolchain, static CRT)	2026-09-07T18:28:52.9700583Z   PlatformComposers.cpp
windows	Configure + build (Release, vcpkg toolchain, static CRT)	2026-09-07T18:28:56.4072773Z   PlatformCompact.cpp
windows	Configure + build (Release, vcpkg toolchain, static CRT)	2026-09-07T18:29:00.7784535Z   PlatformToby.cpp
windows	Configure + build (Release, vcpkg toolchain, static CRT)	2026-09-07T18:29:05.3694979Z   PlatformV8.cpp
windows	Configure + build (Release, vcpkg toolchain, static CRT)	2026-09-07T18:29:09.8187705Z   PlatformSonora.cpp
windows	Configure + build (Release, vcpkg toolchain, static CRT)	2026-09-07T18:29:14.7203808Z   PlatformDafb.cpp
windows	Configure + build (Release, vcpkg toolchain, static CRT)	2026-09-07T18:29:20.1227488Z   PlatformDuo.cpp
windows	Configure + build (Release, vcpkg toolchain, static CRT)	2026-09-07T18:29:24.4981618Z   miniaudio_impl.cpp
windows	Configure + build (Release, vcpkg toolchain, static CRT)	2026-09-07T18:29:25.8875755Z   FloppySound.cpp
windows	Configure + build (Release, vcpkg toolchain, static CRT)	2026-09-07T18:29:27.8546655Z   DiskBays.cpp
windows	Configure + build (Release, vcpkg toolchain, static CRT)	2026-09-07T18:29:29.9577422Z   PeripheralWindow.cpp
windows	Configure + build (Release, vcpkg toolchain, static CRT)	2026-09-07T18:29:32.1601933Z   DockLayout.cpp
windows	Configure + build (Release, vcpkg toolchain, static CRT)	2026-09-07T18:29:32.7562042Z   imgui.cpp
windows	Configure + build (Release, vcpkg toolchain, static CRT)	2026-09-07T18:29:33.4630364Z   imgui_demo.cpp
windows	Configure + build (Release, vcpkg toolchain, static CRT)	2026-09-07T18:29:33.7364201Z   imgui_draw.cpp
windows	Configure + build (Release, vcpkg toolchain, static CRT)	2026-09-07T18:29:34.4773880Z   Compiling...
windows	Configure + build (Release, vcpkg toolchain, static CRT)	2026-09-07T18:29:34.4777077Z   imgui_tables.cpp
windows	Configure + build (Release, vcpkg toolchain, static CRT)	2026-09-07T18:29:34.7475529Z   imgui_widgets.cpp
windows	Configure + build (Release, vcpkg toolchain, static CRT)	2026-09-07T18:29:35.1435018Z   imgui_impl_glfw.cpp
windows	Configure + build (Release, vcpkg toolchain, static CRT)	2026-09-07T18:29:35.6228326Z   imgui_impl_opengl3.cpp
windows	Configure + build (Release, vcpkg toolchain, static CRT)	2026-09-07T18:29:38.3985155Z   Generating code
windows	Configure + build (Release, vcpkg toolchain, static CRT)	2026-09-07T18:29:39.6017284Z   Previous IPDB not found, fall back to full compilation.
windows	Configure + build (Release, vcpkg toolchain, static CRT)	2026-09-07T18:32:07.9889621Z   All 46132 functions were compiled because no usable IPDB/IOBJ from previous compilation was found.
windows	Configure + build (Release, vcpkg toolchain, static CRT)	2026-09-07T18:32:08.2464325Z   Finished generating code
windows	Configure + build (Release, vcpkg toolchain, static CRT)	2026-09-07T18:32:09.9252404Z   POM68K.vcxproj -> D:\a\pom68k\pom68k\build\Release\POM68K.exe
windows	Build the gate executables (first MSVC compile of the test tree)	﻿2026-09-07T18:32:10.1656445Z ##[group]Run $cfg = @('-S', '.', '-B', 'build-tests',
windows	Build the gate executables (first MSVC compile of the test tree)	2026-09-07T18:32:10.1657009Z ^[[36;1m$cfg = @('-S', '.', '-B', 'build-tests',^[[0m
windows	Build the gate executables (first MSVC compile of the test tree)	2026-09-07T18:32:10.1657593Z ^[[36;1m         "-DCMAKE_TOOLCHAIN_FILE=$env:VCPKG_INSTALLATION_ROOT\scripts\buildsystems\vcpkg.cmake",^[[0m
windows	Build the gate executables (first MSVC compile of the test tree)	2026-09-07T18:32:10.1658400Z ^[[36;1m         '-DVCPKG_TARGET_TRIPLET=x64-windows-static',^[[0m
windows	Build the gate executables (first MSVC compile of the test tree)	2026-09-07T18:32:10.1658792Z ^[[36;1m         '-DPOM68K_LTO=OFF',^[[0m
windows	Build the gate executables (first MSVC compile of the test tree)	2026-09-07T18:32:10.1659170Z ^[[36;1m         '-DCMAKE_MSVC_RUNTIME_LIBRARY=MultiThreaded',^[[0m
windows	Build the gate executables (first MSVC compile of the test tree)	2026-09-07T18:32:10.1659574Z ^[[36;1m         '-DPOM68K_NATIVE=OFF', '-DPOM68K_TESTS=ON')^[[0m
windows	Build the gate executables (first MSVC compile of the test tree)	2026-09-07T18:32:10.1659903Z ^[[36;1mcmake @cfg^[[0m
windows	Build the gate executables (first MSVC compile of the test tree)	2026-09-07T18:32:10.1660369Z ^[[36;1mif ($LASTEXITCODE -ne 0) { exit 1 }^[[0m
windows	Build the gate executables (first MSVC compile of the test tree)	2026-09-07T18:32:10.1661143Z ^[[36;1mcmake --build build-tests --config Release -j^[[0m
windows	Build the gate executables (first MSVC compile of the test tree)	2026-09-07T18:32:10.1661574Z ^[[36;1mif ($LASTEXITCODE -ne 0) { exit 1 }^[[0m
windows	Build the gate executables (first MSVC compile of the test tree)	2026-09-07T18:32:10.1767323Z shell: C:\Program Files\PowerShell\7\pwsh.EXE -command ". '{0}'"
windows	Build the gate executables (first MSVC compile of the test tree)	2026-09-07T18:32:10.1767806Z env:
windows	Build the gate executables (first MSVC compile of the test tree)	2026-09-07T18:32:10.1768043Z   IMGUI_TAG: v1.92.8-docking
windows	Build the gate executables (first MSVC compile of the test tree)	2026-09-07T18:32:10.1768318Z ##[endgroup]
windows	Build the gate executables (first MSVC compile of the test tree)	2026-09-07T18:32:10.5036201Z -- Building for: Visual Studio 18 2026
windows	Build the gate executables (first MSVC compile of the test tree)	2026-09-07T18:32:10.5036825Z -- Running vcpkg install
windows	Build the gate executables (first MSVC compile of the test tree)	2026-09-07T18:32:10.7342608Z Detecting compiler hash for triplet x64-windows...
windows	Build the gate executables (first MSVC compile of the test tree)	2026-09-07T18:32:15.5801598Z Compiler found: C:/Program Files/Microsoft Visual Studio/18/Enterprise/VC/Tools/MSVC/14.51.36231/bin/Hostx64/x64/cl.exe
windows	Build the gate executables (first MSVC compile of the test tree)	2026-09-07T18:32:15.5937044Z Detecting compiler hash for triplet x64-windows-static...
windows	Build the gate executables (first MSVC compile of the test tree)	2026-09-07T18:32:16.8216063Z Compiler found: C:/Program Files/Microsoft Visual Studio/18/Enterprise/VC/Tools/MSVC/14.51.36231/bin/Hostx64/x64/cl.exe
windows	Build the gate executables (first MSVC compile of the test tree)	2026-09-07T18:32:16.8225922Z The following packages will be built and installed:
windows	Build the gate executables (first MSVC compile of the test tree)	2026-09-07T18:32:16.8226686Z     glfw3:x64-windows-static@3.4#1
windows	Build the gate executables (first MSVC compile of the test tree)	2026-09-07T18:32:16.8227248Z   * vcpkg-cmake:x64-windows@2024-04-23
windows	Build the gate executables (first MSVC compile of the test tree)	2026-09-07T18:32:16.8227841Z   * vcpkg-cmake-config:x64-windows@2024-05-23
windows	Build the gate executables (first MSVC compile of the test tree)	2026-09-07T18:32:16.8231352Z Additional packages (*) will be modified to complete this operation.
windows	Build the gate executables (first MSVC compile of the test tree)	2026-09-07T18:32:17.0607884Z Restored 3 package(s) from C:\Users\runneradmin\AppData\Local\vcpkg\archives in 176 ms. Use --debug to see more details.
windows	Build the gate executables (first MSVC compile of the test tree)	2026-09-07T18:32:17.0609529Z Installing 1/3 vcpkg-cmake-config:x64-windows@2024-05-23...
windows	Build the gate executables (first MSVC compile of the test tree)	2026-09-07T18:32:17.0611009Z vcpkg-cmake-config:x64-windows@2024-05-23 package ABI: a924dafd57caec22bfea6c00b38823e81290040d12eb8fddbb37bad2966cadce
windows	Build the gate executables (first MSVC compile of the test tree)	2026-09-07T18:32:17.0647693Z Elapsed time to handle vcpkg-cmake-config:x64-windows: 4.05 ms
windows	Build the gate executables (first MSVC compile of the test tree)	2026-09-07T18:32:17.0648640Z Installing 2/3 vcpkg-cmake:x64-windows@2024-04-23...
windows	Build the gate executables (first MSVC compile of the test tree)	2026-09-07T18:32:17.0649759Z vcpkg-cmake:x64-windows@2024-04-23 package ABI: ae7093aa142d286ada3c916796f576de259d9d9e3d079ee1327dfe0aa1895818
windows	Build the gate executables (first MSVC compile of the test tree)	2026-09-07T18:32:17.0708675Z Elapsed time to handle vcpkg-cmake:x64-windows: 5 ms
windows	Build the gate executables (first MSVC compile of the test tree)	2026-09-07T18:32:17.0709602Z Installing 3/3 glfw3:x64-windows-static@3.4#1...
windows	Build the gate executables (first MSVC compile of the test tree)	2026-09-07T18:32:17.0727835Z glfw3:x64-windows-static@3.4#1 package ABI: 8d334d1d72eaa388592fe8537f5808ad2f3cbf38554ac588afcab29dc8844cca
windows	Build the gate executables (first MSVC compile of the test tree)	2026-09-07T18:32:17.0824854Z Elapsed time to handle glfw3:x64-windows-static: 12.5 ms
windows	Build the gate executables (first MSVC compile of the test tree)	2026-09-07T18:32:17.0837253Z Installed contents are licensed to you by owners. Microsoft is not responsible for, nor does it grant any licenses to, third-party packages.
windows	Build the gate executables (first MSVC compile of the test tree)	2026-09-07T18:32:17.0838842Z Packages installed in this vcpkg installation declare the following licenses:
windows	Build the gate executables (first MSVC compile of the test tree)	2026-09-07T18:32:17.0840051Z MIT
windows	Build the gate executables (first MSVC compile of the test tree)	2026-09-07T18:32:17.0840747Z Zlib
windows	Build the gate executables (first MSVC compile of the test tree)	2026-09-07T18:32:17.0841986Z glfw3 provides CMake targets:
windows	Build the gate executables (first MSVC compile of the test tree)	2026-09-07T18:32:17.0842558Z 
windows	Build the gate executables (first MSVC compile of the test tree)	2026-09-07T18:32:17.0843117Z   # this is heuristically generated, and may not be correct
windows	Build the gate executables (first MSVC compile of the test tree)	2026-09-07T18:32:17.0845203Z   find_package(glfw3 CONFIG REQUIRED)
windows	Build the gate executables (first MSVC compile of the test tree)	2026-09-07T18:32:17.0845826Z   target_link_libraries(main PRIVATE glfw)
windows	Build the gate executables (first MSVC compile of the test tree)	2026-09-07T18:32:17.0846282Z 
windows	Build the gate executables (first MSVC compile of the test tree)	2026-09-07T18:32:17.0846489Z glfw3 provides pkg-config modules:
windows	Build the gate executables (first MSVC compile of the test tree)	2026-09-07T18:32:17.0846892Z 
windows	Build the gate executables (first MSVC compile of the test tree)	2026-09-07T18:32:17.0847223Z   # A multi-platform library for OpenGL, window and input
windows	Build the gate executables (first MSVC compile of the test tree)	2026-09-07T18:32:17.0853228Z   glfw3
windows	Build the gate executables (first MSVC compile of the test tree)	2026-09-07T18:32:17.0853408Z 
windows	Build the gate executables (first MSVC compile of the test tree)	2026-09-07T18:32:17.0853747Z All requested installations completed successfully in: 22.9 ms
windows	Build the gate executables (first MSVC compile of the test tree)	2026-09-07T18:32:17.0978234Z -- Running vcpkg install - done
windows	Build the gate executables (first MSVC compile of the test tree)	2026-09-07T18:32:18.4012632Z -- The CXX compiler identification is MSVC 19.51.36256.0
windows	Build the gate executables (first MSVC compile of the test tree)	2026-09-07T18:32:18.6043530Z -- Detecting CXX compiler ABI info
windows	Build the gate executables (first MSVC compile of the test tree)	2026-09-07T18:32:19.5219334Z -- Detecting CXX compiler ABI info - done
windows	Build the gate executables (first MSVC compile of the test tree)	2026-09-07T18:32:19.5591263Z -- Check for working CXX compiler: C:/Program Files/Microsoft Visual Studio/18/Enterprise/VC/Tools/MSVC/14.51.36231/bin/Hostx64/x64/cl.exe - skipped
windows	Build the gate executables (first MSVC compile of the test tree)	2026-09-07T18:32:19.5597158Z -- Detecting CXX compile features
windows	Build the gate executables (first MSVC compile of the test tree)	2026-09-07T18:32:19.5605001Z -- Detecting CXX compile features - done
windows	Build the gate executables (first MSVC compile of the test tree)	2026-09-07T18:32:20.2787013Z -- The C compiler identification is MSVC 19.51.36256.0
windows	Build the gate executables (first MSVC compile of the test tree)	2026-09-07T18:32:20.3378591Z -- Detecting C compiler ABI info
windows	Build the gate executables (first MSVC compile of the test tree)	2026-09-07T18:32:21.3112530Z -- Detecting C compiler ABI info - done
windows	Build the gate executables (first MSVC compile of the test tree)	2026-09-07T18:32:21.3611683Z -- Check for working C compiler: C:/Program Files/Microsoft Visual Studio/18/Enterprise/VC/Tools/MSVC/14.51.36231/bin/Hostx64/x64/cl.exe - skipped
windows	Build the gate executables (first MSVC compile of the test tree)	2026-09-07T18:32:21.3616943Z -- Detecting C compile features
windows	Build the gate executables (first MSVC compile of the test tree)	2026-09-07T18:32:21.3623885Z -- Detecting C compile features - done
windows	Build the gate executables (first MSVC compile of the test tree)	2026-09-07T18:32:21.3680191Z -- POM68K JIT: threaded backend + AMD64 (portable only)
windows	Build the gate executables (first MSVC compile of the test tree)	2026-09-07T18:32:21.3724101Z -- Found OpenGL: opengl32
windows	Build the gate executables (first MSVC compile of the test tree)	2026-09-07T18:32:23.6420816Z -- Configuring done (13.1s)
windows	Build the gate executables (first MSVC compile of the test tree)	2026-09-07T18:32:25.1723978Z -- Generating done (1.5s)
windows	Build the gate executables (first MSVC compile of the test tree)	2026-09-07T18:32:25.1734698Z -- Build files have been written to: D:/a/pom68k/pom68k/build-tests
windows	Build the gate executables (first MSVC compile of the test tree)	2026-09-07T18:32:25.3241599Z MSBuild version 18.9.1+a81b43525 for .NET Framework
windows	Build the gate executables (first MSVC compile of the test tree)	2026-09-07T18:32:25.3572426Z 
windows	Build the gate executables (first MSVC compile of the test tree)	2026-09-07T18:32:25.6601835Z   1>Checking Build System
windows	Build the gate executables (first MSVC compile of the test tree)	2026-09-07T18:32:28.8048060Z   Building Custom Rule D:/a/pom68k/pom68k/CMakeLists.txt
windows	Build the gate executables (first MSVC compile of the test tree)	2026-09-07T18:32:28.8923507Z   Building Custom Rule D:/a/pom68k/pom68k/CMakeLists.txt
windows	Build the gate executables (first MSVC compile of the test tree)	2026-09-07T18:32:28.9616602Z   Building Custom Rule D:/a/pom68k/pom68k/extern/softfloat/CMakeLists.txt
windows	Build the gate executables (first MSVC compile of the test tree)	2026-09-07T18:32:28.9617543Z   Building Custom Rule D:/a/pom68k/pom68k/CMakeLists.txt
windows	Build the gate executables (first MSVC compile of the test tree)	2026-09-07T18:32:28.9618357Z   Building Custom Rule D:/a/pom68k/pom68k/CMakeLists.txt
windows	Build the gate executables (first MSVC compile of the test tree)	2026-09-07T18:32:30.3729026Z   Building Custom Rule D:/a/pom68k/pom68k/CMakeLists.txt
windows	Build the gate executables (first MSVC compile of the test tree)	2026-09-07T18:32:30.6226217Z   Building Custom Rule D:/a/pom68k/pom68k/CMakeLists.txt
windows	Build the gate executables (first MSVC compile of the test tree)	2026-09-07T18:32:38.1366053Z   store_inventory_test.cpp
windows	Build the gate executables (first MSVC compile of the test tree)	2026-09-07T18:32:39.0693260Z   config_test.cpp
windows	Build the gate executables (first MSVC compile of the test tree)	2026-09-07T18:32:39.2668206Z   softfloat.c
windows	Build the gate executables (first MSVC compile of the test tree)	2026-09-07T18:32:39.2862293Z   softfloat_decimal.c
windows	Build the gate executables (first MSVC compile of the test tree)	2026-09-07T18:32:39.3005332Z   softfloat_fpsp.c
windows	Build the gate executables (first MSVC compile of the test tree)	2026-09-07T18:32:39.3032932Z   Generating Code...
windows	Build the gate executables (first MSVC compile of the test tree)	2026-09-07T18:32:39.3060613Z   config_test.vcxproj -> D:\a\pom68k\pom68k\build-tests\Release\config_test.exe
windows	Build the gate executables (first MSVC compile of the test tree)	2026-09-07T18:32:39.3082591Z   asset_fingerprint_test.cpp
windows	Build the gate executables (first MSVC compile of the test tree)	2026-09-07T18:32:39.3085341Z   softfloat68k.vcxproj -> D:\a\pom68k\pom68k\build-tests\extern\softfloat\Release\softfloat68k.lib
windows	Build the gate executables (first MSVC compile of the test tree)	2026-09-07T18:32:39.3135894Z   fixture_store_test.cpp
windows	Build the gate executables (first MSVC compile of the test tree)	2026-09-07T18:32:39.5203208Z   folderprobe_test.cpp
windows	Build the gate executables (first MSVC compile of the test tree)	2026-09-07T18:32:39.8271366Z   fixture_store_test.vcxproj -> D:\a\pom68k\pom68k\build-tests\Release\fixture_store_test.exe
windows	Build the gate executables (first MSVC compile of the test tree)	2026-09-07T18:32:40.1588953Z   ProcessEnvironment.cpp
windows	Build the gate executables (first MSVC compile of the test tree)	2026-09-07T18:32:40.2267903Z   store_inventory_test.vcxproj -> D:\a\pom68k\pom68k\build-tests\Release\store_inventory_test.exe
windows	Build the gate executables (first MSVC compile of the test tree)	2026-09-07T18:32:40.5904162Z   Building Custom Rule D:/a/pom68k/pom68k/CMakeLists.txt
windows	Build the gate executables (first MSVC compile of the test tree)	2026-09-07T18:32:40.7183197Z   Moira.cpp
windows	Build the gate executables (first MSVC compile of the test tree)	2026-09-07T18:32:41.4486392Z   folderprobe_test.vcxproj -> D:\a\pom68k\pom68k\build-tests\Release\folderprobe_test.exe
windows	Build the gate executables (first MSVC compile of the test tree)	2026-09-07T18:32:43.1471110Z   RuntimeConfig.cpp
windows	Build the gate executables (first MSVC compile of the test tree)	2026-09-07T18:32:43.4374826Z   asset_fingerprint_test.vcxproj -> D:\a\pom68k\pom68k\build-tests\Release\asset_fingerprint_test.exe
windows	Build the gate executables (first MSVC compile of the test tree)	2026-09-07T18:32:45.1391861Z   RuntimeConfigProduct.cpp
windows	Build the gate executables (first MSVC compile of the test tree)	2026-09-07T18:32:46.7236512Z   RuntimeConfigCore.cpp
windows	Build the gate executables (first MSVC compile of the test tree)	2026-09-07T18:32:48.4224599Z   RuntimeConfigMachine.cpp
windows	Build the gate executables (first MSVC compile of the test tree)	2026-09-07T18:32:50.0383123Z   MachineFactory.cpp
windows	Build the gate executables (first MSVC compile of the test tree)	2026-09-07T18:32:52.6764319Z   MachineSession.cpp
windows	Build the gate executables (first MSVC compile of the test tree)	2026-09-07T18:32:54.6965289Z   Generating Code...
windows	Build the gate executables (first MSVC compile of the test tree)	2026-09-07T18:32:59.8463805Z   pom68k_app.vcxproj -> D:\a\pom68k\pom68k\build-tests\Release\pom68k_app.lib
windows	Build the gate executables (first MSVC compile of the test tree)	2026-09-07T18:32:59.9134107Z   Building Custom Rule D:/a/pom68k/pom68k/CMakeLists.txt
windows	Build the gate executables (first MSVC compile of the test tree)	2026-09-07T18:33:00.0360776Z   docs_test.cpp
windows	Build the gate executables (first MSVC compile of the test tree)	2026-09-07T18:33:11.7519866Z   MoiraDebugger.cpp
windows	Build the gate executables (first MSVC compile of the test tree)	2026-09-07T18:33:12.6911933Z   Generating Code...
windows	Build the gate executables (first MSVC compile of the test tree)	2026-09-07T18:33:43.4495094Z   docs_test.vcxproj -> D:\a\pom68k\pom68k\build-tests\Release\docs_test.exe
windows	Build the gate executables (first MSVC compile of the test tree)	2026-09-07T18:34:53.5217353Z   moira.vcxproj -> D:\a\pom68k\pom68k\build-tests\Release\moira.lib
windows	Build the gate executables (first MSVC compile of the test tree)	2026-09-07T18:34:53.6197218Z   Building Custom Rule D:/a/pom68k/pom68k/CMakeLists.txt
windows	Build the gate executables (first MSVC compile of the test tree)	2026-09-07T18:34:53.6204812Z   Building Custom Rule D:/a/pom68k/pom68k/CMakeLists.txt
windows	Build the gate executables (first MSVC compile of the test tree)	2026-09-07T18:34:53.6223998Z   Building Custom Rule D:/a/pom68k/pom68k/CMakeLists.txt
windows	Build the gate executables (first MSVC compile of the test tree)	2026-09-07T18:34:53.7245861Z   Building Custom Rule D:/a/pom68k/pom68k/CMakeLists.txt
windows	Build the gate executables (first MSVC compile of the test tree)	2026-09-07T18:34:53.7247278Z   Building Custom Rule D:/a/pom68k/pom68k/CMakeLists.txt
windows	Build the gate executables (first MSVC compile of the test tree)	2026-09-07T18:34:53.7273480Z   Building Custom Rule D:/a/pom68k/pom68k/CMakeLists.txt
windows	Build the gate executables (first MSVC compile of the test tree)	2026-09-07T18:34:53.8505305Z   Building Custom Rule D:/a/pom68k/pom68k/CMakeLists.txt
windows	Build the gate executables (first MSVC compile of the test tree)	2026-09-07T18:34:53.8507084Z   Building Custom Rule D:/a/pom68k/pom68k/CMakeLists.txt
windows	Build the gate executables (first MSVC compile of the test tree)	2026-09-07T18:34:53.8691541Z   fpu_sanity.cpp
windows	Build the gate executables (first MSVC compile of the test tree)	2026-09-07T18:34:56.0904413Z   callm_rtm_test.cpp
windows	Build the gate executables (first MSVC compile of the test tree)	2026-09-07T18:34:56.0909667Z   fpu040_test.cpp
windows	Build the gate executables (first MSVC compile of the test tree)	2026-09-07T18:34:56.0929252Z   sst68000.cpp
windows	Build the gate executables (first MSVC compile of the test tree)	2026-09-07T18:34:56.1778432Z   sst68040.cpp
windows	Build the gate executables (first MSVC compile of the test tree)	2026-09-07T18:34:59.6316063Z   callm_rtm_test.vcxproj -> D:\a\pom68k\pom68k\build-tests\Release\callm_rtm_test.exe
windows	Build the gate executables (first MSVC compile of the test tree)	2026-09-07T18:35:03.0873625Z   JitEngine.cpp
windows	Build the gate executables (first MSVC compile of the test tree)	2026-09-07T18:35:03.1539362Z   sst68030.cpp
windows	Build the gate executables (first MSVC compile of the test tree)	2026-09-07T18:35:03.3886518Z   cache040_test.cpp
windows	Build the gate executables (first MSVC compile of the test tree)	2026-09-07T18:35:03.9116736Z   sst68000.vcxproj -> D:\a\pom68k\pom68k\build-tests\Release\sst68000.exe
windows	Build the gate executables (first MSVC compile of the test tree)	2026-09-07T18:35:03.9753065Z   JitEngineCensus.cpp
windows	Build the gate executables (first MSVC compile of the test tree)	2026-09-07T18:35:04.2669034Z   sst68030.vcxproj -> D:\a\pom68k\pom68k\build-tests\Release\sst68030.exe
windows	Build the gate executables (first MSVC compile of the test tree)	2026-09-07T18:35:04.3577829Z   fpu_sanity.vcxproj -> D:\a\pom68k\pom68k\build-tests\Release\fpu_sanity.exe
windows	Build the gate executables (first MSVC compile of the test tree)	2026-09-07T18:35:04.6789209Z   sst68040.vcxproj -> D:\a\pom68k\pom68k\build-tests\Release\sst68040.exe
windows	Build the gate executables (first MSVC compile of the test tree)	2026-09-07T18:35:05.2036755Z   fpu040_test.vcxproj -> D:\a\pom68k\pom68k\build-tests\Release\fpu040_test.exe
windows	Build the gate executables (first MSVC compile of the test tree)	2026-09-07T18:35:05.3475155Z   cache040_test.vcxproj -> D:\a\pom68k\pom68k\build-tests\Release\cache040_test.exe
windows	Build the gate executables (first MSVC compile of the test tree)	2026-09-07T18:35:05.4836786Z   Building Custom Rule D:/a/pom68k/pom68k/CMakeLists.txt
windows	Build the gate executables (first MSVC compile of the test tree)	2026-09-07T18:35:05.5821171Z   berr030_test.cpp
windows	Build the gate executables (first MSVC compile of the test tree)	2026-09-07T18:35:05.8321049Z   JitBlockCache.cpp
windows	Build the gate executables (first MSVC compile of the test tree)	2026-09-07T18:35:07.3422976Z   berr030_test.vcxproj -> D:\a\pom68k\pom68k\build-tests\Release\berr030_test.exe
windows	Build the gate executables (first MSVC compile of the test tree)	2026-09-07T18:35:07.5167882Z   JitShiftVersions.cpp
windows	Build the gate executables (first MSVC compile of the test tree)	2026-09-07T18:35:09.0222024Z   JitBackend.cpp
windows	Build the gate executables (first MSVC compile of the test tree)	2026-09-07T18:35:10.1620574Z   JitCodeBuffer.cpp
windows	Build the gate executables (first MSVC compile of the test tree)	2026-09-07T18:35:10.3964870Z   JitRuntime.cpp
windows	Build the gate executables (first MSVC compile of the test tree)	2026-09-07T18:35:11.1169378Z   JitBackendThreaded.cpp
windows	Build the gate executables (first MSVC compile of the test tree)	2026-09-07T18:35:11.9530340Z   SaveState.cpp
windows	Build the gate executables (first MSVC compile of the test tree)	2026-09-07T18:35:12.5184663Z   SaveStateMachines.cpp
windows	Build the gate executables (first MSVC compile of the test tree)	2026-09-07T18:35:14.9338472Z   Cpu68k.cpp
windows	Build the gate executables (first MSVC compile of the test tree)	2026-09-07T18:35:16.8234968Z   MacMemory.cpp
windows	Build the gate executables (first MSVC compile of the test tree)	2026-09-07T18:35:18.7509775Z   Via6522.cpp
windows	Build the gate executables (first MSVC compile of the test tree)	2026-09-07T18:35:19.4349834Z   Rtc.cpp
windows	Build the gate executables (first MSVC compile of the test tree)	2026-09-07T18:35:20.2351916Z   Iwm.cpp
windows	Build the gate executables (first MSVC compile of the test tree)	2026-09-07T18:35:20.8078678Z   SonyDrive.cpp
windows	Build the gate executables (first MSVC compile of the test tree)	2026-09-07T18:35:22.1169690Z   Scc8530.cpp
windows	Build the gate executables (first MSVC compile of the test tree)	2026-09-07T18:35:22.8850705Z   M68hc05.cpp
windows	Build the gate executables (first MSVC compile of the test tree)	2026-09-07T18:35:23.6798200Z   R65c02.cpp
windows	Build the gate executables (first MSVC compile of the test tree)	2026-09-07T18:35:24.5334387Z   ApplePic.cpp
windows	Build the gate executables (first MSVC compile of the test tree)	2026-09-07T18:35:25.3291351Z   Generating Code...
windows	Build the gate executables (first MSVC compile of the test tree)	2026-09-07T18:35:33.4656319Z   Compiling...
windows	Build the gate executables (first MSVC compile of the test tree)	2026-09-07T18:35:33.4656696Z   IIfxMemory.cpp
windows	Build the gate executables (first MSVC compile of the test tree)	2026-09-07T18:35:35.5552251Z   IIfxCpu.cpp
windows	Build the gate executables (first MSVC compile of the test tree)	2026-09-07T18:35:37.5251932Z   CudaLle.cpp
windows	Build the gate executables (first MSVC compile of the test tree)	2026-09-07T18:35:38.8043987Z   LtoUdp.cpp
windows	Build the gate executables (first MSVC compile of the test tree)	2026-09-07T18:35:39.2687459Z   AtalkStack.cpp
windows	Build the gate executables (first MSVC compile of the test tree)	2026-09-07T18:35:40.4905187Z   AfpServer.cpp
windows	Build the gate executables (first MSVC compile of the test tree)	2026-09-07T18:35:42.9534920Z   PapServer.cpp
windows	Build the gate executables (first MSVC compile of the test tree)	2026-09-07T18:35:45.1893219Z   MacIpGateway.cpp
windows	Build the gate executables (first MSVC compile of the test tree)	2026-09-07T18:35:46.2613112Z   MacInput.cpp
windows	Build the gate executables (first MSVC compile of the test tree)	2026-09-07T18:35:46.7591441Z   ScsiDisk.cpp
windows	Build the gate executables (first MSVC compile of the test tree)	2026-09-07T18:35:48.9317741Z   DaynaPort.cpp
windows	Build the gate executables (first MSVC compile of the test tree)	2026-09-07T18:35:49.5911178Z   EtherLink.cpp
windows	Build the gate executables (first MSVC compile of the test tree)	2026-09-07T18:35:50.5660187Z   Ncr5380.cpp
windows	Build the gate executables (first MSVC compile of the test tree)	2026-09-07T18:35:51.6653888Z   Ncr53c96.cpp
windows	Build the gate executables (first MSVC compile of the test tree)	2026-09-07T18:35:52.8825728Z   PseudoVia.cpp
windows	Build the gate executables (first MSVC compile of the test tree)	2026-09-07T18:35:53.5430975Z   V8Memory.cpp
windows	Build the gate executables (first MSVC compile of the test tree)	2026-09-07T18:35:56.5990307Z   Cpu030.cpp
windows	Build the gate executables (first MSVC compile of the test tree)	2026-09-07T18:35:58.5486913Z   Egret.cpp
windows	Build the gate executables (first MSVC compile of the test tree)	2026-09-07T18:35:59.6063357Z   AdbBus.cpp
windows	Build the gate executables (first MSVC compile of the test tree)	2026-09-07T18:36:00.2965815Z   Asc.cpp
windows	Build the gate executables (first MSVC compile of the test tree)	2026-09-07T18:36:00.8825268Z   Generating Code...
windows	Build the gate executables (first MSVC compile of the test tree)	2026-09-07T18:36:10.5171737Z   Compiling...
windows	Build the gate executables (first MSVC compile of the test tree)	2026-09-07T18:36:10.5172246Z   Swim1.cpp
windows	Build the gate executables (first MSVC compile of the test tree)	2026-09-07T18:36:11.3172367Z   Swim2.cpp
windows	Build the gate executables (first MSVC compile of the test tree)	2026-09-07T18:36:12.0191859Z   SonoraMemory.cpp
windows	Build the gate executables (first MSVC compile of the test tree)	2026-09-07T18:36:14.9596309Z   SonoraCpu.cpp
windows	Build the gate executables (first MSVC compile of the test tree)	2026-09-07T18:36:16.8755244Z   VaspMemory.cpp
windows	Build the gate executables (first MSVC compile of the test tree)	2026-09-07T18:36:19.8046951Z   VaspCpu.cpp
windows	Build the gate executables (first MSVC compile of the test tree)	2026-09-07T18:36:21.7529094Z   MscMemory.cpp
windows	Build the gate executables (first MSVC compile of the test tree)	2026-09-07T18:36:23.7964893Z   MscCpu.cpp
windows	Build the gate executables (first MSVC compile of the test tree)	2026-09-07T18:36:25.7456108Z   M68hc05Pge.cpp
windows	Build the gate executables (first MSVC compile of the test tree)	2026-09-07T18:36:26.8694228Z   PgePmu.cpp
windows	Build the gate executables (first MSVC compile of the test tree)	2026-09-07T18:36:28.2364384Z   RbvMemory.cpp
windows	Build the gate executables (first MSVC compile of the test tree)	2026-09-07T18:36:31.2389277Z   RbvCpu.cpp
windows	Build the gate executables (first MSVC compile of the test tree)	2026-09-07T18:36:33.1786679Z   CentrisMemory.cpp
windows	Build the gate executables (first MSVC compile of the test tree)	2026-09-07T18:36:35.1425963Z   CentrisCpu.cpp
windows	Build the gate executables (first MSVC compile of the test tree)	2026-09-07T18:36:37.0525500Z   Q630Memory.cpp
windows	Build the gate executables (first MSVC compile of the test tree)	2026-09-07T18:36:40.0010337Z   Q630Cpu.cpp
windows	Build the gate executables (first MSVC compile of the test tree)	2026-09-07T18:36:41.9121272Z   Valkyrie.cpp
windows	Build the gate executables (first MSVC compile of the test tree)	2026-09-07T18:36:42.4816336Z   Q700Memory.cpp
windows	Build the gate executables (first MSVC compile of the test tree)	2026-09-07T18:36:45.5184855Z   Q700Cpu.cpp
windows	Build the gate executables (first MSVC compile of the test tree)	2026-09-07T18:36:47.4776423Z   Q605Memory.cpp
windows	Build the gate executables (first MSVC compile of the test tree)	2026-09-07T18:36:50.4679747Z   Generating Code...
windows	Build the gate executables (first MSVC compile of the test tree)	2026-09-07T18:36:59.6186336Z   Compiling...
windows	Build the gate executables (first MSVC compile of the test tree)	2026-09-07T18:36:59.6186830Z   Dafb.cpp
windows	Build the gate executables (first MSVC compile of the test tree)	2026-09-07T18:37:00.0866622Z   Cpu040.cpp
windows	Build the gate executables (first MSVC compile of the test tree)	2026-09-07T18:37:02.0180727Z   DeclRom.cpp
windows	Build the gate executables (first MSVC compile of the test tree)	2026-09-07T18:37:02.9585713Z   NuBus.cpp
windows	Build the gate executables (first MSVC compile of the test tree)	2026-09-07T18:37:03.5082337Z   TobyVideo.cpp
windows	Build the gate executables (first MSVC compile of the test tree)	2026-09-07T18:37:04.1906580Z   MacIIMemory.cpp
windows	Build the gate executables (first MSVC compile of the test tree)	2026-09-07T18:37:06.1875530Z   Cpu020.cpp
windows	Build the gate executables (first MSVC compile of the test tree)	2026-09-07T18:37:08.1157622Z   AdbVia.cpp
windows	Build the gate executables (first MSVC compile of the test tree)	2026-09-07T18:37:10.2930524Z   Pic1654s.cpp
windows	Build the gate executables (first MSVC compile of the test tree)	2026-09-07T18:37:10.7738441Z   AdbLine.cpp
windows	Build the gate executables (first MSVC compile of the test tree)	2026-09-07T18:37:11.4574878Z   Generating Code...
windows	Build the gate executables (first MSVC compile of the test tree)	2026-09-07T18:37:14.1763841Z   pom68k_core.vcxproj -> D:\a\pom68k\pom68k\build-tests\Release\pom68k_core.lib
windows	Build the gate executables (first MSVC compile of the test tree)	2026-09-07T18:37:14.5017112Z   Building Custom Rule D:/a/pom68k/pom68k/CMakeLists.txt
windows	Build the gate executables (first MSVC compile of the test tree)	2026-09-07T18:37:14.5026020Z   Building Custom Rule D:/a/pom68k/pom68k/CMakeLists.txt
windows	Build the gate executables (first MSVC compile of the test tree)	2026-09-07T18:37:14.5132305Z   Building Custom Rule D:/a/pom68k/pom68k/CMakeLists.txt
windows	Build the gate executables (first MSVC compile of the test tree)	2026-09-07T18:37:14.5926892Z   Building Custom Rule D:/a/pom68k/pom68k/CMakeLists.txt
windows	Build the gate executables (first MSVC compile of the test tree)	2026-09-07T18:37:14.6154191Z   Building Custom Rule D:/a/pom68k/pom68k/CMakeLists.txt
windows	Build the gate executables (first MSVC compile of the test tree)	2026-09-07T18:37:14.6170841Z   Building Custom Rule D:/a/pom68k/pom68k/CMakeLists.txt
windows	Build the gate executables (first MSVC compile of the test tree)	2026-09-07T18:37:14.6205756Z   Building Custom Rule D:/a/pom68k/pom68k/CMakeLists.txt
windows	Build the gate executables (first MSVC compile of the test tree)	2026-09-07T18:37:14.7104708Z   Building Custom Rule D:/a/pom68k/pom68k/CMakeLists.txt
windows	Build the gate executables (first MSVC compile of the test tree)	2026-09-07T18:37:14.7106235Z   Building Custom Rule D:/a/pom68k/pom68k/CMakeLists.txt
windows	Build the gate executables (first MSVC compile of the test tree)	2026-09-07T18:37:14.7312405Z   Building Custom Rule D:/a/pom68k/pom68k/CMakeLists.txt
windows	Build the gate executables (first MSVC compile of the test tree)	2026-09-07T18:37:14.8096319Z   Building Custom Rule D:/a/pom68k/pom68k/CMakeLists.txt
windows	Build the gate executables (first MSVC compile of the test tree)	2026-09-07T18:37:14.8106705Z   Building Custom Rule D:/a/pom68k/pom68k/CMakeLists.txt
windows	Build the gate executables (first MSVC compile of the test tree)	2026-09-07T18:37:14.8473224Z   Building Custom Rule D:/a/pom68k/pom68k/CMakeLists.txt
windows	Build the gate executables (first MSVC compile of the test tree)	2026-09-07T18:37:14.9184395Z   Building Custom Rule D:/a/pom68k/pom68k/CMakeLists.txt
windows	Build the gate executables (first MSVC compile of the test tree)	2026-09-07T18:37:14.9185962Z   Building Custom Rule D:/a/pom68k/pom68k/CMakeLists.txt
windows	Build the gate executables (first MSVC compile of the test tree)	2026-09-07T18:37:14.9448906Z   Building Custom Rule D:/a/pom68k/pom68k/CMakeLists.txt
windows	Build the gate executables (first MSVC compile of the test tree)	2026-09-07T18:37:15.0232187Z   Building Custom Rule D:/a/pom68k/pom68k/CMakeLists.txt
windows	Build the gate executables (first MSVC compile of the test tree)	2026-09-07T18:37:15.0233727Z   Building Custom Rule D:/a/pom68k/pom68k/CMakeLists.txt
windows	Build the gate executables (first MSVC compile of the test tree)	2026-09-07T18:37:15.0594796Z   Building Custom Rule D:/a/pom68k/pom68k/CMakeLists.txt
windows	Build the gate executables (first MSVC compile of the test tree)	2026-09-07T18:37:15.1199416Z   Building Custom Rule D:/a/pom68k/pom68k/CMakeLists.txt
windows	Build the gate executables (first MSVC compile of the test tree)	2026-09-07T18:37:15.1200626Z   Building Custom Rule D:/a/pom68k/pom68k/CMakeLists.txt
windows	Build the gate executables (first MSVC compile of the test tree)	2026-09-07T18:37:15.1667225Z   Building Custom Rule D:/a/pom68k/pom68k/CMakeLists.txt
windows	Build the gate executables (first MSVC compile of the test tree)	2026-09-07T18:37:15.2148227Z   Building Custom Rule D:/a/pom68k/pom68k/CMakeLists.txt
windows	Build the gate executables (first MSVC compile of the test tree)	2026-09-07T18:37:15.2149417Z   Building Custom Rule D:/a/pom68k/pom68k/CMakeLists.txt
windows	Build the gate executables (first MSVC compile of the test tree)	2026-09-07T18:37:15.2936902Z   Building Custom Rule D:/a/pom68k/pom68k/CMakeLists.txt
windows	Build the gate executables (first MSVC compile of the test tree)	2026-09-07T18:37:15.3087497Z   Building Custom Rule D:/a/pom68k/pom68k/CMakeLists.txt
windows	Build the gate executables (first MSVC compile of the test tree)	2026-09-07T18:37:15.3182654Z   Building Custom Rule D:/a/pom68k/pom68k/CMakeLists.txt
windows	Build the gate executables (first MSVC compile of the test tree)	2026-09-07T18:37:15.4568348Z   Building Custom Rule D:/a/pom68k/pom68k/CMakeLists.txt
windows	Build the gate executables (first MSVC compile of the test tree)	2026-09-07T18:37:15.4583945Z   Building Custom Rule D:/a/pom68k/pom68k/CMakeLists.txt
windows	Build the gate executables (first MSVC compile of the test tree)	2026-09-07T18:37:15.4642057Z   Building Custom Rule D:/a/pom68k/pom68k/CMakeLists.txt
windows	Build the gate executables (first MSVC compile of the test tree)	2026-09-07T18:37:15.5051888Z   Building Custom Rule D:/a/pom68k/pom68k/CMakeLists.txt
windows	Build the gate executables (first MSVC compile of the test tree)	2026-09-07T18:37:15.5198634Z   Building Custom Rule D:/a/pom68k/pom68k/CMakeLists.txt
windows	Build the gate executables (first MSVC compile of the test tree)	2026-09-07T18:37:15.5302311Z   Building Custom Rule D:/a/pom68k/pom68k/CMakeLists.txt
windows	Build the gate executables (first MSVC compile of the test tree)	2026-09-07T18:37:15.6164486Z   Building Custom Rule D:/a/pom68k/pom68k/CMakeLists.txt
windows	Build the gate executables (first MSVC compile of the test tree)	2026-09-07T18:37:15.6292958Z   Building Custom Rule D:/a/pom68k/pom68k/CMakeLists.txt
windows	Build the gate executables (first MSVC compile of the test tree)	2026-09-07T18:37:15.6393858Z   Building Custom Rule D:/a/pom68k/pom68k/CMakeLists.txt
windows	Build the gate executables (first MSVC compile of the test tree)	2026-09-07T18:37:15.7207570Z   Building Custom Rule D:/a/pom68k/pom68k/CMakeLists.txt
windows	Build the gate executables (first MSVC compile of the test tree)	2026-09-07T18:37:15.7349996Z   Building Custom Rule D:/a/pom68k/pom68k/CMakeLists.txt
windows	Build the gate executables (first MSVC compile of the test tree)	2026-09-07T18:37:15.7407703Z   Building Custom Rule D:/a/pom68k/pom68k/CMakeLists.txt
windows	Build the gate executables (first MSVC compile of the test tree)	2026-09-07T18:37:15.8245414Z   Building Custom Rule D:/a/pom68k/pom68k/CMakeLists.txt
windows	Build the gate executables (first MSVC compile of the test tree)	2026-09-07T18:37:15.8347291Z   Building Custom Rule D:/a/pom68k/pom68k/CMakeLists.txt
windows	Build the gate executables (first MSVC compile of the test tree)	2026-09-07T18:37:15.8449542Z   Building Custom Rule D:/a/pom68k/pom68k/CMakeLists.txt
windows	Build the gate executables (first MSVC compile of the test tree)	2026-09-07T18:37:15.9719581Z   Building Custom Rule D:/a/pom68k/pom68k/CMakeLists.txt
windows	Build the gate executables (first MSVC compile of the test tree)	2026-09-07T18:37:15.9721201Z   Building Custom Rule D:/a/pom68k/pom68k/CMakeLists.txt
windows	Build the gate executables (first MSVC compile of the test tree)	2026-09-07T18:37:15.9722091Z   Building Custom Rule D:/a/pom68k/pom68k/CMakeLists.txt
windows	Build the gate executables (first MSVC compile of the test tree)	2026-09-07T18:37:16.0362727Z   Building Custom Rule D:/a/pom68k/pom68k/CMakeLists.txt
windows	Build the gate executables (first MSVC compile of the test tree)	2026-09-07T18:37:16.0389561Z   Building Custom Rule D:/a/pom68k/pom68k/CMakeLists.txt
windows	Build the gate executables (first MSVC compile of the test tree)	2026-09-07T18:37:16.0683149Z   Building Custom Rule D:/a/pom68k/pom68k/CMakeLists.txt
windows	Build the gate executables (first MSVC compile of the test tree)	2026-09-07T18:37:16.1391628Z   Building Custom Rule D:/a/pom68k/pom68k/CMakeLists.txt
windows	Build the gate executables (first MSVC compile of the test tree)	2026-09-07T18:37:16.1417015Z   Building Custom Rule D:/a/pom68k/pom68k/CMakeLists.txt
windows	Build the gate executables (first MSVC compile of the test tree)	2026-09-07T18:37:16.1684569Z   Building Custom Rule D:/a/pom68k/pom68k/CMakeLists.txt
windows	Build the gate executables (first MSVC compile of the test tree)	2026-09-07T18:37:16.2440178Z   Building Custom Rule D:/a/pom68k/pom68k/CMakeLists.txt
windows	Build the gate executables (first MSVC compile of the test tree)	2026-09-07T18:37:16.2479267Z   Building Custom Rule D:/a/pom68k/pom68k/CMakeLists.txt
windows	Build the gate executables (first MSVC compile of the test tree)	2026-09-07T18:37:16.2732238Z   Building Custom Rule D:/a/pom68k/pom68k/CMakeLists.txt
windows	Build the gate executables (first MSVC compile of the test tree)	2026-09-07T18:37:16.3549891Z   Building Custom Rule D:/a/pom68k/pom68k/CMakeLists.txt
windows	Build the gate executables (first MSVC compile of the test tree)	2026-09-07T18:37:16.3551804Z   Building Custom Rule D:/a/pom68k/pom68k/CMakeLists.txt
windows	Build the gate executables (first MSVC compile of the test tree)	2026-09-07T18:37:16.3762318Z   Building Custom Rule D:/a/pom68k/pom68k/CMakeLists.txt
windows	Build the gate executables (first MSVC compile of the test tree)	2026-09-07T18:37:16.4410093Z   Building Custom Rule D:/a/pom68k/pom68k/CMakeLists.txt
windows	Build the gate executables (first MSVC compile of the test tree)	2026-09-07T18:37:16.4411152Z   Building Custom Rule D:/a/pom68k/pom68k/CMakeLists.txt
windows	Build the gate executables (first MSVC compile of the test tree)	2026-09-07T18:37:16.5400213Z   Building Custom Rule D:/a/pom68k/pom68k/CMakeLists.txt
windows	Build the gate executables (first MSVC compile of the test tree)	2026-09-07T18:37:16.5612432Z   Building Custom Rule D:/a/pom68k/pom68k/CMakeLists.txt
windows	Build the gate executables (first MSVC compile of the test tree)	2026-09-07T18:37:16.5613613Z   Building Custom Rule D:/a/pom68k/pom68k/CMakeLists.txt
windows	Build the gate executables (first MSVC compile of the test tree)	2026-09-07T18:37:16.5853378Z   Building Custom Rule D:/a/pom68k/pom68k/CMakeLists.txt
windows	Build the gate executables (first MSVC compile of the test tree)	2026-09-07T18:37:16.6609982Z   Building Custom Rule D:/a/pom68k/pom68k/CMakeLists.txt
windows	Build the gate executables (first MSVC compile of the test tree)	2026-09-07T18:37:16.6610927Z   Building Custom Rule D:/a/pom68k/pom68k/CMakeLists.txt
windows	Build the gate executables (first MSVC compile of the test tree)	2026-09-07T18:37:16.6858191Z   Building Custom Rule D:/a/pom68k/pom68k/CMakeLists.txt
windows	Build the gate executables (first MSVC compile of the test tree)	2026-09-07T18:37:16.7487135Z   Building Custom Rule D:/a/pom68k/pom68k/CMakeLists.txt
windows	Build the gate executables (first MSVC compile of the test tree)	2026-09-07T18:37:16.7660376Z   Building Custom Rule D:/a/pom68k/pom68k/CMakeLists.txt
windows	Build the gate executables (first MSVC compile of the test tree)	2026-09-07T18:37:16.7940544Z   Building Custom Rule D:/a/pom68k/pom68k/CMakeLists.txt
windows	Build the gate executables (first MSVC compile of the test tree)	2026-09-07T18:37:16.8505485Z   Building Custom Rule D:/a/pom68k/pom68k/CMakeLists.txt
windows	Build the gate executables (first MSVC compile of the test tree)	2026-09-07T18:37:16.9754001Z   Building Custom Rule D:/a/pom68k/pom68k/CMakeLists.txt
windows	Build the gate executables (first MSVC compile of the test tree)	2026-09-07T18:37:16.9756608Z   Building Custom Rule D:/a/pom68k/pom68k/CMakeLists.txt
windows	Build the gate executables (first MSVC compile of the test tree)	2026-09-07T18:37:16.9760330Z   Building Custom Rule D:/a/pom68k/pom68k/CMakeLists.txt
windows	Build the gate executables (first MSVC compile of the test tree)	2026-09-07T18:37:16.9763131Z   Building Custom Rule D:/a/pom68k/pom68k/CMakeLists.txt
windows	Build the gate executables (first MSVC compile of the test tree)	2026-09-07T18:37:17.0739057Z   Building Custom Rule D:/a/pom68k/pom68k/CMakeLists.txt
windows	Build the gate executables (first MSVC compile of the test tree)	2026-09-07T18:37:17.0928827Z   Building Custom Rule D:/a/pom68k/pom68k/CMakeLists.txt
windows	Build the gate executables (first MSVC compile of the test tree)	2026-09-07T18:37:17.1302590Z   Building Custom Rule D:/a/pom68k/pom68k/CMakeLists.txt
windows	Build the gate executables (first MSVC compile of the test tree)	2026-09-07T18:37:17.1585598Z   Building Custom Rule D:/a/pom68k/pom68k/CMakeLists.txt
windows	Build the gate executables (first MSVC compile of the test tree)	2026-09-07T18:37:17.2288651Z   Building Custom Rule D:/a/pom68k/pom68k/CMakeLists.txt
windows	Build the gate executables (first MSVC compile of the test tree)	2026-09-07T18:37:17.2552806Z   Building Custom Rule D:/a/pom68k/pom68k/CMakeLists.txt
windows	Build the gate executables (first MSVC compile of the test tree)	2026-09-07T18:37:17.3313945Z   Building Custom Rule D:/a/pom68k/pom68k/CMakeLists.txt
windows	Build the gate executables (first MSVC compile of the test tree)	2026-09-07T18:37:17.3511282Z   Building Custom Rule D:/a/pom68k/pom68k/CMakeLists.txt
windows	Build the gate executables (first MSVC compile of the test tree)	2026-09-07T18:37:17.4295425Z   Building Custom Rule D:/a/pom68k/pom68k/CMakeLists.txt
windows	Build the gate executables (first MSVC compile of the test tree)	2026-09-07T18:37:17.4427382Z   Building Custom Rule D:/a/pom68k/pom68k/CMakeLists.txt
windows	Build the gate executables (first MSVC compile of the test tree)	2026-09-07T18:37:18.0053270Z   Building Custom Rule D:/a/pom68k/pom68k/CMakeLists.txt
windows	Build the gate executables (first MSVC compile of the test tree)	2026-09-07T18:37:18.1582826Z   Building Custom Rule D:/a/pom68k/pom68k/CMakeLists.txt
windows	Build the gate executables (first MSVC compile of the test tree)	2026-09-07T18:37:18.2772506Z   Building Custom Rule D:/a/pom68k/pom68k/CMakeLists.txt
windows	Build the gate executables (first MSVC compile of the test tree)	2026-09-07T18:37:18.3279395Z   Building Custom Rule D:/a/pom68k/pom68k/CMakeLists.txt
windows	Build the gate executables (first MSVC compile of the test tree)	2026-09-07T18:37:18.3284768Z   Building Custom Rule D:/a/pom68k/pom68k/CMakeLists.txt
windows	Build the gate executables (first MSVC compile of the test tree)	2026-09-07T18:37:18.4781220Z   Building Custom Rule D:/a/pom68k/pom68k/CMakeLists.txt
windows	Build the gate executables (first MSVC compile of the test tree)	2026-09-07T18:37:18.8461658Z   Building Custom Rule D:/a/pom68k/pom68k/CMakeLists.txt
windows	Build the gate executables (first MSVC compile of the test tree)	2026-09-07T18:37:18.8766818Z   Building Custom Rule D:/a/pom68k/pom68k/CMakeLists.txt
windows	Build the gate executables (first MSVC compile of the test tree)	2026-09-07T18:37:19.0491070Z   Building Custom Rule D:/a/pom68k/pom68k/CMakeLists.txt
windows	Build the gate executables (first MSVC compile of the test tree)	2026-09-07T18:37:19.1122071Z   Building Custom Rule D:/a/pom68k/pom68k/CMakeLists.txt
windows	Build the gate executables (first MSVC compile of the test tree)	2026-09-07T18:37:19.1880182Z   Building Custom Rule D:/a/pom68k/pom68k/CMakeLists.txt
windows	Build the gate executables (first MSVC compile of the test tree)	2026-09-07T18:37:19.1883877Z   Building Custom Rule D:/a/pom68k/pom68k/CMakeLists.txt
windows	Build the gate executables (first MSVC compile of the test tree)	2026-09-07T18:37:19.1885298Z   Building Custom Rule D:/a/pom68k/pom68k/CMakeLists.txt
windows	Build the gate executables (first MSVC compile of the test tree)	2026-09-07T18:37:19.1887254Z   Building Custom Rule D:/a/pom68k/pom68k/CMakeLists.txt
windows	Build the gate executables (first MSVC compile of the test tree)	2026-09-07T18:37:19.1888312Z   Building Custom Rule D:/a/pom68k/pom68k/CMakeLists.txt
windows	Build the gate executables (first MSVC compile of the test tree)	2026-09-07T18:37:19.1889296Z   Building Custom Rule D:/a/pom68k/pom68k/CMakeLists.txt
windows	Build the gate executables (first MSVC compile of the test tree)	2026-09-07T18:37:19.1892404Z   Building Custom Rule D:/a/pom68k/pom68k/CMakeLists.txt
windows	Build the gate executables (first MSVC compile of the test tree)	2026-09-07T18:37:19.1893615Z   Building Custom Rule D:/a/pom68k/pom68k/CMakeLists.txt
windows	Build the gate executables (first MSVC compile of the test tree)	2026-09-07T18:37:19.1894976Z   Building Custom Rule D:/a/pom68k/pom68k/CMakeLists.txt
windows	Build the gate executables (first MSVC compile of the test tree)	2026-09-07T18:37:19.1895961Z   Building Custom Rule D:/a/pom68k/pom68k/CMakeLists.txt
windows	Build the gate executables (first MSVC compile of the test tree)	2026-09-07T18:37:19.1896938Z   Building Custom Rule D:/a/pom68k/pom68k/CMakeLists.txt
windows	Build the gate executables (first MSVC compile of the test tree)	2026-09-07T18:37:19.1897884Z   Building Custom Rule D:/a/pom68k/pom68k/CMakeLists.txt
windows	Build the gate executables (first MSVC compile of the test tree)	2026-09-07T18:37:19.1899142Z   Building Custom Rule D:/a/pom68k/pom68k/CMakeLists.txt
windows	Build the gate executables (first MSVC compile of the test tree)	2026-09-07T18:37:19.1900200Z   Building Custom Rule D:/a/pom68k/pom68k/CMakeLists.txt
windows	Build the gate executables (first MSVC compile of the test tree)	2026-09-07T18:37:19.1901869Z   Building Custom Rule D:/a/pom68k/pom68k/CMakeLists.txt
windows	Build the gate executables (first MSVC compile of the test tree)	2026-09-07T18:37:19.1903287Z   Building Custom Rule D:/a/pom68k/pom68k/CMakeLists.txt
windows	Build the gate executables (first MSVC compile of the test tree)	2026-09-07T18:37:19.1905311Z   Building Custom Rule D:/a/pom68k/pom68k/CMakeLists.txt
windows	Build the gate executables (first MSVC compile of the test tree)	2026-09-07T18:37:19.2033721Z   Building Custom Rule D:/a/pom68k/pom68k/CMakeLists.txt
windows	Build the gate executables (first MSVC compile of the test tree)	2026-09-07T18:37:19.2097378Z   Building Custom Rule D:/a/pom68k/pom68k/CMakeLists.txt
windows	Build the gate executables (first MSVC compile of the test tree)	2026-09-07T18:37:19.2279274Z   Building Custom Rule D:/a/pom68k/pom68k/CMakeLists.txt
windows	Build the gate executables (first MSVC compile of the test tree)	2026-09-07T18:37:19.2662718Z   Building Custom Rule D:/a/pom68k/pom68k/CMakeLists.txt
windows	Build the gate executables (first MSVC compile of the test tree)	2026-09-07T18:37:19.2663834Z   Building Custom Rule D:/a/pom68k/pom68k/CMakeLists.txt
windows	Build the gate executables (first MSVC compile of the test tree)	2026-09-07T18:37:19.2665039Z   Building Custom Rule D:/a/pom68k/pom68k/CMakeLists.txt
windows	Build the gate executables (first MSVC compile of the test tree)	2026-09-07T18:37:19.2665882Z   Building Custom Rule D:/a/pom68k/pom68k/CMakeLists.txt
windows	Build the gate executables (first MSVC compile of the test tree)	2026-09-07T18:37:19.2666725Z   Building Custom Rule D:/a/pom68k/pom68k/CMakeLists.txt
windows	Build the gate executables (first MSVC compile of the test tree)	2026-09-07T18:37:19.2670219Z   Building Custom Rule D:/a/pom68k/pom68k/CMakeLists.txt
windows	Build the gate executables (first MSVC compile of the test tree)	2026-09-07T18:37:19.2671125Z   Building Custom Rule D:/a/pom68k/pom68k/CMakeLists.txt
windows	Build the gate executables (first MSVC compile of the test tree)	2026-09-07T18:37:19.2672028Z   Building Custom Rule D:/a/pom68k/pom68k/CMakeLists.txt
windows	Build the gate executables (first MSVC compile of the test tree)	2026-09-07T18:37:19.2672871Z   Building Custom Rule D:/a/pom68k/pom68k/CMakeLists.txt
windows	Build the gate executables (first MSVC compile of the test tree)	2026-09-07T18:37:19.2673731Z   Building Custom Rule D:/a/pom68k/pom68k/CMakeLists.txt
windows	Build the gate executables (first MSVC compile of the test tree)	2026-09-07T18:37:19.2674720Z   Building Custom Rule D:/a/pom68k/pom68k/CMakeLists.txt
windows	Build the gate executables (first MSVC compile of the test tree)	2026-09-07T18:37:19.2678532Z   Building Custom Rule D:/a/pom68k/pom68k/CMakeLists.txt
windows	Build the gate executables (first MSVC compile of the test tree)	2026-09-07T18:37:19.2679948Z   Building Custom Rule D:/a/pom68k/pom68k/CMakeLists.txt
windows	Build the gate executables (first MSVC compile of the test tree)	2026-09-07T18:37:19.2822750Z   Building Custom Rule D:/a/pom68k/pom68k/CMakeLists.txt
windows	Build the gate executables (first MSVC compile of the test tree)	2026-09-07T18:37:19.3045162Z   Building Custom Rule D:/a/pom68k/pom68k/CMakeLists.txt
windows	Build the gate executables (first MSVC compile of the test tree)	2026-09-07T18:37:19.3317998Z   Building Custom Rule D:/a/pom68k/pom68k/CMakeLists.txt
windows	Build the gate executables (first MSVC compile of the test tree)	2026-09-07T18:37:19.3920799Z   Building Custom Rule D:/a/pom68k/pom68k/CMakeLists.txt
windows	Build the gate executables (first MSVC compile of the test tree)	2026-09-07T18:37:19.4157351Z   Building Custom Rule D:/a/pom68k/pom68k/CMakeLists.txt
windows	Build the gate executables (first MSVC compile of the test tree)	2026-09-07T18:37:19.4536417Z   Building Custom Rule D:/a/pom68k/pom68k/CMakeLists.txt
windows	Build the gate executables (first MSVC compile of the test tree)	2026-09-07T18:37:19.5028947Z   Building Custom Rule D:/a/pom68k/pom68k/CMakeLists.txt
windows	Build the gate executables (first MSVC compile of the test tree)	2026-09-07T18:37:19.5258763Z   Building Custom Rule D:/a/pom68k/pom68k/CMakeLists.txt
windows	Build the gate executables (first MSVC compile of the test tree)	2026-09-07T18:37:19.5527924Z   Building Custom Rule D:/a/pom68k/pom68k/CMakeLists.txt
windows	Build the gate executables (first MSVC compile of the test tree)	2026-09-07T18:37:19.6612768Z   Building Custom Rule D:/a/pom68k/pom68k/CMakeLists.txt
windows	Build the gate executables (first MSVC compile of the test tree)	2026-09-07T18:37:19.6619741Z   Building Custom Rule D:/a/pom68k/pom68k/CMakeLists.txt
windows	Build the gate executables (first MSVC compile of the test tree)	2026-09-07T18:37:19.6636371Z   Building Custom Rule D:/a/pom68k/pom68k/CMakeLists.txt
windows	Build the gate executables (first MSVC compile of the test tree)	2026-09-07T18:37:19.7457280Z   Building Custom Rule D:/a/pom68k/pom68k/CMakeLists.txt
windows	Build the gate executables (first MSVC compile of the test tree)	2026-09-07T18:37:19.7458433Z   Building Custom Rule D:/a/pom68k/pom68k/CMakeLists.txt
windows	Build the gate executables (first MSVC compile of the test tree)	2026-09-07T18:37:19.7748733Z   Building Custom Rule D:/a/pom68k/pom68k/CMakeLists.txt
windows	Build the gate executables (first MSVC compile of the test tree)	2026-09-07T18:37:19.8483916Z   Building Custom Rule D:/a/pom68k/pom68k/CMakeLists.txt
windows	Build the gate executables (first MSVC compile of the test tree)	2026-09-07T18:37:19.8730101Z   Building Custom Rule D:/a/pom68k/pom68k/CMakeLists.txt
windows	Build the gate executables (first MSVC compile of the test tree)	2026-09-07T18:37:19.9432509Z   Building Custom Rule D:/a/pom68k/pom68k/CMakeLists.txt
windows	Build the gate executables (first MSVC compile of the test tree)	2026-09-07T18:37:19.9653918Z   Building Custom Rule D:/a/pom68k/pom68k/CMakeLists.txt
windows	Build the gate executables (first MSVC compile of the test tree)	2026-09-07T18:37:21.2403637Z   adbline_test.cpp
windows	Build the gate executables (first MSVC compile of the test tree)	2026-09-07T18:37:21.2496050Z   asc_easc_test.cpp
windows	Build the gate executables (first MSVC compile of the test tree)	2026-09-07T18:37:21.4697890Z   aio_beyond_etalon.cpp
windows	Build the gate executables (first MSVC compile of the test tree)	2026-09-07T18:37:21.4814913Z   via6522_parity_test.cpp
windows	Build the gate executables (first MSVC compile of the test tree)	2026-09-07T18:37:21.4866476Z   applepic_test.cpp
windows	Build the gate executables (first MSVC compile of the test tree)	2026-09-07T18:37:21.5688203Z   main.cpp
windows	Build the gate executables (first MSVC compile of the test tree)	2026-09-07T18:37:21.6564930Z   centris650_boot_etalon.cpp
windows	Build the gate executables (first MSVC compile of the test tree)	2026-09-07T18:37:22.4625110Z   asc_easc_test.vcxproj -> D:\a\pom68k\pom68k\build-tests\Release\asc_easc_test.exe
windows	Build the gate executables (first MSVC compile of the test tree)	2026-09-07T18:37:27.8893327Z   via6522_parity_test.vcxproj -> D:\a\pom68k\pom68k\build-tests\Release\via6522_parity_test.exe
windows	Build the gate executables (first MSVC compile of the test tree)	2026-09-07T18:37:30.7384575Z   sound_test.cpp
windows	Build the gate executables (first MSVC compile of the test tree)	2026-09-07T18:37:30.7760820Z   adbline_test.vcxproj -> D:\a\pom68k\pom68k\build-tests\Release\adbline_test.exe
windows	Build the gate executables (first MSVC compile of the test tree)	2026-09-07T18:37:31.7558641Z   applepic_test.vcxproj -> D:\a\pom68k\pom68k\build-tests\Release\applepic_test.exe
windows	Build the gate executables (first MSVC compile of the test tree)	2026-09-07T18:37:31.8774505Z   asc_test.cpp
windows	Build the gate executables (first MSVC compile of the test tree)	2026-09-07T18:37:35.0644571Z   asc_test.vcxproj -> D:\a\pom68k\pom68k\build-tests\Release\asc_test.exe
windows	Build the gate executables (first MSVC compile of the test tree)	2026-09-07T18:37:35.1143275Z   cclassic_boot_etalon.cpp
windows	Build the gate executables (first MSVC compile of the test tree)	2026-09-07T18:37:35.1560100Z   sonora_beyond_etalon.cpp
windows	Build the gate executables (first MSVC compile of the test tree)	2026-09-07T18:37:35.1992966Z   centris_beyond_etalon.cpp
windows	Build the gate executables (first MSVC compile of the test tree)	2026-09-07T18:37:35.2331533Z   centris650_boot_etalon.vcxproj -> D:\a\pom68k\pom68k\build-tests\Release\centris650_boot_etalon.exe
windows	Build the gate executables (first MSVC compile of the test tree)	2026-09-07T18:37:35.2687058Z   cpu_wrapper_smoke.cpp
windows	Build the gate executables (first MSVC compile of the test tree)	2026-09-07T18:37:35.3113512Z   sound_test.vcxproj -> D:\a\pom68k\pom68k\build-tests\Release\sound_test.exe
windows	Build the gate executables (first MSVC compile of the test tree)	2026-09-07T18:37:40.0441764Z   cclassic_boot_etalon.vcxproj -> D:\a\pom68k\pom68k\build-tests\Release\cclassic_boot_etalon.exe
windows	Build the gate executables (first MSVC compile of the test tree)	2026-09-07T18:37:40.1939376Z   cpu_wrapper_smoke.vcxproj -> D:\a\pom68k\pom68k\build-tests\Release\cpu_wrapper_smoke.exe
windows	Build the gate executables (first MSVC compile of the test tree)	2026-09-07T18:37:40.8038904Z   cuda_restart_test.cpp
windows	Build the gate executables (first MSVC compile of the test tree)	2026-09-07T18:37:41.9119485Z   demo_screenshot.cpp
windows	Build the gate executables (first MSVC compile of the test tree)	2026-09-07T18:37:45.0039667Z   sonora_beyond_etalon.vcxproj -> D:\a\pom68k\pom68k\build-tests\Release\sonora_beyond_etalon.exe
windows	Build the gate executables (first MSVC compile of the test tree)	2026-09-07T18:37:45.2214742Z   centris_beyond_etalon.vcxproj -> D:\a\pom68k\pom68k\build-tests\Release\centris_beyond_etalon.exe
windows	Build the gate executables (first MSVC compile of the test tree)	2026-09-07T18:37:45.3468195Z   aio_beyond_etalon.vcxproj -> D:\a\pom68k\pom68k\build-tests\Release\aio_beyond_etalon.exe
windows	Build the gate executables (first MSVC compile of the test tree)	2026-09-07T18:37:45.3601671Z   compact_boot_etalon.cpp
windows	Build the gate executables (first MSVC compile of the test tree)	2026-09-07T18:37:45.4668906Z   duo_beyond_etalon.cpp
windows	Build the gate executables (first MSVC compile of the test tree)	2026-09-07T18:37:46.4960474Z   cpu_smoke.cpp
windows	Build the gate executables (first MSVC compile of the test tree)	2026-09-07T18:37:50.4670434Z   daynaport_test.cpp
windows	Build the gate executables (first MSVC compile of the test tree)	2026-09-07T18:37:50.8600946Z   demo_screenshot.vcxproj -> D:\a\pom68k\pom68k\build-tests\Release\demo_screenshot.exe
windows	Build the gate executables (first MSVC compile of the test tree)	2026-09-07T18:37:52.8583292Z   cpu_smoke.vcxproj -> D:\a\pom68k\pom68k\build-tests\Release\cpu_smoke.exe
windows	Build the gate executables (first MSVC compile of the test tree)	2026-09-07T18:37:53.3299186Z   duo_beyond_etalon.vcxproj -> D:\a\pom68k\pom68k\build-tests\Release\duo_beyond_etalon.exe
windows	Build the gate executables (first MSVC compile of the test tree)	2026-09-07T18:37:53.6274325Z   scsi_target_test.cpp
windows	Build the gate executables (first MSVC compile of the test tree)	2026-09-07T18:37:53.9799204Z   scc_ext_test.cpp
windows	Build the gate executables (first MSVC compile of the test tree)	2026-09-07T18:37:54.8681658Z   daynaport_test.vcxproj -> D:\a\pom68k\pom68k\build-tests\Release\daynaport_test.exe
windows	Build the gate executables (first MSVC compile of the test tree)	2026-09-07T18:37:54.8762132Z   scc_baud_test.cpp
windows	Build the gate executables (first MSVC compile of the test tree)	2026-09-07T18:37:55.2380193Z   cuda_restart_test.vcxproj -> D:\a\pom68k\pom68k\build-tests\Release\cuda_restart_test.exe
windows	Build the gate executables (first MSVC compile of the test tree)	2026-09-07T18:37:55.2413650Z   floppy_sound_test.cpp
windows	Build the gate executables (first MSVC compile of the test tree)	2026-09-07T18:37:55.7165332Z   iici_boot_etalon.cpp
windows	Build the gate executables (first MSVC compile of the test tree)	2026-09-07T18:37:55.8623565Z   iifx_boot_etalon.cpp
windows	Build the gate executables (first MSVC compile of the test tree)	2026-09-07T18:38:02.3270311Z   compact_boot_etalon.vcxproj -> D:\a\pom68k\pom68k\build-tests\Release\compact_boot_etalon.exe
windows	Build the gate executables (first MSVC compile of the test tree)	2026-09-07T18:38:07.0760546Z   scsi_target_test.vcxproj -> D:\a\pom68k\pom68k\build-tests\Release\scsi_target_test.exe
windows	Build the gate executables (first MSVC compile of the test tree)	2026-09-07T18:38:13.0128296Z   declrom_test.cpp
windows	Build the gate executables (first MSVC compile of the test tree)	2026-09-07T18:38:17.7626299Z   FloppySound.cpp
windows	Build the gate executables (first MSVC compile of the test tree)	2026-09-07T18:38:18.7325411Z   miniaudio_impl.cpp
windows	Build the gate executables (first MSVC compile of the test tree)	2026-09-07T18:38:18.8205014Z   scc_baud_test.vcxproj -> D:\a\pom68k\pom68k\build-tests\Release\scc_baud_test.exe
windows	Build the gate executables (first MSVC compile of the test tree)	2026-09-07T18:38:18.8866464Z   Generating Code...
windows	Build the gate executables (first MSVC compile of the test tree)	2026-09-07T18:38:18.9611108Z   declrom_test.vcxproj -> D:\a\pom68k\pom68k\build-tests\Release\declrom_test.exe
windows	Build the gate executables (first MSVC compile of the test tree)	2026-09-07T18:38:19.0083207Z   egret_lle_test.cpp
windows	Build the gate executables (first MSVC compile of the test tree)	2026-09-07T18:38:19.0680433Z   iifx_input_etalon.cpp
windows	Build the gate executables (first MSVC compile of the test tree)	2026-09-07T18:38:19.1316344Z   iici_boot_etalon.vcxproj -> D:\a\pom68k\pom68k\build-tests\Release\iici_boot_etalon.exe
windows	Build the gate executables (first MSVC compile of the test tree)	2026-09-07T18:38:19.1328583Z   scc_ext_test.vcxproj -> D:\a\pom68k\pom68k\build-tests\Release\scc_ext_test.exe
windows	Build the gate executables (first MSVC compile of the test tree)	2026-09-07T18:38:19.2903429Z   iivx_beyond_etalon.cpp
windows	Build the gate executables (first MSVC compile of the test tree)	2026-09-07T18:38:19.3379088Z   savestate_040_test.cpp
windows	Build the gate executables (first MSVC compile of the test tree)	2026-09-07T18:38:19.3659536Z   input_etalon.cpp
windows	Build the gate executables (first MSVC compile of the test tree)	2026-09-07T18:38:19.3746932Z   r65c02_test.cpp
windows	Build the gate executables (first MSVC compile of the test tree)	2026-09-07T18:38:20.7861596Z   floppy_sound_test.vcxproj -> D:\a\pom68k\pom68k\build-tests\Release\floppy_sound_test.exe
windows	Build the gate executables (first MSVC compile of the test tree)	2026-09-07T18:38:21.2668286Z   savestate_040_test.vcxproj -> D:\a\pom68k\pom68k\build-tests\Release\savestate_040_test.exe
windows	Build the gate executables (first MSVC compile of the test tree)	2026-09-07T18:38:22.2270531Z   egret_lle_test.vcxproj -> D:\a\pom68k\pom68k\build-tests\Release\egret_lle_test.exe
windows	Build the gate executables (first MSVC compile of the test tree)	2026-09-07T18:38:23.3999412Z   quadra_event_scheduler_test.cpp
windows	Build the gate executables (first MSVC compile of the test tree)	2026-09-07T18:38:24.2771049Z   iifx_boot_etalon.vcxproj -> D:\a\pom68k\pom68k\build-tests\Release\iifx_boot_etalon.exe
windows	Build the gate executables (first MSVC compile of the test tree)	2026-09-07T18:38:24.2822252Z   iisi_boot_etalon.cpp
windows	Build the gate executables (first MSVC compile of the test tree)	2026-09-07T18:38:24.3259130Z   iivx_boot_etalon.cpp
windows	Build the gate executables (first MSVC compile of the test tree)	2026-09-07T18:38:24.4550449Z   r65c02_test.vcxproj -> D:\a\pom68k\pom68k\build-tests\Release\r65c02_test.exe
windows	Build the gate executables (first MSVC compile of the test tree)	2026-09-07T18:38:27.3105701Z   iwm_write_test.cpp
windows	Build the gate executables (first MSVC compile of the test tree)	2026-09-07T18:38:27.3687047Z   iivx_beyond_etalon.vcxproj -> D:\a\pom68k\pom68k\build-tests\Release\iivx_beyond_etalon.exe
windows	Build the gate executables (first MSVC compile of the test tree)	2026-09-07T18:38:27.5861114Z   quadra_event_scheduler_test.vcxproj -> D:\a\pom68k\pom68k\build-tests\Release\quadra_event_scheduler_test.exe
windows	Build the gate executables (first MSVC compile of the test tree)	2026-09-07T18:38:27.9709695Z   input_etalon.vcxproj -> D:\a\pom68k\pom68k\build-tests\Release\input_etalon.exe
windows	Build the gate executables (first MSVC compile of the test tree)	2026-09-07T18:38:28.0454882Z D:\a\pom68k\pom68k\tests\iwm_write_test.cpp(194,57): warning C4805: '|': unsafe mix of type 'int' and type 'bool' in operation [D:\a\pom68k\pom68k\build-tests\iwm_write_test.vcxproj]
windows	Build the gate executables (first MSVC compile of the test tree)	2026-09-07T18:38:28.1164707Z   iifx_input_etalon.vcxproj -> D:\a\pom68k\pom68k\build-tests\Release\iifx_input_etalon.exe
windows	Build the gate executables (first MSVC compile of the test tree)	2026-09-07T18:38:28.1505029Z   input_journal_test.cpp
windows	Build the gate executables (first MSVC compile of the test tree)	2026-09-07T18:38:28.1857687Z   q700_boot_etalon.cpp
windows	Build the gate executables (first MSVC compile of the test tree)	2026-09-07T18:38:28.2811342Z   iwm_write_test.vcxproj -> D:\a\pom68k\pom68k\build-tests\Release\iwm_write_test.exe
windows	Build the gate executables (first MSVC compile of the test tree)	2026-09-07T18:38:34.8077533Z   iisi_boot_etalon.vcxproj -> D:\a\pom68k\pom68k\build-tests\Release\iisi_boot_etalon.exe
windows	Build the gate executables (first MSVC compile of the test tree)	2026-09-07T18:38:37.4288034Z   jit_backend_parity_test.cpp
windows	Build the gate executables (first MSVC compile of the test tree)	2026-09-07T18:38:37.8717958Z   JitBackendX64.cpp
windows	Build the gate executables (first MSVC compile of the test tree)	2026-09-07T18:38:38.1789529Z   JitBackendA64.cpp
windows	Build the gate executables (first MSVC compile of the test tree)	2026-09-07T18:38:38.6477360Z   iivx_boot_etalon.vcxproj -> D:\a\pom68k\pom68k\build-tests\Release\iivx_boot_etalon.exe
windows	Build the gate executables (first MSVC compile of the test tree)	2026-09-07T18:38:38.7886458Z   GuiMachineRuntime.cpp
windows	Build the gate executables (first MSVC compile of the test tree)	2026-09-07T18:38:45.8180526Z   q630_beyond_etalon.cpp
windows	Build the gate executables (first MSVC compile of the test tree)	2026-09-07T18:38:47.9014141Z   jit_lockstep_test.cpp
windows	Build the gate executables (first MSVC compile of the test tree)	2026-09-07T18:38:48.5828914Z   Generating Code...
windows	Build the gate executables (first MSVC compile of the test tree)	2026-09-07T18:38:48.6443839Z   q700_boot_etalon.vcxproj -> D:\a\pom68k\pom68k\build-tests\Release\q700_boot_etalon.exe
windows	Build the gate executables (first MSVC compile of the test tree)	2026-09-07T18:38:48.6629580Z   jit_backend_test.cpp
windows	Build the gate executables (first MSVC compile of the test tree)	2026-09-07T18:38:48.6673556Z   input_journal_test.vcxproj -> D:\a\pom68k\pom68k\build-tests\Release\input_journal_test.exe
windows	Build the gate executables (first MSVC compile of the test tree)	2026-09-07T18:38:48.6905320Z   lc3_boot_etalon.cpp
windows	Build the gate executables (first MSVC compile of the test tree)	2026-09-07T18:38:48.7593827Z   lc520_boot_etalon.cpp
windows	Build the gate executables (first MSVC compile of the test tree)	2026-09-07T18:38:48.7653025Z   q630_beyond_etalon.vcxproj -> D:\a\pom68k\pom68k\build-tests\Release\q630_beyond_etalon.exe
windows	Build the gate executables (first MSVC compile of the test tree)	2026-09-07T18:38:48.7659612Z   jit_backend_test.vcxproj -> D:\a\pom68k\pom68k\build-tests\Release\jit_backend_test.exe
windows	Build the gate executables (first MSVC compile of the test tree)	2026-09-07T18:38:53.2561405Z   q605_savestate_etalon.cpp
windows	Build the gate executables (first MSVC compile of the test tree)	2026-09-07T18:38:53.2984363Z   jit_backend_parity_test.vcxproj -> D:\a\pom68k\pom68k\build-tests\Release\jit_backend_parity_test.exe
windows	Build the gate executables (first MSVC compile of the test tree)	2026-09-07T18:38:53.6117904Z   q605_hotfloppy_probe.cpp
windows	Build the gate executables (first MSVC compile of the test tree)	2026-09-07T18:38:53.7210029Z   jit_lockstep_030_test.cpp
windows	Build the gate executables (first MSVC compile of the test tree)	2026-09-07T18:38:58.3139077Z   jit_restart_write_030_test.cpp
windows	Build the gate executables (first MSVC compile of the test tree)	2026-09-07T18:38:58.3920351Z   q605_savestate_etalon.vcxproj -> D:\a\pom68k\pom68k\build-tests\Release\q605_savestate_etalon.exe
windows	Build the gate executables (first MSVC compile of the test tree)	2026-09-07T18:38:59.1042237Z   lc3_boot_etalon.vcxproj -> D:\a\pom68k\pom68k\build-tests\Release\lc3_boot_etalon.exe
windows	Build the gate executables (first MSVC compile of the test tree)	2026-09-07T18:38:59.3270398Z   jit_lockstep_030_test.vcxproj -> D:\a\pom68k\pom68k\build-tests\Release\jit_lockstep_030_test.exe
windows	Build the gate executables (first MSVC compile of the test tree)	2026-09-07T18:38:59.4370546Z   q605_hotfloppy_etalon.vcxproj -> D:\a\pom68k\pom68k\build-tests\Release\q605_hotfloppy_etalon.exe
windows	Build the gate executables (first MSVC compile of the test tree)	2026-09-07T18:38:59.5513214Z   lc3plus_boot_etalon.cpp
windows	Build the gate executables (first MSVC compile of the test tree)	2026-09-07T18:39:08.0182282Z   q605_cudalle_mouse_etalon.cpp
windows	Build the gate executables (first MSVC compile of the test tree)	2026-09-07T18:39:08.1930597Z   q605_cudalle_boot_etalon.cpp
windows	Build the gate executables (first MSVC compile of the test tree)	2026-09-07T18:39:08.2490864Z   lc520_boot_etalon.vcxproj -> D:\a\pom68k\pom68k\build-tests\Release\lc520_boot_etalon.exe
windows	Build the gate executables (first MSVC compile of the test tree)	2026-09-07T18:39:15.9504557Z   q605_beyond_etalon.cpp
windows	Build the gate executables (first MSVC compile of the test tree)	2026-09-07T18:39:17.7793170Z   jit_restart_write_030_test.vcxproj -> D:\a\pom68k\pom68k\build-tests\Release\jit_restart_write_030_test.exe
windows	Build the gate executables (first MSVC compile of the test tree)	2026-09-07T18:39:17.8418256Z   q605_cudalle_mouse_etalon.vcxproj -> D:\a\pom68k\pom68k\build-tests\Release\q605_cudalle_mouse_etalon.exe
windows	Build the gate executables (first MSVC compile of the test tree)	2026-09-07T18:39:18.2025031Z   jit_lockstep_test.vcxproj -> D:\a\pom68k\pom68k\build-tests\Release\jit_lockstep_test.exe
windows	Build the gate executables (first MSVC compile of the test tree)	2026-09-07T18:39:18.7859736Z   lc575_boot_etalon.cpp
windows	Build the gate executables (first MSVC compile of the test tree)	2026-09-07T18:39:24.2630515Z   lc3plus_boot_etalon.vcxproj -> D:\a\pom68k\pom68k\build-tests\Release\lc3plus_boot_etalon.exe
windows	Build the gate executables (first MSVC compile of the test tree)	2026-09-07T18:39:29.0139700Z   q605_cudalle_boot_etalon.vcxproj -> D:\a\pom68k\pom68k\build-tests\Release\q605_cudalle_boot_etalon.exe
windows	Build the gate executables (first MSVC compile of the test tree)	2026-09-07T18:39:33.7667555Z   lc475_boot_etalon.cpp
windows	Build the gate executables (first MSVC compile of the test tree)	2026-09-07T18:39:35.3191781Z   lcii_asc_chime_etalon.cpp
windows	Build the gate executables (first MSVC compile of the test tree)	2026-09-07T18:39:35.4651269Z   lcii_beyond_etalon.cpp
windows	Build the gate executables (first MSVC compile of the test tree)	2026-09-07T18:39:35.6420629Z   q605_beyond_etalon.vcxproj -> D:\a\pom68k\pom68k\build-tests\Release\q605_beyond_etalon.exe
windows	Build the gate executables (first MSVC compile of the test tree)	2026-09-07T18:39:35.6556452Z   lc475_boot_etalon.vcxproj -> D:\a\pom68k\pom68k\build-tests\Release\lc475_boot_etalon.exe
windows	Build the gate executables (first MSVC compile of the test tree)	2026-09-07T18:39:35.7239744Z   lc575_boot_etalon.vcxproj -> D:\a\pom68k\pom68k\build-tests\Release\lc575_boot_etalon.exe
windows	Build the gate executables (first MSVC compile of the test tree)	2026-09-07T18:39:35.7645670Z   lcii_beyond_etalon.vcxproj -> D:\a\pom68k\pom68k\build-tests\Release\lcii_beyond_etalon.exe
windows	Build the gate executables (first MSVC compile of the test tree)	2026-09-07T18:39:35.7719599Z   q605_asc_test.cpp
windows	Build the gate executables (first MSVC compile of the test tree)	2026-09-07T18:39:35.8405303Z   peripheral_lle_test.cpp
windows	Build the gate executables (first MSVC compile of the test tree)	2026-09-07T18:39:35.8620612Z   lcii_restart_etalon.cpp
windows	Build the gate executables (first MSVC compile of the test tree)	2026-09-07T18:39:35.8630773Z   lcii_sys7_boot_etalon.cpp
windows	Build the gate executables (first MSVC compile of the test tree)	2026-09-07T18:39:35.8632623Z   lcii_simcity_etalon.cpp
windows	Build the gate executables (first MSVC compile of the test tree)	2026-09-07T18:39:35.8653608Z   llap_two_system_etalon.cpp
windows	Build the gate executables (first MSVC compile of the test tree)	2026-09-07T18:39:35.8661716Z   m68hc05_test.cpp
windows	Build the gate executables (first MSVC compile of the test tree)	2026-09-07T18:39:35.8663702Z   peripheral_lle_test.vcxproj -> D:\a\pom68k\pom68k\build-tests\Release\peripheral_lle_test.exe
windows	Build the gate executables (first MSVC compile of the test tree)	2026-09-07T18:39:35.8667189Z   lcii_restart_etalon.vcxproj -> D:\a\pom68k\pom68k\build-tests\Release\lcii_restart_etalon.exe
windows	Build the gate executables (first MSVC compile of the test tree)	2026-09-07T18:39:35.8878569Z   macii_boot_etalon.cpp
windows	Build the gate executables (first MSVC compile of the test tree)	2026-09-07T18:39:35.8882946Z   lcii_simcity_etalon.vcxproj -> D:\a\pom68k\pom68k\build-tests\Release\lcii_simcity_etalon.exe
windows	Build the gate executables (first MSVC compile of the test tree)	2026-09-07T18:39:35.8885070Z   q605_asc_test.vcxproj -> D:\a\pom68k\pom68k\build-tests\Release\q605_asc_test.exe
windows	Build the gate executables (first MSVC compile of the test tree)	2026-09-07T18:39:35.8887874Z   lcii_sys7_boot_etalon.vcxproj -> D:\a\pom68k\pom68k\build-tests\Release\lcii_sys7_boot_etalon.exe
windows	Build the gate executables (first MSVC compile of the test tree)	2026-09-07T18:39:35.9392467Z   lcii_asc_chime_etalon.vcxproj -> D:\a\pom68k\pom68k\build-tests\Release\lcii_asc_chime_etalon.exe
windows	Build the gate executables (first MSVC compile of the test tree)	2026-09-07T18:39:42.7761936Z   llap_loop_test.cpp
windows	Build the gate executables (first MSVC compile of the test tree)	2026-09-07T18:39:49.2025164Z   ltoudp_test.cpp
windows	Build the gate executables (first MSVC compile of the test tree)	2026-09-07T18:39:50.4590485Z   llap_two_system_etalon.vcxproj -> D:\a\pom68k\pom68k\build-tests\Release\llap_two_system_etalon.exe
windows	Build the gate executables (first MSVC compile of the test tree)	2026-09-07T18:39:50.9008462Z   llap_loop_test.vcxproj -> D:\a\pom68k\pom68k\build-tests\Release\llap_loop_test.exe
windows	Build the gate executables (first MSVC compile of the test tree)	2026-09-07T18:39:51.0764460Z   machinehost_test.cpp
windows	Build the gate executables (first MSVC compile of the test tree)	2026-09-07T18:39:51.1184525Z   ltoudp_test.vcxproj -> D:\a\pom68k\pom68k\build-tests\Release\ltoudp_test.exe
windows	Build the gate executables (first MSVC compile of the test tree)	2026-09-07T18:39:51.1195596Z   m68hc05_test.vcxproj -> D:\a\pom68k\pom68k\build-tests\Release\m68hc05_test.exe
windows	Build the gate executables (first MSVC compile of the test tree)	2026-09-07T18:39:51.1247801Z   macii_mouse_trace.cpp
windows	Build the gate executables (first MSVC compile of the test tree)	2026-09-07T18:39:51.1512418Z   mactv_boot_etalon.cpp
windows	Build the gate executables (first MSVC compile of the test tree)	2026-09-07T18:39:51.4373996Z   ncr5380_test.cpp
windows	Build the gate executables (first MSVC compile of the test tree)	2026-09-07T18:39:51.8489896Z   macii_boot_etalon.vcxproj -> D:\a\pom68k\pom68k\build-tests\Release\macii_boot_etalon.exe
windows	Build the gate executables (first MSVC compile of the test tree)	2026-09-07T18:39:51.9015335Z   ncr5380_test.vcxproj -> D:\a\pom68k\pom68k\build-tests\Release\ncr5380_test.exe
windows	Build the gate executables (first MSVC compile of the test tree)	2026-09-07T18:39:51.9373774Z   ncr53c96_queue_test.cpp
windows	Build the gate executables (first MSVC compile of the test tree)	2026-09-07T18:39:51.9880467Z   msc_parity_test.cpp
windows	Build the gate executables (first MSVC compile of the test tree)	2026-09-07T18:39:52.0528076Z   macii_post_etalon.cpp
windows	Build the gate executables (first MSVC compile of the test tree)	2026-09-07T18:39:52.1379796Z   pseudovia_test.cpp
windows	Build the gate executables (first MSVC compile of the test tree)	2026-09-07T18:39:52.1905044Z   macii_beyond_etalon.cpp
windows	Build the gate executables (first MSVC compile of the test tree)	2026-09-07T18:39:52.2528009Z   mactv_boot_etalon.vcxproj -> D:\a\pom68k\pom68k\build-tests\Release\mactv_boot_etalon.exe
windows	Build the gate executables (first MSVC compile of the test tree)	2026-09-07T18:39:56.2656095Z   macii_mouse_trace.vcxproj -> D:\a\pom68k\pom68k\build-tests\Release\macii_mouse_trace.exe
windows	Build the gate executables (first MSVC compile of the test tree)	2026-09-07T18:39:57.7012563Z   msc_parity_test.vcxproj -> D:\a\pom68k\pom68k\build-tests\Release\msc_parity_test.exe
windows	Build the gate executables (first MSVC compile of the test tree)	2026-09-07T18:39:58.3864890Z   machinehost_test.vcxproj -> D:\a\pom68k\pom68k\build-tests\Release\machinehost_test.exe
windows	Build the gate executables (first MSVC compile of the test tree)	2026-09-07T18:39:58.6294371Z   macii_sys7_boot_etalon.cpp
windows	Build the gate executables (first MSVC compile of the test tree)	2026-09-07T18:39:58.6687106Z   ncr53c96_test.cpp
windows	Build the gate executables (first MSVC compile of the test tree)	2026-09-07T18:39:58.7036983Z   pseudovia_test.vcxproj -> D:\a\pom68k\pom68k\build-tests\Release\pseudovia_test.exe
windows	Build the gate executables (first MSVC compile of the test tree)	2026-09-07T18:39:58.8611384Z   macii_post_etalon.vcxproj -> D:\a\pom68k\pom68k\build-tests\Release\macii_post_etalon.exe
windows	Build the gate executables (first MSVC compile of the test tree)	2026-09-07T18:40:00.8257847Z   ncr53c96_queue_test.vcxproj -> D:\a\pom68k\pom68k\build-tests\Release\ncr53c96_queue_test.exe
windows	Build the gate executables (first MSVC compile of the test tree)	2026-09-07T18:40:01.0948078Z   nubus_test.cpp
windows	Build the gate executables (first MSVC compile of the test tree)	2026-09-07T18:40:01.2260994Z   q605_boot_etalon.cpp
windows	Build the gate executables (first MSVC compile of the test tree)	2026-09-07T18:40:01.3023615Z   macii_beyond_etalon.vcxproj -> D:\a\pom68k\pom68k\build-tests\Release\macii_beyond_etalon.exe
windows	Build the gate executables (first MSVC compile of the test tree)	2026-09-07T18:40:07.0146000Z   nubus_test.vcxproj -> D:\a\pom68k\pom68k\build-tests\Release\nubus_test.exe
windows	Build the gate executables (first MSVC compile of the test tree)	2026-09-07T18:40:09.6697634Z   q605_cudalle_key_etalon.cpp
windows	Build the gate executables (first MSVC compile of the test tree)	2026-09-07T18:40:09.7204455Z   q605_event_scheduler_test.cpp
windows	Build the gate executables (first MSVC compile of the test tree)	2026-09-07T18:40:09.7806307Z   q605_nofpu_boot_etalon.cpp
windows	Build the gate executables (first MSVC compile of the test tree)	2026-09-07T18:40:09.8146875Z   q605_event_scheduler_test.vcxproj -> D:\a\pom68k\pom68k\build-tests\Release\q605_event_scheduler_test.exe
windows	Build the gate executables (first MSVC compile of the test tree)	2026-09-07T18:40:09.8542379Z   lcii_savestate_etalon.cpp
windows	Build the gate executables (first MSVC compile of the test tree)	2026-09-07T18:40:09.8875883Z   q605_boot_etalon.vcxproj -> D:\a\pom68k\pom68k\build-tests\Release\q605_boot_etalon.exe
windows	Build the gate executables (first MSVC compile of the test tree)	2026-09-07T18:40:10.6246612Z   macii_sys7_boot_etalon.vcxproj -> D:\a\pom68k\pom68k\build-tests\Release\macii_sys7_boot_etalon.exe
windows	Build the gate executables (first MSVC compile of the test tree)	2026-09-07T18:40:12.0403233Z   GuiHostServices.cpp
windows	Build the gate executables (first MSVC compile of the test tree)	2026-09-07T18:40:12.1660714Z   q630_boot_etalon.cpp
windows	Build the gate executables (first MSVC compile of the test tree)	2026-09-07T18:40:12.9209431Z   lcii_boot_etalon.cpp
windows	Build the gate executables (first MSVC compile of the test tree)	2026-09-07T18:40:14.5711337Z   q605_cudalle_key_etalon.vcxproj -> D:\a\pom68k\pom68k\build-tests\Release\q605_cudalle_key_etalon.exe
windows	Build the gate executables (first MSVC compile of the test tree)	2026-09-07T18:40:14.8803035Z   q605_nofpu_boot_etalon.vcxproj -> D:\a\pom68k\pom68k\build-tests\Release\q605_nofpu_boot_etalon.exe
windows	Build the gate executables (first MSVC compile of the test tree)	2026-09-07T18:40:15.0670652Z   ncr53c96_test.vcxproj -> D:\a\pom68k\pom68k\build-tests\Release\ncr53c96_test.exe
windows	Build the gate executables (first MSVC compile of the test tree)	2026-09-07T18:40:17.7901064Z   q700_beyond_etalon.cpp
windows	Build the gate executables (first MSVC compile of the test tree)	2026-09-07T18:40:20.9662312Z   q700_turboscsi_test.cpp
windows	Build the gate executables (first MSVC compile of the test tree)	2026-09-07T18:40:20.9685993Z   pic1654s_test.cpp
windows	Build the gate executables (first MSVC compile of the test tree)	2026-09-07T18:40:21.0353831Z   pic1654s_test.vcxproj -> D:\a\pom68k\pom68k\build-tests\Release\pic1654s_test.exe
windows	Build the gate executables (first MSVC compile of the test tree)	2026-09-07T18:40:21.0565355Z   q630_boot_etalon.vcxproj -> D:\a\pom68k\pom68k\build-tests\Release\q630_boot_etalon.exe
windows	Build the gate executables (first MSVC compile of the test tree)	2026-09-07T18:40:23.2167390Z   q605_afp_live_etalon.cpp
windows	Build the gate executables (first MSVC compile of the test tree)	2026-09-07T18:40:23.2540164Z   lcii_savestate_etalon.vcxproj -> D:\a\pom68k\pom68k\build-tests\Release\lcii_savestate_etalon.exe
windows	Build the gate executables (first MSVC compile of the test tree)	2026-09-07T18:40:23.2893050Z   q700_turboscsi_test.vcxproj -> D:\a\pom68k\pom68k\build-tests\Release\q700_turboscsi_test.exe
windows	Build the gate executables (first MSVC compile of the test tree)	2026-09-07T18:40:23.7767520Z   q605_barefpu_boot_etalon.cpp
windows	Build the gate executables (first MSVC compile of the test tree)	2026-09-07T18:40:24.5596251Z   raster_equiv_test.cpp
windows	Build the gate executables (first MSVC compile of the test tree)	2026-09-07T18:40:24.5943721Z   q700_beyond_etalon.vcxproj -> D:\a\pom68k\pom68k\build-tests\Release\q700_beyond_etalon.exe
windows	Build the gate executables (first MSVC compile of the test tree)	2026-09-07T18:40:26.6091501Z   rom_boot_etalon.cpp
windows	Build the gate executables (first MSVC compile of the test tree)	2026-09-07T18:40:30.8360401Z D:\a\pom68k\pom68k\tests\q605_afp_live_etalon.cpp(163,30): warning C4477: 'fprintf' : format string '%s' requires an argument of type 'char *', but variadic argument 1 has type 'const std::filesystem::path::value_type *' [D:\a\pom68k\pom68k\build-tests\q605_afp_live_etalon.vcxproj]
windows	Build the gate executables (first MSVC compile of the test tree)	2026-09-07T18:40:32.2795020Z       D:\a\pom68k\pom68k\tests\q605_afp_live_etalon.cpp(163,30):
windows	Build the gate executables (first MSVC compile of the test tree)	2026-09-07T18:40:32.2827021Z       consider using '%ls' in the format string
windows	Build the gate executables (first MSVC compile of the test tree)	2026-09-07T18:40:32.2845489Z       D:\a\pom68k\pom68k\tests\q605_afp_live_etalon.cpp(163,30):
windows	Build the gate executables (first MSVC compile of the test tree)	2026-09-07T18:40:32.3304087Z       consider using '%lls' in the format string
windows	Build the gate executables (first MSVC compile of the test tree)	2026-09-07T18:40:32.3564823Z       D:\a\pom68k\pom68k\tests\q605_afp_live_etalon.cpp(163,30):
windows	Build the gate executables (first MSVC compile of the test tree)	2026-09-07T18:40:32.5686194Z       consider using '%Ls' in the format string
windows	Build the gate executables (first MSVC compile of the test tree)	2026-09-07T18:40:32.6014801Z       D:\a\pom68k\pom68k\tests\q605_afp_live_etalon.cpp(163,30):
windows	Build the gate executables (first MSVC compile of the test tree)	2026-09-07T18:40:32.6353781Z       consider using '%ws' in the format string
windows	Build the gate executables (first MSVC compile of the test tree)	2026-09-07T18:40:32.6693932Z   
windows	Build the gate executables (first MSVC compile of the test tree)	2026-09-07T18:40:32.7021619Z   savestate_030_test.cpp
windows	Build the gate executables (first MSVC compile of the test tree)	2026-09-07T18:40:32.7343454Z   lcii_boot_etalon.vcxproj -> D:\a\pom68k\pom68k\build-tests\Release\lcii_boot_etalon.exe
windows	Build the gate executables (first MSVC compile of the test tree)	2026-09-07T18:40:32.7378307Z   q605_barefpu_boot_etalon.vcxproj -> D:\a\pom68k\pom68k\build-tests\Release\q605_barefpu_boot_etalon.exe
windows	Build the gate executables (first MSVC compile of the test tree)	2026-09-07T18:40:35.8937332Z   raster_equiv_test.vcxproj -> D:\a\pom68k\pom68k\build-tests\Release\raster_equiv_test.exe
windows	Build the gate executables (first MSVC compile of the test tree)	2026-09-07T18:40:35.9307837Z   q605_afp_live_etalon.vcxproj -> D:\a\pom68k\pom68k\build-tests\Release\q605_afp_live_etalon.exe
windows	Build the gate executables (first MSVC compile of the test tree)	2026-09-07T18:40:35.9640528Z   q605_cdrom_etalon.cpp
windows	Build the gate executables (first MSVC compile of the test tree)	2026-09-07T18:40:41.5453209Z   lc_boot_etalon.cpp
windows	Build the gate executables (first MSVC compile of the test tree)	2026-09-07T18:40:41.5549292Z   lc550_boot_etalon.cpp
windows	Build the gate executables (first MSVC compile of the test tree)	2026-09-07T18:40:41.5964449Z   rom_boot_etalon.vcxproj -> D:\a\pom68k\pom68k\build-tests\Release\rom_boot_etalon.exe
windows	Build the gate executables (first MSVC compile of the test tree)	2026-09-07T18:40:42.7834490Z   q605_dafb_test.cpp
windows	Build the gate executables (first MSVC compile of the test tree)	2026-09-07T18:40:43.5088329Z   savestate_test.cpp
windows	Build the gate executables (first MSVC compile of the test tree)	2026-09-07T18:40:43.5442838Z   q605_cdrom_etalon.vcxproj -> D:\a\pom68k\pom68k\build-tests\Release\q605_cdrom_etalon.exe
windows	Build the gate executables (first MSVC compile of the test tree)	2026-09-07T18:40:43.5997280Z   q605_floppy_boot_etalon.cpp
windows	Build the gate executables (first MSVC compile of the test tree)	2026-09-07T18:40:43.6188032Z   lc550_boot_etalon.vcxproj -> D:\a\pom68k\pom68k\build-tests\Release\lc550_boot_etalon.exe
windows	Build the gate executables (first MSVC compile of the test tree)	2026-09-07T18:40:43.7114413Z   savestate_030_test.vcxproj -> D:\a\pom68k\pom68k\build-tests\Release\savestate_030_test.exe
windows	Build the gate executables (first MSVC compile of the test tree)	2026-09-07T18:40:44.9196987Z   savestate_v8_test.cpp
windows	Build the gate executables (first MSVC compile of the test tree)	2026-09-07T18:40:45.2449701Z   lc_boot_etalon.vcxproj -> D:\a\pom68k\pom68k\build-tests\Release\lc_boot_etalon.exe
windows	Build the gate executables (first MSVC compile of the test tree)	2026-09-07T18:40:45.2454591Z   savestate_test.vcxproj -> D:\a\pom68k\pom68k\build-tests\Release\savestate_test.exe
windows	Build the gate executables (first MSVC compile of the test tree)	2026-09-07T18:40:47.2087501Z   q605_dafb_test.vcxproj -> D:\a\pom68k\pom68k\build-tests\Release\q605_dafb_test.exe
windows	Build the gate executables (first MSVC compile of the test tree)	2026-09-07T18:40:47.4504933Z   q605_ot_bind_etalon.cpp
windows	Build the gate executables (first MSVC compile of the test tree)	2026-09-07T18:40:48.7366107Z   scc_engine_test.cpp
windows	Build the gate executables (first MSVC compile of the test tree)	2026-09-07T18:40:49.5960953Z   scc_engine_test.vcxproj -> D:\a\pom68k\pom68k\build-tests\Release\scc_engine_test.exe
windows	Build the gate executables (first MSVC compile of the test tree)	2026-09-07T18:40:49.6691962Z   scsi_boot_etalon.cpp
windows	Build the gate executables (first MSVC compile of the test tree)	2026-09-07T18:40:49.6865058Z   savestate_v8_test.vcxproj -> D:\a\pom68k\pom68k\build-tests\Release\savestate_v8_test.exe
windows	Build the gate executables (first MSVC compile of the test tree)	2026-09-07T18:40:54.5153714Z   q605_floppy_boot_etalon.vcxproj -> D:\a\pom68k\pom68k\build-tests\Release\q605_floppy_boot_etalon.exe
windows	Build the gate executables (first MSVC compile of the test tree)	2026-09-07T18:40:55.9798840Z   q605_turboscsi_test.cpp
windows	Build the gate executables (first MSVC compile of the test tree)	2026-09-07T18:40:55.9817457Z   jit_store_guard_a64_test.cpp
windows	Build the gate executables (first MSVC compile of the test tree)	2026-09-07T18:40:56.2822202Z   q605_ot_bind_etalon.vcxproj -> D:\a\pom68k\pom68k\build-tests\Release\q605_ot_bind_etalon.exe
windows	Build the gate executables (first MSVC compile of the test tree)	2026-09-07T18:40:56.2871785Z   scsi_disk_test.cpp
windows	Build the gate executables (first MSVC compile of the test tree)	2026-09-07T18:40:56.2894227Z   scsi_pdma_test.cpp
windows	Build the gate executables (first MSVC compile of the test tree)	2026-09-07T18:40:56.9506239Z   q605_turboscsi_test.vcxproj -> D:\a\pom68k\pom68k\build-tests\Release\q605_turboscsi_test.exe
windows	Build the gate executables (first MSVC compile of the test tree)	2026-09-07T18:40:56.9524931Z   jit_store_guard_a64_test.vcxproj -> D:\a\pom68k\pom68k\build-tests\Release\jit_store_guard_a64_test.exe
windows	Build the gate executables (first MSVC compile of the test tree)	2026-09-07T18:41:00.3107443Z   jit_lockstep_68000_test.cpp
windows	Build the gate executables (first MSVC compile of the test tree)	2026-09-07T18:41:00.3499385Z   jit_copyback_write_040_test.cpp
windows	Build the gate executables (first MSVC compile of the test tree)	2026-09-07T18:41:00.5657274Z   scsi_boot_etalon.vcxproj -> D:\a\pom68k\pom68k\build-tests\Release\scsi_boot_etalon.exe
windows	Build the gate executables (first MSVC compile of the test tree)	2026-09-07T18:41:04.3458990Z   swim2_test.cpp
windows	Build the gate executables (first MSVC compile of the test tree)	2026-09-07T18:41:05.0685650Z   rbv_beyond_etalon.cpp
windows	Build the gate executables (first MSVC compile of the test tree)	2026-09-07T18:41:05.1100422Z   rtc_pram_test.cpp
windows	Build the gate executables (first MSVC compile of the test tree)	2026-09-07T18:41:05.1445271Z   scsi_pdma_test.vcxproj -> D:\a\pom68k\pom68k\build-tests\Release\scsi_pdma_test.exe
windows	Build the gate executables (first MSVC compile of the test tree)	2026-09-07T18:41:05.5107227Z   jit_copyback_write_040_test.vcxproj -> D:\a\pom68k\pom68k\build-tests\Release\jit_copyback_write_040_test.exe
windows	Build the gate executables (first MSVC compile of the test tree)	2026-09-07T18:41:07.9346465Z   scsi_disk_test.vcxproj -> D:\a\pom68k\pom68k\build-tests\Release\scsi_disk_test.exe
windows	Build the gate executables (first MSVC compile of the test tree)	2026-09-07T18:41:08.2088538Z   toby_test.cpp
windows	Build the gate executables (first MSVC compile of the test tree)	2026-09-07T18:41:08.5310137Z   toby_test.vcxproj -> D:\a\pom68k\pom68k\build-tests\Release\toby_test.exe
windows	Build the gate executables (first MSVC compile of the test tree)	2026-09-07T18:41:08.6043650Z   rtc_pram_test.vcxproj -> D:\a\pom68k\pom68k\build-tests\Release\rtc_pram_test.exe
windows	Build the gate executables (first MSVC compile of the test tree)	2026-09-07T18:41:08.6100285Z   jit_lockstep_68000_test.vcxproj -> D:\a\pom68k\pom68k\build-tests\Release\jit_lockstep_68000_test.exe
windows	Build the gate executables (first MSVC compile of the test tree)	2026-09-07T18:41:12.3719759Z   swim2_test.vcxproj -> D:\a\pom68k\pom68k\build-tests\Release\swim2_test.exe
windows	Build the gate executables (first MSVC compile of the test tree)	2026-09-07T18:41:15.4471548Z   jit_asset_free_lockstep_test.cpp
windows	Build the gate executables (first MSVC compile of the test tree)	2026-09-07T18:41:15.4831230Z   iwm_read_test.cpp
windows	Build the gate executables (first MSVC compile of the test tree)	2026-09-07T18:41:15.9785117Z   v8_video_test.cpp
windows	Build the gate executables (first MSVC compile of the test tree)	2026-09-07T18:41:15.9854523Z   savestate_68k_test.cpp
windows	Build the gate executables (first MSVC compile of the test tree)	2026-09-07T18:41:16.0311580Z   valkyrie_test.cpp
windows	Build the gate executables (first MSVC compile of the test tree)	2026-09-07T18:41:16.0326011Z   floppy_persist_test.cpp
windows	Build the gate executables (first MSVC compile of the test tree)	2026-09-07T18:41:16.0662136Z   valkyrie_test.vcxproj -> D:\a\pom68k\pom68k\build-tests\Release\valkyrie_test.exe
windows	Build the gate executables (first MSVC compile of the test tree)	2026-09-07T18:41:16.0664255Z   iwm_read_test.vcxproj -> D:\a\pom68k\pom68k\build-tests\Release\iwm_read_test.exe
windows	Build the gate executables (first MSVC compile of the test tree)	2026-09-07T18:41:16.9123089Z   savestate_68k_test.vcxproj -> D:\a\pom68k\pom68k\build-tests\Release\savestate_68k_test.exe
windows	Build the gate executables (first MSVC compile of the test tree)	2026-09-07T18:41:16.9480314Z   iix_boot_etalon.cpp
windows	Build the gate executables (first MSVC compile of the test tree)	2026-09-07T18:41:17.1264045Z   v8_video_test.vcxproj -> D:\a\pom68k\pom68k\build-tests\Release\v8_video_test.exe
windows	Build the gate executables (first MSVC compile of the test tree)	2026-09-07T18:41:17.4357619Z   floppy_persist_test.vcxproj -> D:\a\pom68k\pom68k\build-tests\Release\floppy_persist_test.exe
windows	Build the gate executables (first MSVC compile of the test tree)	2026-09-07T18:41:17.4917450Z   jit_asset_free_lockstep_test.vcxproj -> D:\a\pom68k\pom68k\build-tests\Release\jit_asset_free_lockstep_test.exe
windows	Build the gate executables (first MSVC compile of the test tree)	2026-09-07T18:41:17.6142353Z   GuiShell.cpp
windows	Build the gate executables (first MSVC compile of the test tree)	2026-09-07T18:41:17.6621235Z   iifx_post_etalon.cpp
windows	Build the gate executables (first MSVC compile of the test tree)	2026-09-07T18:41:17.7227958Z   rbv_beyond_etalon.vcxproj -> D:\a\pom68k\pom68k\build-tests\Release\rbv_beyond_etalon.exe
windows	Build the gate executables (first MSVC compile of the test tree)	2026-09-07T18:41:20.6723336Z   scc_int_test.cpp
windows	Build the gate executables (first MSVC compile of the test tree)	2026-09-07T18:41:20.7410671Z   scsi_cdrom_test.cpp
windows	Build the gate executables (first MSVC compile of the test tree)	2026-09-07T18:41:22.6944499Z   scsi_hfs_facade_test.cpp
windows	Build the gate executables (first MSVC compile of the test tree)	2026-09-07T18:41:22.9736343Z   iifx_beyond_etalon.cpp
windows	Build the gate executables (first MSVC compile of the test tree)	2026-09-07T18:41:24.6541756Z   scc_int_test.vcxproj -> D:\a\pom68k\pom68k\build-tests\Release\scc_int_test.exe
windows	Build the gate executables (first MSVC compile of the test tree)	2026-09-07T18:41:24.7446297Z   iix_boot_etalon.vcxproj -> D:\a\pom68k\pom68k\build-tests\Release\iix_boot_etalon.exe
windows	Build the gate executables (first MSVC compile of the test tree)	2026-09-07T18:41:24.9809883Z   scsi_cdrom_test.vcxproj -> D:\a\pom68k\pom68k\build-tests\Release\scsi_cdrom_test.exe
windows	Build the gate executables (first MSVC compile of the test tree)	2026-09-07T18:41:25.2722805Z   scsi_hfs_facade_test.vcxproj -> D:\a\pom68k\pom68k\build-tests\Release\scsi_hfs_facade_test.exe
windows	Build the gate executables (first MSVC compile of the test tree)	2026-09-07T18:41:28.3367497Z   se30_boot_etalon.cpp
windows	Build the gate executables (first MSVC compile of the test tree)	2026-09-07T18:41:28.4843883Z   sonora_video_test.cpp
windows	Build the gate executables (first MSVC compile of the test tree)	2026-09-07T18:41:28.5671196Z   iifx_post_etalon.vcxproj -> D:\a\pom68k\pom68k\build-tests\Release\iifx_post_etalon.exe
windows	Build the gate executables (first MSVC compile of the test tree)	2026-09-07T18:41:28.6044718Z   swim1_test.cpp
windows	Build the gate executables (first MSVC compile of the test tree)	2026-09-07T18:41:28.6382122Z   gcr_test.cpp
windows	Build the gate executables (first MSVC compile of the test tree)	2026-09-07T18:41:30.5710214Z   swim1_test.vcxproj -> D:\a\pom68k\pom68k\build-tests\Release\swim1_test.exe
windows	Build the gate executables (first MSVC compile of the test tree)	2026-09-07T18:41:30.7112946Z   gcr_test.vcxproj -> D:\a\pom68k\pom68k\build-tests\Release\gcr_test.exe
windows	Build the gate executables (first MSVC compile of the test tree)	2026-09-07T18:41:31.8257066Z   sonora_video_test.vcxproj -> D:\a\pom68k\pom68k\build-tests\Release\sonora_video_test.exe
windows	Build the gate executables (first MSVC compile of the test tree)	2026-09-07T18:41:33.9869861Z   swim2_media_test.cpp
windows	Build the gate executables (first MSVC compile of the test tree)	2026-09-07T18:41:34.1036072Z   system_boot_etalon.cpp
windows	Build the gate executables (first MSVC compile of the test tree)	2026-09-07T18:41:34.1772991Z   v8_ramsize.cpp
windows	Build the gate executables (first MSVC compile of the test tree)	2026-09-07T18:41:35.4404776Z   iifx_beyond_etalon.vcxproj -> D:\a\pom68k\pom68k\build-tests\Release\iifx_beyond_etalon.exe
windows	Build the gate executables (first MSVC compile of the test tree)	2026-09-07T18:41:35.4428380Z   se30_boot_etalon.vcxproj -> D:\a\pom68k\pom68k\build-tests\Release\se30_boot_etalon.exe
windows	Build the gate executables (first MSVC compile of the test tree)	2026-09-07T18:41:39.4033395Z   flux_pll_test.cpp
windows	Build the gate executables (first MSVC compile of the test tree)	2026-09-07T18:41:39.8656681Z   family_input_etalon.cpp
windows	Build the gate executables (first MSVC compile of the test tree)	2026-09-07T18:41:39.9256970Z   v8_raster_test.cpp
windows	Build the gate executables (first MSVC compile of the test tree)	2026-09-07T18:41:44.0608000Z   flux_pll_test.vcxproj -> D:\a\pom68k\pom68k\build-tests\Release\flux_pll_test.exe
windows	Build the gate executables (first MSVC compile of the test tree)	2026-09-07T18:41:44.4411751Z   duo230_boot_etalon.cpp
windows	Build the gate executables (first MSVC compile of the test tree)	2026-09-07T18:41:44.7904645Z   v8_ramsize.vcxproj -> D:\a\pom68k\pom68k\build-tests\Release\v8_ramsize.exe
windows	Build the gate executables (first MSVC compile of the test tree)	2026-09-07T18:41:44.8242193Z   disk_boot_etalon.cpp
windows	Build the gate executables (first MSVC compile of the test tree)	2026-09-07T18:41:44.8883763Z   cuda_lle_test.cpp
windows	Build the gate executables (first MSVC compile of the test tree)	2026-09-07T18:41:46.6759362Z   cuda_lle_test.vcxproj -> D:\a\pom68k\pom68k\build-tests\Release\cuda_lle_test.exe
windows	Build the gate executables (first MSVC compile of the test tree)	2026-09-07T18:41:46.6921874Z   system_boot_etalon.vcxproj -> D:\a\pom68k\pom68k\build-tests\Release\system_boot_etalon.exe
windows	Build the gate executables (first MSVC compile of the test tree)	2026-09-07T18:41:47.4051605Z   v8_raster_test.vcxproj -> D:\a\pom68k\pom68k\build-tests\Release\v8_raster_test.exe
windows	Build the gate executables (first MSVC compile of the test tree)	2026-09-07T18:41:47.4726088Z   family_input_etalon.vcxproj -> D:\a\pom68k\pom68k\build-tests\Release\family_input_etalon.exe
windows	Build the gate executables (first MSVC compile of the test tree)	2026-09-07T18:41:47.6810623Z   swim2_media_test.vcxproj -> D:\a\pom68k\pom68k\build-tests\Release\swim2_media_test.exe
windows	Build the gate executables (first MSVC compile of the test tree)	2026-09-07T18:41:47.7676801Z   valkyrie_i2c_test.cpp
windows	Build the gate executables (first MSVC compile of the test tree)	2026-09-07T18:41:47.7835208Z   video_beam_test.cpp
windows	Build the gate executables (first MSVC compile of the test tree)	2026-09-07T18:41:48.2519439Z   duo230_boot_etalon.vcxproj -> D:\a\pom68k\pom68k\build-tests\Release\duo230_boot_etalon.exe
windows	Build the gate executables (first MSVC compile of the test tree)	2026-09-07T18:41:48.7020340Z   egret_test.cpp
windows	Build the gate executables (first MSVC compile of the test tree)	2026-09-07T18:41:48.8090336Z   GuiSmokeScenario.cpp
windows	Build the gate executables (first MSVC compile of the test tree)	2026-09-07T18:41:49.0598600Z   disk_boot_etalon.vcxproj -> D:\a\pom68k\pom68k\build-tests\Release\disk_boot_etalon.exe
windows	Build the gate executables (first MSVC compile of the test tree)	2026-09-07T18:41:49.4359866Z   valkyrie_i2c_test.vcxproj -> D:\a\pom68k\pom68k\build-tests\Release\valkyrie_i2c_test.exe
windows	Build the gate executables (first MSVC compile of the test tree)	2026-09-07T18:41:49.4797463Z   contention_test.cpp
windows	Build the gate executables (first MSVC compile of the test tree)	2026-09-07T18:41:49.5116337Z   compact_beyond_etalon.cpp
windows	Build the gate executables (first MSVC compile of the test tree)	2026-09-07T18:41:49.5455627Z   video_beam_test.vcxproj -> D:\a\pom68k\pom68k\build-tests\Release\video_beam_test.exe
windows	Build the gate executables (first MSVC compile of the test tree)	2026-09-07T18:41:50.8871961Z   egret_test.vcxproj -> D:\a\pom68k\pom68k\build-tests\Release\egret_test.exe
windows	Build the gate executables (first MSVC compile of the test tree)	2026-09-07T18:41:51.6702279Z   classic2_boot_etalon.cpp
windows	Build the gate executables (first MSVC compile of the test tree)	2026-09-07T18:41:52.4843736Z   contention_test.vcxproj -> D:\a\pom68k\pom68k\build-tests\Release\contention_test.exe
windows	Build the gate executables (first MSVC compile of the test tree)	2026-09-07T18:41:53.3288375Z   PlatformComposers.cpp
windows	Build the gate executables (first MSVC compile of the test tree)	2026-09-07T18:41:53.4056448Z   cclassic2_boot_etalon.cpp
windows	Build the gate executables (first MSVC compile of the test tree)	2026-09-07T18:41:55.7949297Z   atalk_stack_test.cpp
windows	Build the gate executables (first MSVC compile of the test tree)	2026-09-07T18:41:59.1228973Z   compact_beyond_etalon.vcxproj -> D:\a\pom68k\pom68k\build-tests\Release\compact_beyond_etalon.exe
windows	Build the gate executables (first MSVC compile of the test tree)	2026-09-07T18:42:00.4593576Z   classic2_boot_etalon.vcxproj -> D:\a\pom68k\pom68k\build-tests\Release\classic2_boot_etalon.exe
windows	Build the gate executables (first MSVC compile of the test tree)	2026-09-07T18:42:01.0052440Z   cclassic2_boot_etalon.vcxproj -> D:\a\pom68k\pom68k\build-tests\Release\cclassic2_boot_etalon.exe
windows	Build the gate executables (first MSVC compile of the test tree)	2026-09-07T18:42:01.2743425Z   atalk_stack_test.vcxproj -> D:\a\pom68k\pom68k\build-tests\Release\atalk_stack_test.exe
windows	Build the gate executables (first MSVC compile of the test tree)	2026-09-07T18:42:03.2975549Z   PlatformCompact.cpp
windows	Build the gate executables (first MSVC compile of the test tree)	2026-09-07T18:42:08.6682695Z   PlatformToby.cpp
windows	Build the gate executables (first MSVC compile of the test tree)	2026-09-07T18:42:13.2243722Z   PlatformV8.cpp
windows	Build the gate executables (first MSVC compile of the test tree)	2026-09-07T18:42:17.6005133Z   PlatformSonora.cpp
windows	Build the gate executables (first MSVC compile of the test tree)	2026-09-07T18:42:22.3660852Z   PlatformDafb.cpp
windows	Build the gate executables (first MSVC compile of the test tree)	2026-09-07T18:42:27.5087400Z   PlatformDuo.cpp
windows	Build the gate executables (first MSVC compile of the test tree)	2026-09-07T18:42:31.8308196Z   miniaudio_impl.cpp
windows	Build the gate executables (first MSVC compile of the test tree)	2026-09-07T18:42:32.8292525Z   FloppySound.cpp
windows	Build the gate executables (first MSVC compile of the test tree)	2026-09-07T18:42:34.7659010Z   DiskBays.cpp
windows	Build the gate executables (first MSVC compile of the test tree)	2026-09-07T18:42:36.8252731Z   PeripheralWindow.cpp
windows	Build the gate executables (first MSVC compile of the test tree)	2026-09-07T18:42:39.0704032Z   DockLayout.cpp
windows	Build the gate executables (first MSVC compile of the test tree)	2026-09-07T18:42:39.6837797Z   imgui.cpp
windows	Build the gate executables (first MSVC compile of the test tree)	2026-09-07T18:42:40.3782139Z   imgui_demo.cpp
windows	Build the gate executables (first MSVC compile of the test tree)	2026-09-07T18:42:40.6237648Z   imgui_draw.cpp
windows	Build the gate executables (first MSVC compile of the test tree)	2026-09-07T18:42:40.9821640Z   Generating Code...
windows	Build the gate executables (first MSVC compile of the test tree)	2026-09-07T18:43:20.0964780Z   Compiling...
windows	Build the gate executables (first MSVC compile of the test tree)	2026-09-07T18:43:20.0965427Z   imgui_tables.cpp
windows	Build the gate executables (first MSVC compile of the test tree)	2026-09-07T18:43:20.3642463Z   imgui_widgets.cpp
windows	Build the gate executables (first MSVC compile of the test tree)	2026-09-07T18:43:20.7708930Z   imgui_impl_glfw.cpp
windows	Build the gate executables (first MSVC compile of the test tree)	2026-09-07T18:43:21.2633223Z   imgui_impl_opengl3.cpp
windows	Build the gate executables (first MSVC compile of the test tree)	2026-09-07T18:43:21.5370238Z   Generating Code...
windows	Build the gate executables (first MSVC compile of the test tree)	2026-09-07T18:43:25.2788395Z   POM68K.vcxproj -> D:\a\pom68k\pom68k\build-tests\Release\POM68K.exe
windows	Build the gate executables (first MSVC compile of the test tree)	2026-09-07T18:43:25.5449855Z   Building Custom Rule D:/a/pom68k/pom68k/CMakeLists.txt
windows	Run the asset-free tier in the release configuration	﻿2026-09-07T18:43:26.0790914Z ##[group]Run ctest --test-dir build-tests -C Release -L asset-none -j 4 --output-on-failure
windows	Run the asset-free tier in the release configuration	2026-09-07T18:43:26.0791791Z ^[[36;1mctest --test-dir build-tests -C Release -L asset-none -j 4 --output-on-failure^[[0m
windows	Run the asset-free tier in the release configuration	2026-09-07T18:43:26.0792324Z ^[[36;1mif ($LASTEXITCODE -ne 0) { exit 1 }^[[0m
windows	Run the asset-free tier in the release configuration	2026-09-07T18:43:26.0898548Z shell: C:\Program Files\PowerShell\7\pwsh.EXE -command ". '{0}'"
windows	Run the asset-free tier in the release configuration	2026-09-07T18:43:26.0899138Z env:
windows	Run the asset-free tier in the release configuration	2026-09-07T18:43:26.0899378Z   IMGUI_TAG: v1.92.8-docking
windows	Run the asset-free tier in the release configuration	2026-09-07T18:43:26.0899673Z ##[endgroup]
windows	Run the asset-free tier in the release configuration	2026-09-07T18:43:27.2327957Z Test project D:/a/pom68k/pom68k/build-tests
windows	Run the asset-free tier in the release configuration	2026-09-07T18:43:27.3578193Z       Start   1: gui_smoke_test
windows	Run the asset-free tier in the release configuration	2026-09-07T18:43:27.9020981Z  1/82 Test   #1: gui_smoke_test ........................***Failed    0.54 sec
windows	Run the asset-free tier in the release configuration	2026-09-07T18:43:27.9021993Z GLFW error 65542: WGL: The driver does not appear to support OpenGL
windows	Run the asset-free tier in the release configuration	2026-09-07T18:43:27.9023705Z POM68K — Macintosh 68k emulator
windows	Run the asset-free tier in the release configuration	2026-09-07T18:43:27.9024508Z No Mac Plus ROM — running built-in 68000 demo. Drop macplus.rom (128K) in roms/ for the real thing.
windows	Run the asset-free tier in the release configuration	2026-09-07T18:43:27.9025405Z FAIL: POM68K GUI smoke scenario exited 1
windows	Run the asset-free tier in the release configuration	2026-09-07T18:43:27.9025613Z 
windows	Run the asset-free tier in the release configuration	2026-09-07T18:43:27.9148275Z       Start   2: cpu_smoke
windows	Run the asset-free tier in the release configuration	2026-09-07T18:43:27.9200430Z       Start   3: demo_screenshot
windows	Run the asset-free tier in the release configuration	2026-09-07T18:43:27.9245447Z       Start   4: contention_test
windows	Run the asset-free tier in the release configuration	2026-09-07T18:43:27.9287416Z       Start   6: gcr_test
windows	Run the asset-free tier in the release configuration	2026-09-07T18:43:27.9366025Z  2/82 Test   #4: contention_test .......................   Passed    0.01 sec
windows	Run the asset-free tier in the release configuration	2026-09-07T18:43:27.9372458Z       Start   7: iwm_write_test
windows	Run the asset-free tier in the release configuration	2026-09-07T18:43:27.9648262Z  3/82 Test   #7: iwm_write_test ........................   Passed    0.03 sec
windows	Run the asset-free tier in the release configuration	2026-09-07T18:43:27.9649252Z       Start   8: iwm_read_test
windows	Run the asset-free tier in the release configuration	2026-09-07T18:43:28.0025708Z  4/82 Test   #6: gcr_test ..............................   Passed    0.07 sec
windows	Run the asset-free tier in the release configuration	2026-09-07T18:43:28.0030823Z       Start   9: swim1_test
windows	Run the asset-free tier in the release configuration	2026-09-07T18:43:28.0544223Z  5/82 Test   #8: iwm_read_test .........................   Passed    0.09 sec
windows	Run the asset-free tier in the release configuration	2026-09-07T18:43:28.0550571Z       Start  10: savestate_test
windows	Run the asset-free tier in the release configuration	2026-09-07T18:43:28.0618604Z  6/82 Test   #9: swim1_test ............................   Passed    0.06 sec
windows	Run the asset-free tier in the release configuration	2026-09-07T18:43:28.0624334Z       Start  11: savestate_v8_test
windows	Run the asset-free tier in the release configuration	2026-09-07T18:43:28.0781247Z  7/82 Test  #10: savestate_test ........................   Passed    0.02 sec
windows	Run the asset-free tier in the release configuration	2026-09-07T18:43:28.0785639Z       Start  13: savestate_040_test
windows	Run the asset-free tier in the release configuration	2026-09-07T18:43:28.3395952Z  8/82 Test  #11: savestate_v8_test .....................   Passed    0.28 sec
windows	Run the asset-free tier in the release configuration	2026-09-07T18:43:28.3401660Z       Start  19: scsi_target_test
windows	Run the asset-free tier in the release configuration	2026-09-07T18:43:28.3630978Z  9/82 Test  #19: scsi_target_test ......................   Passed    0.02 sec
windows	Run the asset-free tier in the release configuration	2026-09-07T18:43:28.3636321Z       Start  25: dir2hfs_selftest
windows	Run the asset-free tier in the release configuration	2026-09-07T18:43:28.7127537Z 10/82 Test   #2: cpu_smoke .............................***Exception: SegFault  0.80 sec
windows	Run the asset-free tier in the release configuration	2026-09-07T18:43:28.7128630Z 
windows	Run the asset-free tier in the release configuration	2026-09-07T18:43:28.7133571Z       Start  27: scc_ext_test
windows	Run the asset-free tier in the release configuration	2026-09-07T18:43:28.7282493Z 11/82 Test  #27: scc_ext_test ..........................   Passed    0.01 sec
windows	Run the asset-free tier in the release configuration	2026-09-07T18:43:28.7283617Z       Start  28: llap_loop_test
windows	Run the asset-free tier in the release configuration	2026-09-07T18:43:28.7349813Z 12/82 Test   #3: demo_screenshot .......................***Exception: SegFault  0.81 sec
windows	Run the asset-free tier in the release configuration	2026-09-07T18:43:28.7350849Z 
windows	Run the asset-free tier in the release configuration	2026-09-07T18:43:28.7400641Z       Start  29: ltoudp_test
windows	Run the asset-free tier in the release configuration	2026-09-07T18:43:28.7416851Z 13/82 Test  #28: llap_loop_test ........................   Passed    0.01 sec
windows	Run the asset-free tier in the release configuration	2026-09-07T18:43:28.7418360Z       Start  30: atalk_stack_test
windows	Run the asset-free tier in the release configuration	2026-09-07T18:43:28.7491043Z 14/82 Test  #29: ltoudp_test ...........................   Passed    0.01 sec
windows	Run the asset-free tier in the release configuration	2026-09-07T18:43:28.7492420Z       Start  31: daynaport_test
windows	Run the asset-free tier in the release configuration	2026-09-07T18:43:28.7549234Z 15/82 Test  #30: atalk_stack_test ......................   Passed    0.01 sec
windows	Run the asset-free tier in the release configuration	2026-09-07T18:43:28.7554878Z       Start  32: asset_fingerprint_test
windows	Run the asset-free tier in the release configuration	2026-09-07T18:43:28.7617440Z 16/82 Test  #31: daynaport_test ........................   Passed    0.01 sec
windows	Run the asset-free tier in the release configuration	2026-09-07T18:43:28.7621900Z       Start  33: fixture_store_test
windows	Run the asset-free tier in the release configuration	2026-09-07T18:43:28.7750065Z 17/82 Test  #32: asset_fingerprint_test ................   Passed    0.02 sec
windows	Run the asset-free tier in the release configuration	2026-09-07T18:43:28.7756764Z       Start  34: asset_lock_test
windows	Run the asset-free tier in the release configuration	2026-09-07T18:43:28.7819314Z 18/82 Test  #33: fixture_store_test ....................   Passed    0.02 sec
windows	Run the asset-free tier in the release configuration	2026-09-07T18:43:28.7824476Z       Start  35: machinehost_test
windows	Run the asset-free tier in the release configuration	2026-09-07T18:43:28.8869881Z 19/82 Test  #35: machinehost_test ......................***Failed    0.10 sec
windows	Run the asset-free tier in the release configuration	2026-09-07T18:43:28.8871644Z Q605: no MCU firmware dump found — running the NON-CONFORMANT HLE substitute (docs/LLE_VS_HLE.md §2)
windows	Run the asset-free tier in the release configuration	2026-09-07T18:43:28.8872744Z ok   the GUI speed gauge arms without inventing a first sample
windows	Run the asset-free tier in the release configuration	2026-09-07T18:43:28.8873485Z ok   the GUI speed gauge waits for a half-second window
windows	Run the asset-free tier in the release configuration	2026-09-07T18:43:28.8874227Z ok   the GUI speed gauge reports exact real-time progress
windows	Run the asset-free tier in the release configuration	2026-09-07T18:43:28.8875013Z ok   a machine-clock reset re-arms the GUI speed gauge
windows	Run the asset-free tier in the release configuration	2026-09-07T18:43:28.8876232Z ok   GUI fast-forward starts disabled so double-click timing is preserved
windows	Run the asset-free tier in the release configuration	2026-09-07T18:43:28.8877053Z ok   latchFrame refuses before the first frame exists
windows	Run the asset-free tier in the release configuration	2026-09-07T18:43:28.8877631Z ok   publish(force) renders exactly one frame
windows	Run the asset-free tier in the release configuration	2026-09-07T18:43:28.8878103Z ok   the GUI speed gauge uses the platform's real machine rate
windows	Run the asset-free tier in the release configuration	2026-09-07T18:43:28.8878678Z ok   publish exposes real machine cycles, not boosted core cycles
windows	Run the asset-free tier in the release configuration	2026-09-07T18:43:28.8879128Z ok   latchFrame succeeds after publish
windows	Run the asset-free tier in the release configuration	2026-09-07T18:43:28.8879530Z ok   the latched frame carries the platform's geometry
windows	Run the asset-free tier in the release configuration	2026-09-07T18:43:28.8879944Z ok   the latched frame carries its pixels
windows	Run the asset-free tier in the release configuration	2026-09-07T18:43:28.8880570Z ok   an already-latched frame is not mutated by the next publish
windows	Run the asset-free tier in the release configuration	2026-09-07T18:43:28.8881070Z ok   the next latch sees the new geometry
windows	Run the asset-free tier in the release configuration	2026-09-07T18:43:28.8881519Z ok   publish() inside the 16 ms window with no frame run is a no-op
windows	Run the asset-free tier in the release configuration	2026-09-07T18:43:28.8882054Z ok   a frame emulated since the last publish forces one through
windows	Run the asset-free tier in the release configuration	2026-09-07T18:43:28.8882509Z ok   a 68040 starts on the accelerated engine
windows	Run the asset-free tier in the release configuration	2026-09-07T18:43:28.8882964Z ok   cpuEngine() does NOT follow the click before the queue drains
windows	Run the asset-free tier in the release configuration	2026-09-07T18:43:28.8883572Z ok   cpuEngine() follows the machine after apply
windows	Run the asset-free tier in the release configuration	2026-09-07T18:43:28.8884153Z ok   the CPU really swapped to the reference engine
windows	Run the asset-free tier in the release configuration	2026-09-07T18:43:28.8884878Z ok   a batch of conflicting commands applies in order, last wins
windows	Run the asset-free tier in the release configuration	2026-09-07T18:43:28.8885395Z ok   setFloppyInserted is visible to the GUI
windows	Run the asset-free tier in the release configuration	2026-09-07T18:43:28.8885836Z ok   EjectFloppy clears the flag on apply
windows	Run the asset-free tier in the release configuration	2026-09-07T18:43:28.8886279Z ok   InsertFloppy of a missing path leaves the flag clear
windows	Run the asset-free tier in the release configuration	2026-09-07T18:43:28.8886828Z FAIL each batched floppy command keeps its own path
windows	Run the asset-free tier in the release configuration	2026-09-07T18:43:28.8887301Z FAIL failed later insert keeps the successful media path
windows	Run the asset-free tier in the release configuration	2026-09-07T18:43:28.8887753Z ok   eject clears the published media path
windows	Run the asset-free tier in the release configuration	2026-09-07T18:43:28.8888141Z FAIL a disk is in the drive and named
windows	Run the asset-free tier in the release configuration	2026-09-07T18:43:28.8888525Z ok   a guest-side eject clears the published floppy flag
windows	Run the asset-free tier in the release configuration	2026-09-07T18:43:28.8905304Z ok   a guest-side eject clears the published media path
windows	Run the asset-free tier in the release configuration	2026-09-07T18:43:28.8906157Z FAIL a bay command does not disturb the floppy flag
windows	Run the asset-free tier in the release configuration	2026-09-07T18:43:28.8907715Z ok   a paused machine emulates nothing
windows	Run the asset-free tier in the release configuration	2026-09-07T18:43:28.8908369Z ok   a paused machine still services the queue and sleeps
windows	Run the asset-free tier in the release configuration	2026-09-07T18:43:28.8909118Z ok   default pacing runs one guest frame and requests a real-time sleep
windows	Run the asset-free tier in the release configuration	2026-09-07T18:43:28.8909951Z ok   the fast-forward branch emulates at least one quantum
windows	Run the asset-free tier in the release configuration	2026-09-07T18:43:28.8910630Z ok   a silent machine pushes no audio
windows	Run the asset-free tier in the release configuration	2026-09-07T18:43:28.8911306Z ok   the first audible drain pushes a frame and arms audio pacing
windows	Run the asset-free tier in the release configuration	2026-09-07T18:43:28.8911822Z ok   with the device started, pacing switches to pushRaw()
windows	Run the asset-free tier in the release configuration	2026-09-07T18:43:28.8912261Z ok   a mono platform never reaches the stereo entry points
windows	Run the asset-free tier in the release configuration	2026-09-07T18:43:28.8912663Z ok   a stereo platform uses pushFrameStereo()
windows	Run the asset-free tier in the release configuration	2026-09-07T18:43:28.8913023Z ok   a stereo platform uses pushRawStereo()
windows	Run the asset-free tier in the release configuration	2026-09-07T18:43:28.8913490Z SaveState: Save states: profil non câblé
windows	Run the asset-free tier in the release configuration	2026-09-07T18:43:28.8913893Z ok   an unwired save-state profile is refused, not crashed into
windows	Run the asset-free tier in the release configuration	2026-09-07T18:43:28.8915288Z ok   recording: the tick follows the machine, not the click
windows	Run the asset-free tier in the release configuration	2026-09-07T18:43:28.8915814Z InputJournal: Enregistrement → machinehost_test.rec
windows	Run the asset-free tier in the release configuration	2026-09-07T18:43:28.8916282Z ok   recording: the start lands between two quanta
windows	Run the asset-free tier in the release configuration	2026-09-07T18:43:28.8916901Z InputJournal: Enregistré: machinehost_test.rec (10 évènements)
windows	Run the asset-free tier in the release configuration	2026-09-07T18:43:28.8917474Z ok   recording: the stop lands between two quanta
windows	Run the asset-free tier in the release configuration	2026-09-07T18:43:28.8917847Z ok   recording: the outcome names its event count
windows	Run the asset-free tier in the release configuration	2026-09-07T18:43:28.8918191Z ok   recording: the journal reads back
windows	Run the asset-free tier in the release configuration	2026-09-07T18:43:28.8919035Z ok   recording: the stop wrote the end record
windows	Run the asset-free tier in the release configuration	2026-09-07T18:43:28.8919699Z ok   recording: the identity notes ride in the header
windows	Run the asset-free tier in the release configuration	2026-09-07T18:43:28.8920347Z ok   recording: all ten commands recorded
windows	Run the asset-free tier in the release configuration	2026-09-07T18:43:28.8921344Z ok   recording: journal names mirror Cmd::T in enum order
windows	Run the asset-free tier in the release configuration	2026-09-07T18:43:28.8922077Z ok   recording: clocks are monotone from the start record
windows	Run the asset-free tier in the release configuration	2026-09-07T18:43:28.8922815Z ok   recording: a media path rides with its command
windows	Run the asset-free tier in the release configuration	2026-09-07T18:43:28.8923482Z ok   recording: the initial snapshot was written
windows	Run the asset-free tier in the release configuration	2026-09-07T18:43:28.8924483Z ok   recording: the snapshot reads back whole
windows	Run the asset-free tier in the release configuration	2026-09-07T18:43:28.8925220Z ok   recording: the journal's statehash matches the snapshot
windows	Run the asset-free tier in the release configuration	2026-09-07T18:43:28.8926206Z InputJournal: Enregistrement refusé: profil non câblé
windows	Run the asset-free tier in the release configuration	2026-09-07T18:43:28.8926991Z ok   recording: an unwired profile is refused with its reason
windows	Run the asset-free tier in the release configuration	2026-09-07T18:43:28.8927762Z ok   recording: an unwired profile leaves no journal behind
windows	Run the asset-free tier in the release configuration	2026-09-07T18:43:28.8928800Z InputJournal: Enregistrement → machinehost_test.base-20260907-184328.journal
windows	Run the asset-free tier in the release configuration	2026-09-07T18:43:28.8929747Z ok   recording: the menu form arms too
windows	Run the asset-free tier in the release configuration	2026-09-07T18:43:28.8930456Z ok   recording: the derived path is stamped beside the state file
windows	Run the asset-free tier in the release configuration	2026-09-07T18:43:28.8931625Z InputJournal: Enregistré: machinehost_test.base-20260907-184328.journal (0 évènements)
windows	Run the asset-free tier in the release configuration	2026-09-07T18:43:28.8932645Z ok   recording: session teardown closes an open recording
windows	Run the asset-free tier in the release configuration	2026-09-07T18:43:28.8933403Z ok   recording: the teardown-closed journal reads back whole
windows	Run the asset-free tier in the release configuration	2026-09-07T18:43:28.8934164Z ok   the machine thread runs quanta of its own accord
windows	Run the asset-free tier in the release configuration	2026-09-07T18:43:28.8934820Z ok   stop() joins without hanging
windows	Run the asset-free tier in the release configuration	2026-09-07T18:43:28.8935338Z ok   stop() is idempotent
windows	Run the asset-free tier in the release configuration	2026-09-07T18:43:28.8936368Z ok   destruction after an explicit stop() does not terminate
windows	Run the asset-free tier in the release configuration	2026-09-07T18:43:28.8937232Z ok   destruction WITHOUT an explicit stop() joins the thread
windows	Run the asset-free tier in the release configuration	2026-09-07T18:43:28.8937858Z FAILED
windows	Run the asset-free tier in the release configuration	2026-09-07T18:43:28.8938046Z 
windows	Run the asset-free tier in the release configuration	2026-09-07T18:43:28.8938254Z       Start  36: input_journal_test
windows	Run the asset-free tier in the release configuration	2026-09-07T18:43:29.0759506Z 20/82 Test  #13: savestate_040_test ....................   Passed    1.00 sec
windows	Run the asset-free tier in the release configuration	2026-09-07T18:43:29.0765924Z       Start  37: docs_test
windows	Run the asset-free tier in the release configuration	2026-09-07T18:43:29.2064598Z 21/82 Test  #36: input_journal_test ....................***Exception: SegFault  0.32 sec
windows	Run the asset-free tier in the release configuration	2026-09-07T18:43:29.2065339Z 
windows	Run the asset-free tier in the release configuration	2026-09-07T18:43:29.2072808Z       Start  38: config_test
windows	Run the asset-free tier in the release configuration	2026-09-07T18:43:29.4174986Z 22/82 Test  #38: config_test ...........................***Failed    0.21 sec
windows	Run the asset-free tier in the release configuration	2026-09-07T18:43:29.4175940Z ok   harvested the knob surface from the tree (222 names)
windows	Run the asset-free tier in the release configuration	2026-09-07T18:43:29.4176781Z ok   config_knobs.tsv has one exact row per harvested knob (222 rows)
windows	Run the asset-free tier in the release configuration	2026-09-07T18:43:29.4177602Z ok   configured gate roster is available to config_test
windows	Run the asset-free tier in the release configuration	2026-09-07T18:43:29.4178426Z note: 9 gate(s) exist only on the other host; a knob may cite them
windows	Run the asset-free tier in the release configuration	2026-09-07T18:43:29.4179377Z FAIL product knob `POM68K_SHARE_DIR` cites missing gate `afp_server_test`
windows	Run the asset-free tier in the release configuration	2026-09-07T18:43:29.4180490Z ok   all four lifecycle classes are represented (product=68, diagnostic=52, test=87, chantier=15)
windows	Run the asset-free tier in the release configuration	2026-09-07T18:43:29.4181664Z ok   DEV.md § 5 found
windows	Run the asset-free tier in the release configuration	2026-09-07T18:43:29.4182352Z ok   DEV.md § 5 + POM68K_JIT.md declare 208 names and 4 prefixes
windows	Run the asset-free tier in the release configuration	2026-09-07T18:43:29.4183192Z ok   every knob the code reads is documented (222 checked)
windows	Run the asset-free tier in the release configuration	2026-09-07T18:43:29.4184011Z ok   every documented knob exists in the code (208 checked, 8 retired)
windows	Run the asset-free tier in the release configuration	2026-09-07T18:43:29.4185149Z ok   retired knob `POM68K_PERIPH_BATCH` is absent from the tree
windows	Run the asset-free tier in the release configuration	2026-09-07T18:43:29.4186607Z ok   retired knob `POM68K_PGE_ADB` is absent from the tree
windows	Run the asset-free tier in the release configuration	2026-09-07T18:43:29.4187397Z ok   retired knob `POM68K_PGE_ADBMOUSE` is absent from the tree
windows	Run the asset-free tier in the release configuration	2026-09-07T18:43:29.4190476Z ok   retired knob `POM68K_PGE_ADBRX` is absent from the tree
windows	Run the asset-free tier in the release configuration	2026-09-07T18:43:29.4191663Z ok   retired knob `POM68K_PGE_CB1BYTE` is absent from the tree
windows	Run the asset-free tier in the release configuration	2026-09-07T18:43:29.4192426Z ok   retired knob `POM68K_PGE_CB1INT` is absent from the tree
windows	Run the asset-free tier in the release configuration	2026-09-07T18:43:29.4193602Z ok   retired knob `POM68K_PGE_CHARGER` is absent from the tree
windows	Run the asset-free tier in the release configuration	2026-09-07T18:43:29.4194359Z ok   retired knob `POM68K_Q900_ADB` is absent from the tree
windows	Run the asset-free tier in the release configuration	2026-09-07T18:43:29.4194980Z FAILED
windows	Run the asset-free tier in the release configuration	2026-09-07T18:43:29.4195175Z 
windows	Run the asset-free tier in the release configuration	2026-09-07T18:43:29.4195427Z       Start  39: store_inventory_test
windows	Run the asset-free tier in the release configuration	2026-09-07T18:43:29.4571765Z 23/82 Test  #39: store_inventory_test ..................   Passed    0.04 sec
windows	Run the asset-free tier in the release configuration	2026-09-07T18:43:29.4576776Z       Start  40: folderprobe_test
windows	Run the asset-free tier in the release configuration	2026-09-07T18:43:29.4677106Z 24/82 Test  #40: folderprobe_test ......................   Passed    0.01 sec
windows	Run the asset-free tier in the release configuration	2026-09-07T18:43:29.4681532Z       Start  41: peripheral_lle_test
windows	Run the asset-free tier in the release configuration	2026-09-07T18:43:29.4831890Z 25/82 Test  #41: peripheral_lle_test ...................   Passed    0.01 sec
windows	Run the asset-free tier in the release configuration	2026-09-07T18:43:29.4836998Z       Start  46: cpu_wrapper_smoke
windows	Run the asset-free tier in the release configuration	2026-09-07T18:43:29.6491420Z 26/82 Test  #37: docs_test .............................***Failed    0.57 sec
windows	Run the asset-free tier in the release configuration	2026-09-07T18:43:29.6492378Z ok   Machine menu consumes the compiled profile catalogue
windows	Run the asset-free tier in the release configuration	2026-09-07T18:43:29.6492994Z ok   snapshot ids live beside the profile catalogue
windows	Run the asset-free tier in the release configuration	2026-09-07T18:43:29.6493550Z ok   compiled machine catalogue is non-empty
windows	Run the asset-free tier in the release configuration	2026-09-07T18:43:29.6494078Z ok   CLAUDE.md states a profile count somewhere
windows	Run the asset-free tier in the release configuration	2026-09-07T18:43:29.6494612Z ok   CLAUDE.md profile count 37 == 37 in the code
windows	Run the asset-free tier in the release configuration	2026-09-07T18:43:29.6495217Z ok   headless application architecture files are present
windows	Run the asset-free tier in the release configuration	2026-09-07T18:43:29.6495972Z ok   leaf devices consume subsystem views instead of the CoreConfig bag
windows	Run the asset-free tier in the release configuration	2026-09-07T18:43:29.6497048Z ok   board composition roots require explicit CoreConfig injection
windows	Run the asset-free tier in the release configuration	2026-09-07T18:43:29.6497745Z ok   LLE qualification state is a type, not loose globals
windows	Run the asset-free tier in the release configuration	2026-09-07T18:43:29.6498318Z ok   a MachineSession owns its LLE registry
windows	Run the asset-free tier in the release configuration	2026-09-07T18:43:29.6498929Z ok   devices receive their LLE registry through the core policy
windows	Run the asset-free tier in the release configuration	2026-09-07T18:43:29.6499664Z ok   configured CPU leaves require explicit CoreCpuConfig injection
windows	Run the asset-free tier in the release configuration	2026-09-07T18:43:29.6500452Z ok   core policy has one explicit fixture default and no section fallbacks
windows	Run the asset-free tier in the release configuration	2026-09-07T18:43:29.6501311Z ok   main injects ProcessEnvironment into RuntimeConfig before composition
windows	Run the asset-free tier in the release configuration	2026-09-07T18:43:29.6502169Z ok   RuntimeConfig composes typed domains without legacy knob spellings
windows	Run the asset-free tier in the release configuration	2026-09-07T18:43:29.6503060Z ok   startup decoding has separate compatibility, product, core and machine owners
windows	Run the asset-free tier in the release configuration	2026-09-07T18:43:29.6503973Z ok   startup options have one unique typed schema consumed by decoders
windows	Run the asset-free tier in the release configuration	2026-09-07T18:43:29.6504765Z ok   all startup options declare a value policy; only five stay custom
windows	Run the asset-free tier in the release configuration	2026-09-07T18:43:29.6505549Z ok   typed boolean policies preserve all legacy empty and false forms
windows	Run the asset-free tier in the release configuration	2026-09-07T18:43:29.6506208Z ok   typed integer policies own radix and bounds
windows	Run the asset-free tier in the release configuration	2026-09-07T18:43:29.6507017Z ok   StartupSnapshot rejects unknown names and publishes immutable typed values
windows	Run the asset-free tier in the release configuration	2026-09-07T18:43:29.6507827Z ok   the unified startup schema owns all 41 typed JIT options
windows	Run the asset-free tier in the release configuration	2026-09-07T18:43:29.6508575Z ok   each startup decoder is compile-time restricted to its option domain
windows	Run the asset-free tier in the release configuration	2026-09-07T18:43:29.6509395Z ok   main is a cold composition root with no concrete GUI dependency
windows	Run the asset-free tier in the release configuration	2026-09-07T18:43:29.6510191Z ok   MachineSession type-erases the concrete core/host/UI runtime
windows	Run the asset-free tier in the release configuration	2026-09-07T18:43:29.6510903Z ok   MachineSession owns the concrete runtime with RAII
windows	Run the asset-free tier in the release configuration	2026-09-07T18:43:29.6511557Z ok   GUI runtime owns decomposed host/UI process state with RAII
windows	Run the asset-free tier in the release configuration	2026-09-07T18:43:29.6512636Z ok   machines receive host services directly without a reverse pointer
windows	Run the asset-free tier in the release configuration	2026-09-07T18:43:29.6513472Z ok   GUI window, ImGui backend and texture handles have one RAII owner
windows	Run the asset-free tier in the release configuration	2026-09-07T18:43:29.6514253Z ok   ROM identity dispatch belongs to MachineFactory, not main.cpp
windows	Run the asset-free tier in the release configuration	2026-09-07T18:43:29.6515006Z ok   profile routing consumes typed selections and retains no raw map
windows	Run the asset-free tier in the release configuration	2026-09-07T18:43:29.6515928Z ok   Machine menu marks the actual typed snapshot as current
windows	Run the asset-free tier in the release configuration	2026-09-07T18:43:29.6516909Z ok   Machine menu relaunch is typed and never mutates process policy
windows	Run the asset-free tier in the release configuration	2026-09-07T18:43:29.6517748Z ok   Peripheral relaunch carries typed firmware policy without env mutation
windows	Run the asset-free tier in the release configuration	2026-09-07T18:43:29.6518578Z ok   RuntimeConfig parses typed ROM/media and exact relaunch inputs
windows	Run the asset-free tier in the release configuration	2026-09-07T18:43:29.6519350Z ok   RuntimeConfig injects product, JIT and core policy aggregates
windows	Run the asset-free tier in the release configuration	2026-09-07T18:43:29.6520098Z ok   typed configuration preserves empty-value default-on semantics
windows	Run the asset-free tier in the release configuration	2026-09-07T18:43:29.6520791Z ok   Q605 scheduler defaults remain explicitly reversible
windows	Run the asset-free tier in the release configuration	2026-09-07T18:43:29.6521507Z ok   RuntimeConfig preserves 0/1 environment semantics for strict mode
windows	Run the asset-free tier in the release configuration	2026-09-07T18:43:29.6522301Z ok   typed profile option overrides inherited identity and FPU policy
windows	Run the asset-free tier in the release configuration	2026-09-07T18:43:29.6523023Z ok   typed Q605 relaunch restores integrated 68040 FPU policy
windows	Run the asset-free tier in the release configuration	2026-09-07T18:43:29.6523770Z ok   typed relaunch replaces stale profile arguments without moving media
windows	Run the asset-free tier in the release configuration	2026-09-07T18:43:29.6524551Z ok   typed ADB policy overrides inherited mode and clears its path
windows	Run the asset-free tier in the release configuration	2026-09-07T18:43:29.6525285Z ok   typed Egret mode stays distinct and preserves colons in paths
windows	Run the asset-free tier in the release configuration	2026-09-07T18:43:29.6526034Z ok   typed Cuda policy overrides inherited HLE and path independently
windows	Run the asset-free tier in the release configuration	2026-09-07T18:43:29.6526824Z ok   typed firmware relaunch replaces stale policy without moving media
windows	Run the asset-free tier in the release configuration	2026-09-07T18:43:29.6527596Z ok   unrelated relaunch retains the current typed firmware policy
windows	Run the asset-free tier in the release configuration	2026-09-07T18:43:29.6528316Z ok   MachineFactory maps every platform's default ROM identity
windows	Run the asset-free tier in the release configuration	2026-09-07T18:43:29.6537446Z ok   MachineFactory routes every catalogue profile, including variants
windows	Run the asset-free tier in the release configuration	2026-09-07T18:43:29.6538315Z ok   typed relaunch option round-trips every shared-ROM profile
windows	Run the asset-free tier in the release configuration	2026-09-07T18:43:29.6539044Z ok   strict AArch64 mode accepts only qualified 1 MB 68040 ROMs
windows	Run the asset-free tier in the release configuration	2026-09-07T18:43:29.6539728Z ok   MachineSession retains and delegates once to its runtime
windows	Run the asset-free tier in the release configuration	2026-09-07T18:43:29.6540427Z ok   MachineSession destroys its owned runtime at session teardown
windows	Run the asset-free tier in the release configuration	2026-09-07T18:43:29.6541145Z ok   GUI session objects are destroyed in reverse dependency order
windows	Run the asset-free tier in the release configuration	2026-09-07T18:43:29.6541881Z ok   GuiShell, GuiHostServices and PlatformComposers are present
windows	Run the asset-free tier in the release configuration	2026-09-07T18:43:29.6542613Z ok   GUI runtime only owns and connects the three responsibilities
windows	Run the asset-free tier in the release configuration	2026-09-07T18:43:29.6543397Z ok   GuiHostServices owns network, audio, relaunch and diagnostics only
windows	Run the asset-free tier in the release configuration	2026-09-07T18:43:29.6544241Z ok   GuiShell owns windows, menus and six family render-loop units
windows	Run the asset-free tier in the release configuration	2026-09-07T18:43:29.6545107Z ok   PlatformComposers performs typed family construction without rendering
windows	Run the asset-free tier in the release configuration	2026-09-07T18:43:29.6546002Z ok   GUI shell loops use typed media and session-owned mutable state
windows	Run the asset-free tier in the release configuration	2026-09-07T18:43:29.6546723Z ok   GuiShell owns shared screen and ADB input mechanics
windows	Run the asset-free tier in the release configuration	2026-09-07T18:43:29.6547394Z ok   the GUI runtime consumes injected configuration without getenv
windows	Run the asset-free tier in the release configuration	2026-09-07T18:43:29.6548187Z ok   only ProcessEnvironment may read process-global configuration in src
windows	Run the asset-free tier in the release configuration	2026-09-07T18:43:29.6549086Z ok   ProcessEnvironment derives the sole process capture from option schemas
windows	Run the asset-free tier in the release configuration	2026-09-07T18:43:29.6549933Z ok   domain decoders use typed options instead of raw key strings
windows	Run the asset-free tier in the release configuration	2026-09-07T18:43:29.6550755Z ok   RuntimeConfig decoders have explicit inputs and no process-reading API
windows	Run the asset-free tier in the release configuration	2026-09-07T18:43:29.6551258Z ok   standalone JIT gates inject their own test-boundary snapshot
windows	Run the asset-free tier in the release configuration	2026-09-07T18:43:29.6551675Z ok   Duo shell preserves no-floppy and staged-CD capabilities
windows	Run the asset-free tier in the release configuration	2026-09-07T18:43:29.6552061Z ok   CMake root composes five ordered test responsibilities
windows	Run the asset-free tier in the release configuration	2026-09-07T18:43:29.6553257Z ok   CMake gates, dev tools and registry policy stay separated
windows	Run the asset-free tier in the release configuration	2026-09-07T18:43:29.6553623Z ok   GUI and gate locators both prefer hdv/ref fixtures
windows	Run the asset-free tier in the release configuration	2026-09-07T18:43:29.6554034Z ok   reference lookup and writable ref-to-work routing stay paired
windows	Run the asset-free tier in the release configuration	2026-09-07T18:43:29.6554528Z ok   all gate-local asset resolvers delegate to the ref-aware helper
windows	Run the asset-free tier in the release configuration	2026-09-07T18:43:29.6555256Z ok   pom68k_gates.tsv located (CMake writes it at configure time)
windows	Run the asset-free tier in the release configuration	2026-09-07T18:43:29.6555619Z ok   gate roster read from pom68k_gates.tsv
windows	Run the asset-free tier in the release configuration	2026-09-07T18:43:29.6556127Z ok   gate manifest has the versioned eight-column schema
windows	Run the asset-free tier in the release configuration	2026-09-07T18:43:29.6556492Z ok   gate manifest covers every registered gate exactly once
windows	Run the asset-free tier in the release configuration	2026-09-07T18:43:29.6556907Z ok   every gate manifest row has valid assets/host/scope/tier/config/slots
windows	Run the asset-free tier in the release configuration	2026-09-07T18:43:29.6557372Z ok   performance budget manifest has valid workload/family/host rows
windows	Run the asset-free tier in the release configuration	2026-09-07T18:43:29.6557851Z ok   performance policy separates daily hosts and pins measured Macintosh baselines
windows	Run the asset-free tier in the release configuration	2026-09-07T18:43:29.6558285Z ok   JIT metrics schema is explicit and versioned
windows	Run the asset-free tier in the release configuration	2026-09-07T18:43:29.6558628Z ok   x86-64 CI validates and archives structured JIT metrics
windows	Run the asset-free tier in the release configuration	2026-09-07T18:43:29.6558998Z ok   AArch64 CI validates and archives structured JIT metrics
windows	Run the asset-free tier in the release configuration	2026-09-07T18:43:29.6559507Z note: 9 host-conditional gate(s) not registered here; the documented union totals are held to account
windows	Run the asset-free tier in the release configuration	2026-09-07T18:43:29.6559977Z ok   TODO.md active backlog located
windows	Run the asset-free tier in the release configuration	2026-09-07T18:43:29.6560262Z ok   TODO.md delegates generated gate facts to STATUS.md
windows	Run the asset-free tier in the release configuration	2026-09-07T18:43:29.6560814Z ok   TODO.md contains only unchecked task markers
windows	Run the asset-free tier in the release configuration	2026-09-07T18:43:29.6561360Z ok   TODO.md contains only unchecked task markers
windows	Run the asset-free tier in the release configuration	2026-09-07T18:43:29.6561886Z ok   TODO.md contains only unchecked task markers
windows	Run the asset-free tier in the release configuration	2026-09-07T18:43:29.6562343Z ok   TODO.md contains only unchecked task markers
windows	Run the asset-free tier in the release configuration	2026-09-07T18:43:29.6562650Z ok   TODO.md contains only unchecked task markers
windows	Run the asset-free tier in the release configuration	2026-09-07T18:43:29.6562939Z ok   TODO.md contains only unchecked task markers
windows	Run the asset-free tier in the release configuration	2026-09-07T18:43:29.6563239Z ok   TODO.md contains only unchecked task markers
windows	Run the asset-free tier in the release configuration	2026-09-07T18:43:29.6563525Z ok   TODO.md contains only unchecked task markers
windows	Run the asset-free tier in the release configuration	2026-09-07T18:43:29.6563813Z ok   TODO.md contains only unchecked task markers
windows	Run the asset-free tier in the release configuration	2026-09-07T18:43:29.6564100Z ok   TODO.md contains only unchecked task markers
windows	Run the asset-free tier in the release configuration	2026-09-07T18:43:29.6564394Z ok   TODO.md contains only unchecked task markers
windows	Run the asset-free tier in the release configuration	2026-09-07T18:43:29.6564683Z ok   TODO.md contains only unchecked task markers
windows	Run the asset-free tier in the release configuration	2026-09-07T18:43:29.6564971Z ok   TODO.md contains only unchecked task markers
windows	Run the asset-free tier in the release configuration	2026-09-07T18:43:29.6565274Z ok   TODO.md contains only unchecked task markers
windows	Run the asset-free tier in the release configuration	2026-09-07T18:43:29.6565563Z ok   TODO.md contains only unchecked task markers
windows	Run the asset-free tier in the release configuration	2026-09-07T18:43:29.6565878Z ok   TODO.md contains only unchecked task markers
windows	Run the asset-free tier in the release configuration	2026-09-07T18:43:29.6566179Z ok   TODO.md contains only unchecked task markers
windows	Run the asset-free tier in the release configuration	2026-09-07T18:43:29.6566762Z ok   TODO.md contains only unchecked task markers
windows	Run the asset-free tier in the release configuration	2026-09-07T18:43:29.6567315Z ok   TODO.md contains only unchecked task markers
windows	Run the asset-free tier in the release configuration	2026-09-07T18:43:29.6567866Z ok   TODO.md contains only unchecked task markers
windows	Run the asset-free tier in the release configuration	2026-09-07T18:43:29.6568252Z ok   TODO.md contains only unchecked task markers
windows	Run the asset-free tier in the release configuration	2026-09-07T18:43:29.6568545Z ok   TODO.md contains only unchecked task markers
windows	Run the asset-free tier in the release configuration	2026-09-07T18:43:29.6568834Z ok   TODO.md contains only unchecked task markers
windows	Run the asset-free tier in the release configuration	2026-09-07T18:43:29.6569136Z ok   TODO.md contains only unchecked task markers
windows	Run the asset-free tier in the release configuration	2026-09-07T18:43:29.6569425Z ok   TODO.md contains only unchecked task markers
windows	Run the asset-free tier in the release configuration	2026-09-07T18:43:29.6569715Z ok   TODO.md contains only unchecked task markers
windows	Run the asset-free tier in the release configuration	2026-09-07T18:43:29.6570115Z ok   TODO.md contains only unchecked task markers
windows	Run the asset-free tier in the release configuration	2026-09-07T18:43:29.6570582Z ok   TODO.md contains only unchecked task markers
windows	Run the asset-free tier in the release configuration	2026-09-07T18:43:29.6571113Z ok   TODO.md contains only unchecked task markers
windows	Run the asset-free tier in the release configuration	2026-09-07T18:43:29.6571617Z ok   TODO.md contains only unchecked task markers
windows	Run the asset-free tier in the release configuration	2026-09-07T18:43:29.6572136Z ok   TODO.md contains only unchecked task markers
windows	Run the asset-free tier in the release configuration	2026-09-07T18:43:29.6572653Z ok   TODO.md contains only unchecked task markers
windows	Run the asset-free tier in the release configuration	2026-09-07T18:43:29.6573456Z ok   TODO.md contains only unchecked task markers
windows	Run the asset-free tier in the release configuration	2026-09-07T18:43:29.6574002Z ok   TODO.md contains only unchecked task markers
windows	Run the asset-free tier in the release configuration	2026-09-07T18:43:29.6574525Z ok   TODO.md contains only unchecked task markers
windows	Run the asset-free tier in the release configuration	2026-09-07T18:43:29.6575099Z ok   TODO.md contains only unchecked task markers
windows	Run the asset-free tier in the release configuration	2026-09-07T18:43:29.6575836Z ok   TODO.md contains only unchecked task markers
windows	Run the asset-free tier in the release configuration	2026-09-07T18:43:29.6576697Z ok   TODO.md contains only unchecked task markers
windows	Run the asset-free tier in the release configuration	2026-09-07T18:43:29.6577224Z ok   TODO.md contains only unchecked task markers
windows	Run the asset-free tier in the release configuration	2026-09-07T18:43:29.6577755Z ok   TODO.md contains only unchecked task markers
windows	Run the asset-free tier in the release configuration	2026-09-07T18:43:29.6578294Z ok   TODO.md contains only unchecked task markers
windows	Run the asset-free tier in the release configuration	2026-09-07T18:43:29.6578868Z ok   TODO.md contains only unchecked task markers
windows	Run the asset-free tier in the release configuration	2026-09-07T18:43:29.6579450Z ok   TODO.md contains only unchecked task markers
windows	Run the asset-free tier in the release configuration	2026-09-07T18:43:29.6580009Z ok   TODO.md contains only unchecked task markers
windows	Run the asset-free tier in the release configuration	2026-09-07T18:43:29.6580553Z ok   TODO.md contains only unchecked task markers
windows	Run the asset-free tier in the release configuration	2026-09-07T18:43:29.6581074Z ok   TODO.md contains only unchecked task markers
windows	Run the asset-free tier in the release configuration	2026-09-07T18:43:29.6581622Z ok   TODO.md contains only unchecked task markers
windows	Run the asset-free tier in the release configuration	2026-09-07T18:43:29.6582161Z ok   TODO.md contains only unchecked task markers
windows	Run the asset-free tier in the release configuration	2026-09-07T18:43:29.6582693Z ok   TODO.md contains only unchecked task markers
windows	Run the asset-free tier in the release configuration	2026-09-07T18:43:29.6583254Z ok   TODO.md contains only unchecked task markers
windows	Run the asset-free tier in the release configuration	2026-09-07T18:43:29.6583795Z ok   TODO.md contains only unchecked task markers
windows	Run the asset-free tier in the release configuration	2026-09-07T18:43:29.6584331Z ok   TODO.md contains only unchecked task markers
windows	Run the asset-free tier in the release configuration	2026-09-07T18:43:29.6584903Z ok   TODO.md contains only unchecked task markers
windows	Run the asset-free tier in the release configuration	2026-09-07T18:43:29.6585472Z ok   TODO.md contains only unchecked task markers
windows	Run the asset-free tier in the release configuration	2026-09-07T18:43:29.6586026Z ok   TODO.md contains only unchecked task markers
windows	Run the asset-free tier in the release configuration	2026-09-07T18:43:29.6586571Z ok   TODO.md contains only unchecked task markers
windows	Run the asset-free tier in the release configuration	2026-09-07T18:43:29.6587119Z ok   TODO.md contains actionable open work
windows	Run the asset-free tier in the release configuration	2026-09-07T18:43:29.6587691Z ok   every registered gate carries at least one label
windows	Run the asset-free tier in the release configuration	2026-09-07T18:43:29.6588268Z ok   CLAUDE.md names gates by their full name
windows	Run the asset-free tier in the release configuration	2026-09-07T18:43:29.6589322Z ok   CLAUDE.md names `docs_test` — registered here or declared host-conditional
windows	Run the asset-free tier in the release configuration	2026-09-07T18:43:29.6590488Z ok   CLAUDE.md names `file_size_budget_test` — registered here or declared host-conditional
windows	Run the asset-free tier in the release configuration	2026-09-07T18:43:29.6591318Z ok   the docs state a registry total for x86-64
windows	Run the asset-free tier in the release configuration	2026-09-07T18:43:29.6591977Z ok   CLAUDE.md splits the registry by host and states the x86-64 total
windows	Run the asset-free tier in the release configuration	2026-09-07T18:43:29.6592813Z ok   TODO.md splits the registry by host and states the x86-64 total
windows	Run the asset-free tier in the release configuration	2026-09-07T18:43:29.6593837Z ok   README.md splits the registry by host and states the x86-64 total
windows	Run the asset-free tier in the release configuration	2026-09-07T18:43:29.6594550Z ok   DEV.md splits the registry by host and states the x86-64 total
windows	Run the asset-free tier in the release configuration	2026-09-07T18:43:29.6594934Z ok   STATUS.md generated registry located
windows	Run the asset-free tier in the release configuration	2026-09-07T18:43:29.6595626Z ok   STATUS.md declares itself generated
windows	Run the asset-free tier in the release configuration	2026-09-07T18:43:29.6595917Z ok   STATUS.md carries the union section
windows	Run the asset-free tier in the release configuration	2026-09-07T18:43:29.6596216Z FAIL STATUS.md union total 245 == configured union 242
windows	Run the asset-free tier in the release configuration	2026-09-07T18:43:29.6596577Z FAIL STATUS.md union label table drifted: unit=113 expected
windows	Run the asset-free tier in the release configuration	2026-09-07T18:43:29.6596911Z ok   STATUS.md carries a section for x86_64
windows	Run the asset-free tier in the release configuration	2026-09-07T18:43:29.6597250Z FAIL STATUS.md says 241 gates registered on x86_64; ctest has 233
windows	Run the asset-free tier in the release configuration	2026-09-07T18:43:29.6597665Z FAIL STATUS.md absent-here count matches the absent roster
windows	Run the asset-free tier in the release configuration	2026-09-07T18:43:29.6598301Z FAIL STATUS.md x86_64 dimension table drifted from the manifest — rerun tools/status_md.py
windows	Run the asset-free tier in the release configuration	2026-09-07T18:43:29.6598971Z ok   STATUS.md carries the PRODUCT_LLE registry section
windows	Run the asset-free tier in the release configuration	2026-09-07T18:43:29.6599586Z ok   STATUS.md PRODUCT_LLE registry has been materialized
windows	Run the asset-free tier in the release configuration	2026-09-07T18:43:29.6599912Z ok   Moira fork design record located
windows	Run the asset-free tier in the release configuration	2026-09-07T18:43:29.6600162Z ok   Moira source inventory traversed
windows	Run the asset-free tier in the release configuration	2026-09-07T18:43:29.6600524Z ok   every source file exposing a pom* extension carries a POM68K marker
windows	Run the asset-free tier in the release configuration	2026-09-07T18:43:29.6601093Z ok   Moira local-patch inventory table parsed
windows	Run the asset-free tier in the release configuration	2026-09-07T18:43:29.6601407Z ok   Moira inventory names marked source `Moira.cpp`
windows	Run the asset-free tier in the release configuration	2026-09-07T18:43:29.6601722Z ok   Moira inventory names marked source `Moira.h`
windows	Run the asset-free tier in the release configuration	2026-09-07T18:43:29.6602066Z ok   Moira inventory names marked source `MoiraALU_cpp.h`
windows	Run the asset-free tier in the release configuration	2026-09-07T18:43:29.6602418Z ok   Moira inventory names marked source `MoiraCache040.h`
windows	Run the asset-free tier in the release configuration	2026-09-07T18:43:29.6602869Z ok   Moira inventory names marked source `MoiraConfig.h`
windows	Run the asset-free tier in the release configuration	2026-09-07T18:43:29.6603210Z ok   Moira inventory names marked source `MoiraDataflow.h`
windows	Run the asset-free tier in the release configuration	2026-09-07T18:43:29.6603579Z ok   Moira inventory names marked source `MoiraDataflow_cpp.h`
windows	Run the asset-free tier in the release configuration	2026-09-07T18:43:29.6603971Z ok   Moira inventory names marked source `MoiraExceptions_cpp.h`
windows	Run the asset-free tier in the release configuration	2026-09-07T18:43:29.6604356Z ok   Moira inventory names marked source `MoiraExecFPU_cpp.h`
windows	Run the asset-free tier in the release configuration	2026-09-07T18:43:29.6604728Z ok   Moira inventory names marked source `MoiraExecMMU_cpp.h`
windows	Run the asset-free tier in the release configuration	2026-09-07T18:43:29.6605094Z ok   Moira inventory names marked source `MoiraExec_cpp.h`
windows	Run the asset-free tier in the release configuration	2026-09-07T18:43:29.6605469Z ok   Moira inventory names marked source `MoiraInit_cpp.h`
windows	Run the asset-free tier in the release configuration	2026-09-07T18:43:29.6606041Z ok   Moira inventory names marked source `MoiraTypes.h`
windows	Run the asset-free tier in the release configuration	2026-09-07T18:43:29.6606685Z ok   Moira document states the computed pom* identifier count
windows	Run the asset-free tier in the release configuration	2026-09-07T18:43:29.6607409Z ok   Moira document states the computed POM68K-marked line count
windows	Run the asset-free tier in the release configuration	2026-09-07T18:43:29.6607837Z ok   Moira document states the computed marked/source file count
windows	Run the asset-free tier in the release configuration	2026-09-07T18:43:29.6608213Z ok   Moira document states the computed patch-group count
windows	Run the asset-free tier in the release configuration	2026-09-07T18:43:29.6608821Z ok   CHANGELOG_INDEX.md lists 441 of the 441 dated entries — regenerate with tools/changelog_index.py
windows	Run the asset-free tier in the release configuration	2026-09-07T18:43:29.6609309Z ok   src/jit/backends/JitBackendA64.cpp located
windows	Run the asset-free tier in the release configuration	2026-09-07T18:43:29.6609731Z ok   src/jit/backends/JitBackendA64.cpp consumes Instr::memory plans
windows	Run the asset-free tier in the release configuration	2026-09-07T18:43:29.6610172Z ok   src/jit/backends/JitBackendA64.cpp does not decode memory semantics
windows	Run the asset-free tier in the release configuration	2026-09-07T18:43:29.6610644Z ok   src/jit/backends/JitBackendA64.cpp has no opcode-local sole-access guess
windows	Run the asset-free tier in the release configuration	2026-09-07T18:43:29.6611163Z ok   src/jit/backends/JitBackendA64.cpp has no opcode-local exact-access exception
windows	Run the asset-free tier in the release configuration	2026-09-07T18:43:29.6611635Z ok   src/jit/backends/JitBackendA64.cpp consumes Instr::semantics
windows	Run the asset-free tier in the release configuration	2026-09-07T18:43:29.6612129Z ok   src/jit/backends/JitBackendA64.cpp consumes the shared EA plan
windows	Run the asset-free tier in the release configuration	2026-09-07T18:43:29.6612686Z ok   src/jit/backends/JitBackendA64.cpp does not re-decode effective addresses
windows	Run the asset-free tier in the release configuration	2026-09-07T18:43:29.6613169Z ok   src/jit/backends/JitBackendA64.cpp consumes Instr control-flow plans
windows	Run the asset-free tier in the release configuration	2026-09-07T18:43:29.6613631Z ok   src/jit/backends/JitBackendA64.cpp does not decode branch extensions
windows	Run the asset-free tier in the release configuration	2026-09-07T18:43:29.6614133Z ok   src/jit/backends/JitBackendA64.cpp reads the shared cost columns and defines none
windows	Run the asset-free tier in the release configuration	2026-09-07T18:43:29.6614840Z ok   src/jit/backends/JitBackendA64.cpp reads the shared full-format cost, not a local twin
windows	Run the asset-free tier in the release configuration	2026-09-07T18:43:29.6616318Z ok   src/jit/backends/JitBackendA64.cpp never re-decodes BlockIr extension words
windows	Run the asset-free tier in the release configuration	2026-09-07T18:43:29.6616905Z ok   src/jit/backends/JitBackendA64.cpp shares raw-opcode census semantics
windows	Run the asset-free tier in the release configuration	2026-09-07T18:43:29.6617400Z ok   src/jit/backends/JitBackendA64.cpp has no opcode-line dispatch decoder
windows	Run the asset-free tier in the release configuration	2026-09-07T18:43:29.6617885Z ok   src/jit/backends/JitBackendA64.cpp has no private ALU semantic decoder
windows	Run the asset-free tier in the release configuration	2026-09-07T18:43:29.6618379Z ok   src/jit/backends/JitBackendA64.cpp has no private live environment policy
windows	Run the asset-free tier in the release configuration	2026-09-07T18:43:29.6618790Z ok   src/jit/backends/JitBackendX64.cpp located
windows	Run the asset-free tier in the release configuration	2026-09-07T18:43:29.6619324Z ok   src/jit/backends/JitBackendX64.cpp consumes Instr::memory plans
windows	Run the asset-free tier in the release configuration	2026-09-07T18:43:29.6619764Z ok   src/jit/backends/JitBackendX64.cpp does not decode memory semantics
windows	Run the asset-free tier in the release configuration	2026-09-07T18:43:29.6620534Z ok   src/jit/backends/JitBackendX64.cpp has no opcode-local sole-access guess
windows	Run the asset-free tier in the release configuration	2026-09-07T18:43:29.6621066Z ok   src/jit/backends/JitBackendX64.cpp has no opcode-local exact-access exception
windows	Run the asset-free tier in the release configuration	2026-09-07T18:43:29.6621568Z ok   src/jit/backends/JitBackendX64.cpp consumes Instr::semantics
windows	Run the asset-free tier in the release configuration	2026-09-07T18:43:29.6622169Z ok   src/jit/backends/JitBackendX64.cpp consumes the shared EA plan
windows	Run the asset-free tier in the release configuration	2026-09-07T18:43:29.6622624Z ok   src/jit/backends/JitBackendX64.cpp does not re-decode effective addresses
windows	Run the asset-free tier in the release configuration	2026-09-07T18:43:29.6623115Z ok   src/jit/backends/JitBackendX64.cpp consumes Instr control-flow plans
windows	Run the asset-free tier in the release configuration	2026-09-07T18:43:29.6623677Z ok   src/jit/backends/JitBackendX64.cpp does not decode branch extensions
windows	Run the asset-free tier in the release configuration	2026-09-07T18:43:29.6624178Z ok   src/jit/backends/JitBackendX64.cpp reads the shared cost columns and defines none
windows	Run the asset-free tier in the release configuration	2026-09-07T18:43:29.6624931Z ok   src/jit/backends/JitBackendX64.cpp reads the shared full-format cost, not a local twin
windows	Run the asset-free tier in the release configuration	2026-09-07T18:43:29.6625610Z ok   src/jit/backends/JitBackendX64.cpp never re-decodes BlockIr extension words
windows	Run the asset-free tier in the release configuration	2026-09-07T18:43:29.6626106Z ok   src/jit/backends/JitBackendX64.cpp shares raw-opcode census semantics
windows	Run the asset-free tier in the release configuration	2026-09-07T18:43:29.6626582Z ok   src/jit/backends/JitBackendX64.cpp has no opcode-line dispatch decoder
windows	Run the asset-free tier in the release configuration	2026-09-07T18:43:29.6627053Z ok   src/jit/backends/JitBackendX64.cpp has no private ALU semantic decoder
windows	Run the asset-free tier in the release configuration	2026-09-07T18:43:29.6627550Z ok   src/jit/backends/JitBackendX64.cpp has no private live environment policy
windows	Run the asset-free tier in the release configuration	2026-09-07T18:43:29.6627979Z ok   JitEaPlan.h owns the shared EA admission wrapper
windows	Run the asset-free tier in the release configuration	2026-09-07T18:43:29.6628343Z ok   JitEaPlan.h keeps full-format admission opt-in per caller
windows	Run the asset-free tier in the release configuration	2026-09-07T18:43:29.6628687Z ok   JitCost.h owns the 68020 cycle columns
windows	Run the asset-free tier in the release configuration	2026-09-07T18:43:29.6629007Z ok   JitCost.h owns the D1F0 full-format sub-form predicate
windows	Run the asset-free tier in the release configuration	2026-09-07T18:43:29.6629324Z ok   JitCost.h owns the CMPA surcharge
windows	Run the asset-free tier in the release configuration	2026-09-07T18:43:29.6629624Z ok   citation lookup preserves filename case on every host
windows	Run the asset-free tier in the release configuration	2026-09-07T18:43:29.6630011Z ok   CLAUDE.md: every in-tree file:line citation lands inside its file
windows	Run the asset-free tier in the release configuration	2026-09-07T18:43:29.6630436Z ok   README.md: every in-tree file:line citation lands inside its file
windows	Run the asset-free tier in the release configuration	2026-09-07T18:43:29.6630852Z ok   DEV.md: every in-tree file:line citation lands inside its file
windows	Run the asset-free tier in the release configuration	2026-09-07T18:43:29.6631252Z ok   TODO.md: every in-tree file:line citation lands inside its file
windows	Run the asset-free tier in the release configuration	2026-09-07T18:43:29.6631703Z ok   src/jit/POM68K_JIT.md: every in-tree file:line citation lands inside its file
windows	Run the asset-free tier in the release configuration	2026-09-07T18:43:29.6632231Z ok   extern/moira/POM68K_VENDOR.md: every in-tree file:line citation lands inside its file
windows	Run the asset-free tier in the release configuration	2026-09-07T18:43:29.6632770Z ok   docs/68K_FAMILY_SCOPE.md: every in-tree file:line citation lands inside its file
windows	Run the asset-free tier in the release configuration	2026-09-07T18:43:29.6633276Z ok   docs/APPLETALK.md: every in-tree file:line citation lands inside its file
windows	Run the asset-free tier in the release configuration	2026-09-07T18:43:29.6633772Z ok   docs/BASILISK_ROM_NOTES.md: every in-tree file:line citation lands inside its file
windows	Run the asset-free tier in the release configuration	2026-09-07T18:43:29.6634269Z ok   docs/CACHE_040.md: every in-tree file:line citation lands inside its file
windows	Run the asset-free tier in the release configuration	2026-09-07T18:43:29.6634749Z ok   docs/DUO_BRINGUP.md: every in-tree file:line citation lands inside its file
windows	Run the asset-free tier in the release configuration	2026-09-07T18:43:29.6635776Z ok   docs/HLE_OVERLAY.md: every in-tree file:line citation lands inside its file
windows	Run the asset-free tier in the release configuration	2026-09-07T18:43:29.6636293Z ok   docs/IOP_BRINGUP.md: every in-tree file:line citation lands inside its file
windows	Run the asset-free tier in the release configuration	2026-09-07T18:43:29.6636960Z ok   docs/JIT_BRINGUP.md: every in-tree file:line citation lands inside its file
windows	Run the asset-free tier in the release configuration	2026-09-07T18:43:29.6637464Z ok   docs/LC520_BRINGUP.md: every in-tree file:line citation lands inside its file
windows	Run the asset-free tier in the release configuration	2026-09-07T18:43:29.6637965Z ok   docs/LCII_HARDWARE.md: every in-tree file:line citation lands inside its file
windows	Run the asset-free tier in the release configuration	2026-09-07T18:43:29.6638451Z ok   docs/LLE_VS_HLE.md: every in-tree file:line citation lands inside its file
windows	Run the asset-free tier in the release configuration	2026-09-07T18:43:29.6638948Z ok   docs/MAME_PARITY_AUDIT.md: every in-tree file:line citation lands inside its file
windows	Run the asset-free tier in the release configuration	2026-09-07T18:43:29.6639461Z ok   docs/MEASURING.md: every in-tree file:line citation lands inside its file
windows	Run the asset-free tier in the release configuration	2026-09-07T18:43:29.6639946Z ok   docs/RASPBERRY_PI.md: every in-tree file:line citation lands inside its file
windows	Run the asset-free tier in the release configuration	2026-09-07T18:43:29.6640478Z ok   docs/SIMPLIFICATIONS_REVIEW.md: every in-tree file:line citation lands inside its file
windows	Run the asset-free tier in the release configuration	2026-09-07T18:43:29.6640924Z ok   in-tree file:line citations judged (376)
windows	Run the asset-free tier in the release configuration	2026-09-07T18:43:29.6642269Z ok   each JIT Engine requires one explicitly injected snapshot
windows	Run the asset-free tier in the release configuration	2026-09-07T18:43:29.6642677Z ok   src/Cpu68k.h requires non-null JIT configuration injection
windows	Run the asset-free tier in the release configuration	2026-09-07T18:43:29.6643080Z ok   src/IIfxCpu.h requires non-null JIT configuration injection
windows	Run the asset-free tier in the release configuration	2026-09-07T18:43:29.6643476Z ok   src/Cpu020.h requires non-null JIT configuration injection
windows	Run the asset-free tier in the release configuration	2026-09-07T18:43:29.6643972Z ok   src/Cpu030.h requires non-null JIT configuration injection
windows	Run the asset-free tier in the release configuration	2026-09-07T18:43:29.6644351Z ok   src/Cpu040.h requires non-null JIT configuration injection
windows	Run the asset-free tier in the release configuration	2026-09-07T18:43:29.6644728Z ok   src/MscCpu.h requires non-null JIT configuration injection
windows	Run the asset-free tier in the release configuration	2026-09-07T18:43:29.6645129Z ok   src/CentrisCpu.h requires non-null JIT configuration injection
windows	Run the asset-free tier in the release configuration	2026-09-07T18:43:29.6645540Z ok   src/Q630Cpu.h requires non-null JIT configuration injection
windows	Run the asset-free tier in the release configuration	2026-09-07T18:43:29.6645932Z ok   src/Q700Cpu.h requires non-null JIT configuration injection
windows	Run the asset-free tier in the release configuration	2026-09-07T18:43:29.6646332Z ok   src/SonoraCpu.h requires non-null JIT configuration injection
windows	Run the asset-free tier in the release configuration	2026-09-07T18:43:29.6646732Z ok   src/VaspCpu.h requires non-null JIT configuration injection
windows	Run the asset-free tier in the release configuration	2026-09-07T18:43:29.6647115Z ok   src/RbvCpu.h requires non-null JIT configuration injection
windows	Run the asset-free tier in the release configuration	2026-09-07T18:43:29.6647425Z FAILED
windows	Run the asset-free tier in the release configuration	2026-09-07T18:43:29.6647518Z 
windows	Run the asset-free tier in the release configuration	2026-09-07T18:43:29.6647623Z       Start  47: pseudovia_test
windows	Run the asset-free tier in the release configuration	2026-09-07T18:43:29.6647953Z 27/82 Test  #47: pseudovia_test ........................   Passed    0.01 sec
windows	Run the asset-free tier in the release configuration	2026-09-07T18:43:29.6648314Z       Start  48: v8_ramsize
windows	Run the asset-free tier in the release configuration	2026-09-07T18:43:29.7544360Z 28/82 Test  #46: cpu_wrapper_smoke .....................***Exception: SegFault  0.27 sec
windows	Run the asset-free tier in the release configuration	2026-09-07T18:43:29.7544994Z 
windows	Run the asset-free tier in the release configuration	2026-09-07T18:43:29.7548907Z       Start  49: flux_pll_test
windows	Run the asset-free tier in the release configuration	2026-09-07T18:43:29.7655025Z 29/82 Test  #49: flux_pll_test .........................   Passed    0.01 sec
windows	Run the asset-free tier in the release configuration	2026-09-07T18:43:29.7660812Z       Start  50: valkyrie_i2c_test
windows	Run the asset-free tier in the release configuration	2026-09-07T18:43:29.7760706Z 30/82 Test  #50: valkyrie_i2c_test .....................   Passed    0.01 sec
windows	Run the asset-free tier in the release configuration	2026-09-07T18:43:29.7764696Z       Start  51: valkyrie_test
windows	Run the asset-free tier in the release configuration	2026-09-07T18:43:29.7881602Z 31/82 Test  #51: valkyrie_test .........................   Passed    0.01 sec
windows	Run the asset-free tier in the release configuration	2026-09-07T18:43:29.7886469Z       Start  52: scc_int_test
windows	Run the asset-free tier in the release configuration	2026-09-07T18:43:29.7979494Z 32/82 Test  #52: scc_int_test ..........................   Passed    0.01 sec
windows	Run the asset-free tier in the release configuration	2026-09-07T18:43:29.7983872Z       Start  53: via6522_parity_test
windows	Run the asset-free tier in the release configuration	2026-09-07T18:43:29.8083339Z 33/82 Test  #53: via6522_parity_test ...................   Passed    0.01 sec
windows	Run the asset-free tier in the release configuration	2026-09-07T18:43:29.8088487Z       Start  54: rtc_pram_test
windows	Run the asset-free tier in the release configuration	2026-09-07T18:43:29.8298922Z 34/82 Test  #54: rtc_pram_test .........................***Failed    0.02 sec
windows	Run the asset-free tier in the release configuration	2026-09-07T18:43:29.8300387Z AdbVia: no MCU firmware dump found — running the NON-CONFORMANT HLE substitute (docs/LLE_VS_HLE.md §2)
windows	Run the asset-free tier in the release configuration	2026-09-07T18:43:29.8301195Z AdbVia: no MCU firmware dump found — running the NON-CONFORMANT HLE substitute (docs/LLE_VS_HLE.md §2)
windows	Run the asset-free tier in the release configuration	2026-09-07T18:43:29.8301817Z rtc_pram_test — battery persistence and discrete-RTC heartbeat
windows	Run the asset-free tier in the release configuration	2026-09-07T18:43:29.8302255Z   missing file: loadPram returns false                       ok
windows	Run the asset-free tier in the release configuration	2026-09-07T18:43:29.8302643Z   missing file: the factory image survives                   ok
windows	Run the asset-free tier in the release configuration	2026-09-07T18:43:29.8303023Z   savePram wrote a file                                      FAIL
windows	Run the asset-free tier in the release configuration	2026-09-07T18:43:29.8303404Z   the file is exactly 256 bytes (CentrisMemory's format)     FAIL
windows	Run the asset-free tier in the release configuration	2026-09-07T18:43:29.8303813Z   loadPram accepts it                                        FAIL
windows	Run the asset-free tier in the release configuration	2026-09-07T18:43:29.8304170Z   all 256 XPRAM bytes came back                              FAIL
windows	Run the asset-free tier in the release configuration	2026-09-07T18:43:29.8305058Z   the clock is untouched (seconds are not in the file)       ok
windows	Run the asset-free tier in the release configuration	2026-09-07T18:43:29.8305718Z   short file: loadPram returns false                         ok
windows	Run the asset-free tier in the release configuration	2026-09-07T18:43:29.8306282Z   short file: not one byte was applied                       ok
windows	Run the asset-free tier in the release configuration	2026-09-07T18:43:29.8306667Z   Mac II family: loadPram forwards to the RTC                FAIL
windows	Run the asset-free tier in the release configuration	2026-09-07T18:43:29.8307050Z   Mac II family: the image arrived intact                    FAIL
windows	Run the asset-free tier in the release configuration	2026-09-07T18:43:29.8307699Z   IIfx: loadPram forwards to the RTC                         FAIL
windows	Run the asset-free tier in the release configuration	2026-09-07T18:43:29.8308087Z   IIfx: the image arrived intact                             FAIL
windows	Run the asset-free tier in the release configuration	2026-09-07T18:43:29.8308465Z   compacts: loadPram forwards to the RTC                     FAIL
windows	Run the asset-free tier in the release configuration	2026-09-07T18:43:29.8308938Z   compacts: read back the Mac II's image byte for byte       FAIL
windows	Run the asset-free tier in the release configuration	2026-09-07T18:43:29.8309601Z   IIci: RTC does not advance before the one-second boundary  ok
windows	Run the asset-free tier in the release configuration	2026-09-07T18:43:29.8310070Z   IIci: VIA1 CA2 stays clear before the CKO edge             ok
windows	Run the asset-free tier in the release configuration	2026-09-07T18:43:29.8310471Z   IIci: RTC advances exactly at the one-second boundary      ok
windows	Run the asset-free tier in the release configuration	2026-09-07T18:43:29.8310838Z   IIci: RTC CKO raises VIA1 CA2                              ok
windows	Run the asset-free tier in the release configuration	2026-09-07T18:43:29.8311130Z rtc_pram_test: FAIL
windows	Run the asset-free tier in the release configuration	2026-09-07T18:43:29.8311252Z 
windows	Run the asset-free tier in the release configuration	2026-09-07T18:43:29.8311347Z       Start  55: ncr53c96_queue_test
windows	Run the asset-free tier in the release configuration	2026-09-07T18:43:29.8445135Z 35/82 Test  #55: ncr53c96_queue_test ...................   Passed    0.01 sec
windows	Run the asset-free tier in the release configuration	2026-09-07T18:43:29.8449773Z       Start  56: msc_parity_test
windows	Run the asset-free tier in the release configuration	2026-09-07T18:43:29.8743310Z 36/82 Test  #56: msc_parity_test .......................   Passed    0.03 sec
windows	Run the asset-free tier in the release configuration	2026-09-07T18:43:29.8749332Z       Start  57: asc_easc_test
windows	Run the asset-free tier in the release configuration	2026-09-07T18:43:29.8846697Z 37/82 Test  #57: asc_easc_test .........................   Passed    0.01 sec
windows	Run the asset-free tier in the release configuration	2026-09-07T18:43:29.8850887Z       Start  58: q700_turboscsi_test
windows	Run the asset-free tier in the release configuration	2026-09-07T18:43:29.9033609Z 38/82 Test  #58: q700_turboscsi_test ...................   Passed    0.02 sec
windows	Run the asset-free tier in the release configuration	2026-09-07T18:43:29.9038510Z       Start  59: asc_test
windows	Run the asset-free tier in the release configuration	2026-09-07T18:43:29.9156314Z 39/82 Test  #59: asc_test ..............................   Passed    0.01 sec
windows	Run the asset-free tier in the release configuration	2026-09-07T18:43:29.9160361Z       Start  60: q605_asc_test
windows	Run the asset-free tier in the release configuration	2026-09-07T18:43:29.9271525Z 40/82 Test  #60: q605_asc_test .........................   Passed    0.01 sec
windows	Run the asset-free tier in the release configuration	2026-09-07T18:43:29.9275499Z       Start  72: swim2_test
windows	Run the asset-free tier in the release configuration	2026-09-07T18:43:29.9798997Z 41/82 Test  #48: v8_ramsize ............................***Exception: SegFault  0.32 sec
windows	Run the asset-free tier in the release configuration	2026-09-07T18:43:29.9799636Z 
windows	Run the asset-free tier in the release configuration	2026-09-07T18:43:29.9804826Z       Start  73: swim2_media_test
windows	Run the asset-free tier in the release configuration	2026-09-07T18:43:30.0945150Z 42/82 Test  #73: swim2_media_test ......................   Passed    0.11 sec
windows	Run the asset-free tier in the release configuration	2026-09-07T18:43:30.0950185Z       Start  74: floppy_sound_test
windows	Run the asset-free tier in the release configuration	2026-09-07T18:43:30.1082297Z 43/82 Test  #74: floppy_sound_test .....................   Passed    0.01 sec
windows	Run the asset-free tier in the release configuration	2026-09-07T18:43:30.1087175Z       Start  76: egret_test
windows	Run the asset-free tier in the release configuration	2026-09-07T18:43:30.1180059Z 44/82 Test  #76: egret_test ............................   Passed    0.01 sec
windows	Run the asset-free tier in the release configuration	2026-09-07T18:43:30.1185036Z       Start  77: pic1654s_test
windows	Run the asset-free tier in the release configuration	2026-09-07T18:43:30.1281933Z 45/82 Test  #77: pic1654s_test .........................   Passed    0.01 sec
windows	Run the asset-free tier in the release configuration	2026-09-07T18:43:30.1286186Z       Start  78: adbline_test
windows	Run the asset-free tier in the release configuration	2026-09-07T18:43:30.1406851Z 46/82 Test  #78: adbline_test ..........................   Passed    0.01 sec
windows	Run the asset-free tier in the release configuration	2026-09-07T18:43:30.1410538Z       Start  79: video_beam_test
windows	Run the asset-free tier in the release configuration	2026-09-07T18:43:30.1505633Z 47/82 Test  #79: video_beam_test .......................   Passed    0.01 sec
windows	Run the asset-free tier in the release configuration	2026-09-07T18:43:30.1509990Z       Start  80: v8_video_test
windows	Run the asset-free tier in the release configuration	2026-09-07T18:43:30.1710449Z 48/82 Test  #80: v8_video_test .........................   Passed    0.02 sec
windows	Run the asset-free tier in the release configuration	2026-09-07T18:43:30.1715065Z       Start  82: sonora_video_test
windows	Run the asset-free tier in the release configuration	2026-09-07T18:43:30.1859968Z 49/82 Test  #82: sonora_video_test .....................   Passed    0.01 sec
windows	Run the asset-free tier in the release configuration	2026-09-07T18:43:30.1864073Z       Start  83: raster_equiv_test
windows	Run the asset-free tier in the release configuration	2026-09-07T18:43:30.2160879Z 50/82 Test  #72: swim2_test ............................***Exception: SegFault  0.29 sec
windows	Run the asset-free tier in the release configuration	2026-09-07T18:43:30.2161698Z 
windows	Run the asset-free tier in the release configuration	2026-09-07T18:43:30.2165483Z       Start  84: v8_raster_test
windows	Run the asset-free tier in the release configuration	2026-09-07T18:43:30.2348920Z 51/82 Test  #84: v8_raster_test ........................   Passed    0.02 sec
windows	Run the asset-free tier in the release configuration	2026-09-07T18:43:30.2354979Z       Start  85: q605_dafb_test
windows	Run the asset-free tier in the release configuration	2026-09-07T18:43:30.2405768Z 52/82 Test  #83: raster_equiv_test .....................   Passed    0.05 sec
windows	Run the asset-free tier in the release configuration	2026-09-07T18:43:30.2410064Z       Start  86: q605_event_scheduler_test
windows	Run the asset-free tier in the release configuration	2026-09-07T18:43:30.2477752Z 53/82 Test  #85: q605_dafb_test ........................   Passed    0.01 sec
windows	Run the asset-free tier in the release configuration	2026-09-07T18:43:30.2482058Z       Start  87: quadra_event_scheduler_test
windows	Run the asset-free tier in the release configuration	2026-09-07T18:43:30.2530035Z 54/82 Test  #86: q605_event_scheduler_test .............   Passed    0.01 sec
windows	Run the asset-free tier in the release configuration	2026-09-07T18:43:30.2535875Z       Start  88: q605_turboscsi_test
windows	Run the asset-free tier in the release configuration	2026-09-07T18:43:30.2613964Z 55/82 Test  #87: quadra_event_scheduler_test ...........   Passed    0.01 sec
windows	Run the asset-free tier in the release configuration	2026-09-07T18:43:30.2618820Z       Start  89: scc_baud_test
windows	Run the asset-free tier in the release configuration	2026-09-07T18:43:30.2745377Z 56/82 Test  #89: scc_baud_test .........................   Passed    0.01 sec
windows	Run the asset-free tier in the release configuration	2026-09-07T18:43:30.2751591Z       Start  90: scc_engine_test
windows	Run the asset-free tier in the release configuration	2026-09-07T18:43:30.2875831Z 57/82 Test  #90: scc_engine_test .......................   Passed    0.01 sec
windows	Run the asset-free tier in the release configuration	2026-09-07T18:43:30.2881386Z       Start  91: r65c02_test
windows	Run the asset-free tier in the release configuration	2026-09-07T18:43:30.5280927Z 58/82 Test  #25: dir2hfs_selftest ......................   Passed    2.16 sec
windows	Run the asset-free tier in the release configuration	2026-09-07T18:43:30.5285723Z       Start  92: applepic_test
windows	Run the asset-free tier in the release configuration	2026-09-07T18:43:30.5409855Z 59/82 Test  #92: applepic_test .........................   Passed    0.01 sec
windows	Run the asset-free tier in the release configuration	2026-09-07T18:43:30.5414448Z       Start 166: scsi_cdrom_test
windows	Run the asset-free tier in the release configuration	2026-09-07T18:43:30.5535692Z 60/82 Test #166: scsi_cdrom_test .......................   Passed    0.01 sec
windows	Run the asset-free tier in the release configuration	2026-09-07T18:43:30.5540541Z       Start 167: floppy_persist_test
windows	Run the asset-free tier in the release configuration	2026-09-07T18:43:30.5614363Z 61/82 Test  #88: q605_turboscsi_test ...................***Exception: SegFault  0.31 sec
windows	Run the asset-free tier in the release configuration	2026-09-07T18:43:30.5615122Z 
windows	Run the asset-free tier in the release configuration	2026-09-07T18:43:30.5618375Z       Start 175: berr030_test
windows	Run the asset-free tier in the release configuration	2026-09-07T18:43:30.6489082Z 62/82 Test #167: floppy_persist_test ...................   Passed    0.09 sec
windows	Run the asset-free tier in the release configuration	2026-09-07T18:43:30.6494565Z       Start 176: jit_restart_write_030_test
windows	Run the asset-free tier in the release configuration	2026-09-07T18:43:30.6903197Z 63/82 Test #176: jit_restart_write_030_test ............   Passed    0.04 sec
windows	Run the asset-free tier in the release configuration	2026-09-07T18:43:30.6907707Z       Start 177: declrom_test
windows	Run the asset-free tier in the release configuration	2026-09-07T18:43:30.6994431Z 64/82 Test #175: berr030_test ..........................   Passed    0.13 sec
windows	Run the asset-free tier in the release configuration	2026-09-07T18:43:30.7035087Z       Start 178: nubus_test
windows	Run the asset-free tier in the release configuration	2026-09-07T18:43:30.7101641Z 65/82 Test #177: declrom_test ..........................   Passed    0.02 sec
windows	Run the asset-free tier in the release configuration	2026-09-07T18:43:30.7109975Z       Start 179: toby_test
windows	Run the asset-free tier in the release configuration	2026-09-07T18:43:30.7143325Z 66/82 Test #178: nubus_test ............................   Passed    0.01 sec
windows	Run the asset-free tier in the release configuration	2026-09-07T18:43:30.7144880Z       Start 188: jit_asset_free_lockstep_test
windows	Run the asset-free tier in the release configuration	2026-09-07T18:43:30.7215555Z 67/82 Test #179: toby_test .............................   Passed    0.01 sec
windows	Run the asset-free tier in the release configuration	2026-09-07T18:43:30.7274652Z       Start 189: jit_copyback_write_040_test
windows	Run the asset-free tier in the release configuration	2026-09-07T18:43:30.7411249Z 68/82 Test #188: jit_asset_free_lockstep_test ..........   Passed    0.02 sec
windows	Run the asset-free tier in the release configuration	2026-09-07T18:43:30.7433927Z       Start 190: jit_copyback_write_040_control_test
windows	Run the asset-free tier in the release configuration	2026-09-07T18:43:30.7540192Z 69/82 Test #189: jit_copyback_write_040_test ...........   Passed    0.03 sec
windows	Run the asset-free tier in the release configuration	2026-09-07T18:43:30.7556511Z       Start 191: jit_copyback_bsr_040_test
windows	Run the asset-free tier in the release configuration	2026-09-07T18:43:30.7629183Z 70/82 Test #190: jit_copyback_write_040_control_test ...   Passed    0.02 sec
windows	Run the asset-free tier in the release configuration	2026-09-07T18:43:30.7645007Z       Start 192: jit_copyback_pair_040_test
windows	Run the asset-free tier in the release configuration	2026-09-07T18:43:30.7754794Z 71/82 Test #191: jit_copyback_bsr_040_test .............   Passed    0.02 sec
windows	Run the asset-free tier in the release configuration	2026-09-07T18:43:30.7772392Z       Start 193: jit_copyback_pair_040_control_test
windows	Run the asset-free tier in the release configuration	2026-09-07T18:43:30.7856600Z 72/82 Test #192: jit_copyback_pair_040_test ............   Passed    0.02 sec
windows	Run the asset-free tier in the release configuration	2026-09-07T18:43:30.7884681Z       Start 194: cache040_test
windows	Run the asset-free tier in the release configuration	2026-09-07T18:43:30.7999246Z 73/82 Test #193: jit_copyback_pair_040_control_test ....   Passed    0.02 sec
windows	Run the asset-free tier in the release configuration	2026-09-07T18:43:30.8035417Z       Start 195: fpu_sanity
windows	Run the asset-free tier in the release configuration	2026-09-07T18:43:30.8478334Z 74/82 Test #194: cache040_test .........................   Passed    0.06 sec
windows	Run the asset-free tier in the release configuration	2026-09-07T18:43:30.8674334Z       Start 196: fpu040_test
windows	Run the asset-free tier in the release configuration	2026-09-07T18:43:30.9197243Z 75/82 Test #195: fpu_sanity ............................   Passed    0.12 sec
windows	Run the asset-free tier in the release configuration	2026-09-07T18:43:30.9212656Z       Start 197: callm_rtm_test
windows	Run the asset-free tier in the release configuration	2026-09-07T18:43:30.9768763Z 76/82 Test #196: fpu040_test ...........................   Passed    0.12 sec
windows	Run the asset-free tier in the release configuration	2026-09-07T18:43:30.9785371Z       Start 198: jit_backend_test
windows	Run the asset-free tier in the release configuration	2026-09-07T18:43:30.9864008Z 77/82 Test #197: callm_rtm_test ........................   Passed    0.06 sec
windows	Run the asset-free tier in the release configuration	2026-09-07T18:43:30.9867600Z       Start 199: jit_backend_parity_test
windows	Run the asset-free tier in the release configuration	2026-09-07T18:43:31.0219959Z 78/82 Test #198: jit_backend_test ......................***Failed    0.05 sec
windows	Run the asset-free tier in the release configuration	2026-09-07T18:43:31.0234415Z [jit] unknown backend 'no-such-backend' — falling back to 'auto'
windows	Run the asset-free tier in the release configuration	2026-09-07T18:43:31.0359994Z [jit_backend] IR semantic and memory protocols
windows	Run the asset-free tier in the release configuration	2026-09-07T18:43:31.0369597Z [jit_backend] operating profiles
windows	Run the asset-free tier in the release configuration	2026-09-07T18:43:31.0370128Z [jit_backend] backend registry
windows	Run the asset-free tier in the release configuration	2026-09-07T18:43:31.0375807Z   compiled: threaded
windows	Run the asset-free tier in the release configuration	2026-09-07T18:43:31.0381152Z   auto (68040) -> threaded (portable — replays through Moira, no code generation)
windows	Run the asset-free tier in the release configuration	2026-09-07T18:43:31.0384718Z [jit_backend] guest-family scope
windows	Run the asset-free tier in the release configuration	2026-09-07T18:43:31.0389627Z [jit_backend] executable memory
windows	Run the asset-free tier in the release configuration	2026-09-07T18:43:31.0412772Z [jit_backend] native coverage (threaded)
windows	Run the asset-free tier in the release configuration	2026-09-07T18:43:31.0422781Z   FAIL: EXG A6,A7 is native on both generators (x64 port 2026-08-21)
windows	Run the asset-free tier in the release configuration	2026-09-07T18:43:31.0461079Z   FAIL: distinct-register CMPM is native on both generators (x64 port 2026-08-21), never EOR-to-ea
windows	Run the asset-free tier in the release configuration	2026-09-07T18:43:31.0506550Z [jit_backend] block classifier
windows	Run the asset-free tier in the release configuration	2026-09-07T18:43:31.0542630Z [jit_backend] FAIL: 2 check(s)
windows	Run the asset-free tier in the release configuration	2026-09-07T18:43:31.0572604Z 
windows	Run the asset-free tier in the release configuration	2026-09-07T18:43:31.0578237Z       Start 233: file_size_budget_test
windows	Run the asset-free tier in the release configuration	2026-09-07T18:43:31.0645238Z 79/82 Test #199: jit_backend_parity_test ...............   Passed    0.06 sec
windows	Run the asset-free tier in the release configuration	2026-09-07T18:43:31.0820215Z 80/82 Test  #34: asset_lock_test .......................   Passed    2.30 sec
windows	Run the asset-free tier in the release configuration	2026-09-07T18:43:31.3090563Z 81/82 Test #233: file_size_budget_test .................***Failed    0.29 sec
windows	Run the asset-free tier in the release configuration	2026-09-07T18:43:31.3091693Z D:/a/pom68k/pom68k/tools/check_file_sizes.sh: line 131: 250
windows	Run the asset-free tier in the release configuration	2026-09-07T18:43:31.3092677Z : arithmetic syntax error: invalid arithmetic operator (error token is "
windows	Run the asset-free tier in the release configuration	2026-09-07T18:43:31.3093487Z ")
windows	Run the asset-free tier in the release configuration	2026-09-07T18:43:31.3094390Z FAIL  tools/file_size_budget.txt lists 
windows	Run the asset-free tier in the release configuration	2026-09-07T18:43:31.3095641Z , which no longer exists — run 'D:/a/pom68k/pom68k/tools/check_file_sizes.sh --update'
windows	Run the asset-free tier in the release configuration	2026-09-07T18:43:31.3097511Z FAIL  tools/file_size_budget.txt lists CLAUDE.md, which no longer exists — run 'D:/a/pom68k/pom68k/tools/check_file_sizes.sh --update'
windows	Run the asset-free tier in the release configuration	2026-09-07T18:43:31.3100046Z FAIL  tools/file_size_budget.txt lists CMakeLists.txt, which no longer exists — run 'D:/a/pom68k/pom68k/tools/check_file_sizes.sh --update'
windows	Run the asset-free tier in the release configuration	2026-09-07T18:43:31.3102169Z FAIL  tools/file_size_budget.txt lists cmake/Pom68kComponentGates.cmake, which no longer exists — run 'D:/a/pom68k/pom68k/tools/check_file_sizes.sh --update'
windows	Run the asset-free tier in the release configuration	2026-09-07T18:43:31.3104299Z FAIL  tools/file_size_budget.txt lists cmake/Pom68kDevTools.cmake, which no longer exists — run 'D:/a/pom68k/pom68k/tools/check_file_sizes.sh --update'
windows	Run the asset-free tier in the release configuration	2026-09-07T18:43:31.3106431Z FAIL  tools/file_size_budget.txt lists cmake/Pom68kGatePolicy.cmake, which no longer exists — run 'D:/a/pom68k/pom68k/tools/check_file_sizes.sh --update'
windows	Run the asset-free tier in the release configuration	2026-09-07T18:43:31.3108528Z FAIL  tools/file_size_budget.txt lists cmake/Pom68kJitGates.cmake, which no longer exists — run 'D:/a/pom68k/pom68k/tools/check_file_sizes.sh --update'
windows	Run the asset-free tier in the release configuration	2026-09-07T18:43:31.3110591Z FAIL  tools/file_size_budget.txt lists cmake/Pom68kMachineGates.cmake, which no longer exists — run 'D:/a/pom68k/pom68k/tools/check_file_sizes.sh --update'
windows	Run the asset-free tier in the release configuration	2026-09-07T18:43:31.3112676Z FAIL  tools/file_size_budget.txt lists src/AfpServer.cpp, which no longer exists — run 'D:/a/pom68k/pom68k/tools/check_file_sizes.sh --update'
windows	Run the asset-free tier in the release configuration	2026-09-07T18:43:31.3114718Z FAIL  tools/file_size_budget.txt lists src/GuiHostServices.cpp, which no longer exists — run 'D:/a/pom68k/pom68k/tools/check_file_sizes.sh --update'
windows	Run the asset-free tier in the release configuration	2026-09-07T18:43:31.3116813Z FAIL  tools/file_size_budget.txt lists src/GuiMachineRuntime.cpp, which no longer exists — run 'D:/a/pom68k/pom68k/tools/check_file_sizes.sh --update'
windows	Run the asset-free tier in the release configuration	2026-09-07T18:43:31.3119223Z FAIL  tools/file_size_budget.txt lists src/GuiRunnerCompact.h, which no longer exists — run 'D:/a/pom68k/pom68k/tools/check_file_sizes.sh --update'
windows	Run the asset-free tier in the release configuration	2026-09-07T18:43:31.3121604Z FAIL  tools/file_size_budget.txt lists src/GuiRunnerDafb.h, which no longer exists — run 'D:/a/pom68k/pom68k/tools/check_file_sizes.sh --update'
windows	Run the asset-free tier in the release configuration	2026-09-07T18:43:31.3123492Z FAIL  tools/file_size_budget.txt lists src/GuiRunnerDuo.h, which no longer exists — run 'D:/a/pom68k/pom68k/tools/check_file_sizes.sh --update'
windows	Run the asset-free tier in the release configuration	2026-09-07T18:43:31.3125591Z FAIL  tools/file_size_budget.txt lists src/GuiRunnerSonora.h, which no longer exists — run 'D:/a/pom68k/pom68k/tools/check_file_sizes.sh --update'
windows	Run the asset-free tier in the release configuration	2026-09-07T18:43:31.3127423Z FAIL  tools/file_size_budget.txt lists src/GuiRunnerToby.h, which no longer exists — run 'D:/a/pom68k/pom68k/tools/check_file_sizes.sh --update'
windows	Run the asset-free tier in the release configuration	2026-09-07T18:43:31.3129225Z FAIL  tools/file_size_budget.txt lists src/GuiRunnerV8.h, which no longer exists — run 'D:/a/pom68k/pom68k/tools/check_file_sizes.sh --update'
windows	Run the asset-free tier in the release configuration	2026-09-07T18:43:31.3131027Z FAIL  tools/file_size_budget.txt lists src/GuiShellCommon.h, which no longer exists — run 'D:/a/pom68k/pom68k/tools/check_file_sizes.sh --update'
windows	Run the asset-free tier in the release configuration	2026-09-07T18:43:31.3132839Z FAIL  tools/file_size_budget.txt lists src/GuiShell.cpp, which no longer exists — run 'D:/a/pom68k/pom68k/tools/check_file_sizes.sh --update'
windows	Run the asset-free tier in the release configuration	2026-09-07T18:43:31.3134619Z FAIL  tools/file_size_budget.txt lists src/GuiTobyStatus.h, which no longer exists — run 'D:/a/pom68k/pom68k/tools/check_file_sizes.sh --update'
windows	Run the asset-free tier in the release configuration	2026-09-07T18:43:31.3136660Z FAIL  tools/file_size_budget.txt lists src/jit/backends/JitBackendA64.cpp, which no longer exists — run 'D:/a/pom68k/pom68k/tools/check_file_sizes.sh --update'
windows	Run the asset-free tier in the release configuration	2026-09-07T18:43:31.3139329Z FAIL  tools/file_size_budget.txt lists src/jit/backends/JitBackendX64.cpp, which no longer exists — run 'D:/a/pom68k/pom68k/tools/check_file_sizes.sh --update'
windows	Run the asset-free tier in the release configuration	2026-09-07T18:43:31.3141415Z FAIL  tools/file_size_budget.txt lists src/jit/JitConfig.h, which no longer exists — run 'D:/a/pom68k/pom68k/tools/check_file_sizes.sh --update'
windows	Run the asset-free tier in the release configuration	2026-09-07T18:43:31.3143455Z FAIL  tools/file_size_budget.txt lists src/jit/JitEngine.cpp, which no longer exists — run 'D:/a/pom68k/pom68k/tools/check_file_sizes.sh --update'
windows	Run the asset-free tier in the release configuration	2026-09-07T18:43:31.3145418Z FAIL  tools/file_size_budget.txt lists src/jit/JitIr.h, which no longer exists — run 'D:/a/pom68k/pom68k/tools/check_file_sizes.sh --update'
windows	Run the asset-free tier in the release configuration	2026-09-07T18:43:31.3147408Z FAIL  tools/file_size_budget.txt lists src/main.cpp, which no longer exists — run 'D:/a/pom68k/pom68k/tools/check_file_sizes.sh --update'
windows	Run the asset-free tier in the release configuration	2026-09-07T18:43:31.3149418Z FAIL  tools/file_size_budget.txt lists src/PlatformCompact.cpp, which no longer exists — run 'D:/a/pom68k/pom68k/tools/check_file_sizes.sh --update'
windows	Run the asset-free tier in the release configuration	2026-09-07T18:43:31.3151511Z FAIL  tools/file_size_budget.txt lists src/PlatformComposers.cpp, which no longer exists — run 'D:/a/pom68k/pom68k/tools/check_file_sizes.sh --update'
windows	Run the asset-free tier in the release configuration	2026-09-07T18:43:31.3153598Z FAIL  tools/file_size_budget.txt lists src/PlatformDafb.cpp, which no longer exists — run 'D:/a/pom68k/pom68k/tools/check_file_sizes.sh --update'
windows	Run the asset-free tier in the release configuration	2026-09-07T18:43:31.3155897Z FAIL  tools/file_size_budget.txt lists src/PlatformDuo.cpp, which no longer exists — run 'D:/a/pom68k/pom68k/tools/check_file_sizes.sh --update'
windows	Run the asset-free tier in the release configuration	2026-09-07T18:43:31.3157864Z FAIL  tools/file_size_budget.txt lists src/PlatformSonora.cpp, which no longer exists — run 'D:/a/pom68k/pom68k/tools/check_file_sizes.sh --update'
windows	Run the asset-free tier in the release configuration	2026-09-07T18:43:31.3159921Z FAIL  tools/file_size_budget.txt lists src/PlatformToby.cpp, which no longer exists — run 'D:/a/pom68k/pom68k/tools/check_file_sizes.sh --update'
windows	Run the asset-free tier in the release configuration	2026-09-07T18:43:31.3161916Z FAIL  tools/file_size_budget.txt lists src/PlatformV8.cpp, which no longer exists — run 'D:/a/pom68k/pom68k/tools/check_file_sizes.sh --update'
windows	Run the asset-free tier in the release configuration	2026-09-07T18:43:31.3163918Z FAIL  tools/file_size_budget.txt lists src/Q700Memory.cpp, which no longer exists — run 'D:/a/pom68k/pom68k/tools/check_file_sizes.sh --update'
windows	Run the asset-free tier in the release configuration	2026-09-07T18:43:31.3165874Z FAIL  tools/file_size_budget.txt lists src/R65c02.cpp, which no longer exists — run 'D:/a/pom68k/pom68k/tools/check_file_sizes.sh --update'
windows	Run the asset-free tier in the release configuration	2026-09-07T18:43:31.3168156Z FAIL  tools/file_size_budget.txt lists src/RuntimeConfigCore.cpp, which no longer exists — run 'D:/a/pom68k/pom68k/tools/check_file_sizes.sh --update'
windows	Run the asset-free tier in the release configuration	2026-09-07T18:43:31.3170196Z FAIL  tools/file_size_budget.txt lists src/RuntimeConfig.cpp, which no longer exists — run 'D:/a/pom68k/pom68k/tools/check_file_sizes.sh --update'
windows	Run the asset-free tier in the release configuration	2026-09-07T18:43:31.3172540Z FAIL  tools/file_size_budget.txt lists src/RuntimeConfigMachine.cpp, which no longer exists — run 'D:/a/pom68k/pom68k/tools/check_file_sizes.sh --update'
windows	Run the asset-free tier in the release configuration	2026-09-07T18:43:31.3174655Z FAIL  tools/file_size_budget.txt lists src/RuntimeConfigParsers.h, which no longer exists — run 'D:/a/pom68k/pom68k/tools/check_file_sizes.sh --update'
windows	Run the asset-free tier in the release configuration	2026-09-07T18:43:31.3177044Z FAIL  tools/file_size_budget.txt lists src/RuntimeConfigProduct.cpp, which no longer exists — run 'D:/a/pom68k/pom68k/tools/check_file_sizes.sh --update'
windows	Run the asset-free tier in the release configuration	2026-09-07T18:43:31.3178985Z FAIL  tools/file_size_budget.txt lists src/Scc8530.cpp, which no longer exists — run 'D:/a/pom68k/pom68k/tools/check_file_sizes.sh --update'
windows	Run the asset-free tier in the release configuration	2026-09-07T18:43:31.3180959Z FAIL  tools/file_size_budget.txt lists src/ScsiDisk.cpp, which no longer exists — run 'D:/a/pom68k/pom68k/tools/check_file_sizes.sh --update'
windows	Run the asset-free tier in the release configuration	2026-09-07T18:43:31.3182902Z FAIL  tools/file_size_budget.txt lists src/SonyDrive.cpp, which no longer exists — run 'D:/a/pom68k/pom68k/tools/check_file_sizes.sh --update'
windows	Run the asset-free tier in the release configuration	2026-09-07T18:43:31.3184953Z FAIL  tools/file_size_budget.txt lists src/StartupDomainView.h, which no longer exists — run 'D:/a/pom68k/pom68k/tools/check_file_sizes.sh --update'
windows	Run the asset-free tier in the release configuration	2026-09-07T18:43:31.3187011Z FAIL  tools/file_size_budget.txt lists src/StartupOptions.h, which no longer exists — run 'D:/a/pom68k/pom68k/tools/check_file_sizes.sh --update'
windows	Run the asset-free tier in the release configuration	2026-09-07T18:43:31.3189020Z FAIL  tools/file_size_budget.txt lists src/StartupSnapshot.h, which no longer exists — run 'D:/a/pom68k/pom68k/tools/check_file_sizes.sh --update'
windows	Run the asset-free tier in the release configuration	2026-09-07T18:43:31.3191131Z FAIL  tools/file_size_budget.txt lists src/StartupValueDecoding.h, which no longer exists — run 'D:/a/pom68k/pom68k/tools/check_file_sizes.sh --update'
windows	Run the asset-free tier in the release configuration	2026-09-07T18:43:31.3193550Z FAIL  tools/file_size_budget.txt lists src/StartupValuePolicy.h, which no longer exists — run 'D:/a/pom68k/pom68k/tools/check_file_sizes.sh --update'
windows	Run the asset-free tier in the release configuration	2026-09-07T18:43:31.3194575Z 
windows	Run the asset-free tier in the release configuration	2026-09-07T18:43:31.3194841Z The rule is CLAUDE.md's first convention: one concern per file.
windows	Run the asset-free tier in the release configuration	2026-09-07T18:43:31.3195547Z A new platform's GUI runner is a spec row, not another 350 lines.
windows	Run the asset-free tier in the release configuration	2026-09-07T18:43:31.3196001Z 
windows	Run the asset-free tier in the release configuration	2026-09-07T18:43:31.5204779Z 82/82 Test  #91: r65c02_test ...........................   Passed    1.23 sec
windows	Run the asset-free tier in the release configuration	2026-09-07T18:43:31.5218960Z 
windows	Run the asset-free tier in the release configuration	2026-09-07T18:43:31.5219374Z 83% tests passed, 14 tests failed out of 82
windows	Run the asset-free tier in the release configuration	2026-09-07T18:43:31.5220768Z 
windows	Run the asset-free tier in the release configuration	2026-09-07T18:43:31.5221354Z Label Time Summary:
windows	Run the asset-free tier in the release configuration	2026-09-07T18:43:31.5221976Z asset-none          =  13.71 sec*proc (82 tests)
windows	Run the asset-free tier in the release configuration	2026-09-07T18:43:31.5222629Z gui                 =   0.54 sec*proc (1 test)
windows	Run the asset-free tier in the release configuration	2026-09-07T18:43:31.5223353Z host-any            =  13.57 sec*proc (76 tests)
windows	Run the asset-free tier in the release configuration	2026-09-07T18:43:31.5223990Z host-native         =   0.14 sec*proc (6 tests)
windows	Run the asset-free tier in the release configuration	2026-09-07T18:43:31.5224601Z jit                 =   0.28 sec*proc (9 tests)
windows	Run the asset-free tier in the release configuration	2026-09-07T18:43:31.5225195Z jit-fast            =   0.96 sec*proc (8 tests)
windows	Run the asset-free tier in the release configuration	2026-09-07T18:43:31.5225795Z m030                =   0.04 sec*proc (2 tests)
windows	Run the asset-free tier in the release configuration	2026-09-07T18:43:31.5226381Z m040                =   0.77 sec*proc (8 tests)
windows	Run the asset-free tier in the release configuration	2026-09-07T18:43:31.5227307Z scope-component     =  12.60 sec*proc (70 tests)
windows	Run the asset-free tier in the release configuration	2026-09-07T18:43:31.5228137Z scope-engine        =   0.28 sec*proc (9 tests)
windows	Run the asset-free tier in the release configuration	2026-09-07T18:43:31.5229239Z scope-repository    =   0.82 sec*proc (3 tests)
windows	Run the asset-free tier in the release configuration	2026-09-07T18:43:31.5230286Z smoke               =   0.05 sec*proc (1 test)
windows	Run the asset-free tier in the release configuration	2026-09-07T18:43:31.5231121Z tier-daily          =  13.71 sec*proc (82 tests)
windows	Run the asset-free tier in the release configuration	2026-09-07T18:43:31.5232136Z unit                =  13.17 sec*proc (81 tests)
windows	Run the asset-free tier in the release configuration	2026-09-07T18:43:31.5232672Z 
windows	Run the asset-free tier in the release configuration	2026-09-07T18:43:31.5232995Z Total Test time (real) =   4.28 sec
windows	Run the asset-free tier in the release configuration	2026-09-07T18:43:31.5233823Z 
windows	Run the asset-free tier in the release configuration	2026-09-07T18:43:31.5234469Z Errors while running CTest
windows	Run the asset-free tier in the release configuration	2026-09-07T18:43:31.5234858Z The following tests FAILED:
windows	Run the asset-free tier in the release configuration	2026-09-07T18:43:31.5239054Z 	  1 - gui_smoke_test (Failed)                           asset-none gui host-any scope-component tier-daily
windows	Run the asset-free tier in the release configuration	2026-09-07T18:43:31.5241837Z 	  2 - cpu_smoke (SEGFAULT)                              asset-none host-any scope-component tier-daily unit
windows	Run the asset-free tier in the release configuration	2026-09-07T18:43:31.5243393Z 	  3 - demo_screenshot (SEGFAULT)                        asset-none host-any scope-component tier-daily unit
windows	Run the asset-free tier in the release configuration	2026-09-07T18:43:31.5244614Z 	 35 - machinehost_test (Failed)                         asset-none host-any scope-component tier-daily unit
windows	Run the asset-free tier in the release configuration	2026-09-07T18:43:31.5245821Z 	 36 - input_journal_test (SEGFAULT)                     asset-none host-any scope-component tier-daily unit
windows	Run the asset-free tier in the release configuration	2026-09-07T18:43:31.5247074Z 	 37 - docs_test (Failed)                                asset-none host-any jit-fast scope-repository tier-daily unit
windows	Run the asset-free tier in the release configuration	2026-09-07T18:43:31.5248350Z 	 38 - config_test (Failed)                              asset-none host-any jit-fast scope-repository tier-daily unit
windows	Run the asset-free tier in the release configuration	2026-09-07T18:43:31.5249586Z 	 46 - cpu_wrapper_smoke (SEGFAULT)                      asset-none host-any scope-component tier-daily unit
windows	Run the asset-free tier in the release configuration	2026-09-07T18:43:31.5250771Z 	 48 - v8_ramsize (SEGFAULT)                             asset-none host-any scope-component tier-daily unit
windows	Run the asset-free tier in the release configuration	2026-09-07T18:43:31.5251795Z 	 54 - rtc_pram_test (Failed)                            asset-none host-any scope-component tier-daily unit
windows	Run the asset-free tier in the release configuration	2026-09-07T18:43:31.5252823Z 	 72 - swim2_test (SEGFAULT)                             asset-none host-any m040 scope-component tier-daily unit
windows	Run the asset-free tier in the release configuration	2026-09-07T18:43:31.5253931Z 	 88 - q605_turboscsi_test (SEGFAULT)                    asset-none host-any m040 scope-component tier-daily unit
windows	Run the asset-free tier in the release configuration	2026-09-07T18:43:31.5255130Z 	198 - jit_backend_test (Failed)                         asset-none host-any jit jit-fast scope-engine smoke tier-daily unit
windows	Run the asset-free tier in the release configuration	2026-09-07T18:43:31.5256302Z 	233 - file_size_budget_test (Failed)                    asset-none host-any scope-component tier-daily unit
windows	Run the asset-free tier in the release configuration	2026-09-07T18:43:31.6079364Z ##[error]Process completed with exit code 1.
windows	Post Run actions/checkout@v5	﻿2026-09-07T18:43:31.6372139Z Post job cleanup.
windows	Post Run actions/checkout@v5	2026-09-07T18:43:31.8704425Z [command]"C:\Program Files\Git\bin\git.exe" version
windows	Post Run actions/checkout@v5	2026-09-07T18:43:31.8992013Z git version 2.55.0.windows.5
windows	Post Run actions/checkout@v5	2026-09-07T18:43:31.9066182Z Temporarily overriding HOME='D:\a\_temp\a7d65fe2-9257-4679-8186-c22d25a55f75' before making global git config changes
windows	Post Run actions/checkout@v5	2026-09-07T18:43:31.9067533Z Adding repository directory to the temporary git global config as a safe directory
windows	Post Run actions/checkout@v5	2026-09-07T18:43:31.9077911Z [command]"C:\Program Files\Git\bin\git.exe" config --global --add safe.directory D:\a\pom68k\pom68k
windows	Post Run actions/checkout@v5	2026-09-07T18:43:31.9408696Z [command]"C:\Program Files\Git\bin\git.exe" config --local --name-only --get-regexp core\.sshCommand
windows	Post Run actions/checkout@v5	2026-09-07T18:43:31.9721187Z [command]"C:\Program Files\Git\bin\git.exe" submodule foreach --recursive "sh -c \"git config --local --name-only --get-regexp 'core\.sshCommand' && git config --local --unset-all 'core.sshCommand' || :\""
windows	Post Run actions/checkout@v5	2026-09-07T18:43:32.6113072Z [command]"C:\Program Files\Git\bin\git.exe" config --local --name-only --get-regexp http\.https\:\/\/github\.com\/\.extraheader
windows	Post Run actions/checkout@v5	2026-09-07T18:43:32.6406332Z http.https://github.com/.extraheader
windows	Post Run actions/checkout@v5	2026-09-07T18:43:32.6451425Z [command]"C:\Program Files\Git\bin\git.exe" config --local --unset-all http.https://github.com/.extraheader
windows	Post Run actions/checkout@v5	2026-09-07T18:43:32.6760744Z [command]"C:\Program Files\Git\bin\git.exe" submodule foreach --recursive "sh -c \"git config --local --name-only --get-regexp 'http\.https\:\/\/github\.com\/\.extraheader' && git config --local --unset-all 'http.https://github.com/.extraheader' || :\""
windows	Post Run actions/checkout@v5	2026-09-07T18:43:33.1994725Z [command]"C:\Program Files\Git\bin\git.exe" config --local --name-only --get-regexp ^includeIf\.gitdir:
windows	Post Run actions/checkout@v5	2026-09-07T18:43:33.2279272Z [command]"C:\Program Files\Git\bin\git.exe" submodule foreach --recursive "git config --local --show-origin --name-only --get-regexp remote.origin.url"
windows	Complete job	﻿2026-09-07T18:43:33.7650554Z Cleaning up orphan processes
windows	Complete job	2026-09-07T18:43:33.7864512Z Terminate orphan process: pid (1604) (vctip)
windows	Complete job	2026-09-07T18:43:33.7917183Z Terminate orphan process: pid (1412) (MSBuild)
windows	Complete job	2026-09-07T18:43:33.7986726Z Terminate orphan process: pid (6592) (MSBuild)
windows	Complete job	2026-09-07T18:43:33.8103973Z Terminate orphan process: pid (3260) (MSBuild)
windows	Complete job	2026-09-07T18:43:33.8156446Z Terminate orphan process: pid (948) (conhost)
linux	Set up job	﻿2026-09-07T18:25:34.0262876Z Current runner version: '2.337.0'
linux	Set up job	2026-09-07T18:25:34.0288379Z ##[group]Runner Image Provisioner
linux	Set up job	2026-09-07T18:25:34.0289368Z Hosted Compute Agent
linux	Set up job	2026-09-07T18:25:34.0289960Z Version: 20260828.587
linux	Set up job	2026-09-07T18:25:34.0290621Z Commit: abac92662cab4cc7352de4f9f9d2e2419aad9c29
linux	Set up job	2026-09-07T18:25:34.0291363Z Build Date: 2026-08-28T16:44:25Z
linux	Set up job	2026-09-07T18:25:34.0292477Z Worker ID: {3a73e0c9-7e75-4d2c-a7d5-c649f2f6986d}
linux	Set up job	2026-09-07T18:25:34.0293350Z Azure Region: westus
linux	Set up job	2026-09-07T18:25:34.0294007Z ##[endgroup]
linux	Set up job	2026-09-07T18:25:34.0295729Z ##[group]Operating System
linux	Set up job	2026-09-07T18:25:34.0296412Z Ubuntu
linux	Set up job	2026-09-07T18:25:34.0296966Z 24.04.4
linux	Set up job	2026-09-07T18:25:34.0297527Z LTS
linux	Set up job	2026-09-07T18:25:34.0298081Z ##[endgroup]
linux	Set up job	2026-09-07T18:25:34.0298607Z ##[group]Runner Image
linux	Set up job	2026-09-07T18:25:34.0299303Z Image: ubuntu-24.04
linux	Set up job	2026-09-07T18:25:34.0299907Z Version: 20260831.293.1
linux	Set up job	2026-09-07T18:25:34.0301005Z Included Software: https://github.com/actions/runner-images/blob/ubuntu24/20260831.293/images/ubuntu/Ubuntu2404-Readme.md
linux	Set up job	2026-09-07T18:25:34.0303019Z Image Release: https://github.com/actions/runner-images/releases/tag/ubuntu24%2F20260831.293
linux	Set up job	2026-09-07T18:25:34.0304093Z ##[endgroup]
linux	Set up job	2026-09-07T18:25:34.0305338Z ##[group]GITHUB_TOKEN Permissions
linux	Set up job	2026-09-07T18:25:34.0307481Z Contents: read
linux	Set up job	2026-09-07T18:25:34.0308148Z Metadata: read
linux	Set up job	2026-09-07T18:25:34.0308796Z Packages: read
linux	Set up job	2026-09-07T18:25:34.0309393Z ##[endgroup]
linux	Set up job	2026-09-07T18:25:34.0311374Z Secret source: Actions
linux	Set up job	2026-09-07T18:25:34.0313365Z Prepare workflow directory
linux	Set up job	2026-09-07T18:25:34.0716457Z Prepare all required actions
linux	Set up job	2026-09-07T18:25:34.0765818Z Getting action download info
linux	Set up job	2026-09-07T18:25:34.4471883Z Download action repository 'actions/checkout@v5' (SHA:fbc6f3992d24b796d5a048ff273f7fcc4a7b6c09)
linux	Set up job	2026-09-07T18:25:34.5664246Z Download action repository 'actions/upload-artifact@v5' (SHA:330a01c490aca151604b8cf639adc76d48f6c5d4)
linux	Set up job	2026-09-07T18:25:34.8199662Z Complete job name: linux
linux	Run actions/checkout@v5	﻿2026-09-07T18:25:34.8966736Z ##[group]Run actions/checkout@v5
linux	Run actions/checkout@v5	2026-09-07T18:25:34.8967623Z with:
linux	Run actions/checkout@v5	2026-09-07T18:25:34.8968078Z   repository: habib256/pom68k
linux	Run actions/checkout@v5	2026-09-07T18:25:34.8972312Z   token: ***
linux	Run actions/checkout@v5	2026-09-07T18:25:34.8972757Z   ssh-strict: true
linux	Run actions/checkout@v5	2026-09-07T18:25:34.8973189Z   ssh-user: git
linux	Run actions/checkout@v5	2026-09-07T18:25:34.8973633Z   persist-credentials: true
linux	Run actions/checkout@v5	2026-09-07T18:25:34.8974110Z   clean: true
linux	Run actions/checkout@v5	2026-09-07T18:25:34.8974561Z   sparse-checkout-cone-mode: true
linux	Run actions/checkout@v5	2026-09-07T18:25:34.8975077Z   fetch-depth: 1
linux	Run actions/checkout@v5	2026-09-07T18:25:34.8975505Z   fetch-tags: false
linux	Run actions/checkout@v5	2026-09-07T18:25:34.8975934Z   show-progress: true
linux	Run actions/checkout@v5	2026-09-07T18:25:34.8976375Z   lfs: false
linux	Run actions/checkout@v5	2026-09-07T18:25:34.8976775Z   submodules: false
linux	Run actions/checkout@v5	2026-09-07T18:25:34.8977223Z   set-safe-directory: true
linux	Run actions/checkout@v5	2026-09-07T18:25:34.8977722Z   allow-unsafe-pr-checkout: false
linux	Run actions/checkout@v5	2026-09-07T18:25:34.8978465Z env:
linux	Run actions/checkout@v5	2026-09-07T18:25:34.8978887Z   IMGUI_TAG: v1.92.8-docking
linux	Run actions/checkout@v5	2026-09-07T18:25:34.8979511Z   BUILDER_IMAGE: ghcr.io/habib256/pom68k-bionic-builder:bionic
linux	Run actions/checkout@v5	2026-09-07T18:25:34.8980183Z ##[endgroup]
linux	Run actions/checkout@v5	2026-09-07T18:25:35.0028365Z Syncing repository: habib256/pom68k
linux	Run actions/checkout@v5	2026-09-07T18:25:35.0031523Z ##[group]Getting Git version info
linux	Run actions/checkout@v5	2026-09-07T18:25:35.0033009Z Working directory is '/home/runner/work/pom68k/pom68k'
linux	Run actions/checkout@v5	2026-09-07T18:25:35.0039917Z [command]/usr/bin/git version
linux	Run actions/checkout@v5	2026-09-07T18:25:35.0171519Z git version 2.55.0
linux	Run actions/checkout@v5	2026-09-07T18:25:35.0196713Z ##[endgroup]
linux	Run actions/checkout@v5	2026-09-07T18:25:35.0215325Z Temporarily overriding HOME='/home/runner/work/_temp/9ac5cd09-b940-41c8-9839-7ac16c3101f4' before making global git config changes
linux	Run actions/checkout@v5	2026-09-07T18:25:35.0217877Z Adding repository directory to the temporary git global config as a safe directory
linux	Run actions/checkout@v5	2026-09-07T18:25:35.0222596Z [command]/usr/bin/git config --global --add safe.directory /home/runner/work/pom68k/pom68k
linux	Run actions/checkout@v5	2026-09-07T18:25:35.0281219Z Deleting the contents of '/home/runner/work/pom68k/pom68k'
linux	Run actions/checkout@v5	2026-09-07T18:25:35.0286953Z ##[group]Initializing the repository
linux	Run actions/checkout@v5	2026-09-07T18:25:35.0290736Z [command]/usr/bin/git init /home/runner/work/pom68k/pom68k
linux	Run actions/checkout@v5	2026-09-07T18:25:35.0490542Z hint: Using 'master' as the name for the initial branch. This default branch name
linux	Run actions/checkout@v5	2026-09-07T18:25:35.0493474Z hint: will change to "main" in Git 3.0. To configure the initial branch name
linux	Run actions/checkout@v5	2026-09-07T18:25:35.0495061Z hint: to use in all of your new repositories, which will suppress this warning,
linux	Run actions/checkout@v5	2026-09-07T18:25:35.0496356Z hint: call:
linux	Run actions/checkout@v5	2026-09-07T18:25:35.0497101Z hint:
linux	Run actions/checkout@v5	2026-09-07T18:25:35.0498526Z hint: 	git config --global init.defaultBranch <name>
linux	Run actions/checkout@v5	2026-09-07T18:25:35.0500158Z hint:
linux	Run actions/checkout@v5	2026-09-07T18:25:35.0501735Z hint: Names commonly chosen instead of 'master' are 'main', 'trunk' and
linux	Run actions/checkout@v5	2026-09-07T18:25:35.0503995Z hint: 'development'. The just-created branch can be renamed via this command:
linux	Run actions/checkout@v5	2026-09-07T18:25:35.0505603Z hint:
linux	Run actions/checkout@v5	2026-09-07T18:25:35.0506254Z hint: 	git branch -m <name>
linux	Run actions/checkout@v5	2026-09-07T18:25:35.0506999Z hint:
linux	Run actions/checkout@v5	2026-09-07T18:25:35.0507999Z hint: Disable this message with "git config set advice.defaultBranchName false"
linux	Run actions/checkout@v5	2026-09-07T18:25:35.0509571Z Initialized empty Git repository in /home/runner/work/pom68k/pom68k/.git/
linux	Run actions/checkout@v5	2026-09-07T18:25:35.0512777Z [command]/usr/bin/git remote add origin https://github.com/habib256/pom68k
linux	Run actions/checkout@v5	2026-09-07T18:25:35.0542800Z ##[endgroup]
linux	Run actions/checkout@v5	2026-09-07T18:25:35.0543874Z ##[group]Disabling automatic garbage collection
linux	Run actions/checkout@v5	2026-09-07T18:25:35.0548473Z [command]/usr/bin/git config --local gc.auto 0
linux	Run actions/checkout@v5	2026-09-07T18:25:35.0584244Z ##[endgroup]
linux	Run actions/checkout@v5	2026-09-07T18:25:35.0585060Z ##[group]Setting up auth
linux	Run actions/checkout@v5	2026-09-07T18:25:35.0592434Z [command]/usr/bin/git config --local --name-only --get-regexp core\.sshCommand
linux	Run actions/checkout@v5	2026-09-07T18:25:35.0628058Z [command]/usr/bin/git submodule foreach --recursive sh -c "git config --local --name-only --get-regexp 'core\.sshCommand' && git config --local --unset-all 'core.sshCommand' || :"
linux	Run actions/checkout@v5	2026-09-07T18:25:35.1058357Z [command]/usr/bin/git config --local --name-only --get-regexp http\.https\:\/\/github\.com\/\.extraheader
linux	Run actions/checkout@v5	2026-09-07T18:25:35.1099599Z [command]/usr/bin/git submodule foreach --recursive sh -c "git config --local --name-only --get-regexp 'http\.https\:\/\/github\.com\/\.extraheader' && git config --local --unset-all 'http.https://github.com/.extraheader' || :"
linux	Run actions/checkout@v5	2026-09-07T18:25:35.1357814Z [command]/usr/bin/git config --local --name-only --get-regexp ^includeIf\.gitdir:
linux	Run actions/checkout@v5	2026-09-07T18:25:35.1405798Z [command]/usr/bin/git submodule foreach --recursive git config --local --show-origin --name-only --get-regexp remote.origin.url
linux	Run actions/checkout@v5	2026-09-07T18:25:35.1638376Z [command]/usr/bin/git config --local http.https://github.com/.extraheader AUTHORIZATION: basic ***
linux	Run actions/checkout@v5	2026-09-07T18:25:35.1678768Z ##[endgroup]
linux	Run actions/checkout@v5	2026-09-07T18:25:35.1679655Z ##[group]Fetching the repository
linux	Run actions/checkout@v5	2026-09-07T18:25:35.1690954Z [command]/usr/bin/git -c protocol.version=2 fetch --no-tags --prune --no-recurse-submodules --depth=1 origin +46f58f4588079ef34b1c110f430299b76731962a:refs/remotes/origin/main
linux	Run actions/checkout@v5	2026-09-07T18:25:36.6762927Z From https://github.com/habib256/pom68k
linux	Run actions/checkout@v5	2026-09-07T18:25:36.6765342Z  * [new ref]         46f58f4588079ef34b1c110f430299b76731962a -> origin/main
linux	Run actions/checkout@v5	2026-09-07T18:25:36.6769512Z ##[endgroup]
linux	Run actions/checkout@v5	2026-09-07T18:25:36.6771370Z ##[group]Determining the checkout info
linux	Run actions/checkout@v5	2026-09-07T18:25:36.6773559Z ##[endgroup]
linux	Run actions/checkout@v5	2026-09-07T18:25:36.6779055Z [command]/usr/bin/git sparse-checkout disable
linux	Run actions/checkout@v5	2026-09-07T18:25:36.6838836Z [command]/usr/bin/git config --local --unset-all extensions.worktreeConfig
linux	Run actions/checkout@v5	2026-09-07T18:25:36.6873938Z ##[group]Checking out the ref
linux	Run actions/checkout@v5	2026-09-07T18:25:36.6879839Z [command]/usr/bin/git checkout --progress --force -B main refs/remotes/origin/main
linux	Run actions/checkout@v5	2026-09-07T18:25:36.9678176Z Switched to a new branch 'main'
linux	Run actions/checkout@v5	2026-09-07T18:25:36.9683701Z branch 'main' set up to track 'origin/main'.
linux	Run actions/checkout@v5	2026-09-07T18:25:36.9703784Z ##[endgroup]
linux	Run actions/checkout@v5	2026-09-07T18:25:36.9750604Z [command]/usr/bin/git log -1 --format=%H
linux	Run actions/checkout@v5	2026-09-07T18:25:36.9780671Z 46f58f4588079ef34b1c110f430299b76731962a
linux	Log in to GHCR (pull the builder image)	﻿2026-09-07T18:25:37.0066139Z ##[group]Run echo "***" | docker login ghcr.io -u "habib256" --password-stdin
linux	Log in to GHCR (pull the builder image)	2026-09-07T18:25:37.0078875Z ^[[36;1mecho "***" | docker login ghcr.io -u "habib256" --password-stdin^[[0m
linux	Log in to GHCR (pull the builder image)	2026-09-07T18:25:37.0121536Z shell: /usr/bin/bash -e {0}
linux	Log in to GHCR (pull the builder image)	2026-09-07T18:25:37.0122987Z env:
linux	Log in to GHCR (pull the builder image)	2026-09-07T18:25:37.0123953Z   IMGUI_TAG: v1.92.8-docking
linux	Log in to GHCR (pull the builder image)	2026-09-07T18:25:37.0125644Z   BUILDER_IMAGE: ghcr.io/habib256/pom68k-bionic-builder:bionic
linux	Log in to GHCR (pull the builder image)	2026-09-07T18:25:37.0127172Z ##[endgroup]
linux	Log in to GHCR (pull the builder image)	2026-09-07T18:25:37.5252865Z 
linux	Log in to GHCR (pull the builder image)	2026-09-07T18:25:37.5253201Z Login Succeeded
linux	Log in to GHCR (pull the builder image)	2026-09-07T18:25:37.5254489Z WARNING! Your credentials are stored unencrypted in '/home/runner/.docker/config.json'.
linux	Log in to GHCR (pull the builder image)	2026-09-07T18:25:37.5263872Z Configure a credential helper to remove this warning. See
linux	Log in to GHCR (pull the builder image)	2026-09-07T18:25:37.5265005Z https://docs.docker.com/go/credential-store/
linux	Log in to GHCR (pull the builder image)	2026-09-07T18:25:37.5265636Z 
linux	Build POM68K + AppImage in the pinned bionic builder	﻿2026-09-07T18:25:37.5314277Z ##[group]Run IMAGE="$(echo "$BUILDER_IMAGE" | tr '[:upper:]' '[:lower:]')"
linux	Build POM68K + AppImage in the pinned bionic builder	2026-09-07T18:25:37.5314896Z ^[[36;1mIMAGE="$(echo "$BUILDER_IMAGE" | tr '[:upper:]' '[:lower:]')"^[[0m
linux	Build POM68K + AppImage in the pinned bionic builder	2026-09-07T18:25:37.5315353Z ^[[36;1mdocker pull "$IMAGE"^[[0m
linux	Build POM68K + AppImage in the pinned bionic builder	2026-09-07T18:25:37.5315678Z ^[[36;1mdocker run --rm \^[[0m
linux	Build POM68K + AppImage in the pinned bionic builder	2026-09-07T18:25:37.5316012Z ^[[36;1m  -v "$PWD":/work -w /work \^[[0m
linux	Build POM68K + AppImage in the pinned bionic builder	2026-09-07T18:25:37.5316397Z ^[[36;1m  -e POM68K_VERSION -e IMGUI_TAG \^[[0m
linux	Build POM68K + AppImage in the pinned bionic builder	2026-09-07T18:25:37.5316760Z ^[[36;1m  "$IMAGE" \^[[0m
linux	Build POM68K + AppImage in the pinned bionic builder	2026-09-07T18:25:37.5317097Z ^[[36;1m  bash /work/packaging/linux/build_in_bionic.sh^[[0m
linux	Build POM68K + AppImage in the pinned bionic builder	2026-09-07T18:25:37.5356251Z shell: /usr/bin/bash -e {0}
linux	Build POM68K + AppImage in the pinned bionic builder	2026-09-07T18:25:37.5356598Z env:
linux	Build POM68K + AppImage in the pinned bionic builder	2026-09-07T18:25:37.5356855Z   IMGUI_TAG: v1.92.8-docking
linux	Build POM68K + AppImage in the pinned bionic builder	2026-09-07T18:25:37.5357254Z   BUILDER_IMAGE: ghcr.io/habib256/pom68k-bionic-builder:bionic
linux	Build POM68K + AppImage in the pinned bionic builder	2026-09-07T18:25:37.5357676Z   POM68K_VERSION: 
linux	Build POM68K + AppImage in the pinned bionic builder	2026-09-07T18:25:37.5357940Z ##[endgroup]
linux	Build POM68K + AppImage in the pinned bionic builder	2026-09-07T18:25:38.1663153Z bionic: Pulling from habib256/pom68k-bionic-builder
linux	Build POM68K + AppImage in the pinned bionic builder	2026-09-07T18:25:38.1670747Z 41af1b5f0f51: Pulling fs layer
linux	Build POM68K + AppImage in the pinned bionic builder	2026-09-07T18:25:38.1671581Z bfde40593d86: Pulling fs layer
linux	Build POM68K + AppImage in the pinned bionic builder	2026-09-07T18:25:38.1673254Z 713095359411: Pulling fs layer
linux	Build POM68K + AppImage in the pinned bionic builder	2026-09-07T18:25:38.1673836Z b48b2c558613: Pulling fs layer
linux	Build POM68K + AppImage in the pinned bionic builder	2026-09-07T18:25:38.1674217Z e4178301c149: Pulling fs layer
linux	Build POM68K + AppImage in the pinned bionic builder	2026-09-07T18:25:38.1674471Z dcb04c2631d9: Pulling fs layer
linux	Build POM68K + AppImage in the pinned bionic builder	2026-09-07T18:25:38.1674818Z 6ee4bc6f7c4e: Pulling fs layer
linux	Build POM68K + AppImage in the pinned bionic builder	2026-09-07T18:25:38.1675294Z b48b2c558613: Waiting
linux	Build POM68K + AppImage in the pinned bionic builder	2026-09-07T18:25:38.1675703Z dcb04c2631d9: Waiting
linux	Build POM68K + AppImage in the pinned bionic builder	2026-09-07T18:25:38.1676108Z 6ee4bc6f7c4e: Waiting
linux	Build POM68K + AppImage in the pinned bionic builder	2026-09-07T18:25:38.1676526Z e4178301c149: Waiting
linux	Build POM68K + AppImage in the pinned bionic builder	2026-09-07T18:25:38.8500683Z 41af1b5f0f51: Verifying Checksum
linux	Build POM68K + AppImage in the pinned bionic builder	2026-09-07T18:25:38.8502482Z 41af1b5f0f51: Download complete
linux	Build POM68K + AppImage in the pinned bionic builder	2026-09-07T18:25:39.7765935Z 713095359411: Verifying Checksum
linux	Build POM68K + AppImage in the pinned bionic builder	2026-09-07T18:25:39.8389755Z 713095359411: Download complete
linux	Build POM68K + AppImage in the pinned bionic builder	2026-09-07T18:25:39.8390201Z 41af1b5f0f51: Pull complete
linux	Build POM68K + AppImage in the pinned bionic builder	2026-09-07T18:25:40.0000117Z e4178301c149: Verifying Checksum
linux	Build POM68K + AppImage in the pinned bionic builder	2026-09-07T18:25:40.0000813Z e4178301c149: Download complete
linux	Build POM68K + AppImage in the pinned bionic builder	2026-09-07T18:25:40.7162231Z b48b2c558613: Verifying Checksum
linux	Build POM68K + AppImage in the pinned bionic builder	2026-09-07T18:25:40.7168567Z b48b2c558613: Download complete
linux	Build POM68K + AppImage in the pinned bionic builder	2026-09-07T18:25:40.9254495Z 6ee4bc6f7c4e: Verifying Checksum
linux	Build POM68K + AppImage in the pinned bionic builder	2026-09-07T18:25:40.9255089Z 6ee4bc6f7c4e: Download complete
linux	Build POM68K + AppImage in the pinned bionic builder	2026-09-07T18:25:41.2089269Z dcb04c2631d9: Verifying Checksum
linux	Build POM68K + AppImage in the pinned bionic builder	2026-09-07T18:25:43.6932200Z bfde40593d86: Verifying Checksum
linux	Build POM68K + AppImage in the pinned bionic builder	2026-09-07T18:25:43.6932812Z bfde40593d86: Download complete
linux	Build POM68K + AppImage in the pinned bionic builder	2026-09-07T18:25:49.1988630Z bfde40593d86: Pull complete
linux	Build POM68K + AppImage in the pinned bionic builder	2026-09-07T18:25:50.3409768Z 713095359411: Pull complete
linux	Build POM68K + AppImage in the pinned bionic builder	2026-09-07T18:25:52.9019967Z b48b2c558613: Pull complete
linux	Build POM68K + AppImage in the pinned bionic builder	2026-09-07T18:25:52.9219541Z e4178301c149: Pull complete
linux	Build POM68K + AppImage in the pinned bionic builder	2026-09-07T18:25:53.5450538Z dcb04c2631d9: Pull complete
linux	Build POM68K + AppImage in the pinned bionic builder	2026-09-07T18:25:53.5534928Z 6ee4bc6f7c4e: Pull complete
linux	Build POM68K + AppImage in the pinned bionic builder	2026-09-07T18:25:53.5570115Z Digest: sha256:98ad8c981525a0b762f03045140532bd74cbbbe860b7cb4cddebf2b1ec12edd8
linux	Build POM68K + AppImage in the pinned bionic builder	2026-09-07T18:25:53.5585162Z Status: Downloaded newer image for ghcr.io/habib256/pom68k-bionic-builder:bionic
linux	Build POM68K + AppImage in the pinned bionic builder	2026-09-07T18:25:53.5594172Z ghcr.io/habib256/pom68k-bionic-builder:bionic
linux	Build POM68K + AppImage in the pinned bionic builder	2026-09-07T18:25:53.7630143Z + git config --global --add safe.directory '*'
linux	Build POM68K + AppImage in the pinned bionic builder	2026-09-07T18:25:53.7648520Z + rm -rf imgui
linux	Build POM68K + AppImage in the pinned bionic builder	2026-09-07T18:25:53.7657830Z + git clone --depth 1 --branch v1.92.8-docking https://github.com/ocornut/imgui.git imgui
linux	Build POM68K + AppImage in the pinned bionic builder	2026-09-07T18:25:53.7670365Z Cloning into 'imgui'...
linux	Build POM68K + AppImage in the pinned bionic builder	2026-09-07T18:25:54.6593927Z Note: checking out 'b61e56346a92cfcaf1f43a545ca37b0b32239654'.
linux	Build POM68K + AppImage in the pinned bionic builder	2026-09-07T18:25:54.6594288Z 
linux	Build POM68K + AppImage in the pinned bionic builder	2026-09-07T18:25:54.6595025Z You are in 'detached HEAD' state. You can look around, make experimental
linux	Build POM68K + AppImage in the pinned bionic builder	2026-09-07T18:25:54.6595531Z changes and commit them, and you can discard any commits you make in this
linux	Build POM68K + AppImage in the pinned bionic builder	2026-09-07T18:25:54.6596057Z state without impacting any branches by performing another checkout.
linux	Build POM68K + AppImage in the pinned bionic builder	2026-09-07T18:25:54.6596353Z 
linux	Build POM68K + AppImage in the pinned bionic builder	2026-09-07T18:25:54.6596540Z If you want to create a new branch to retain commits you create, you may
linux	Build POM68K + AppImage in the pinned bionic builder	2026-09-07T18:25:54.6597017Z do so (now or later) by using -b with the checkout command again. Example:
linux	Build POM68K + AppImage in the pinned bionic builder	2026-09-07T18:25:54.6597308Z 
linux	Build POM68K + AppImage in the pinned bionic builder	2026-09-07T18:25:54.6597697Z   git checkout -b <new-branch-name>
linux	Build POM68K + AppImage in the pinned bionic builder	2026-09-07T18:25:54.6597887Z 
linux	Build POM68K + AppImage in the pinned bionic builder	2026-09-07T18:25:54.7015690Z + TUNE=
linux	Build POM68K + AppImage in the pinned bionic builder	2026-09-07T18:25:54.7016116Z + case "$(uname -m)" in
linux	Build POM68K + AppImage in the pinned bionic builder	2026-09-07T18:25:54.7018909Z ++ uname -m
linux	Build POM68K + AppImage in the pinned bionic builder	2026-09-07T18:25:54.7029607Z + cmake -S . -B build-release -DCMAKE_BUILD_TYPE=Release -DPOM68K_NATIVE=OFF -DPOM68K_LTO=ON -DPOM68K_TESTS=OFF '-DCMAKE_EXE_LINKER_FLAGS=-static-libstdc++ -static-libgcc'
linux	Build POM68K + AppImage in the pinned bionic builder	2026-09-07T18:25:54.7613820Z -- The CXX compiler identification is GNU 11.4.0
linux	Build POM68K + AppImage in the pinned bionic builder	2026-09-07T18:25:54.7757351Z -- Detecting CXX compiler ABI info
linux	Build POM68K + AppImage in the pinned bionic builder	2026-09-07T18:25:54.8324601Z -- Detecting CXX compiler ABI info - done
linux	Build POM68K + AppImage in the pinned bionic builder	2026-09-07T18:25:54.8443590Z -- Check for working CXX compiler: /usr/bin/c++ - skipped
linux	Build POM68K + AppImage in the pinned bionic builder	2026-09-07T18:25:54.8450040Z -- Detecting CXX compile features
linux	Build POM68K + AppImage in the pinned bionic builder	2026-09-07T18:25:54.8453420Z -- Detecting CXX compile features - done
linux	Build POM68K + AppImage in the pinned bionic builder	2026-09-07T18:25:55.0295621Z -- The C compiler identification is GNU 11.4.0
linux	Build POM68K + AppImage in the pinned bionic builder	2026-09-07T18:25:55.0406493Z -- Detecting C compiler ABI info
linux	Build POM68K + AppImage in the pinned bionic builder	2026-09-07T18:25:55.0923485Z -- Detecting C compiler ABI info - done
linux	Build POM68K + AppImage in the pinned bionic builder	2026-09-07T18:25:55.1033671Z -- Check for working C compiler: /usr/bin/cc - skipped
linux	Build POM68K + AppImage in the pinned bionic builder	2026-09-07T18:25:55.1038216Z -- Detecting C compile features
linux	Build POM68K + AppImage in the pinned bionic builder	2026-09-07T18:25:55.1044340Z -- Detecting C compile features - done
linux	Build POM68K + AppImage in the pinned bionic builder	2026-09-07T18:25:55.1058844Z -- POM68K JIT: threaded backend + x86-64 code generator
linux	Build POM68K + AppImage in the pinned bionic builder	2026-09-07T18:25:55.1133609Z -- Found OpenGL: /usr/lib/x86_64-linux-gnu/libOpenGL.so   
linux	Build POM68K + AppImage in the pinned bionic builder	2026-09-07T18:25:55.1158176Z -- Performing Test CMAKE_HAVE_LIBC_PTHREAD
linux	Build POM68K + AppImage in the pinned bionic builder	2026-09-07T18:25:55.1688365Z -- Performing Test CMAKE_HAVE_LIBC_PTHREAD - Failed
linux	Build POM68K + AppImage in the pinned bionic builder	2026-09-07T18:25:55.1689252Z -- Looking for pthread_create in pthreads
linux	Build POM68K + AppImage in the pinned bionic builder	2026-09-07T18:25:55.2131451Z -- Looking for pthread_create in pthreads - not found
linux	Build POM68K + AppImage in the pinned bionic builder	2026-09-07T18:25:55.2133825Z -- Looking for pthread_create in pthread
linux	Build POM68K + AppImage in the pinned bionic builder	2026-09-07T18:25:55.2624789Z -- Looking for pthread_create in pthread - found
linux	Build POM68K + AppImage in the pinned bionic builder	2026-09-07T18:25:55.2634968Z -- Found Threads: TRUE  
linux	Build POM68K + AppImage in the pinned bionic builder	2026-09-07T18:25:55.2638767Z -- POM68K warnings: -Wall -Wextra (-Werror: OFF)
linux	Build POM68K + AppImage in the pinned bionic builder	2026-09-07T18:25:55.2640651Z -- Configuring done (0.6s)
linux	Build POM68K + AppImage in the pinned bionic builder	2026-09-07T18:25:55.2868450Z -- Generating done (0.0s)
linux	Build POM68K + AppImage in the pinned bionic builder	2026-09-07T18:25:55.2882936Z -- Build files have been written to: /work/build-release
linux	Build POM68K + AppImage in the pinned bionic builder	2026-09-07T18:25:55.2916919Z ++ nproc
linux	Build POM68K + AppImage in the pinned bionic builder	2026-09-07T18:25:55.2925251Z + cmake --build build-release -j4 --target POM68K
linux	Build POM68K + AppImage in the pinned bionic builder	2026-09-07T18:25:55.3140226Z [  1%] Building C object extern/softfloat/CMakeFiles/softfloat68k.dir/softfloat.c.o
linux	Build POM68K + AppImage in the pinned bionic builder	2026-09-07T18:25:55.3141294Z [  1%] Building CXX object CMakeFiles/pom68k_app.dir/src/ProcessEnvironment.cpp.o
linux	Build POM68K + AppImage in the pinned bionic builder	2026-09-07T18:25:55.3142872Z [  3%] Building C object extern/softfloat/CMakeFiles/softfloat68k.dir/softfloat_decimal.c.o
linux	Build POM68K + AppImage in the pinned bionic builder	2026-09-07T18:25:55.3143921Z [  3%] Building CXX object CMakeFiles/pom68k_app.dir/src/RuntimeConfig.cpp.o
linux	Build POM68K + AppImage in the pinned bionic builder	2026-09-07T18:25:55.3794546Z [  4%] Building C object extern/softfloat/CMakeFiles/softfloat68k.dir/softfloat_fpsp.c.o
linux	Build POM68K + AppImage in the pinned bionic builder	2026-09-07T18:25:55.5220819Z [  5%] Building CXX object CMakeFiles/pom68k_app.dir/src/RuntimeConfigProduct.cpp.o
linux	Build POM68K + AppImage in the pinned bionic builder	2026-09-07T18:25:55.5464933Z [  6%] Linking C static library libsoftfloat68k.a
linux	Build POM68K + AppImage in the pinned bionic builder	2026-09-07T18:25:55.5631439Z [  6%] Built target softfloat68k
linux	Build POM68K + AppImage in the pinned bionic builder	2026-09-07T18:25:55.5737035Z [  7%] Building CXX object CMakeFiles/moira.dir/extern/moira/Moira/Moira.cpp.o
linux	Build POM68K + AppImage in the pinned bionic builder	2026-09-07T18:25:56.6245838Z [  8%] Building CXX object CMakeFiles/pom68k_app.dir/src/RuntimeConfigCore.cpp.o
linux	Build POM68K + AppImage in the pinned bionic builder	2026-09-07T18:25:57.4241698Z [  9%] Building CXX object CMakeFiles/moira.dir/extern/moira/Moira/MoiraDebugger.cpp.o
linux	Build POM68K + AppImage in the pinned bionic builder	2026-09-07T18:25:57.5158935Z [ 10%] Building CXX object CMakeFiles/pom68k_app.dir/src/RuntimeConfigMachine.cpp.o
linux	Build POM68K + AppImage in the pinned bionic builder	2026-09-07T18:25:58.8084387Z [ 11%] Building CXX object CMakeFiles/pom68k_app.dir/src/MachineFactory.cpp.o
linux	Build POM68K + AppImage in the pinned bionic builder	2026-09-07T18:25:59.0604602Z [ 12%] Building CXX object CMakeFiles/pom68k_app.dir/src/MachineSession.cpp.o
linux	Build POM68K + AppImage in the pinned bionic builder	2026-09-07T18:26:01.2370835Z [ 13%] Linking CXX static library libpom68k_app.a
linux	Build POM68K + AppImage in the pinned bionic builder	2026-09-07T18:26:01.2522885Z [ 13%] Built target pom68k_app
linux	Build POM68K + AppImage in the pinned bionic builder	2026-09-07T18:26:27.0616277Z [ 14%] Linking CXX static library libmoira.a
linux	Build POM68K + AppImage in the pinned bionic builder	2026-09-07T18:26:27.1412229Z [ 14%] Built target moira
linux	Build POM68K + AppImage in the pinned bionic builder	2026-09-07T18:26:27.1514632Z [ 15%] Building CXX object CMakeFiles/pom68k_core.dir/src/jit/JitEngine.cpp.o
linux	Build POM68K + AppImage in the pinned bionic builder	2026-09-07T18:26:27.1515979Z [ 15%] Building CXX object CMakeFiles/pom68k_core.dir/src/jit/JitEngineCensus.cpp.o
linux	Build POM68K + AppImage in the pinned bionic builder	2026-09-07T18:26:27.1517432Z [ 16%] Building CXX object CMakeFiles/pom68k_core.dir/src/jit/JitBlockCache.cpp.o
linux	Build POM68K + AppImage in the pinned bionic builder	2026-09-07T18:26:27.1520258Z [ 17%] Building CXX object CMakeFiles/pom68k_core.dir/src/jit/JitShiftVersions.cpp.o
linux	Build POM68K + AppImage in the pinned bionic builder	2026-09-07T18:26:28.9037082Z [ 18%] Building CXX object CMakeFiles/pom68k_core.dir/src/jit/JitBackend.cpp.o
linux	Build POM68K + AppImage in the pinned bionic builder	2026-09-07T18:26:29.1735959Z [ 19%] Building CXX object CMakeFiles/pom68k_core.dir/src/jit/JitCodeBuffer.cpp.o
linux	Build POM68K + AppImage in the pinned bionic builder	2026-09-07T18:26:29.2602068Z [ 20%] Building CXX object CMakeFiles/pom68k_core.dir/src/jit/JitRuntime.cpp.o
linux	Build POM68K + AppImage in the pinned bionic builder	2026-09-07T18:26:29.2687201Z [ 21%] Building CXX object CMakeFiles/pom68k_core.dir/src/jit/backends/JitBackendThreaded.cpp.o
linux	Build POM68K + AppImage in the pinned bionic builder	2026-09-07T18:26:30.2819193Z [ 22%] Building CXX object CMakeFiles/pom68k_core.dir/src/jit/backends/JitBackendX64.cpp.o
linux	Build POM68K + AppImage in the pinned bionic builder	2026-09-07T18:26:30.3232433Z [ 23%] Building CXX object CMakeFiles/pom68k_core.dir/src/SaveState.cpp.o
linux	Build POM68K + AppImage in the pinned bionic builder	2026-09-07T18:26:30.4600916Z [ 23%] Building CXX object CMakeFiles/pom68k_core.dir/src/SaveStateMachines.cpp.o
linux	Build POM68K + AppImage in the pinned bionic builder	2026-09-07T18:26:30.6785988Z [ 24%] Building CXX object CMakeFiles/pom68k_core.dir/src/Cpu68k.cpp.o
linux	Build POM68K + AppImage in the pinned bionic builder	2026-09-07T18:26:31.0213716Z [ 25%] Building CXX object CMakeFiles/pom68k_core.dir/src/MacMemory.cpp.o
linux	Build POM68K + AppImage in the pinned bionic builder	2026-09-07T18:26:32.8674638Z [ 26%] Building CXX object CMakeFiles/pom68k_core.dir/src/Via6522.cpp.o
linux	Build POM68K + AppImage in the pinned bionic builder	2026-09-07T18:26:33.0547387Z [ 27%] Building CXX object CMakeFiles/pom68k_core.dir/src/Rtc.cpp.o
linux	Build POM68K + AppImage in the pinned bionic builder	2026-09-07T18:26:33.7047532Z [ 28%] Building CXX object CMakeFiles/pom68k_core.dir/src/Iwm.cpp.o
linux	Build POM68K + AppImage in the pinned bionic builder	2026-09-07T18:26:33.7859729Z [ 29%] Building CXX object CMakeFiles/pom68k_core.dir/src/SonyDrive.cpp.o
linux	Build POM68K + AppImage in the pinned bionic builder	2026-09-07T18:26:33.8524989Z [ 30%] Building CXX object CMakeFiles/pom68k_core.dir/src/Scc8530.cpp.o
linux	Build POM68K + AppImage in the pinned bionic builder	2026-09-07T18:26:34.3502205Z [ 31%] Building CXX object CMakeFiles/pom68k_core.dir/src/M68hc05.cpp.o
linux	Build POM68K + AppImage in the pinned bionic builder	2026-09-07T18:26:34.9325227Z [ 32%] Building CXX object CMakeFiles/pom68k_core.dir/src/R65c02.cpp.o
linux	Build POM68K + AppImage in the pinned bionic builder	2026-09-07T18:26:35.1799530Z [ 32%] Building CXX object CMakeFiles/pom68k_core.dir/src/ApplePic.cpp.o
linux	Build POM68K + AppImage in the pinned bionic builder	2026-09-07T18:26:35.3719630Z [ 33%] Building CXX object CMakeFiles/pom68k_core.dir/src/IIfxMemory.cpp.o
linux	Build POM68K + AppImage in the pinned bionic builder	2026-09-07T18:26:35.4711554Z [ 34%] Building CXX object CMakeFiles/pom68k_core.dir/src/IIfxCpu.cpp.o
linux	Build POM68K + AppImage in the pinned bionic builder	2026-09-07T18:26:36.0319046Z [ 35%] Building CXX object CMakeFiles/pom68k_core.dir/src/CudaLle.cpp.o
linux	Build POM68K + AppImage in the pinned bionic builder	2026-09-07T18:26:36.1744369Z [ 36%] Building CXX object CMakeFiles/pom68k_core.dir/src/LtoUdp.cpp.o
linux	Build POM68K + AppImage in the pinned bionic builder	2026-09-07T18:26:36.6689213Z [ 37%] Building CXX object CMakeFiles/pom68k_core.dir/src/AtalkStack.cpp.o
linux	Build POM68K + AppImage in the pinned bionic builder	2026-09-07T18:26:37.5501672Z [ 38%] Building CXX object CMakeFiles/pom68k_core.dir/src/AfpServer.cpp.o
linux	Build POM68K + AppImage in the pinned bionic builder	2026-09-07T18:26:37.8525693Z [ 39%] Building CXX object CMakeFiles/pom68k_core.dir/src/PapServer.cpp.o
linux	Build POM68K + AppImage in the pinned bionic builder	2026-09-07T18:26:38.2663049Z [ 40%] Building CXX object CMakeFiles/pom68k_core.dir/src/MacIpGateway.cpp.o
linux	Build POM68K + AppImage in the pinned bionic builder	2026-09-07T18:26:38.7478050Z [ 40%] Building CXX object CMakeFiles/pom68k_core.dir/src/MacInput.cpp.o
linux	Build POM68K + AppImage in the pinned bionic builder	2026-09-07T18:26:39.6093412Z [ 41%] Building CXX object CMakeFiles/pom68k_core.dir/src/ScsiDisk.cpp.o
linux	Build POM68K + AppImage in the pinned bionic builder	2026-09-07T18:26:40.0086449Z [ 42%] Building CXX object CMakeFiles/pom68k_core.dir/src/DaynaPort.cpp.o
linux	Build POM68K + AppImage in the pinned bionic builder	2026-09-07T18:26:40.3344449Z [ 43%] Building CXX object CMakeFiles/pom68k_core.dir/src/EtherLink.cpp.o
linux	Build POM68K + AppImage in the pinned bionic builder	2026-09-07T18:26:40.5688275Z [ 44%] Building CXX object CMakeFiles/pom68k_core.dir/src/Ncr5380.cpp.o
linux	Build POM68K + AppImage in the pinned bionic builder	2026-09-07T18:26:40.6939561Z [ 45%] Building CXX object CMakeFiles/pom68k_core.dir/src/Ncr53c96.cpp.o
linux	Build POM68K + AppImage in the pinned bionic builder	2026-09-07T18:26:41.5888048Z [ 46%] Building CXX object CMakeFiles/pom68k_core.dir/src/PseudoVia.cpp.o
linux	Build POM68K + AppImage in the pinned bionic builder	2026-09-07T18:26:41.6133538Z [ 47%] Building CXX object CMakeFiles/pom68k_core.dir/src/V8Memory.cpp.o
linux	Build POM68K + AppImage in the pinned bionic builder	2026-09-07T18:26:41.9998641Z [ 48%] Building CXX object CMakeFiles/pom68k_core.dir/src/Cpu030.cpp.o
linux	Build POM68K + AppImage in the pinned bionic builder	2026-09-07T18:26:42.2037581Z [ 48%] Building CXX object CMakeFiles/pom68k_core.dir/src/Egret.cpp.o
linux	Build POM68K + AppImage in the pinned bionic builder	2026-09-07T18:26:42.3633572Z [ 49%] Building CXX object CMakeFiles/pom68k_core.dir/src/AdbBus.cpp.o
linux	Build POM68K + AppImage in the pinned bionic builder	2026-09-07T18:26:43.3113035Z [ 50%] Building CXX object CMakeFiles/pom68k_core.dir/src/Asc.cpp.o
linux	Build POM68K + AppImage in the pinned bionic builder	2026-09-07T18:26:43.4872680Z [ 51%] Building CXX object CMakeFiles/pom68k_core.dir/src/Swim1.cpp.o
linux	Build POM68K + AppImage in the pinned bionic builder	2026-09-07T18:26:44.2030780Z [ 52%] Building CXX object CMakeFiles/pom68k_core.dir/src/Swim2.cpp.o
linux	Build POM68K + AppImage in the pinned bionic builder	2026-09-07T18:26:44.5217929Z [ 53%] Building CXX object CMakeFiles/pom68k_core.dir/src/SonoraMemory.cpp.o
linux	Build POM68K + AppImage in the pinned bionic builder	2026-09-07T18:26:44.5790885Z [ 54%] Building CXX object CMakeFiles/pom68k_core.dir/src/SonoraCpu.cpp.o
linux	Build POM68K + AppImage in the pinned bionic builder	2026-09-07T18:26:45.2115806Z [ 55%] Building CXX object CMakeFiles/pom68k_core.dir/src/VaspMemory.cpp.o
linux	Build POM68K + AppImage in the pinned bionic builder	2026-09-07T18:26:45.3800493Z [ 56%] Building CXX object CMakeFiles/pom68k_core.dir/src/VaspCpu.cpp.o
linux	Build POM68K + AppImage in the pinned bionic builder	2026-09-07T18:26:46.9926705Z [ 57%] Building CXX object CMakeFiles/pom68k_core.dir/src/MscMemory.cpp.o
linux	Build POM68K + AppImage in the pinned bionic builder	2026-09-07T18:26:47.7950525Z [ 57%] Building CXX object CMakeFiles/pom68k_core.dir/src/MscCpu.cpp.o
linux	Build POM68K + AppImage in the pinned bionic builder	2026-09-07T18:26:47.8539287Z [ 58%] Building CXX object CMakeFiles/pom68k_core.dir/src/M68hc05Pge.cpp.o
linux	Build POM68K + AppImage in the pinned bionic builder	2026-09-07T18:26:48.5258932Z [ 59%] Building CXX object CMakeFiles/pom68k_core.dir/src/PgePmu.cpp.o
linux	Build POM68K + AppImage in the pinned bionic builder	2026-09-07T18:26:49.3738946Z [ 60%] Building CXX object CMakeFiles/pom68k_core.dir/src/RbvMemory.cpp.o
linux	Build POM68K + AppImage in the pinned bionic builder	2026-09-07T18:26:49.9783115Z [ 61%] Building CXX object CMakeFiles/pom68k_core.dir/src/RbvCpu.cpp.o
linux	Build POM68K + AppImage in the pinned bionic builder	2026-09-07T18:26:50.2619817Z [ 62%] Building CXX object CMakeFiles/pom68k_core.dir/src/CentrisMemory.cpp.o
linux	Build POM68K + AppImage in the pinned bionic builder	2026-09-07T18:26:50.3955123Z [ 63%] Building CXX object CMakeFiles/pom68k_core.dir/src/CentrisCpu.cpp.o
linux	Build POM68K + AppImage in the pinned bionic builder	2026-09-07T18:26:52.4014454Z [ 64%] Building CXX object CMakeFiles/pom68k_core.dir/src/Q630Memory.cpp.o
linux	Build POM68K + AppImage in the pinned bionic builder	2026-09-07T18:26:52.7176761Z [ 65%] Building CXX object CMakeFiles/pom68k_core.dir/src/Q630Cpu.cpp.o
linux	Build POM68K + AppImage in the pinned bionic builder	2026-09-07T18:26:52.7862171Z [ 65%] Building CXX object CMakeFiles/pom68k_core.dir/src/Valkyrie.cpp.o
linux	Build POM68K + AppImage in the pinned bionic builder	2026-09-07T18:26:53.0625363Z [ 66%] Building CXX object CMakeFiles/pom68k_core.dir/src/Q700Memory.cpp.o
linux	Build POM68K + AppImage in the pinned bionic builder	2026-09-07T18:26:53.6097464Z [ 67%] Building CXX object CMakeFiles/pom68k_core.dir/src/Q700Cpu.cpp.o
linux	Build POM68K + AppImage in the pinned bionic builder	2026-09-07T18:26:55.1299107Z [ 68%] Building CXX object CMakeFiles/pom68k_core.dir/src/Q605Memory.cpp.o
linux	Build POM68K + AppImage in the pinned bionic builder	2026-09-07T18:26:55.7093968Z [ 69%] Building CXX object CMakeFiles/pom68k_core.dir/src/Dafb.cpp.o
linux	Build POM68K + AppImage in the pinned bionic builder	2026-09-07T18:26:56.0472021Z [ 70%] Building CXX object CMakeFiles/pom68k_core.dir/src/Cpu040.cpp.o
linux	Build POM68K + AppImage in the pinned bionic builder	2026-09-07T18:26:56.1890884Z [ 71%] Building CXX object CMakeFiles/pom68k_core.dir/src/DeclRom.cpp.o
linux	Build POM68K + AppImage in the pinned bionic builder	2026-09-07T18:26:56.6941570Z [ 72%] Building CXX object CMakeFiles/pom68k_core.dir/src/NuBus.cpp.o
linux	Build POM68K + AppImage in the pinned bionic builder	2026-09-07T18:26:57.3159190Z [ 73%] Building CXX object CMakeFiles/pom68k_core.dir/src/TobyVideo.cpp.o
linux	Build POM68K + AppImage in the pinned bionic builder	2026-09-07T18:26:57.6634804Z [ 73%] Building CXX object CMakeFiles/pom68k_core.dir/src/MacIIMemory.cpp.o
linux	Build POM68K + AppImage in the pinned bionic builder	2026-09-07T18:26:58.3769987Z [ 74%] Building CXX object CMakeFiles/pom68k_core.dir/src/Cpu020.cpp.o
linux	Build POM68K + AppImage in the pinned bionic builder	2026-09-07T18:26:58.4928201Z [ 75%] Building CXX object CMakeFiles/pom68k_core.dir/src/AdbVia.cpp.o
linux	Build POM68K + AppImage in the pinned bionic builder	2026-09-07T18:26:58.7394129Z [ 76%] Building CXX object CMakeFiles/pom68k_core.dir/src/Pic1654s.cpp.o
linux	Build POM68K + AppImage in the pinned bionic builder	2026-09-07T18:26:59.2689500Z [ 77%] Building CXX object CMakeFiles/pom68k_core.dir/src/AdbLine.cpp.o
linux	Build POM68K + AppImage in the pinned bionic builder	2026-09-07T18:27:00.6960773Z [ 78%] Linking CXX static library libpom68k_core.a
linux	Build POM68K + AppImage in the pinned bionic builder	2026-09-07T18:27:00.7681369Z [ 78%] Built target pom68k_core
linux	Build POM68K + AppImage in the pinned bionic builder	2026-09-07T18:27:00.7763611Z [ 78%] Building CXX object CMakeFiles/POM68K.dir/src/main.cpp.o
linux	Build POM68K + AppImage in the pinned bionic builder	2026-09-07T18:27:00.7765095Z [ 79%] Building CXX object CMakeFiles/POM68K.dir/src/GuiMachineRuntime.cpp.o
linux	Build POM68K + AppImage in the pinned bionic builder	2026-09-07T18:27:00.7774847Z [ 81%] Building CXX object CMakeFiles/POM68K.dir/src/GuiHostServices.cpp.o
linux	Build POM68K + AppImage in the pinned bionic builder	2026-09-07T18:27:00.7776232Z [ 81%] Building CXX object CMakeFiles/POM68K.dir/src/GuiShell.cpp.o
linux	Build POM68K + AppImage in the pinned bionic builder	2026-09-07T18:27:02.6705070Z [ 82%] Building CXX object CMakeFiles/POM68K.dir/src/GuiSmokeScenario.cpp.o
linux	Build POM68K + AppImage in the pinned bionic builder	2026-09-07T18:27:03.5951838Z [ 83%] Building CXX object CMakeFiles/POM68K.dir/src/PlatformComposers.cpp.o
linux	Build POM68K + AppImage in the pinned bionic builder	2026-09-07T18:27:04.0230719Z [ 84%] Building CXX object CMakeFiles/POM68K.dir/src/PlatformCompact.cpp.o
linux	Build POM68K + AppImage in the pinned bionic builder	2026-09-07T18:27:04.0338462Z [ 85%] Building CXX object CMakeFiles/POM68K.dir/src/PlatformToby.cpp.o
linux	Build POM68K + AppImage in the pinned bionic builder	2026-09-07T18:27:04.9125161Z [ 86%] Building CXX object CMakeFiles/POM68K.dir/src/PlatformV8.cpp.o
linux	Build POM68K + AppImage in the pinned bionic builder	2026-09-07T18:27:06.2750030Z [ 86%] Building CXX object CMakeFiles/POM68K.dir/src/PlatformSonora.cpp.o
linux	Build POM68K + AppImage in the pinned bionic builder	2026-09-07T18:27:09.3526354Z [ 87%] Building CXX object CMakeFiles/POM68K.dir/src/PlatformDafb.cpp.o
linux	Build POM68K + AppImage in the pinned bionic builder	2026-09-07T18:27:10.1311389Z [ 88%] Building CXX object CMakeFiles/POM68K.dir/src/PlatformDuo.cpp.o
linux	Build POM68K + AppImage in the pinned bionic builder	2026-09-07T18:27:10.3065478Z [ 89%] Building CXX object CMakeFiles/POM68K.dir/src/miniaudio_impl.cpp.o
linux	Build POM68K + AppImage in the pinned bionic builder	2026-09-07T18:27:13.3867975Z [ 90%] Building CXX object CMakeFiles/POM68K.dir/src/FloppySound.cpp.o
linux	Build POM68K + AppImage in the pinned bionic builder	2026-09-07T18:27:15.0668994Z [ 91%] Building CXX object CMakeFiles/POM68K.dir/src/DiskBays.cpp.o
linux	Build POM68K + AppImage in the pinned bionic builder	2026-09-07T18:27:15.2242873Z [ 92%] Building CXX object CMakeFiles/POM68K.dir/src/PeripheralWindow.cpp.o
linux	Build POM68K + AppImage in the pinned bionic builder	2026-09-07T18:27:15.3723892Z [ 93%] Building CXX object CMakeFiles/POM68K.dir/src/DockLayout.cpp.o
linux	Build POM68K + AppImage in the pinned bionic builder	2026-09-07T18:27:16.9805307Z [ 94%] Building CXX object CMakeFiles/POM68K.dir/imgui/imgui.cpp.o
linux	Build POM68K + AppImage in the pinned bionic builder	2026-09-07T18:27:17.0173543Z [ 94%] Building CXX object CMakeFiles/POM68K.dir/imgui/imgui_demo.cpp.o
linux	Build POM68K + AppImage in the pinned bionic builder	2026-09-07T18:27:17.4254366Z [ 95%] Building CXX object CMakeFiles/POM68K.dir/imgui/imgui_draw.cpp.o
linux	Build POM68K + AppImage in the pinned bionic builder	2026-09-07T18:27:18.3952466Z [ 96%] Building CXX object CMakeFiles/POM68K.dir/imgui/imgui_tables.cpp.o
linux	Build POM68K + AppImage in the pinned bionic builder	2026-09-07T18:27:18.4349159Z [ 97%] Building CXX object CMakeFiles/POM68K.dir/imgui/imgui_widgets.cpp.o
linux	Build POM68K + AppImage in the pinned bionic builder	2026-09-07T18:27:19.6942262Z [ 98%] Building CXX object CMakeFiles/POM68K.dir/imgui/backends/imgui_impl_glfw.cpp.o
linux	Build POM68K + AppImage in the pinned bionic builder	2026-09-07T18:27:20.0100843Z [ 99%] Building CXX object CMakeFiles/POM68K.dir/imgui/backends/imgui_impl_opengl3.cpp.o
linux	Build POM68K + AppImage in the pinned bionic builder	2026-09-07T18:27:20.7549802Z [100%] Linking CXX executable POM68K
linux	Build POM68K + AppImage in the pinned bionic builder	2026-09-07T18:28:29.2020670Z In function '__copy_m',
linux	Build POM68K + AppImage in the pinned bionic builder	2026-09-07T18:28:29.2021466Z     inlined from '__copy_move_a2' at /usr/include/c++/11/bits/stl_algobase.h:495:30,
linux	Build POM68K + AppImage in the pinned bionic builder	2026-09-07T18:28:29.2022686Z     inlined from '__copy_move_a1' at /usr/include/c++/11/bits/stl_algobase.h:522:42,
linux	Build POM68K + AppImage in the pinned bionic builder	2026-09-07T18:28:29.2023666Z     inlined from '__copy_move_dit' at /usr/include/c++/11/bits/deque.tcc:1025:42,
linux	Build POM68K + AppImage in the pinned bionic builder	2026-09-07T18:28:29.2024591Z     inlined from '__copy_move_a1' at /usr/include/c++/11/bits/deque.tcc:1035:38,
linux	Build POM68K + AppImage in the pinned bionic builder	2026-09-07T18:28:29.2025514Z     inlined from '__copy_move_a' at /usr/include/c++/11/bits/stl_algobase.h:529:31,
linux	Build POM68K + AppImage in the pinned bionic builder	2026-09-07T18:28:29.2026415Z     inlined from 'copy' at /usr/include/c++/11/bits/stl_algobase.h:620:7,
linux	Build POM68K + AppImage in the pinned bionic builder	2026-09-07T18:28:29.2027319Z     inlined from '_M_range_insert' at /usr/include/c++/11/bits/vector.tcc:762:16,
linux	Build POM68K + AppImage in the pinned bionic builder	2026-09-07T18:28:29.2028289Z     inlined from '_M_insert_dispatch' at /usr/include/c++/11/bits/stl_vector.h:1665:19,
linux	Build POM68K + AppImage in the pinned bionic builder	2026-09-07T18:28:29.2029264Z     inlined from 'insert' at /usr/include/c++/11/bits/stl_vector.h:1383:22,
linux	Build POM68K + AppImage in the pinned bionic builder	2026-09-07T18:28:29.2030116Z     inlined from 'flushClientRead' at /work/src/PapServer.cpp:236:17:
linux	Build POM68K + AppImage in the pinned bionic builder	2026-09-07T18:28:29.2033480Z /usr/include/c++/11/bits/stl_algobase.h:431:30: warning: '__builtin_memmove' writing 1 or more bytes into a region of size 0 overflows the destination [-Wstringop-overflow=]
linux	Build POM68K + AppImage in the pinned bionic builder	2026-09-07T18:28:29.2035118Z   431 |             __builtin_memmove(__result, __first, sizeof(_Tp) * _Num);
linux	Build POM68K + AppImage in the pinned bionic builder	2026-09-07T18:28:29.2035865Z       |                              ^
linux	Build POM68K + AppImage in the pinned bionic builder	2026-09-07T18:28:29.2036638Z /usr/include/c++/11/bits/stl_algobase.h: In member function 'flushClientRead':
linux	Build POM68K + AppImage in the pinned bionic builder	2026-09-07T18:28:29.2037963Z /usr/include/c++/11/ext/new_allocator.h:127: note: at offset 4 into destination object of size 4 allocated by 'operator new'
linux	Build POM68K + AppImage in the pinned bionic builder	2026-09-07T18:28:29.2046846Z   127 |         return static_cast<_Tp*>(::operator new(__n * sizeof(_Tp)));
linux	Build POM68K + AppImage in the pinned bionic builder	2026-09-07T18:28:29.2050346Z       | 
linux	Build POM68K + AppImage in the pinned bionic builder	2026-09-07T18:28:40.0197844Z In function 'memcpy',
linux	Build POM68K + AppImage in the pinned bionic builder	2026-09-07T18:28:40.0199183Z     inlined from 'sendToGuest' at /work/src/EtherLink.cpp:51:16:
linux	Build POM68K + AppImage in the pinned bionic builder	2026-09-07T18:28:40.0208053Z /usr/include/x86_64-linux-gnu/bits/string_fortified.h:34:33: warning: '__builtin_memcpy' writing 6 bytes into a region of size 0 overflows the destination [-Wstringop-overflow=]
linux	Build POM68K + AppImage in the pinned bionic builder	2026-09-07T18:28:40.0210400Z    34 |   return __builtin___memcpy_chk (__dest, __src, __len, __bos0 (__dest));
linux	Build POM68K + AppImage in the pinned bionic builder	2026-09-07T18:28:40.0211542Z       |                                 ^
linux	Build POM68K + AppImage in the pinned bionic builder	2026-09-07T18:28:52.2476588Z [100%] Built target POM68K
linux	Build POM68K + AppImage in the pinned bionic builder	2026-09-07T18:28:52.2531837Z + export POM68K_BUILD_DIR=build-release
linux	Build POM68K + AppImage in the pinned bionic builder	2026-09-07T18:28:52.2532588Z + POM68K_BUILD_DIR=build-release
linux	Build POM68K + AppImage in the pinned bionic builder	2026-09-07T18:28:52.2533083Z + export APPIMAGE_EXTRACT_AND_RUN=1
linux	Build POM68K + AppImage in the pinned bionic builder	2026-09-07T18:28:52.2533455Z + APPIMAGE_EXTRACT_AND_RUN=1
linux	Build POM68K + AppImage in the pinned bionic builder	2026-09-07T18:28:52.2533762Z + packaging/linux/build_appimage.sh
linux	Build POM68K + AppImage in the pinned bionic builder	2026-09-07T18:28:52.2571173Z [appimage] architecture: x86_64 -> x86_64
linux	Build POM68K + AppImage in the pinned bionic builder	2026-09-07T18:28:52.2857998Z linuxdeploy version 1-alpha (git commit ID 07333c6), GitHub actions build 367 built on 2026-08-01 02:49:32 UTC
linux	Build POM68K + AppImage in the pinned bionic builder	2026-09-07T18:28:52.2977306Z 
linux	Build POM68K + AppImage in the pinned bionic builder	2026-09-07T18:28:52.2977825Z -- Creating basic AppDir structure -- 
linux	Build POM68K + AppImage in the pinned bionic builder	2026-09-07T18:28:52.2978416Z Creating directory /work/build-appimage/AppDir/usr/bin/ 
linux	Build POM68K + AppImage in the pinned bionic builder	2026-09-07T18:28:52.2978967Z Creating directory /work/build-appimage/AppDir/usr/lib/ 
linux	Build POM68K + AppImage in the pinned bionic builder	2026-09-07T18:28:52.2979576Z Creating directory /work/build-appimage/AppDir/usr/share/applications/ 
linux	Build POM68K + AppImage in the pinned bionic builder	2026-09-07T18:28:52.2987138Z Creating directory /work/build-appimage/AppDir/usr/share/icons/hicolor/ 
linux	Build POM68K + AppImage in the pinned bionic builder	2026-09-07T18:28:52.2988308Z Creating directory /work/build-appimage/AppDir/usr/share/pixmaps/ 
linux	Build POM68K + AppImage in the pinned bionic builder	2026-09-07T18:28:52.2989426Z Creating directory /work/build-appimage/AppDir/usr/share/icons/hicolor/16x16/apps/ 
linux	Build POM68K + AppImage in the pinned bionic builder	2026-09-07T18:28:52.2990791Z Creating directory /work/build-appimage/AppDir/usr/share/icons/hicolor/32x32/apps/ 
linux	Build POM68K + AppImage in the pinned bionic builder	2026-09-07T18:28:52.2992258Z Creating directory /work/build-appimage/AppDir/usr/share/icons/hicolor/64x64/apps/ 
linux	Build POM68K + AppImage in the pinned bionic builder	2026-09-07T18:28:52.2993454Z Creating directory /work/build-appimage/AppDir/usr/share/icons/hicolor/128x128/apps/ 
linux	Build POM68K + AppImage in the pinned bionic builder	2026-09-07T18:28:52.2994599Z Creating directory /work/build-appimage/AppDir/usr/share/icons/hicolor/256x256/apps/ 
linux	Build POM68K + AppImage in the pinned bionic builder	2026-09-07T18:28:52.2995702Z Creating directory /work/build-appimage/AppDir/usr/share/icons/hicolor/scalable/apps/ 
linux	Build POM68K + AppImage in the pinned bionic builder	2026-09-07T18:28:52.2996445Z 
linux	Build POM68K + AppImage in the pinned bionic builder	2026-09-07T18:28:52.2996745Z -- Deploying dependencies for existing files in AppDir -- 
linux	Build POM68K + AppImage in the pinned bionic builder	2026-09-07T18:28:52.2997609Z Deploying dependencies for ELF file /work/build-appimage/AppDir/usr/bin/POM68K 
linux	Build POM68K + AppImage in the pinned bionic builder	2026-09-07T18:28:52.3047933Z Skipping deployment of blacklisted library /lib/x86_64-linux-gnu/libc.so.6 
linux	Build POM68K + AppImage in the pinned bionic builder	2026-09-07T18:28:52.3048954Z Deploying shared library /usr/local/lib/libglfw.so.3
linux	Build POM68K + AppImage in the pinned bionic builder	2026-09-07T18:28:52.3211645Z WARNING: Could not find copyright files for file /usr/local/lib/libglfw.so.3 using dpkg-query 
linux	Build POM68K + AppImage in the pinned bionic builder	2026-09-07T18:28:52.3213127Z Skipping deployment of blacklisted library /lib/x86_64-linux-gnu/libdl.so.2 
linux	Build POM68K + AppImage in the pinned bionic builder	2026-09-07T18:28:52.3214234Z Skipping deployment of blacklisted library /usr/lib/x86_64-linux-gnu/libOpenGL.so.0 
linux	Build POM68K + AppImage in the pinned bionic builder	2026-09-07T18:28:52.3215904Z Skipping deployment of blacklisted library /lib/x86_64-linux-gnu/libpthread.so.0 
linux	Build POM68K + AppImage in the pinned bionic builder	2026-09-07T18:28:52.3216860Z Skipping deployment of blacklisted library /lib/x86_64-linux-gnu/libm.so.6 
linux	Build POM68K + AppImage in the pinned bionic builder	2026-09-07T18:28:52.3217496Z Skipping deployment of blacklisted library /lib/x86_64-linux-gnu/librt.so.1 
linux	Build POM68K + AppImage in the pinned bionic builder	2026-09-07T18:28:52.3218175Z Skipping deployment of blacklisted library /usr/lib/x86_64-linux-gnu/libX11.so.6 
linux	Build POM68K + AppImage in the pinned bionic builder	2026-09-07T18:28:52.3218889Z Skipping deployment of blacklisted library /usr/lib/x86_64-linux-gnu/libGLdispatch.so.0 
linux	Build POM68K + AppImage in the pinned bionic builder	2026-09-07T18:28:52.3219586Z Skipping deployment of blacklisted library /usr/lib/x86_64-linux-gnu/libxcb.so.1 
linux	Build POM68K + AppImage in the pinned bionic builder	2026-09-07T18:28:52.3220179Z Deploying shared library /usr/lib/x86_64-linux-gnu/libXau.so.6
linux	Build POM68K + AppImage in the pinned bionic builder	2026-09-07T18:28:52.3348520Z Deploying copyright files for file /usr/lib/x86_64-linux-gnu/libXau.so.6 
linux	Build POM68K + AppImage in the pinned bionic builder	2026-09-07T18:28:52.3349442Z Deploying shared library /usr/lib/x86_64-linux-gnu/libXdmcp.so.6
linux	Build POM68K + AppImage in the pinned bionic builder	2026-09-07T18:28:52.3477959Z Deploying copyright files for file /usr/lib/x86_64-linux-gnu/libXdmcp.so.6 
linux	Build POM68K + AppImage in the pinned bionic builder	2026-09-07T18:28:52.3478898Z Deploying shared library /lib/x86_64-linux-gnu/libbsd.so.0
linux	Build POM68K + AppImage in the pinned bionic builder	2026-09-07T18:28:52.3610612Z Deploying copyright files for file /lib/x86_64-linux-gnu/libbsd.so.0 
linux	Build POM68K + AppImage in the pinned bionic builder	2026-09-07T18:28:52.3611195Z 
linux	Build POM68K + AppImage in the pinned bionic builder	2026-09-07T18:28:52.3611457Z -- Copying files into AppDir -- 
linux	Build POM68K + AppImage in the pinned bionic builder	2026-09-07T18:28:52.3612834Z Copying file /lib/x86_64-linux-gnu/libbsd.so.0 to /work/build-appimage/AppDir/usr/lib/libbsd.so.0 
linux	Build POM68K + AppImage in the pinned bionic builder	2026-09-07T18:28:52.3614146Z Copying file /usr/lib/x86_64-linux-gnu/libXau.so.6 to /work/build-appimage/AppDir/usr/lib/libXau.so.6 
linux	Build POM68K + AppImage in the pinned bionic builder	2026-09-07T18:28:52.3616549Z Copying file /usr/lib/x86_64-linux-gnu/libXdmcp.so.6 to /work/build-appimage/AppDir/usr/lib/libXdmcp.so.6 
linux	Build POM68K + AppImage in the pinned bionic builder	2026-09-07T18:28:52.3617624Z Copying file /usr/local/lib/libglfw.so.3 to /work/build-appimage/AppDir/usr/lib/libglfw.so.3 
linux	Build POM68K + AppImage in the pinned bionic builder	2026-09-07T18:28:52.3618912Z Copying file /usr/share/doc/libbsd0/copyright to /work/build-appimage/AppDir/usr/share/doc/libbsd0/copyright 
linux	Build POM68K + AppImage in the pinned bionic builder	2026-09-07T18:28:52.3620961Z Copying file /usr/share/doc/libxau6/copyright to /work/build-appimage/AppDir/usr/share/doc/libxau6/copyright 
linux	Build POM68K + AppImage in the pinned bionic builder	2026-09-07T18:28:52.3622895Z Copying file /usr/share/doc/libxdmcp6/copyright to /work/build-appimage/AppDir/usr/share/doc/libxdmcp6/copyright 
linux	Build POM68K + AppImage in the pinned bionic builder	2026-09-07T18:28:52.3632318Z Calling strip on library /work/build-appimage/AppDir/usr/lib/libXau.so.6 
linux	Build POM68K + AppImage in the pinned bionic builder	2026-09-07T18:28:52.3650120Z Calling strip on library /work/build-appimage/AppDir/usr/lib/libXdmcp.so.6 
linux	Build POM68K + AppImage in the pinned bionic builder	2026-09-07T18:28:52.3668103Z Calling strip on library /work/build-appimage/AppDir/usr/lib/libbsd.so.0 
linux	Build POM68K + AppImage in the pinned bionic builder	2026-09-07T18:28:52.3690288Z Calling strip on library /work/build-appimage/AppDir/usr/lib/libglfw.so.3 
linux	Build POM68K + AppImage in the pinned bionic builder	2026-09-07T18:28:52.3708813Z Setting rpath in ELF file /work/build-appimage/AppDir/usr/bin/POM68K to $ORIGIN/../lib 
linux	Build POM68K + AppImage in the pinned bionic builder	2026-09-07T18:28:52.3802187Z Setting rpath in ELF file /work/build-appimage/AppDir/usr/lib/libXau.so.6 to $ORIGIN 
linux	Build POM68K + AppImage in the pinned bionic builder	2026-09-07T18:28:52.3828659Z Setting rpath in ELF file /work/build-appimage/AppDir/usr/lib/libXdmcp.so.6 to $ORIGIN 
linux	Build POM68K + AppImage in the pinned bionic builder	2026-09-07T18:28:52.3853256Z Setting rpath in ELF file /work/build-appimage/AppDir/usr/lib/libbsd.so.0 to $ORIGIN 
linux	Build POM68K + AppImage in the pinned bionic builder	2026-09-07T18:28:52.3878151Z Setting rpath in ELF file /work/build-appimage/AppDir/usr/lib/libglfw.so.3 to $ORIGIN 
linux	Build POM68K + AppImage in the pinned bionic builder	2026-09-07T18:28:52.3904386Z 
linux	Build POM68K + AppImage in the pinned bionic builder	2026-09-07T18:28:52.3904834Z -- Deploying icons -- 
linux	Build POM68K + AppImage in the pinned bionic builder	2026-09-07T18:28:52.3905662Z Deploying icon /work/build-appimage/AppDir/usr/share/icons/hicolor/512x512/apps/POM68K.png 
linux	Build POM68K + AppImage in the pinned bionic builder	2026-09-07T18:28:52.4088521Z WARNING: Could not find copyright files for file /work/build-appimage/AppDir/usr/share/icons/hicolor/512x512/apps/POM68K.png using dpkg-query 
linux	Build POM68K + AppImage in the pinned bionic builder	2026-09-07T18:28:52.4089586Z 
linux	Build POM68K + AppImage in the pinned bionic builder	2026-09-07T18:28:52.4089757Z -- Deploying desktop files -- 
linux	Build POM68K + AppImage in the pinned bionic builder	2026-09-07T18:28:52.4090353Z Deploying desktop file /work/build-appimage/AppDir/usr/share/applications/POM68K.desktop 
linux	Build POM68K + AppImage in the pinned bionic builder	2026-09-07T18:28:52.4090768Z 
linux	Build POM68K + AppImage in the pinned bionic builder	2026-09-07T18:28:52.4090875Z -- Copying files into AppDir -- 
linux	Build POM68K + AppImage in the pinned bionic builder	2026-09-07T18:28:52.4091812Z Copying file /work/build-appimage/AppDir/usr/share/applications/POM68K.desktop to /work/build-appimage/AppDir/usr/share/applications/POM68K.desktop 
linux	Build POM68K + AppImage in the pinned bionic builder	2026-09-07T18:28:52.4094087Z Copying file /work/build-appimage/AppDir/usr/share/icons/hicolor/512x512/apps/POM68K.png to /work/build-appimage/AppDir/usr/share/icons/hicolor/512x512/apps/POM68K.png 
linux	Build POM68K + AppImage in the pinned bionic builder	2026-09-07T18:28:52.4095179Z 
linux	Build POM68K + AppImage in the pinned bionic builder	2026-09-07T18:28:52.4095401Z -- Deploying files into AppDir root directory -- 
linux	Build POM68K + AppImage in the pinned bionic builder	2026-09-07T18:28:52.4096414Z Deploying files to AppDir root using desktop file: /work/build-appimage/AppDir/usr/share/applications/POM68K.desktop 
linux	Build POM68K + AppImage in the pinned bionic builder	2026-09-07T18:28:52.4098013Z Deploying desktop file to AppDir root: /work/build-appimage/AppDir/usr/share/applications/POM68K.desktop 
linux	Build POM68K + AppImage in the pinned bionic builder	2026-09-07T18:28:52.4099089Z Creating symlink for file /work/build-appimage/AppDir/usr/share/applications/POM68K.desktop in/as /work/build-appimage/AppDir 
linux	Build POM68K + AppImage in the pinned bionic builder	2026-09-07T18:28:52.4100182Z Deploying icon to AppDir root: /work/build-appimage/AppDir/usr/share/icons/hicolor/512x512/apps/POM68K.png 
linux	Build POM68K + AppImage in the pinned bionic builder	2026-09-07T18:28:52.4101013Z Creating symlink for file /work/build-appimage/AppDir/usr/share/icons/hicolor/512x512/apps/POM68K.png in/as /work/build-appimage/AppDir 
linux	Build POM68K + AppImage in the pinned bionic builder	2026-09-07T18:28:52.4101711Z WARNING: Existing AppRun detected, skipping deployment of symlink 
linux	Build POM68K + AppImage in the pinned bionic builder	2026-09-07T18:28:52.4173300Z appimagetool, continuous build (commit 5735cc5), build <local dev build> built on 2023-03-08 22:52:04 UTC
linux	Build POM68K + AppImage in the pinned bionic builder	2026-09-07T18:28:52.4176956Z WARNING: appstreamcli command is missing, please install it if you want to use AppStream metadata
linux	Build POM68K + AppImage in the pinned bionic builder	2026-09-07T18:28:52.4194476Z Using architecture x86_64
linux	Build POM68K + AppImage in the pinned bionic builder	2026-09-07T18:28:52.4194932Z Deleting pre-existing .DirIcon
linux	Build POM68K + AppImage in the pinned bionic builder	2026-09-07T18:28:52.4195485Z Creating .DirIcon symlink based on information from desktop file
linux	Build POM68K + AppImage in the pinned bionic builder	2026-09-07T18:28:52.4195993Z WARNING: AppStream upstream metadata is missing, please consider creating it
linux	Build POM68K + AppImage in the pinned bionic builder	2026-09-07T18:28:52.4196456Z          in usr/share/metainfo/POM68K.appdata.xml
linux	Build POM68K + AppImage in the pinned bionic builder	2026-09-07T18:28:52.4197079Z          Please see https://www.freedesktop.org/software/appstream/docs/chap-Quickstart.html#sect-Quickstart-DesktopApps
linux	Build POM68K + AppImage in the pinned bionic builder	2026-09-07T18:28:52.4197815Z          for more information or use the generator at http://output.jsbin.com/qoqukof.
linux	Build POM68K + AppImage in the pinned bionic builder	2026-09-07T18:28:52.4198243Z Generating squashfs...
linux	Build POM68K + AppImage in the pinned bionic builder	2026-09-07T18:28:52.7138069Z Parallel mksquashfs: Using 4 processors
linux	Build POM68K + AppImage in the pinned bionic builder	2026-09-07T18:28:52.7138931Z Creating 4.0 filesystem on /work/dist/POM68K-0.1.0-x86_64.AppImage, block size 131072.
linux	Build POM68K + AppImage in the pinned bionic builder	2026-09-07T18:28:52.7139527Z 
linux	Build POM68K + AppImage in the pinned bionic builder	2026-09-07T18:28:52.7139721Z [===============================================================/] 154/154 100%
linux	Build POM68K + AppImage in the pinned bionic builder	2026-09-07T18:28:52.7140087Z 
linux	Build POM68K + AppImage in the pinned bionic builder	2026-09-07T18:28:52.7140417Z Exportable Squashfs 4.0 filesystem, gzip compressed, data block size 131072
linux	Build POM68K + AppImage in the pinned bionic builder	2026-09-07T18:28:52.7141172Z 	compressed data, compressed metadata, compressed fragments,
linux	Build POM68K + AppImage in the pinned bionic builder	2026-09-07T18:28:52.7141768Z 	compressed xattrs, compressed ids
linux	Build POM68K + AppImage in the pinned bionic builder	2026-09-07T18:28:52.7142548Z 	duplicates are removed
linux	Build POM68K + AppImage in the pinned bionic builder	2026-09-07T18:28:52.7142995Z Filesystem size 3422.18 Kbytes (3.34 Mbytes)
linux	Build POM68K + AppImage in the pinned bionic builder	2026-09-07T18:28:52.7143526Z 	18.63% of uncompressed filesystem size (18370.25 Kbytes)
linux	Build POM68K + AppImage in the pinned bionic builder	2026-09-07T18:28:52.7144116Z Inode table size 760 bytes (0.74 Kbytes)
linux	Build POM68K + AppImage in the pinned bionic builder	2026-09-07T18:28:52.7144646Z 	38.46% of uncompressed inode table size (1976 bytes)
linux	Build POM68K + AppImage in the pinned bionic builder	2026-09-07T18:28:52.7145188Z Directory table size 437 bytes (0.43 Kbytes)
linux	Build POM68K + AppImage in the pinned bionic builder	2026-09-07T18:28:52.7145742Z 	51.59% of uncompressed directory table size (847 bytes)
linux	Build POM68K + AppImage in the pinned bionic builder	2026-09-07T18:28:52.7146440Z Number of duplicate files found 0
linux	Build POM68K + AppImage in the pinned bionic builder	2026-09-07T18:28:52.7146927Z Number of inodes 41
linux	Build POM68K + AppImage in the pinned bionic builder	2026-09-07T18:28:52.7147317Z Number of files 11
linux	Build POM68K + AppImage in the pinned bionic builder	2026-09-07T18:28:52.7147705Z Number of fragments 1
linux	Build POM68K + AppImage in the pinned bionic builder	2026-09-07T18:28:52.7148119Z Number of symbolic links  3
linux	Build POM68K + AppImage in the pinned bionic builder	2026-09-07T18:28:52.7148566Z Number of device nodes 0
linux	Build POM68K + AppImage in the pinned bionic builder	2026-09-07T18:28:52.7148989Z Number of fifo nodes 0
linux	Build POM68K + AppImage in the pinned bionic builder	2026-09-07T18:28:52.7149399Z Number of socket nodes 0
linux	Build POM68K + AppImage in the pinned bionic builder	2026-09-07T18:28:52.7149828Z Number of directories 27
linux	Build POM68K + AppImage in the pinned bionic builder	2026-09-07T18:28:52.7150273Z Number of ids (unique uids + gids) 1
linux	Build POM68K + AppImage in the pinned bionic builder	2026-09-07T18:28:52.7150768Z Number of uids 1
linux	Build POM68K + AppImage in the pinned bionic builder	2026-09-07T18:28:52.7151129Z 	root (0)
linux	Build POM68K + AppImage in the pinned bionic builder	2026-09-07T18:28:52.7151479Z Number of gids 1
linux	Build POM68K + AppImage in the pinned bionic builder	2026-09-07T18:28:52.7151822Z 	root (0)
linux	Build POM68K + AppImage in the pinned bionic builder	2026-09-07T18:28:52.7154734Z Embedding ELF...
linux	Build POM68K + AppImage in the pinned bionic builder	2026-09-07T18:28:52.7155967Z Marking the AppImage as executable...
linux	Build POM68K + AppImage in the pinned bionic builder	2026-09-07T18:28:52.7157050Z Embedding MD5 digest
linux	Build POM68K + AppImage in the pinned bionic builder	2026-09-07T18:28:52.7228738Z Success
linux	Build POM68K + AppImage in the pinned bionic builder	2026-09-07T18:28:52.7228975Z 
linux	Build POM68K + AppImage in the pinned bionic builder	2026-09-07T18:28:52.7229385Z Please consider submitting your AppImage to AppImageHub, the crowd-sourced
linux	Build POM68K + AppImage in the pinned bionic builder	2026-09-07T18:28:52.7230285Z central directory of available AppImages, by opening a pull request
linux	Build POM68K + AppImage in the pinned bionic builder	2026-09-07T18:28:52.7231016Z at https://github.com/AppImage/appimage.github.io
linux	Build POM68K + AppImage in the pinned bionic builder	2026-09-07T18:28:52.7231814Z /work/build-appimage/AppDir should be packaged as /work/dist/POM68K-0.1.0-x86_64.AppImage
linux	Build POM68K + AppImage in the pinned bionic builder	2026-09-07T18:28:52.7237787Z [appimage] wrote /work/dist/POM68K-0.1.0-x86_64.AppImage
linux	Verify the AppImage — glibc floor <= 2.27 AND ET_EXEC runtime	﻿2026-09-07T18:28:52.8066055Z ##[group]Run set -euo pipefail
linux	Verify the AppImage — glibc floor <= 2.27 AND ET_EXEC runtime	2026-09-07T18:28:52.8066405Z ^[[36;1mset -euo pipefail^[[0m
linux	Verify the AppImage — glibc floor <= 2.27 AND ET_EXEC runtime	2026-09-07T18:28:52.8066858Z ^[[36;1mAPP=$(ls dist/*.AppImage | head -1)^[[0m
linux	Verify the AppImage — glibc floor <= 2.27 AND ET_EXEC runtime	2026-09-07T18:28:52.8067265Z ^[[36;1m# ET_EXEC or AppImageLauncher rejects it as "type -1".^[[0m
linux	Verify the AppImage — glibc floor <= 2.27 AND ET_EXEC runtime	2026-09-07T18:28:52.8067740Z ^[[36;1mTYPE=$(readelf -h "$APP" | awk -F'[ :]+' '/^ *Type:/ {print $3; exit}')^[[0m
linux	Verify the AppImage — glibc floor <= 2.27 AND ET_EXEC runtime	2026-09-07T18:28:52.8068173Z ^[[36;1mecho "AppImage runtime ELF type: ${TYPE}"^[[0m
linux	Verify the AppImage — glibc floor <= 2.27 AND ET_EXEC runtime	2026-09-07T18:28:52.8068484Z ^[[36;1mtest "$TYPE" = "EXEC" \^[[0m
linux	Verify the AppImage — glibc floor <= 2.27 AND ET_EXEC runtime	2026-09-07T18:28:52.8068831Z ^[[36;1m  || { echo "ERROR: AppImage runtime is $TYPE, not EXEC"; exit 1; }^[[0m
linux	Verify the AppImage — glibc floor <= 2.27 AND ET_EXEC runtime	2026-09-07T18:28:52.8069216Z ^[[36;1mMAGIC=$(xxd -s 8 -l 3 -p "$APP")^[[0m
linux	Verify the AppImage — glibc floor <= 2.27 AND ET_EXEC runtime	2026-09-07T18:28:52.8069521Z ^[[36;1mtest "$MAGIC" = "414902" \^[[0m
linux	Verify the AppImage — glibc floor <= 2.27 AND ET_EXEC runtime	2026-09-07T18:28:52.8069928Z ^[[36;1m  || { echo "ERROR: bad AppImage magic $MAGIC (expected 414902)"; exit 1; }^[[0m
linux	Verify the AppImage — glibc floor <= 2.27 AND ET_EXEC runtime	2026-09-07T18:28:52.8070357Z ^[[36;1m"$APP" --appimage-extract >/dev/null^[[0m
linux	Verify the AppImage — glibc floor <= 2.27 AND ET_EXEC runtime	2026-09-07T18:28:52.8070678Z ^[[36;1mBIN=squashfs-root/usr/bin/POM68K^[[0m
linux	Verify the AppImage — glibc floor <= 2.27 AND ET_EXEC runtime	2026-09-07T18:28:52.8071014Z ^[[36;1mMAX=$(objdump -T "$BIN" 2>/dev/null \^[[0m
linux	Verify the AppImage — glibc floor <= 2.27 AND ET_EXEC runtime	2026-09-07T18:28:52.8071329Z ^[[36;1m      | grep -oE 'GLIBC_[0-9]+\.[0-9]+' \^[[0m
linux	Verify the AppImage — glibc floor <= 2.27 AND ET_EXEC runtime	2026-09-07T18:28:52.8071619Z ^[[36;1m      | sort -V | tail -1)^[[0m
linux	Verify the AppImage — glibc floor <= 2.27 AND ET_EXEC runtime	2026-09-07T18:28:52.8072236Z ^[[36;1mecho "Highest glibc symbol required by POM68K: ${MAX:-none}"^[[0m
linux	Verify the AppImage — glibc floor <= 2.27 AND ET_EXEC runtime	2026-09-07T18:28:52.8072776Z ^[[36;1mtest "$(printf '%s\nGLIBC_2.27\n' "$MAX" | sort -V | tail -1)" = "GLIBC_2.27" \^[[0m
linux	Verify the AppImage — glibc floor <= 2.27 AND ET_EXEC runtime	2026-09-07T18:28:52.8073277Z ^[[36;1m  || { echo "ERROR: AppImage requires ${MAX} > GLIBC_2.27"; exit 1; }^[[0m
linux	Verify the AppImage — glibc floor <= 2.27 AND ET_EXEC runtime	2026-09-07T18:28:52.8073691Z ^[[36;1mecho "OK: ET_EXEC + magic + glibc floor <= 2.27"^[[0m
linux	Verify the AppImage — glibc floor <= 2.27 AND ET_EXEC runtime	2026-09-07T18:28:52.8110858Z shell: /usr/bin/bash -e {0}
linux	Verify the AppImage — glibc floor <= 2.27 AND ET_EXEC runtime	2026-09-07T18:28:52.8111117Z env:
linux	Verify the AppImage — glibc floor <= 2.27 AND ET_EXEC runtime	2026-09-07T18:28:52.8111313Z   IMGUI_TAG: v1.92.8-docking
linux	Verify the AppImage — glibc floor <= 2.27 AND ET_EXEC runtime	2026-09-07T18:28:52.8111648Z   BUILDER_IMAGE: ghcr.io/habib256/pom68k-bionic-builder:bionic
linux	Verify the AppImage — glibc floor <= 2.27 AND ET_EXEC runtime	2026-09-07T18:28:52.8112277Z ##[endgroup]
linux	Verify the AppImage — glibc floor <= 2.27 AND ET_EXEC runtime	2026-09-07T18:28:52.8888055Z AppImage runtime ELF type: EXEC
linux	Verify the AppImage — glibc floor <= 2.27 AND ET_EXEC runtime	2026-09-07T18:28:53.0040550Z Highest glibc symbol required by POM68K: GLIBC_2.17
linux	Verify the AppImage — glibc floor <= 2.27 AND ET_EXEC runtime	2026-09-07T18:28:53.0064051Z OK: ET_EXEC + magic + glibc floor <= 2.27
linux	Install runtime GL/X libs for the launch smoke	﻿2026-09-07T18:28:53.0094329Z ##[group]Run sudo apt-get update -qq
linux	Install runtime GL/X libs for the launch smoke	2026-09-07T18:28:53.0094688Z ^[[36;1msudo apt-get update -qq^[[0m
linux	Install runtime GL/X libs for the launch smoke	2026-09-07T18:28:53.0095023Z ^[[36;1msudo apt-get install -y --no-install-recommends \^[[0m
linux	Install runtime GL/X libs for the launch smoke	2026-09-07T18:28:53.0095377Z ^[[36;1m  libopengl0 libglx0 libgl1 \^[[0m
linux	Install runtime GL/X libs for the launch smoke	2026-09-07T18:28:53.0095761Z ^[[36;1m  libx11-6 libxext6 libxrandr2 libxinerama1 libxcursor1 libxi6^[[0m
linux	Install runtime GL/X libs for the launch smoke	2026-09-07T18:28:53.0133475Z shell: /usr/bin/bash -e {0}
linux	Install runtime GL/X libs for the launch smoke	2026-09-07T18:28:53.0133729Z env:
linux	Install runtime GL/X libs for the launch smoke	2026-09-07T18:28:53.0133926Z   IMGUI_TAG: v1.92.8-docking
linux	Install runtime GL/X libs for the launch smoke	2026-09-07T18:28:53.0134262Z   BUILDER_IMAGE: ghcr.io/habib256/pom68k-bionic-builder:bionic
linux	Install runtime GL/X libs for the launch smoke	2026-09-07T18:28:53.0134624Z ##[endgroup]
linux	Install runtime GL/X libs for the launch smoke	2026-09-07T18:28:58.3625946Z Reading package lists...
linux	Install runtime GL/X libs for the launch smoke	2026-09-07T18:28:58.5262899Z Building dependency tree...
linux	Install runtime GL/X libs for the launch smoke	2026-09-07T18:28:58.5269906Z Reading state information...
linux	Install runtime GL/X libs for the launch smoke	2026-09-07T18:28:58.6778612Z libglx0 is already the newest version (1.7.0-1build1).
linux	Install runtime GL/X libs for the launch smoke	2026-09-07T18:28:58.6779267Z libglx0 set to manually installed.
linux	Install runtime GL/X libs for the launch smoke	2026-09-07T18:28:58.6779763Z libgl1 is already the newest version (1.7.0-1build1).
linux	Install runtime GL/X libs for the launch smoke	2026-09-07T18:28:58.6780173Z libgl1 set to manually installed.
linux	Install runtime GL/X libs for the launch smoke	2026-09-07T18:28:58.6780496Z libx11-6 is already the newest version (2:1.8.7-1build1).
linux	Install runtime GL/X libs for the launch smoke	2026-09-07T18:28:58.6780841Z libx11-6 set to manually installed.
linux	Install runtime GL/X libs for the launch smoke	2026-09-07T18:28:58.6781184Z libxext6 is already the newest version (2:1.3.4-1build2).
linux	Install runtime GL/X libs for the launch smoke	2026-09-07T18:28:58.6781807Z libxext6 set to manually installed.
linux	Install runtime GL/X libs for the launch smoke	2026-09-07T18:28:58.6782529Z libxrandr2 is already the newest version (2:1.5.2-2build1).
linux	Install runtime GL/X libs for the launch smoke	2026-09-07T18:28:58.6782916Z libxrandr2 set to manually installed.
linux	Install runtime GL/X libs for the launch smoke	2026-09-07T18:28:58.6783277Z libxinerama1 is already the newest version (2:1.1.4-3build1).
linux	Install runtime GL/X libs for the launch smoke	2026-09-07T18:28:58.6783659Z libxinerama1 set to manually installed.
linux	Install runtime GL/X libs for the launch smoke	2026-09-07T18:28:58.6784020Z libxcursor1 is already the newest version (1:1.2.1-1build1).
linux	Install runtime GL/X libs for the launch smoke	2026-09-07T18:28:58.6784388Z libxcursor1 set to manually installed.
linux	Install runtime GL/X libs for the launch smoke	2026-09-07T18:28:58.6784717Z libxi6 is already the newest version (2:1.8.1-1build1).
linux	Install runtime GL/X libs for the launch smoke	2026-09-07T18:28:58.6785408Z libxi6 set to manually installed.
linux	Install runtime GL/X libs for the launch smoke	2026-09-07T18:28:58.6785712Z The following NEW packages will be installed:
linux	Install runtime GL/X libs for the launch smoke	2026-09-07T18:28:58.6786017Z   libopengl0
linux	Install runtime GL/X libs for the launch smoke	2026-09-07T18:28:58.6948442Z 0 upgraded, 1 newly installed, 0 to remove and 42 not upgraded.
linux	Install runtime GL/X libs for the launch smoke	2026-09-07T18:28:58.6949294Z Need to get 32.8 kB of archives.
linux	Install runtime GL/X libs for the launch smoke	2026-09-07T18:28:58.6967610Z After this operation, 224 kB of additional disk space will be used.
linux	Install runtime GL/X libs for the launch smoke	2026-09-07T18:28:58.6968187Z Get:1 file:/etc/apt/apt-mirrors.txt Mirrorlist [144 B]
linux	Install runtime GL/X libs for the launch smoke	2026-09-07T18:28:58.7713937Z Get:2 http://azure.archive.ubuntu.com/ubuntu noble/main amd64 libopengl0 amd64 1.7.0-1build1 [32.8 kB]
linux	Install runtime GL/X libs for the launch smoke	2026-09-07T18:28:59.0195659Z Fetched 32.8 kB in 0s (376 kB/s)
linux	Install runtime GL/X libs for the launch smoke	2026-09-07T18:28:59.0453883Z Selecting previously unselected package libopengl0:amd64.
linux	Install runtime GL/X libs for the launch smoke	2026-09-07T18:28:59.0770435Z (Reading database ... 
linux	Install runtime GL/X libs for the launch smoke	2026-09-07T18:28:59.0770970Z (Reading database ... 5%
linux	Install runtime GL/X libs for the launch smoke	2026-09-07T18:28:59.0771341Z (Reading database ... 10%
linux	Install runtime GL/X libs for the launch smoke	2026-09-07T18:28:59.0771689Z (Reading database ... 15%
linux	Install runtime GL/X libs for the launch smoke	2026-09-07T18:28:59.0772703Z (Reading database ... 20%
linux	Install runtime GL/X libs for the launch smoke	2026-09-07T18:28:59.0773216Z (Reading database ... 25%
linux	Install runtime GL/X libs for the launch smoke	2026-09-07T18:28:59.0773717Z (Reading database ... 30%
linux	Install runtime GL/X libs for the launch smoke	2026-09-07T18:28:59.0774186Z (Reading database ... 35%
linux	Install runtime GL/X libs for the launch smoke	2026-09-07T18:28:59.0774530Z (Reading database ... 40%
linux	Install runtime GL/X libs for the launch smoke	2026-09-07T18:28:59.0774818Z (Reading database ... 45%
linux	Install runtime GL/X libs for the launch smoke	2026-09-07T18:28:59.0775102Z (Reading database ... 50%
linux	Install runtime GL/X libs for the launch smoke	2026-09-07T18:28:59.0842382Z (Reading database ... 55%
linux	Install runtime GL/X libs for the launch smoke	2026-09-07T18:28:59.2492634Z (Reading database ... 60%
linux	Install runtime GL/X libs for the launch smoke	2026-09-07T18:28:59.3877611Z (Reading database ... 65%
linux	Install runtime GL/X libs for the launch smoke	2026-09-07T18:28:59.5898723Z (Reading database ... 70%
linux	Install runtime GL/X libs for the launch smoke	2026-09-07T18:28:59.6855389Z (Reading database ... 75%
linux	Install runtime GL/X libs for the launch smoke	2026-09-07T18:28:59.8575013Z (Reading database ... 80%
linux	Install runtime GL/X libs for the launch smoke	2026-09-07T18:29:00.0379333Z (Reading database ... 85%
linux	Install runtime GL/X libs for the launch smoke	2026-09-07T18:29:00.1582866Z (Reading database ... 90%
linux	Install runtime GL/X libs for the launch smoke	2026-09-07T18:29:00.2585281Z (Reading database ... 95%
linux	Install runtime GL/X libs for the launch smoke	2026-09-07T18:29:00.2585892Z (Reading database ... 100%
linux	Install runtime GL/X libs for the launch smoke	2026-09-07T18:29:00.2586588Z (Reading database ... 201676 files and directories currently installed.)
linux	Install runtime GL/X libs for the launch smoke	2026-09-07T18:29:00.2628318Z Preparing to unpack .../libopengl0_1.7.0-1build1_amd64.deb ...
linux	Install runtime GL/X libs for the launch smoke	2026-09-07T18:29:00.2668442Z Unpacking libopengl0:amd64 (1.7.0-1build1) ...
linux	Install runtime GL/X libs for the launch smoke	2026-09-07T18:29:00.3043226Z Setting up libopengl0:amd64 (1.7.0-1build1) ...
linux	Install runtime GL/X libs for the launch smoke	2026-09-07T18:29:00.3068635Z Processing triggers for libc-bin (2.39-0ubuntu8.8) ...
linux	Install runtime GL/X libs for the launch smoke	2026-09-07T18:29:00.9860031Z 
linux	Install runtime GL/X libs for the launch smoke	2026-09-07T18:29:00.9860734Z Running kernel seems to be up-to-date.
linux	Install runtime GL/X libs for the launch smoke	2026-09-07T18:29:00.9861165Z 
linux	Install runtime GL/X libs for the launch smoke	2026-09-07T18:29:00.9861335Z No services need to be restarted.
linux	Install runtime GL/X libs for the launch smoke	2026-09-07T18:29:00.9861642Z 
linux	Install runtime GL/X libs for the launch smoke	2026-09-07T18:29:00.9861826Z No containers need to be restarted.
linux	Install runtime GL/X libs for the launch smoke	2026-09-07T18:29:00.9862439Z 
linux	Install runtime GL/X libs for the launch smoke	2026-09-07T18:29:00.9862659Z No user sessions are running outdated binaries.
linux	Install runtime GL/X libs for the launch smoke	2026-09-07T18:29:00.9863032Z 
linux	Install runtime GL/X libs for the launch smoke	2026-09-07T18:29:00.9863362Z No VM guests are running outdated hypervisor (qemu) binaries on this host.
linux	Smoke-launch the packaged AppImage (--version)	﻿2026-09-07T18:29:01.8315131Z ##[group]Run set -euo pipefail
linux	Smoke-launch the packaged AppImage (--version)	2026-09-07T18:29:01.8315502Z ^[[36;1mset -euo pipefail^[[0m
linux	Smoke-launch the packaged AppImage (--version)	2026-09-07T18:29:01.8315791Z ^[[36;1mAPP=$(ls dist/*.AppImage | head -1)^[[0m
linux	Smoke-launch the packaged AppImage (--version)	2026-09-07T18:29:01.8316176Z ^[[36;1mOUT=$("$APP" --appimage-extract-and-run --version)^[[0m
linux	Smoke-launch the packaged AppImage (--version)	2026-09-07T18:29:01.8316522Z ^[[36;1mecho "$OUT"^[[0m
linux	Smoke-launch the packaged AppImage (--version)	2026-09-07T18:29:01.8316796Z ^[[36;1mgrep -q "Macintosh 68k emulator" <<<"$OUT" \^[[0m
linux	Smoke-launch the packaged AppImage (--version)	2026-09-07T18:29:01.8317221Z ^[[36;1m  || { echo "ERROR: AppImage did not print the version banner"; exit 1; }^[[0m
linux	Smoke-launch the packaged AppImage (--version)	2026-09-07T18:29:01.8353743Z shell: /usr/bin/bash -e {0}
linux	Smoke-launch the packaged AppImage (--version)	2026-09-07T18:29:01.8354002Z env:
linux	Smoke-launch the packaged AppImage (--version)	2026-09-07T18:29:01.8354200Z   IMGUI_TAG: v1.92.8-docking
linux	Smoke-launch the packaged AppImage (--version)	2026-09-07T18:29:01.8354556Z   BUILDER_IMAGE: ghcr.io/habib256/pom68k-bionic-builder:bionic
linux	Smoke-launch the packaged AppImage (--version)	2026-09-07T18:29:01.8354918Z ##[endgroup]
linux	Smoke-launch the packaged AppImage (--version)	2026-09-07T18:29:01.9058125Z POM68K: data directory = /home/runner/.local/share/POM68K  (the per-user data directory)
linux	Smoke-launch the packaged AppImage (--version)	2026-09-07T18:29:01.9150826Z POM68K 0.1.0 — Macintosh 68k emulator (37 profiles, Mac Plus to Quadra 950)
linux	Run actions/upload-artifact@v5	﻿2026-09-07T18:29:01.9225540Z Node 20 is being deprecated. This workflow is running with Node 24 by default. If you need to temporarily use Node 20, you can set the ACTIONS_ALLOW_USE_UNSECURE_NODE_VERSION=true environment variable. For more information see: https://github.blog/changelog/2025-09-19-deprecation-of-node-20-on-github-actions-runners/
linux	Run actions/upload-artifact@v5	2026-09-07T18:29:01.9227729Z ##[group]Run actions/upload-artifact@v5
linux	Run actions/upload-artifact@v5	2026-09-07T18:29:01.9228008Z with:
linux	Run actions/upload-artifact@v5	2026-09-07T18:29:01.9228223Z   name: POM68K-linux-x86_64-AppImage
linux	Run actions/upload-artifact@v5	2026-09-07T18:29:01.9228496Z   path: dist/*.AppImage
linux	Run actions/upload-artifact@v5	2026-09-07T18:29:01.9228725Z   if-no-files-found: error
linux	Run actions/upload-artifact@v5	2026-09-07T18:29:01.9228960Z   compression-level: 6
linux	Run actions/upload-artifact@v5	2026-09-07T18:29:01.9229170Z   overwrite: false
linux	Run actions/upload-artifact@v5	2026-09-07T18:29:01.9229382Z   include-hidden-files: false
linux	Run actions/upload-artifact@v5	2026-09-07T18:29:01.9229610Z env:
linux	Run actions/upload-artifact@v5	2026-09-07T18:29:01.9229793Z   IMGUI_TAG: v1.92.8-docking
linux	Run actions/upload-artifact@v5	2026-09-07T18:29:01.9230112Z   BUILDER_IMAGE: ghcr.io/habib256/pom68k-bionic-builder:bionic
linux	Run actions/upload-artifact@v5	2026-09-07T18:29:01.9230451Z ##[endgroup]
linux	Run actions/upload-artifact@v5	2026-09-07T18:29:02.0872856Z (node:4546) [DEP0040] DeprecationWarning: The `punycode` module is deprecated. Please use a userland alternative instead.
linux	Run actions/upload-artifact@v5	2026-09-07T18:29:02.0874232Z (Use `node --trace-deprecation ...` to show where the warning was created)
linux	Run actions/upload-artifact@v5	2026-09-07T18:29:02.0948898Z With the provided path, there will be 1 file uploaded
linux	Run actions/upload-artifact@v5	2026-09-07T18:29:02.0952683Z Artifact name is valid!
linux	Run actions/upload-artifact@v5	2026-09-07T18:29:02.0953109Z Root directory input is valid!
linux	Run actions/upload-artifact@v5	2026-09-07T18:29:02.4747055Z Beginning upload of artifact content to blob storage
linux	Run actions/upload-artifact@v5	2026-09-07T18:29:02.6116861Z (node:4546) [DEP0169] DeprecationWarning: `url.parse()` behavior is not standardized and prone to errors that have security implications. Use the WHATWG URL API instead. CVEs are not issued for `url.parse()` vulnerabilities.
linux	Run actions/upload-artifact@v5	2026-09-07T18:29:03.3283322Z Uploaded bytes 3549174
linux	Run actions/upload-artifact@v5	2026-09-07T18:29:03.4004733Z Finished uploading artifact content to blob storage!
linux	Run actions/upload-artifact@v5	2026-09-07T18:29:03.4005873Z SHA256 digest of uploaded artifact zip is dce212a87b3277bc76ada5c128f9cfb3a15ab1951252748d7f173ad0480492ff
linux	Run actions/upload-artifact@v5	2026-09-07T18:29:03.4007557Z Finalizing artifact upload
linux	Run actions/upload-artifact@v5	2026-09-07T18:29:03.6864328Z Artifact POM68K-linux-x86_64-AppImage.zip successfully finalized. Artifact ID 10029601685
linux	Run actions/upload-artifact@v5	2026-09-07T18:29:03.6865867Z Artifact POM68K-linux-x86_64-AppImage has been successfully uploaded! Final size is 3549174 bytes. Artifact ID is 10029601685
linux	Run actions/upload-artifact@v5	2026-09-07T18:29:03.6872806Z Artifact download URL: https://github.com/habib256/pom68k/actions/runs/34151560976/artifacts/10029601685
linux	Post Run actions/checkout@v5	﻿2026-09-07T18:29:03.7086087Z Post job cleanup.
linux	Post Run actions/checkout@v5	2026-09-07T18:29:03.7932675Z [command]/usr/bin/git version
linux	Post Run actions/checkout@v5	2026-09-07T18:29:03.7979436Z git version 2.55.0
linux	Post Run actions/checkout@v5	2026-09-07T18:29:03.8023006Z Temporarily overriding HOME='/home/runner/work/_temp/e4a52dbb-00b2-411c-9a2c-caa5f5a00f8e' before making global git config changes
linux	Post Run actions/checkout@v5	2026-09-07T18:29:03.8024424Z Adding repository directory to the temporary git global config as a safe directory
linux	Post Run actions/checkout@v5	2026-09-07T18:29:03.8028821Z [command]/usr/bin/git config --global --add safe.directory /home/runner/work/pom68k/pom68k
linux	Post Run actions/checkout@v5	2026-09-07T18:29:03.8068404Z [command]/usr/bin/git config --local --name-only --get-regexp core\.sshCommand
linux	Post Run actions/checkout@v5	2026-09-07T18:29:03.8102574Z [command]/usr/bin/git submodule foreach --recursive sh -c "git config --local --name-only --get-regexp 'core\.sshCommand' && git config --local --unset-all 'core.sshCommand' || :"
linux	Post Run actions/checkout@v5	2026-09-07T18:29:03.8355208Z [command]/usr/bin/git config --local --name-only --get-regexp http\.https\:\/\/github\.com\/\.extraheader
linux	Post Run actions/checkout@v5	2026-09-07T18:29:03.8383947Z http.https://github.com/.extraheader
linux	Post Run actions/checkout@v5	2026-09-07T18:29:03.8396920Z [command]/usr/bin/git config --local --unset-all http.https://github.com/.extraheader
linux	Post Run actions/checkout@v5	2026-09-07T18:29:03.8432470Z [command]/usr/bin/git submodule foreach --recursive sh -c "git config --local --name-only --get-regexp 'http\.https\:\/\/github\.com\/\.extraheader' && git config --local --unset-all 'http.https://github.com/.extraheader' || :"
linux	Post Run actions/checkout@v5	2026-09-07T18:29:03.8697040Z [command]/usr/bin/git config --local --name-only --get-regexp ^includeIf\.gitdir:
linux	Post Run actions/checkout@v5	2026-09-07T18:29:03.8770116Z [command]/usr/bin/git submodule foreach --recursive git config --local --show-origin --name-only --get-regexp remote.origin.url
linux	Complete job	﻿2026-09-07T18:29:03.9165891Z Cleaning up orphan processes
linux	Complete job	2026-09-07T18:29:03.9503873Z ##[warning]Node.js 20 is deprecated. The following actions target Node.js 20 but are being forced to run on Node.js 24: actions/upload-artifact@v5. For more information see: https://github.blog/changelog/2025-09-19-deprecation-of-node-20-on-github-actions-runners/
